{
"type": "FeatureCollection",
"name": "Region 2 ONE Mask",
"crs": { "type": "name", "properties": { "name": "urn:ogc:def:crs:OGC:1.3:CRS84" } },
"features": [
{ "type": "Feature", "properties": { "REGION": 2.0, "STATE.NAME": "Maharashtra", "DISTRICT.NAME": "Bid", "DISTRICT.AREA": 10603.290349, "GRID_G0": "180211", "woodland": 0.01922791324936526, "maskWdl": 0.0, "cropland": 0.57684895231022293, "maskCrp": 1.0, "one": 0.39462432582287799, "maskOne": 1.0, "GRID.AREA": 0.0065638279452700839, "REGION.AREA": 59928.662280600729 }, "geometry": { "type": "Polygon", "coordinates": [ [ [ 75.428861039923518, 19.22111594289024 ], [ 75.431531253208817, 19.221115638635176 ], [ 75.431531253208817, 19.221449863203343 ], [ 75.430625599791654, 19.221435386334065 ], [ 75.430028057848631, 19.221316807124989 ], [ 75.429591346163761, 19.221230142157367 ], [ 75.428861039923518, 19.22111594289024 ] ] ] } },
{ "type": "Feature", "properties": { "REGION": 2.0, "STATE.NAME": "Maharashtra", "DISTRICT.NAME": "Bid", "DISTRICT.AREA": 10603.290349, "GRID_G0": "179562", "woodland": 0.0039762266085745521, "maskWdl": 0.0, "cropland": 0.61052877163454355, "maskCrp": 1.0, "one": 0.38129320367737163, "maskOne": 1.0, "GRID.AREA": 23.493654583284464, "REGION.AREA": 59928.662280600729 }, "geometry": { "type": "Polygon", "coordinates": [ [ [ 75.435551769669161, 19.221116084671852 ], [ 75.431531253208817, 19.221115638635176 ], [ 75.431531253208817, 19.176114340952505 ], [ 75.47653254909001, 19.176114359038895 ], [ 75.47653254909001, 19.221115628193299 ], [ 75.446091727998677, 19.221116837653426 ], [ 75.445851061777162, 19.220773321631555 ], [ 75.44569062362342, 19.220620001611849 ], [ 75.445484752619279, 19.220423261424397 ], [ 75.44512396260086, 19.220177726720753 ], [ 75.444509707656948, 19.219759691256797 ], [ 75.444079163522645, 19.219560655999544 ], [ 75.443865336216334, 19.219461804318879 ], [ 75.443300503515502, 19.219325764772293 ], [ 75.441758735477322, 19.218954416713022 ], [ 75.437403227976645, 19.220421479867468 ], [ 75.436859264043846, 19.220604690654 ], [ 75.43579432914504, 19.221021215256943 ], [ 75.435551769669161, 19.221116084671852 ] ] ] } },
{ "type": "Feature", "properties": { "REGION": 2.0, "STATE.NAME": "Maharashtra", "DISTRICT.NAME": "Bid", "DISTRICT.AREA": 10603.290349, "GRID_G0": "178901", "woodland": 0.028547818456771099, "maskWdl": 0.0, "cropland": 0.58456905327157505, "maskCrp": 1.0, "one": 0.37535024833284569, "maskOne": 1.0, "GRID.AREA": 0.071876873984428047, "REGION.AREA": 59928.662280600729 }, "geometry": { "type": "Polygon", "coordinates": [ [ [ 74.940729518013072, 19.131118065093386 ], [ 74.946160400856726, 19.131118514228955 ], [ 74.94548544699586, 19.131772023260339 ], [ 74.944910594948055, 19.132246557732515 ], [ 74.942738969627783, 19.133033311638087 ], [ 74.941196324750649, 19.131741991299918 ], [ 74.941149086960877, 19.131667933928043 ], [ 74.941001398495814, 19.131544305025731 ], [ 74.940729518013072, 19.131118065093386 ] ] ] } },
{ "type": "Feature", "properties": { "REGION": 2.0, "STATE.NAME": "Maharashtra", "DISTRICT.NAME": "Bid", "DISTRICT.AREA": 10603.290349, "GRID_G0": "178251", "woodland": 0.02951999392681906, "maskWdl": 0.0, "cropland": 0.47463066400324139, "maskCrp": 0.0, "one": 0.47870614846440473, "maskOne": 1.0, "GRID.AREA": 18.228891100852707, "REGION.AREA": 59928.662280600729 }, "geometry": { "type": "Polygon", "coordinates": [ [ [ 74.936530944898379, 19.121523471293486 ], [ 74.936530944898379, 19.086116352450269 ], [ 74.981532160671776, 19.086116319080478 ], [ 74.981532160671776, 19.115020757357442 ], [ 74.981193790561065, 19.115277620565791 ], [ 74.981065302621687, 19.115361364535374 ], [ 74.980937214880612, 19.115444845003651 ], [ 74.980208155182254, 19.115962501068623 ], [ 74.980178538708628, 19.115988334094364 ], [ 74.979723680503525, 19.11638509789401 ], [ 74.979360377779244, 19.116602076424726 ], [ 74.979137069819956, 19.116701618784703 ], [ 74.97898857196509, 19.116755015131901 ], [ 74.978923210138078, 19.116778516215621 ], [ 74.978894764581753, 19.116792096877816 ], [ 74.978891011710857, 19.11679120654901 ], [ 74.978836078422319, 19.116778168177973 ], [ 74.978780679284966, 19.116765020089645 ], [ 74.978714038622059, 19.116588887866957 ], [ 74.978714285935609, 19.116585573865169 ], [ 74.9787329315796, 19.116335938252973 ], [ 74.978830291284964, 19.116014278636101 ], [ 74.978879924868693, 19.115850290858305 ], [ 74.979092355527825, 19.115525396380008 ], [ 74.979169479587881, 19.115407442199739 ], [ 74.979419396687888, 19.115141221290401 ], [ 74.979487678613509, 19.115068485921935 ], [ 74.979516867009863, 19.115050106477273 ], [ 74.979642008571886, 19.114971310577573 ], [ 74.979708499947378, 19.114772509144018 ], [ 74.979864931621364, 19.114198774054213 ], [ 74.979935891728076, 19.113686032784244 ], [ 74.980002520699827, 19.113316138029404 ], [ 74.980040040415588, 19.113107845150978 ], [ 74.980145908606858, 19.112581232737739 ], [ 74.980248478084832, 19.112071023958663 ], [ 74.980267382733587, 19.111845204192885 ], [ 74.980232459360593, 19.111755335840144 ], [ 74.980200694406562, 19.111673594660715 ], [ 74.98003178014261, 19.111212958311459 ], [ 74.979895458208887, 19.11118120864592 ], [ 74.978793718555323, 19.110924611381733 ], [ 74.978248565718786, 19.110943984577265 ], [ 74.977698391967294, 19.110963534039911 ], [ 74.976805213190119, 19.111162717685318 ], [ 74.976423656926272, 19.111141220291131 ], [ 74.976329975448039, 19.111135942170051 ], [ 74.975978167858216, 19.110964440556533 ], [ 74.975645540109667, 19.110802041880788 ], [ 74.975348135208321, 19.110757530835425 ], [ 74.975284375973217, 19.1107479962231 ], [ 74.975258310922356, 19.110753729401154 ], [ 74.974790158938731, 19.110856708070685 ], [ 74.974303386492124, 19.11122730339736 ], [ 74.974087839682113, 19.111405102963204 ], [ 74.973875949515502, 19.111579884404197 ], [ 74.97321560341743, 19.112007145113694 ], [ 74.973087220698758, 19.112058950560197 ], [ 74.972902085362989, 19.11213365634319 ], [ 74.972477355345745, 19.112226656135306 ], [ 74.972467299126606, 19.112228858575008 ], [ 74.972307644282409, 19.112339342986331 ], [ 74.972153862011183, 19.112445764260656 ], [ 74.972108457039724, 19.112476261170571 ], [ 74.971830858807152, 19.112662711315124 ], [ 74.971594153647345, 19.112829555339768 ], [ 74.971574334388094, 19.112843520911838 ], [ 74.971545701772754, 19.112850362953964 ], [ 74.971498281420622, 19.112861698008999 ], [ 74.971297888187053, 19.112881478597387 ], [ 74.971222700367377, 19.112888901601593 ], [ 74.970989079882202, 19.112860546876789 ], [ 74.970685698985903, 19.112823725034954 ], [ 74.970184474434006, 19.112984275603878 ], [ 74.969158323697741, 19.113524581993882 ], [ 74.968464750348005, 19.11384789996066 ], [ 74.968096771149149, 19.113962091377459 ], [ 74.967830530454648, 19.114044712093857 ], [ 74.967643408516551, 19.114189754753454 ], [ 74.967343564653845, 19.114422170147069 ], [ 74.96695891562149, 19.114774627047439 ], [ 74.966324756882102, 19.115208629075028 ], [ 74.965795207283065, 19.115687707821508 ], [ 74.96499719116747, 19.116374550645048 ], [ 74.964876147816028, 19.116589837551032 ], [ 74.964707598676796, 19.116889617561867 ], [ 74.964088031437541, 19.11794235765376 ], [ 74.963750903481468, 19.118518551490013 ], [ 74.963575920592291, 19.118619268364569 ], [ 74.963263990740643, 19.118798808118527 ], [ 74.962627371456122, 19.119079117807075 ], [ 74.961434058335158, 19.119172918895117 ], [ 74.961182779661613, 19.119192670705218 ], [ 74.961059808163668, 19.119195622280191 ], [ 74.960030391989051, 19.119220337448667 ], [ 74.959147201082544, 19.11926777488793 ], [ 74.958716437513658, 19.119290909947608 ], [ 74.958525100453073, 19.119274369616505 ], [ 74.958067830266202, 19.119234841714615 ], [ 74.957931331166037, 19.119448192380219 ], [ 74.957861213724073, 19.119557786462735 ], [ 74.95754679005239, 19.11984085796928 ], [ 74.957288886972606, 19.12007304763307 ], [ 74.956862013870875, 19.12051905021406 ], [ 74.956564512742148, 19.120829879295567 ], [ 74.955384062624432, 19.121686372927797 ], [ 74.954837705595708, 19.122095782994052 ], [ 74.954690447006556, 19.122206130708435 ], [ 74.954473322785702, 19.122413994610216 ], [ 74.954308121822407, 19.122572159277752 ], [ 74.954197761517548, 19.122789173781371 ], [ 74.954130046164778, 19.122922330101517 ], [ 74.954028014481366, 19.123288154524747 ], [ 74.954204267213242, 19.12382694915442 ], [ 74.954220839020536, 19.123877608864632 ], [ 74.954204330165737, 19.124241202069864 ], [ 74.954278393832851, 19.124986550289119 ], [ 74.954221666396847, 19.125632455073799 ], [ 74.954217319074075, 19.125653494713049 ], [ 74.954184309458356, 19.125813261073176 ], [ 74.953997254969408, 19.126021854325188 ], [ 74.953216297194444, 19.126600736235048 ], [ 74.950696722375881, 19.128468302570184 ], [ 74.94961053020188, 19.127879246629963 ], [ 74.948875316442752, 19.128565567846749 ], [ 74.946814930964365, 19.130488884954101 ], [ 74.946810812069373, 19.130488760847694 ], [ 74.946160400856726, 19.131118514228955 ], [ 74.940729518013072, 19.131118065093386 ], [ 74.940185880673937, 19.130265771248389 ], [ 74.940095455640801, 19.130124003919722 ], [ 74.939737300635954, 19.129932211802156 ], [ 74.939610574468475, 19.129864349859929 ], [ 74.939006619459974, 19.128714904769083 ], [ 74.938659408305114, 19.128014933642305 ], [ 74.937895996303268, 19.125564395280659 ], [ 74.937847449999879, 19.125448442991281 ], [ 74.937805309567466, 19.125347791767243 ], [ 74.937801274309436, 19.125191807056297 ], [ 74.937797407224593, 19.125042235410888 ], [ 74.937795610379169, 19.124972888687925 ], [ 74.937738434181426, 19.124573156226234 ], [ 74.937736754247851, 19.124567081305827 ], [ 74.937638534790608, 19.124211724991142 ], [ 74.937571761927302, 19.123516194716672 ], [ 74.937530720466441, 19.123288186900368 ], [ 74.937521762319534, 19.123238418418339 ], [ 74.937405158021704, 19.123017161812641 ], [ 74.937095247148022, 19.122440190062775 ], [ 74.936989078583167, 19.122242535264832 ], [ 74.936579169393212, 19.121593536812327 ], [ 74.936539779986902, 19.121531173325028 ], [ 74.936530944898379, 19.121523471293486 ] ] ] } },
{ "type": "Feature", "properties": { "REGION": 2.0, "STATE.NAME": "Maharashtra", "DISTRICT.NAME": "Bid", "DISTRICT.AREA": 10603.290349, "GRID_G0": "178252", "woodland": 0.0076008164933831709, "maskWdl": 0.0, "cropland": 0.4639170573331029, "maskCrp": 0.0, "one": 0.51793887555666385, "maskOne": 1.0, "GRID.AREA": 11.847715652212706, "REGION.AREA": 59928.662280600729 }, "geometry": { "type": "Polygon", "coordinates": [ [ [ 74.981532160671776, 19.115020757357442 ], [ 74.981532160671776, 19.086116319080478 ], [ 75.026528968672707, 19.086116359900739 ], [ 75.026528968672707, 19.10300451561638 ], [ 75.025876673869448, 19.102957385175216 ], [ 75.025289866234402, 19.10297965598636 ], [ 75.024990385697777, 19.103026824528399 ], [ 75.024828865659686, 19.10312171109814 ], [ 75.024728964470171, 19.103347457119526 ], [ 75.024790573426287, 19.10351239727936 ], [ 75.024989901862511, 19.103869361581815 ], [ 75.025113412054395, 19.104095264085231 ], [ 75.025127583571191, 19.104226183791411 ], [ 75.025065692227997, 19.104373011605279 ], [ 75.02501545160186, 19.104872060697119 ], [ 75.025115118967619, 19.105120680075405 ], [ 75.025713287738085, 19.106153086495794 ], [ 75.025886487271634, 19.106485197134191 ], [ 75.025812764447551, 19.106674804798441 ], [ 75.025375450216927, 19.106769431464159 ], [ 75.024489319426607, 19.106768967413984 ], [ 75.023840703185954, 19.106732477421929 ], [ 75.023517505728364, 19.106757167409402 ], [ 75.023529020647857, 19.10722467188117 ], [ 75.023690162071375, 19.108008432842947 ], [ 75.023901204177264, 19.10866131366873 ], [ 75.024114909175751, 19.108909815235847 ], [ 75.024487510889983, 19.109680287815081 ], [ 75.024613259494402, 19.10994227741423 ], [ 75.024961933846214, 19.110821078729824 ], [ 75.025246585461616, 19.111638845756207 ], [ 75.025384075614681, 19.112115453165703 ], [ 75.025445685470061, 19.112363805445341 ], [ 75.025533184109236, 19.113075279800398 ], [ 75.025668024859499, 19.114060166943204 ], [ 75.025743710004292, 19.11462931818852 ], [ 75.025643816009335, 19.114807687025177 ], [ 75.025639415626586, 19.114807180706862 ], [ 75.025403344488836, 19.11477899955122 ], [ 75.025244697784615, 19.114760062526898 ], [ 75.025151288800998, 19.114682460027556 ], [ 75.024945440279907, 19.114511452141869 ], [ 75.024776207655918, 19.114335102283178 ], [ 75.024570317766006, 19.114120555519264 ], [ 75.024209380258753, 19.11373864851987 ], [ 75.023877024105445, 19.113225774150184 ], [ 75.023748574836929, 19.112982264719793 ], [ 75.023601744325106, 19.112703907459434 ], [ 75.023473962353535, 19.112500429551233 ], [ 75.023340653148693, 19.112288149078893 ], [ 75.023103414690866, 19.111718867431819 ], [ 75.023047673811163, 19.111615909446698 ], [ 75.022904079959403, 19.111350680489579 ], [ 75.022778131705479, 19.111186578497836 ], [ 75.022704641805831, 19.111090827679618 ], [ 75.022493268749429, 19.110864874814187 ], [ 75.022402991205126, 19.110771473924441 ], [ 75.022056442850612, 19.110412930412451 ], [ 75.021358349508262, 19.109701038771959 ], [ 75.021178438334346, 19.10951875608578 ], [ 75.0211624420931, 19.109502443283191 ], [ 75.021027976360074, 19.109366204087113 ], [ 75.020832344137432, 19.109167992608832 ], [ 75.020714547338571, 19.10900566587884 ], [ 75.020694628254546, 19.10897821767065 ], [ 75.02055707065233, 19.10858740648365 ], [ 75.020515345706713, 19.10827329487671 ], [ 75.020495562420308, 19.108124374340438 ], [ 75.020491808650092, 19.107957362142599 ], [ 75.020484087970317, 19.1076138525973 ], [ 75.020434390534774, 19.107198314550601 ], [ 75.020362734352773, 19.106975477836102 ], [ 75.020328239057051, 19.106868204004456 ], [ 75.020308724667984, 19.106807516853451 ], [ 75.020173390189882, 19.106676365122212 ], [ 75.019756005835063, 19.106606582228036 ], [ 75.019536641402908, 19.106569905177025 ], [ 75.018852484854335, 19.106485904900637 ], [ 75.018172979599399, 19.106354553519907 ], [ 75.017624174616003, 19.106263877575945 ], [ 75.017167965629142, 19.106277115596466 ], [ 75.016837791231126, 19.106234042567056 ], [ 75.016571317612261, 19.106212910297643 ], [ 75.016550230308951, 19.106211239357268 ], [ 75.016246222585153, 19.106109430705715 ], [ 75.016186037255864, 19.106088883894927 ], [ 75.015994384533258, 19.1060234582161 ], [ 75.015792140494966, 19.105973663653682 ], [ 75.015709380383669, 19.105953287714101 ], [ 75.015330039150058, 19.105845809736365 ], [ 75.015246076645155, 19.105822025366251 ], [ 75.015091674741029, 19.105774569940483 ], [ 75.014916477813244, 19.105685714224368 ], [ 75.014797173750651, 19.10562520513918 ], [ 75.013949342388287, 19.105078174518212 ], [ 75.013529032538884, 19.104739094133947 ], [ 75.0130611476539, 19.104377465947323 ], [ 75.0129603075722, 19.10432891964399 ], [ 75.012849820462918, 19.104275727442939 ], [ 75.012607207656572, 19.104212860335281 ], [ 75.012412599761717, 19.104162432650185 ], [ 75.011659631586781, 19.103990362665176 ], [ 75.011039477090264, 19.104017059939395 ], [ 75.010990656493675, 19.104050605551038 ], [ 75.010678173558915, 19.104265324984794 ], [ 75.010471266535774, 19.104439146849188 ], [ 75.010434956408176, 19.104455921003993 ], [ 75.010202722677548, 19.104563211023443 ], [ 75.009960206998016, 19.104676027376801 ], [ 75.009135749915004, 19.104770334783151 ], [ 75.008872063295144, 19.104758875621656 ], [ 75.008643273068628, 19.104713716165122 ], [ 75.008515673659474, 19.104688529751915 ], [ 75.008223468638221, 19.10467482138597 ], [ 75.007629569848802, 19.104538959905145 ], [ 75.007054600889148, 19.104470796689952 ], [ 75.006747984232163, 19.104542862063507 ], [ 75.006554552650528, 19.104630094503307 ], [ 75.006512771946916, 19.104648937098833 ], [ 75.006244192115844, 19.10480239111752 ], [ 75.006071555557924, 19.104974418834388 ], [ 75.005863689857449, 19.105181549788767 ], [ 75.005752555236313, 19.105320810706871 ], [ 75.005625958571216, 19.105479446619203 ], [ 75.00553189757909, 19.10568263044911 ], [ 75.005428352336651, 19.105906296338556 ], [ 75.005306660573979, 19.106137345662034 ], [ 75.005290437703593, 19.106168148341396 ], [ 75.005283456266568, 19.106191302286849 ], [ 75.005204635185805, 19.106452701930717 ], [ 75.004976206486788, 19.106900783744212 ], [ 75.004847816573545, 19.107152628990661 ], [ 75.00471688787411, 19.107385227846066 ], [ 75.004392274883628, 19.107820372911934 ], [ 75.004336319065942, 19.107895385363804 ], [ 75.003537492661223, 19.10863570187621 ], [ 75.003518054714505, 19.108627225765929 ], [ 75.003226347917689, 19.108499991481494 ], [ 75.00307486071631, 19.108390566471545 ], [ 75.003046236194905, 19.108369890158375 ], [ 75.003019695402656, 19.108350717511655 ], [ 75.002962358226284, 19.108286335945706 ], [ 75.002750896137002, 19.108158421773794 ], [ 75.002647437229484, 19.108232913518179 ], [ 75.002613057946348, 19.10825766735752 ], [ 75.002557689385924, 19.108383394378222 ], [ 75.00243208107571, 19.108668616163754 ], [ 75.00236314624226, 19.108909847611415 ], [ 75.00233200541777, 19.109154131358139 ], [ 75.002236764515146, 19.10942733190592 ], [ 75.002215254530427, 19.109700633177738 ], [ 75.002034393672375, 19.109955695299167 ], [ 75.002024491237364, 19.109973298628855 ], [ 75.001903565697035, 19.110188268074182 ], [ 75.001832253955399, 19.110220469199362 ], [ 75.001653985842836, 19.11030093783808 ], [ 75.001169013838989, 19.110440161884018 ], [ 75.00067243608413, 19.110582713421536 ], [ 75.000185323693813, 19.110801438435654 ], [ 74.999969630294231, 19.110904618553377 ], [ 74.999629083115735, 19.111067525346073 ], [ 74.99936763760644, 19.111254733619088 ], [ 74.99924634784071, 19.111288577805681 ], [ 74.999160872676214, 19.11131563930536 ], [ 74.998914770500335, 19.111417510010146 ], [ 74.998808978751413, 19.111461302497162 ], [ 74.998593747603422, 19.111563741573491 ], [ 74.998471606179749, 19.111621873750554 ], [ 74.998454254660203, 19.11162449797223 ], [ 74.99799178099596, 19.111694411268104 ], [ 74.997481111763932, 19.111888999377868 ], [ 74.997138981778619, 19.111993097703365 ], [ 74.997078622880224, 19.112003286122786 ], [ 74.996977539082195, 19.112020348060643 ], [ 74.996680403977507, 19.111903105244156 ], [ 74.996302451297154, 19.111642103999941 ], [ 74.996288215029153, 19.111632272611359 ], [ 74.996012440621712, 19.111372811006447 ], [ 74.995973811142505, 19.11133670232698 ], [ 74.995698507979796, 19.111079356826906 ], [ 74.995275350876796, 19.110675375967901 ], [ 74.994930649729781, 19.110376218287911 ], [ 74.994804626832092, 19.110266845438616 ], [ 74.994557442771864, 19.110210442657831 ], [ 74.994479027285365, 19.110192548847127 ], [ 74.994418418375346, 19.110184641108333 ], [ 74.993927781541913, 19.110120635458998 ], [ 74.993473755209664, 19.110130284285219 ], [ 74.99305347054127, 19.110139216351797 ], [ 74.992546244813411, 19.11013952481926 ], [ 74.992426270755857, 19.110139598563649 ], [ 74.991948665098846, 19.110067687873538 ], [ 74.991620673355442, 19.110007370343908 ], [ 74.991544693233038, 19.109993397577288 ], [ 74.991460180343097, 19.109990332687747 ], [ 74.991055203934593, 19.109975648557395 ], [ 74.990731986691912, 19.109894533306093 ], [ 74.990344554257845, 19.109695958501732 ], [ 74.99024258912425, 19.109730655245585 ], [ 74.98987900940881, 19.109854381274715 ], [ 74.989678377854887, 19.109942797222349 ], [ 74.989463371537411, 19.110037548893843 ], [ 74.989004857588156, 19.110137233346677 ], [ 74.988703787050213, 19.110217350350471 ], [ 74.988477467261362, 19.110277574350619 ], [ 74.988197350027747, 19.110449342163463 ], [ 74.987955314586145, 19.110555762538464 ], [ 74.98779597270601, 19.110625824222438 ], [ 74.98744431710162, 19.110775049628902 ], [ 74.987256577329219, 19.11082904942117 ], [ 74.986940815466312, 19.110919871055273 ], [ 74.986838066123937, 19.110962047460589 ], [ 74.986665213728713, 19.111032995876087 ], [ 74.985577335325843, 19.11143563944324 ], [ 74.985561993791009, 19.111443902414237 ], [ 74.985325534146114, 19.111571247315283 ], [ 74.985150854328538, 19.111699183970185 ], [ 74.985140313374814, 19.11170690554928 ], [ 74.984684252776105, 19.111851762948557 ], [ 74.983886173708015, 19.11215930230998 ], [ 74.983406287370315, 19.112313179010073 ], [ 74.983130707216446, 19.112430798642492 ], [ 74.982943646432204, 19.112810889011371 ], [ 74.98277713335807, 19.113149227454926 ], [ 74.982732480219852, 19.113268342659921 ], [ 74.982599316705148, 19.113623558680331 ], [ 74.982456992696086, 19.113975995795613 ], [ 74.982355205628267, 19.114215025702951 ], [ 74.982309801556141, 19.114321652022682 ], [ 74.98216747484912, 19.114527197472231 ], [ 74.982120672331234, 19.114577909343097 ], [ 74.982029770657448, 19.114676403992917 ], [ 74.981901256637741, 19.114785977390966 ], [ 74.981754230973024, 19.114911334790293 ], [ 74.981575863035687, 19.114989772759824 ], [ 74.981569004805806, 19.114992788186669 ], [ 74.981532160671776, 19.115020757357442 ] ] ] } },
{ "type": "Feature", "properties": { "REGION": 2.0, "STATE.NAME": "Maharashtra", "DISTRICT.NAME": "Bid", "DISTRICT.AREA": 10603.290349, "GRID_G0": "178253", "woodland": 0.020520648832144904, "maskWdl": 0.0, "cropland": 0.49111994034359585, "maskCrp": 0.0, "one": 0.47778728162082051, "maskOne": 1.0, "GRID.AREA": 9.2191518724270569, "REGION.AREA": 59928.662280600729 }, "geometry": { "type": "MultiPolygon", "coordinates": [ [ [ [ 75.071530190380514, 19.119591138111037 ], [ 75.071530190380514, 19.120405473386565 ], [ 75.071055820170045, 19.120378871088064 ], [ 75.070644794921407, 19.120349483042276 ], [ 75.070349822686239, 19.120255474210811 ], [ 75.070141081945451, 19.12018894686247 ], [ 75.070122127833997, 19.120105268543341 ], [ 75.070183935540229, 19.120017297760118 ], [ 75.070290861334229, 19.119958663761395 ], [ 75.070476191822877, 19.119886286323094 ], [ 75.071025229730651, 19.11975555277661 ], [ 75.071530190380514, 19.119591138111037 ] ] ], [ [ [ 75.071530190380514, 19.110537770242974 ], [ 75.071530190380514, 19.112648745774585 ], [ 75.071404597943911, 19.112590957107049 ], [ 75.070606320125648, 19.112258767328285 ], [ 75.069820050954661, 19.111912916847704 ], [ 75.069627620318499, 19.111811251188325 ], [ 75.069259385712144, 19.111657616405921 ], [ 75.069095561610936, 19.111555892290653 ], [ 75.068954395928699, 19.111390284833817 ], [ 75.068901489712061, 19.111357433498824 ], [ 75.068758919288769, 19.111190176685341 ], [ 75.068785030205049, 19.111079521402811 ], [ 75.069174862030309, 19.110833442609362 ], [ 75.069436258076905, 19.11075000440923 ], [ 75.06989728922855, 19.110662003049068 ], [ 75.070123006471647, 19.110607876452381 ], [ 75.070652862739507, 19.110571863101029 ], [ 75.071182742389681, 19.110556243675777 ], [ 75.071530190380514, 19.110537770242974 ] ] ], [ [ [ 75.026528968672707, 19.10300451561638 ], [ 75.026528968672707, 19.086116359900739 ], [ 75.071530190380514, 19.086116331550237 ], [ 75.071530190380514, 19.104759465244186 ], [ 75.071100711628617, 19.104826124226292 ], [ 75.070625603388919, 19.10471753198857 ], [ 75.07024077539154, 19.104516408505507 ], [ 75.069920041176999, 19.104238509899346 ], [ 75.069780555428338, 19.10408702 ], [ 75.069726012445585, 19.10403976062651 ], [ 75.069289104708446, 19.10356525133534 ], [ 75.069101555592397, 19.103066156378077 ], [ 75.068838922977989, 19.102104021183663 ], [ 75.068823216318435, 19.102101605604673 ], [ 75.068074537010318, 19.103110930025423 ], [ 75.06739941325236, 19.104011918515255 ], [ 75.067225782943581, 19.104486106748482 ], [ 75.06712575584902, 19.105118448857354 ], [ 75.066752254812741, 19.106532237972431 ], [ 75.066626105110743, 19.10685065103678 ], [ 75.066452634881273, 19.107254755102929 ], [ 75.06626485913597, 19.107480632425279 ], [ 75.066003377653828, 19.107645445780747 ], [ 75.065715925549569, 19.107765026834556 ], [ 75.065604301697249, 19.107681388984989 ], [ 75.065539857178749, 19.107558871644642 ], [ 75.065504512922985, 19.107491678797999 ], [ 75.065516534160793, 19.107089543347797 ], [ 75.065678313203662, 19.106685417697918 ], [ 75.066077765076841, 19.105784435503324 ], [ 75.066203832041253, 19.105321433037769 ], [ 75.066318057632316, 19.104833599391156 ], [ 75.066342006578395, 19.104228393425672 ], [ 75.066154484441952, 19.10386012374579 ], [ 75.065831580163376, 19.10327955470774 ], [ 75.065482413882364, 19.102897724150694 ], [ 75.065427292635491, 19.10285100437039 ], [ 75.065288216977706, 19.1026989164219 ], [ 75.064939155917401, 19.102403058354525 ], [ 75.064501984678884, 19.10219052157538 ], [ 75.064259595803776, 19.102283033934896 ], [ 75.064021944557169, 19.10249071887165 ], [ 75.063867467109958, 19.102694009720835 ], [ 75.063791327807564, 19.102793348834044 ], [ 75.063684365141398, 19.102942370094357 ], [ 75.063529883197589, 19.103095961709304 ], [ 75.063292278715721, 19.103328542578257 ], [ 75.063054488973535, 19.103529422344995 ], [ 75.062885806734641, 19.103667107650949 ], [ 75.062740806343186, 19.103691945127192 ], [ 75.062652974954915, 19.103644462721835 ], [ 75.062630198724776, 19.1036251048148 ], [ 75.062541378981507, 19.103549613923576 ], [ 75.062322929159905, 19.103294297294045 ], [ 75.062073480606728, 19.102878562295867 ], [ 75.061562976849984, 19.102029158918583 ], [ 75.061199636354218, 19.101554782727078 ], [ 75.060852860471186, 19.101087834935697 ], [ 75.060850631951155, 19.101084833898028 ], [ 75.060370334623315, 19.100595187218179 ], [ 75.060188003373696, 19.100409305445108 ], [ 75.059713034528954, 19.099896385210059 ], [ 75.0589530741251, 19.099017525438512 ], [ 75.058725117570191, 19.098753097777266 ], [ 75.058610858704242, 19.098676450357971 ], [ 75.058299506217281, 19.098854833583747 ], [ 75.05808797308157, 19.099033147561784 ], [ 75.057719515443353, 19.099441754533416 ], [ 75.057374921315613, 19.0998504226589 ], [ 75.05728220930655, 19.099909150187163 ], [ 75.056830682190309, 19.100340336437455 ], [ 75.056638153528013, 19.100464443779121 ], [ 75.056488433494451, 19.100523103858222 ], [ 75.056115419890787, 19.100452963933204 ], [ 75.055616585736914, 19.100315054696072 ], [ 75.055447965551252, 19.100215635543179 ], [ 75.055022858718019, 19.099994112738159 ], [ 75.054673555740067, 19.099847230964997 ], [ 75.05454999968282, 19.099835848245846 ], [ 75.054181781264276, 19.099858365471217 ], [ 75.053967979138974, 19.099880804455609 ], [ 75.05336924649356, 19.099975356477557 ], [ 75.052516121721681, 19.100176049185393 ], [ 75.052228697496446, 19.100200802125357 ], [ 75.0522167149295, 19.100349858459253 ], [ 75.052259439921272, 19.100550807473837 ], [ 75.052370944163783, 19.100948429226662 ], [ 75.052631848281237, 19.102059747559338 ], [ 75.05288791044876, 19.103019701897779 ], [ 75.053018389487136, 19.103471421468953 ], [ 75.05314172431116, 19.10394127676858 ], [ 75.053184378256503, 19.104196512459112 ], [ 75.053248261598071, 19.104860503509489 ], [ 75.053271849016653, 19.10512704547682 ], [ 75.053309791413824, 19.105352912906653 ], [ 75.053416433022051, 19.105892759743142 ], [ 75.053496896264789, 19.106814241983727 ], [ 75.053451444528605, 19.107387866456918 ], [ 75.05338480476496, 19.107593429892916 ], [ 75.053292206070523, 19.107688168973876 ], [ 75.053047335965857, 19.107771760058711 ], [ 75.052774111136387, 19.107764837976958 ], [ 75.052510478475881, 19.107629170749703 ], [ 75.052339421127456, 19.107477856218168 ], [ 75.052206641623286, 19.107333997066348 ], [ 75.052144710709911, 19.107279213065283 ], [ 75.052007004719542, 19.107130017336488 ], [ 75.051634185369437, 19.106716571112941 ], [ 75.051427655162229, 19.106431961765676 ], [ 75.05119012262611, 19.106050135705232 ], [ 75.050774700592015, 19.105422044691636 ], [ 75.050449428398451, 19.104940827357328 ], [ 75.050390051559702, 19.10481647989667 ], [ 75.049827278306282, 19.10405742511011 ], [ 75.048873432163248, 19.10307174296662 ], [ 75.048200548616478, 19.102468963372019 ], [ 75.048001104167668, 19.102369515440841 ], [ 75.047913124391243, 19.102344618609319 ], [ 75.047407191888453, 19.102315023719427 ], [ 75.04539717384057, 19.102296110077475 ], [ 75.04491714900729, 19.102485542373927 ], [ 75.044539286259123, 19.10262998068913 ], [ 75.043854975926493, 19.102819463347604 ], [ 75.043586398793309, 19.102862192835971 ], [ 75.043348841076238, 19.102855343599288 ], [ 75.042868962832415, 19.102803181121939 ], [ 75.042562503556724, 19.102728527499607 ], [ 75.042132605135691, 19.102579285006076 ], [ 75.041757273079725, 19.102441328104874 ], [ 75.041576782742368, 19.102393856491346 ], [ 75.04142702493732, 19.10231241478618 ], [ 75.040904409111249, 19.102221886331048 ], [ 75.04018000520314, 19.10199112299199 ], [ 75.03981882757688, 19.101961573068195 ], [ 75.039488546159532, 19.102097028055425 ], [ 75.039250954268198, 19.102151075511756 ], [ 75.038882586562181, 19.102216449929244 ], [ 75.038725730408217, 19.102245735452357 ], [ 75.038438379028037, 19.102216173837405 ], [ 75.038215046787059, 19.10216184399394 ], [ 75.037908515565618, 19.102073583629021 ], [ 75.037647293987504, 19.102001261948715 ], [ 75.037404919501512, 19.101996631339489 ], [ 75.037316990087106, 19.102030429660658 ], [ 75.037274176062454, 19.102113965886872 ], [ 75.037205055069307, 19.102464027892609 ], [ 75.037254868517437, 19.102726031880938 ], [ 75.037290413321955, 19.102908924307485 ], [ 75.037366225271114, 19.103222964867999 ], [ 75.03751590303655, 19.103408211719625 ], [ 75.037698630887178, 19.103593463967229 ], [ 75.037755611032708, 19.103740331351275 ], [ 75.037893310727782, 19.103943731917752 ], [ 75.03793367859646, 19.103988305915667 ], [ 75.038389161830423, 19.104314313754632 ], [ 75.038731223467266, 19.104562968206494 ], [ 75.039120691966446, 19.104922345389983 ], [ 75.039196870838964, 19.105011265857289 ], [ 75.039315900608358, 19.105121100058795 ], [ 75.039828783071925, 19.105719759859085 ], [ 75.040082770503489, 19.106164883802425 ], [ 75.040196695720965, 19.106332028200598 ], [ 75.040350940243741, 19.106621136856006 ], [ 75.040752448866499, 19.10707378362827 ], [ 75.041181743842458, 19.107461897748408 ], [ 75.041343227008383, 19.107597569472318 ], [ 75.041495257400243, 19.107760005020282 ], [ 75.041538354711349, 19.107796214423782 ], [ 75.041830058810206, 19.108107880774128 ], [ 75.041982414756717, 19.108270663460416 ], [ 75.042281683053261, 19.108521543734298 ], [ 75.042680671775656, 19.108770065086503 ], [ 75.043115309623886, 19.109000671044157 ], [ 75.04364263519949, 19.10931705433865 ], [ 75.043998640824668, 19.109612779306364 ], [ 75.044129592906472, 19.109721556804459 ], [ 75.044210255798703, 19.109834582699872 ], [ 75.044260063850913, 19.110042387246441 ], [ 75.044279038646778, 19.110148479368888 ], [ 75.044155446616628, 19.11025007667973 ], [ 75.044017562560498, 19.110286157480235 ], [ 75.043756135936974, 19.110315440305385 ], [ 75.043549522092817, 19.110297226336005 ], [ 75.043207399302105, 19.110190881504025 ], [ 75.042882025485142, 19.110107238258479 ], [ 75.042627824914248, 19.110048389321776 ], [ 75.042335637879432, 19.10990366322352 ], [ 75.042124272017588, 19.10973197185308 ], [ 75.041886756568616, 19.109499234502099 ], [ 75.041844797799229, 19.109450734963502 ], [ 75.041691639657529, 19.109300658798418 ], [ 75.041337814888323, 19.108891677708812 ], [ 75.041188836795413, 19.108724272507228 ], [ 75.040977188546492, 19.108550163759105 ], [ 75.040784855936408, 19.108360459867352 ], [ 75.040669195027363, 19.108240247489505 ], [ 75.040589697656472, 19.108161836499619 ], [ 75.040383111691312, 19.107947119763821 ], [ 75.039832739189592, 19.107319852529198 ], [ 75.039182047313716, 19.106720055985818 ], [ 75.038944498589785, 19.106496315452663 ], [ 75.038782977652374, 19.106369739471972 ], [ 75.03853136443098, 19.10613698503386 ], [ 75.038350754483815, 19.106001409537498 ], [ 75.037937585251427, 19.105669175691954 ], [ 75.0376573169317, 19.105443176061787 ], [ 75.037495739336975, 19.105323394459163 ], [ 75.037065927250808, 19.105020545961452 ], [ 75.036574302961753, 19.10470643975043 ], [ 75.036317726382038, 19.104618196472646 ], [ 75.036210766413774, 19.104789792514968 ], [ 75.036068024220015, 19.105209774111813 ], [ 75.03589192707085, 19.105661433428452 ], [ 75.035794371313216, 19.105923366370288 ], [ 75.035689571516571, 19.106219138102798 ], [ 75.03560878181986, 19.106422475716727 ], [ 75.035558759729042, 19.106546649608219 ], [ 75.035470782650577, 19.106641440849842 ], [ 75.035314018227439, 19.106670724574318 ], [ 75.035064551687753, 19.106677335490705 ], [ 75.034910159676201, 19.106699901279455 ], [ 75.034660628385325, 19.106695210415694 ], [ 75.034480050813727, 19.10671772494311 ], [ 75.034073781180098, 19.106765007698982 ], [ 75.033812380636903, 19.10678067658699 ], [ 75.033593758145457, 19.106841506730177 ], [ 75.033351394451358, 19.10685717112159 ], [ 75.033182656454471, 19.106922612988228 ], [ 75.032914160260361, 19.106965418919003 ], [ 75.032714503571526, 19.107030742075153 ], [ 75.032438945900708, 19.107089385067127 ], [ 75.032253484111038, 19.107136719084394 ], [ 75.031946995157739, 19.107125244634407 ], [ 75.031797450491979, 19.107082288516835 ], [ 75.031509969609488, 19.106946610497744 ], [ 75.031322348547576, 19.106851669069332 ], [ 75.031087218100708, 19.106643797073616 ], [ 75.030928126232084, 19.1065691038811 ], [ 75.030754722552459, 19.106390586656289 ], [ 75.030605176088045, 19.10626183071895 ], [ 75.030524192137818, 19.106161745168436 ], [ 75.030409628401685, 19.106063110224394 ], [ 75.030322682845622, 19.105955655629032 ], [ 75.030203022651449, 19.105807773809776 ], [ 75.030034426747477, 19.105694817162146 ], [ 75.029768405487573, 19.105475518380501 ], [ 75.029611704016986, 19.105414405850183 ], [ 75.029153170282655, 19.105210966612844 ], [ 75.028880045277901, 19.105068502309564 ], [ 75.028592615656748, 19.104926109952089 ], [ 75.028155642269155, 19.104568967583816 ], [ 75.028106004188771, 19.104528326321258 ], [ 75.027967976241143, 19.104415315714281 ], [ 75.027744904803569, 19.104083175398273 ], [ 75.027626310306005, 19.103839148857674 ], [ 75.027500529326005, 19.103434762404394 ], [ 75.02737721788435, 19.103125261621585 ], [ 75.027361151495995, 19.103106886673515 ], [ 75.027135946866508, 19.103005463831153 ], [ 75.026537126087533, 19.103005105001671 ], [ 75.026528968672707, 19.10300451561638 ] ] ] ] } },
{ "type": "Feature", "properties": { "REGION": 2.0, "STATE.NAME": "Maharashtra", "DISTRICT.NAME": "Bid", "DISTRICT.AREA": 10603.290349, "GRID_G0": "178254", "woodland": 0.0081569618011037154, "maskWdl": 0.0, "cropland": 0.38396664846405193, "maskCrp": 0.0, "one": 0.59642073058184875, "maskOne": 1.0, "GRID.AREA": 12.950261537620893, "REGION.AREA": 59928.662280600729 }, "geometry": { "type": "Polygon", "coordinates": [ [ [ 75.071530190380514, 19.104759465244186 ], [ 75.071530190380514, 19.086116331550237 ], [ 75.097376521431684, 19.086117662162444 ], [ 75.09696530720322, 19.086569679846889 ], [ 75.096784729631622, 19.08688354953625 ], [ 75.096696787626684, 19.087430129596839 ], [ 75.096744181898544, 19.08789310148552 ], [ 75.096820189899915, 19.088107716597904 ], [ 75.096855731107155, 19.088356083266657 ], [ 75.096924656947408, 19.088487059630154 ], [ 75.097093195294804, 19.088932087345995 ], [ 75.097211984945204, 19.089205348148369 ], [ 75.09739250136289, 19.089555516274118 ], [ 75.097542076605635, 19.089916877362043 ], [ 75.097542145853424, 19.089917364794591 ], [ 75.097610245216686, 19.090402513964872 ], [ 75.097634648320422, 19.090576359211635 ], [ 75.09766541053034, 19.091021328471584 ], [ 75.097727162478634, 19.091211038658571 ], [ 75.097738154891999, 19.091360136361228 ], [ 75.097746142670417, 19.091468502869134 ], [ 75.097775568487748, 19.091844857454252 ], [ 75.097784112047179, 19.091954127780809 ], [ 75.097788436886901, 19.091988629371826 ], [ 75.097807891920752, 19.092143868544724 ], [ 75.09780780738447, 19.092296768581036 ], [ 75.097807741733959, 19.092417141038254 ], [ 75.097811267975715, 19.092661900526362 ], [ 75.097814837384874, 19.092909461402602 ], [ 75.097845707513443, 19.093058560004579 ], [ 75.097845710211402, 19.0933725313173 ], [ 75.097836454388926, 19.093519172072206 ], [ 75.097833741134309, 19.093562190242949 ], [ 75.097834299613282, 19.093582740651016 ], [ 75.097840865563569, 19.093824131278666 ], [ 75.097843620187007, 19.094130209241825 ], [ 75.097845459300572, 19.094334649424582 ], [ 75.097856019140011, 19.094529231239111 ], [ 75.097857344740703, 19.094553665819095 ], [ 75.0978560883878, 19.09460652617031 ], [ 75.097845377462249, 19.095057298755364 ], [ 75.097833780704491, 19.095241989826036 ], [ 75.097826371190138, 19.095359986274389 ], [ 75.097833479431586, 19.095556433282809 ], [ 75.097830631278669, 19.095638348031404 ], [ 75.097826256076928, 19.095764254017183 ], [ 75.097802356593547, 19.096085686105596 ], [ 75.097790654615096, 19.096243036886676 ], [ 75.097765491584198, 19.096552756204801 ], [ 75.097752485588785, 19.096712825636416 ], [ 75.097740582162203, 19.097164562294779 ], [ 75.097714437071659, 19.097358712434698 ], [ 75.097711677052303, 19.097416454305971 ], [ 75.097702457202672, 19.097609366978759 ], [ 75.097690578057779, 19.09801820507613 ], [ 75.097694585436841, 19.098088107580168 ], [ 75.097702487779657, 19.09822601681725 ], [ 75.097713105175728, 19.098400202007785 ], [ 75.097726030232138, 19.098612236965209 ], [ 75.09770703475192, 19.098838041442491 ], [ 75.09768331423362, 19.099002969911172 ], [ 75.097676041416207, 19.099312387057068 ], [ 75.097651934189471, 19.099518868700898 ], [ 75.097626204585708, 19.099739259259479 ], [ 75.097632163493586, 19.100184043259048 ], [ 75.097633193217348, 19.10026088403265 ], [ 75.097656820206169, 19.100457419174635 ], [ 75.097714845363896, 19.10067791225589 ], [ 75.097725783817907, 19.100719480719533 ], [ 75.09782546197556, 19.101150844136214 ], [ 75.097845212886341, 19.101225975298576 ], [ 75.097894332957154, 19.101412810352937 ], [ 75.097997522068056, 19.101648430031048 ], [ 75.098001163423021, 19.10165674336406 ], [ 75.098150861872853, 19.101817216591314 ], [ 75.098362314968938, 19.101977528839939 ], [ 75.098482083081706, 19.102004314247779 ], [ 75.098523814322618, 19.102013646512603 ], [ 75.098660534656005, 19.102020019108636 ], [ 75.098768547730344, 19.102025053513444 ], [ 75.099217586422526, 19.101977633161312 ], [ 75.099327313604704, 19.101970169687604 ], [ 75.099847155022246, 19.101934807445449 ], [ 75.100590814314671, 19.10191917632898 ], [ 75.100639359718741, 19.101923311411721 ], [ 75.100776057569078, 19.101934950437681 ], [ 75.100805602996218, 19.101937321050571 ], [ 75.10077100337918, 19.10205240099754 ], [ 75.100671173236094, 19.102300802739933 ], [ 75.100421584388641, 19.102757098061662 ], [ 75.100383581736992, 19.10292413454124 ], [ 75.100344261578471, 19.103045201275048 ], [ 75.100167182369603, 19.103590425158018 ], [ 75.100091100623843, 19.103844703969969 ], [ 75.100029330689097, 19.104051151439535 ], [ 75.100005790934574, 19.104201241094472 ], [ 75.099986473496983, 19.104324405047294 ], [ 75.099923359075831, 19.104504376475862 ], [ 75.099886667635644, 19.104609003602661 ], [ 75.100029141831499, 19.104864228501413 ], [ 75.100087943104143, 19.104877965645642 ], [ 75.100123386285304, 19.104886243005751 ], [ 75.100155141346761, 19.104893660613982 ], [ 75.100312430074666, 19.104934448466054 ], [ 75.100390291578776, 19.104954655333131 ], [ 75.100411591122111, 19.104967842991584 ], [ 75.100594641829332, 19.10508118005248 ], [ 75.100936170168154, 19.105284966428083 ], [ 75.1010603125834, 19.105359039088455 ], [ 75.101116258508569, 19.105382061732826 ], [ 75.101236057198321, 19.105431360768762 ], [ 75.101485573200705, 19.105603040447992 ], [ 75.101896532798833, 19.10584702651909 ], [ 75.102058158956936, 19.105964536434271 ], [ 75.102157962120316, 19.106007430498551 ], [ 75.102222089178156, 19.106048134713717 ], [ 75.102302844700603, 19.106120346676732 ], [ 75.102384061575265, 19.106227207719485 ], [ 75.102414869650545, 19.106246760779413 ], [ 75.102495622475033, 19.10631896914515 ], [ 75.102607271508418, 19.106465870703403 ], [ 75.102775905183933, 19.106684931164693 ], [ 75.102875682266983, 19.106786519482338 ], [ 75.102947600151708, 19.106872534240097 ], [ 75.103189263273919, 19.107161572748456 ], [ 75.103849635452377, 19.10787300033877 ], [ 75.104107000737542, 19.108168336799338 ], [ 75.104224704906244, 19.108196347983096 ], [ 75.104854358042246, 19.108049602906874 ], [ 75.105004100558858, 19.107995390874635 ], [ 75.105586209236208, 19.107911926594173 ], [ 75.10568081701615, 19.107902128480475 ], [ 75.105804762479863, 19.107889293356266 ], [ 75.106596208148517, 19.10785022950455 ], [ 75.106672110929253, 19.107846483828212 ], [ 75.10716380446604, 19.107846560270616 ], [ 75.107237458941654, 19.10786461146267 ], [ 75.107277039004202, 19.107893243178694 ], [ 75.107287357825385, 19.107900715645542 ], [ 75.107287400093469, 19.108031799028371 ], [ 75.107284894582278, 19.108045097303432 ], [ 75.107251666431296, 19.108221511013998 ], [ 75.107224969157073, 19.10829504498037 ], [ 75.107182788255159, 19.108411230194179 ], [ 75.107111109590107, 19.108542637332903 ], [ 75.10701405655351, 19.108720564602436 ], [ 75.106952236256745, 19.108957735611057 ], [ 75.106943482255986, 19.10917350635231 ], [ 75.10691420842403, 19.109895053114258 ], [ 75.106914167055209, 19.109940694607413 ], [ 75.106914122089108, 19.109989945979294 ], [ 75.106940224012192, 19.110050906524179 ], [ 75.10698309739206, 19.110109627757144 ], [ 75.107082796234124, 19.110127715821477 ], [ 75.107106778455091, 19.110131019031375 ], [ 75.107106772159852, 19.11013916059386 ], [ 75.107106727193752, 19.110188410167037 ], [ 75.107132828217516, 19.110249368913287 ], [ 75.107175699798745, 19.110308085649702 ], [ 75.10727539504353, 19.11032617371399 ], [ 75.107439381922006, 19.110348765583126 ], [ 75.107710148904303, 19.110303589039464 ], [ 75.10783140989173, 19.110283357890694 ], [ 75.108076184668221, 19.110251759311268 ], [ 75.108282900135805, 19.110222394647852 ], [ 75.108461983933466, 19.110187767151785 ], [ 75.1085632907633, 19.110168179917597 ], [ 75.108743799087108, 19.110120770357298 ], [ 75.108962420679234, 19.110048531414634 ], [ 75.109230046329628, 19.109961755830398 ], [ 75.109268908733213, 19.109949154529886 ], [ 75.109340087375188, 19.109944889944757 ], [ 75.109380573055034, 19.109942461775233 ], [ 75.109373967534623, 19.110008906385982 ], [ 75.109373395565797, 19.110014711509791 ], [ 75.109542051724361, 19.110513837943301 ], [ 75.109603872920445, 19.110710347904273 ], [ 75.109710751949706, 19.111096566253593 ], [ 75.109766941591147, 19.111363770121955 ], [ 75.109784358761203, 19.111446596783082 ], [ 75.109798043744775, 19.111516355395509 ], [ 75.109884075589662, 19.111954846838785 ], [ 75.109922979362068, 19.112232504426576 ], [ 75.109945781672536, 19.112395242146761 ], [ 75.109965762809736, 19.112456491374015 ], [ 75.109998099732593, 19.112555612851281 ], [ 75.110090705621644, 19.113023117323053 ], [ 75.110171448553558, 19.113463591771396 ], [ 75.110228378337069, 19.113897215184409 ], [ 75.110264058039888, 19.114147980345081 ], [ 75.110309067309686, 19.114683085056356 ], [ 75.110367814622975, 19.115238420017135 ], [ 75.110377886130607, 19.115333619550938 ], [ 75.110401616541424, 19.115512061232664 ], [ 75.110437342109719, 19.115672534459975 ], [ 75.11048007069877, 19.115864457878502 ], [ 75.110637094126687, 19.116468288780538 ], [ 75.110648615341404, 19.116512590283886 ], [ 75.110649771869532, 19.116524092612853 ], [ 75.110662937944312, 19.116654895407123 ], [ 75.11065128362992, 19.116765145994744 ], [ 75.110648616240724, 19.116790378273379 ], [ 75.11059865800172, 19.116914578245257 ], [ 75.110555898835742, 19.117093030718824 ], [ 75.110543383870152, 19.11718748651333 ], [ 75.110525079968511, 19.117325616983695 ], [ 75.110510744775127, 19.117474693102679 ], [ 75.110437067816463, 19.117777332058267 ], [ 75.110432005532687, 19.117810130333279 ], [ 75.110406043903879, 19.117978401582036 ], [ 75.110330009822178, 19.11819736941311 ], [ 75.11031812528131, 19.118382537124432 ], [ 75.110230156296723, 19.118626555571154 ], [ 75.110192032236569, 19.118762259670575 ], [ 75.11017561511261, 19.118820694919179 ], [ 75.110056787690667, 19.119213705847869 ], [ 75.109938415325644, 19.119502789322325 ], [ 75.109906962436412, 19.119579603116225 ], [ 75.1097572199198, 19.119834719197002 ], [ 75.109746554859669, 19.119884916655622 ], [ 75.109719289213899, 19.120013239119714 ], [ 75.109607557442871, 19.120227813762654 ], [ 75.109535632363588, 19.120368896707248 ], [ 75.109426833281759, 19.120582310325407 ], [ 75.109384020156483, 19.12067302853751 ], [ 75.109239220313839, 19.120979846642683 ], [ 75.10921125769346, 19.121068599836065 ], [ 75.109184449802569, 19.121153677500274 ], [ 75.108965853391453, 19.121526307992784 ], [ 75.108902234450625, 19.121627068034798 ], [ 75.108816086593151, 19.121763510477653 ], [ 75.108659674704256, 19.122067593744529 ], [ 75.108611656302969, 19.122160950567491 ], [ 75.108538022511766, 19.12233259697183 ], [ 75.108479199655392, 19.122431540383328 ], [ 75.108393035610163, 19.122576478721555 ], [ 75.108276457392662, 19.122846391347935 ], [ 75.108224320995646, 19.122967106446879 ], [ 75.108188669171795, 19.123170414383139 ], [ 75.108178058070962, 19.12318772723188 ], [ 75.108062670555853, 19.123375972423222 ], [ 75.107931960391738, 19.123554370038224 ], [ 75.107805998647962, 19.123827632639177 ], [ 75.107753332550317, 19.123944450975671 ], [ 75.10768484018331, 19.124096368053017 ], [ 75.107328252696789, 19.124814617900373 ], [ 75.107201270222504, 19.125099200267925 ], [ 75.106689561374196, 19.125726747191663 ], [ 75.106656372793452, 19.125767448708814 ], [ 75.106657906137514, 19.12576931929868 ], [ 75.106503506931347, 19.125873643353998 ], [ 75.106254055680211, 19.126074663415014 ], [ 75.106142408445464, 19.126133349574445 ], [ 75.105923684330605, 19.126286973565016 ], [ 75.105854798060534, 19.126352400143219 ], [ 75.105519711565478, 19.126537637102331 ], [ 75.104973208846559, 19.126745283368166 ], [ 75.10490426951651, 19.126740800247774 ], [ 75.104816344598703, 19.12669784233162 ], [ 75.104685723467412, 19.126627844499467 ], [ 75.104566905038666, 19.126496780002469 ], [ 75.104514316282746, 19.126441452810862 ], [ 75.10421055047658, 19.126121868829216 ], [ 75.103873144629972, 19.12576274165724 ], [ 75.103687797054249, 19.125563979793867 ], [ 75.103600830813775, 19.125479570325982 ], [ 75.103459691211825, 19.12534258289395 ], [ 75.10344913676829, 19.125321569335032 ], [ 75.103266923329898, 19.125144716755305 ], [ 75.102962872438695, 19.124539373193556 ], [ 75.102414196957682, 19.123543228337386 ], [ 75.102327851249413, 19.123327212081225 ], [ 75.102207446416571, 19.12302598596051 ], [ 75.102031646043727, 19.123276752919878 ], [ 75.101732135829479, 19.123495777408266 ], [ 75.101470761366627, 19.123707979639619 ], [ 75.100978831308055, 19.12405347758596 ], [ 75.100322933256848, 19.12436056908507 ], [ 75.099840494643161, 19.124538996377623 ], [ 75.099129947489132, 19.124870825528205 ], [ 75.09880438841185, 19.125083104201963 ], [ 75.098203108886423, 19.125471458441098 ], [ 75.097998732555538, 19.125744796585138 ], [ 75.097802177628466, 19.125835800781655 ], [ 75.097715967717818, 19.125875716291318 ], [ 75.097542515474743, 19.125489466465748 ], [ 75.09705796525293, 19.12469881130113 ], [ 75.096504410050557, 19.123892461168225 ], [ 75.096347190570441, 19.123694356709223 ], [ 75.096197875231837, 19.123506214040617 ], [ 75.096117062152757, 19.12348810439255 ], [ 75.09543028947634, 19.123914863280394 ], [ 75.095038176071, 19.124165534911583 ], [ 75.094510574403557, 19.124481626825684 ], [ 75.093904577933984, 19.124795397589597 ], [ 75.093063289139536, 19.125276283973392 ], [ 75.092737577177502, 19.125560935588737 ], [ 75.092131637365242, 19.12583859677386 ], [ 75.091421088412574, 19.126127581322862 ], [ 75.090189494749438, 19.126659808203613 ], [ 75.090174320488529, 19.126302592091008 ], [ 75.090141115719973, 19.125756011131045 ], [ 75.090100787421477, 19.125624963721119 ], [ 75.089944164191877, 19.124967731075966 ], [ 75.08978746272129, 19.12429690068149 ], [ 75.089694880214608, 19.123727681986967 ], [ 75.089626222372317, 19.123056923538229 ], [ 75.089583425434796, 19.12283779113119 ], [ 75.089495616529518, 19.122718123742459 ], [ 75.089395263880363, 19.122666107854627 ], [ 75.089391099120007, 19.122663950381082 ], [ 75.089234218684282, 19.122517098285527 ], [ 75.089103485137812, 19.12244257956144 ], [ 75.088785185388076, 19.12213301402744 ], [ 75.088774022103507, 19.12211216774239 ], [ 75.088591858127813, 19.121935000400015 ], [ 75.088392321948163, 19.121562390591922 ], [ 75.088157213984289, 19.1211399115777 ], [ 75.087974347638067, 19.120884615632576 ], [ 75.08793904834846, 19.120819394999103 ], [ 75.087808079179581, 19.120577413516855 ], [ 75.087615510947117, 19.120712959335659 ], [ 75.087004773251749, 19.12120062750699 ], [ 75.086660235781324, 19.121218688591679 ], [ 75.086092324701099, 19.121137194725804 ], [ 75.084899577253736, 19.120942640790304 ], [ 75.084500313338822, 19.120877119783305 ], [ 75.083808921744378, 19.12067365536495 ], [ 75.083324129604932, 19.120560644757976 ], [ 75.082806139891488, 19.120567334814723 ], [ 75.081922202547673, 19.120614509651944 ], [ 75.081665575605882, 19.120625739486343 ], [ 75.080992983439501, 19.120734037645775 ], [ 75.080579655926442, 19.120722512833765 ], [ 75.079408088412606, 19.12076976681135 ], [ 75.079177626346464, 19.120792240869264 ], [ 75.077312257055098, 19.120827908880926 ], [ 75.075896037072482, 19.120739400303137 ], [ 75.075620417348432, 19.120709934915624 ], [ 75.074933749892693, 19.120680487514562 ], [ 75.074627233060426, 19.120639704159089 ], [ 75.074239943618579, 19.120603491158246 ], [ 75.07375991518802, 19.120573929543244 ], [ 75.073355947818811, 19.120544416491668 ], [ 75.072899680375997, 19.120496901710684 ], [ 75.072243969383749, 19.120503474855525 ], [ 75.071664126098597, 19.120412984171935 ], [ 75.071530190380514, 19.120405473386565 ], [ 75.071530190380514, 19.119591138111037 ], [ 75.071614499709426, 19.119563686914663 ], [ 75.071840267314542, 19.119450854373493 ], [ 75.072296546448513, 19.119356162956592 ], [ 75.072819313360696, 19.119308881999359 ], [ 75.073318408317959, 19.119295535160859 ], [ 75.073931369137426, 19.119284413245111 ], [ 75.074218920167084, 19.119320526421234 ], [ 75.074668109945392, 19.119284478895622 ], [ 75.074862896805314, 19.11924392127003 ], [ 75.075162318885987, 19.119262053401087 ], [ 75.075316745071802, 19.119244129912715 ], [ 75.07603437528627, 19.119232989111197 ], [ 75.076160350519842, 19.119208147138352 ], [ 75.076759171298761, 19.11919250163271 ], [ 75.077170156077898, 19.119167762182542 ], [ 75.077393562962641, 19.119145239561192 ], [ 75.078092223777162, 19.119097997274821 ], [ 75.078317923033751, 19.11905515627052 ], [ 75.078574632713185, 19.11902583747246 ], [ 75.078774196771803, 19.118960445068524 ], [ 75.078847857542655, 19.118931106485434 ], [ 75.078928702997302, 19.118843028682875 ], [ 75.078897813083643, 19.118752618038968 ], [ 75.078804854660348, 19.118623492480253 ], [ 75.078748209062667, 19.118544808096487 ], [ 75.078491619892418, 19.118321132314463 ], [ 75.078156688080753, 19.118135917838405 ], [ 75.077375063908107, 19.117692963059824 ], [ 75.077009169337771, 19.117485127936334 ], [ 75.076571965723701, 19.11729531522667 ], [ 75.076153828636336, 19.117141594109341 ], [ 75.075467153986054, 19.11689746144873 ], [ 75.075003959964818, 19.116676004294224 ], [ 75.07476635638227, 19.116538113942852 ], [ 75.073918150901989, 19.116205830634613 ], [ 75.073511871375842, 19.116110831649621 ], [ 75.072794287026795, 19.115997759888785 ], [ 75.07239514002373, 19.115850816062334 ], [ 75.071993606220019, 19.115692583945641 ], [ 75.07162741127604, 19.115467747138897 ], [ 75.071588976050464, 19.115405118351593 ], [ 75.071581937956125, 19.115278666477309 ], [ 75.071631798168994, 19.115213173349332 ], [ 75.071788669611465, 19.115136453984231 ], [ 75.072204463964908, 19.115048505684058 ], [ 75.072660725112428, 19.114971824090446 ], [ 75.073140677100639, 19.114881597807543 ], [ 75.073471065537319, 19.11482975548887 ], [ 75.073616028157232, 19.114782399887872 ], [ 75.074133930636435, 19.114687646417792 ], [ 75.074777932455675, 19.114574945177651 ], [ 75.075243618498234, 19.114491496185678 ], [ 75.075438489894452, 19.114450851325785 ], [ 75.075861507602554, 19.114408145219784 ], [ 75.075849616766448, 19.11432682042647 ], [ 75.075780793448942, 19.114243233838238 ], [ 75.075669035597571, 19.114123498100977 ], [ 75.075637542238837, 19.114106304862108 ], [ 75.075490930262276, 19.114026264300723 ], [ 75.074942013763007, 19.113847713801025 ], [ 75.074181770072698, 19.113639719497488 ], [ 75.07252829184722, 19.11309041089379 ], [ 75.071768083230495, 19.112758206725914 ], [ 75.071530190380514, 19.112648745774585 ], [ 75.071530190380514, 19.110537770242974 ], [ 75.071646076705122, 19.110531608546921 ], [ 75.072406499360511, 19.110509234313781 ], [ 75.072617846336584, 19.110556687041534 ], [ 75.073112090350719, 19.110561370710741 ], [ 75.073192958288473, 19.110509401587649 ], [ 75.073254773189262, 19.110455235420833 ], [ 75.073242853574868, 19.110385205213106 ], [ 75.073197761567485, 19.11029487281019 ], [ 75.073135980840902, 19.110177434840807 ], [ 75.073017315296909, 19.11000124146415 ], [ 75.072584994102272, 19.109474803519394 ], [ 75.072447247642401, 19.109307713080565 ], [ 75.072148010822104, 19.108928093057102 ], [ 75.071813079909759, 19.108478569630336 ], [ 75.071625439062814, 19.108144277236647 ], [ 75.072062732609083, 19.108015612130824 ], [ 75.073063050319561, 19.107905216752386 ], [ 75.073726009847519, 19.107941601523752 ], [ 75.074087147903583, 19.107941671670858 ], [ 75.074624011688854, 19.108108898806677 ], [ 75.075023164987158, 19.108357529876173 ], [ 75.07625608155297, 19.109259020187665 ], [ 75.076493649162629, 19.109247809239037 ], [ 75.076681355660071, 19.109189101495868 ], [ 75.076843019589717, 19.109010837879907 ], [ 75.076869206049082, 19.108784894907046 ], [ 75.076919123818598, 19.108536499459944 ], [ 75.076966876919869, 19.108007937316529 ], [ 75.076966949764994, 19.107569745347522 ], [ 75.077104897672939, 19.107095535530615 ], [ 75.077354610626855, 19.106501572889329 ], [ 75.077592367993418, 19.105896374118402 ], [ 75.077627494613239, 19.105594478002782 ], [ 75.077510754517789, 19.105478321567318 ], [ 75.077073712781669, 19.105146325142869 ], [ 75.076700638024079, 19.104956448581273 ], [ 75.076489318027654, 19.104814112881062 ], [ 75.076095029162332, 19.104454874193152 ], [ 75.075684065966925, 19.104086629694276 ], [ 75.075612486227328, 19.103997405256109 ], [ 75.075490260267372, 19.103887883119341 ], [ 75.075214725079562, 19.103544427533336 ], [ 75.07476589952671, 19.102939000334629 ], [ 75.074366899113159, 19.102311068501081 ], [ 75.074165367337912, 19.101798496303616 ], [ 75.074126207258701, 19.101784706099352 ], [ 75.073401410346889, 19.102353646004019 ], [ 75.072928393930283, 19.103078486083295 ], [ 75.07268590882768, 19.103557277946095 ], [ 75.072260387407027, 19.104162441643439 ], [ 75.07196089068259, 19.104528185127723 ], [ 75.071637775063323, 19.104742766965163 ], [ 75.071530190380514, 19.104759465244186 ] ] ] } },
{ "type": "Feature", "properties": { "REGION": 2.0, "STATE.NAME": "Maharashtra", "DISTRICT.NAME": "Bid", "DISTRICT.AREA": 10603.290349, "GRID_G0": "178256", "woodland": 0.0048926188100672152, "maskWdl": 0.0, "cropland": 0.32147680392053551, "maskCrp": 0.0, "one": 0.6626825445953981, "maskOne": 1.0, "GRID.AREA": 2.5766443709467439, "REGION.AREA": 59928.662280600729 }, "geometry": { "type": "Polygon", "coordinates": [ [ [ 75.192647866131679, 19.086117479173481 ], [ 75.206529531966567, 19.086116304625868 ], [ 75.206529531966567, 19.103953176937711 ], [ 75.206299364224321, 19.103905694192459 ], [ 75.205339452154078, 19.103687047419328 ], [ 75.20387572098781, 19.103427922160904 ], [ 75.203788157597444, 19.103247247462544 ], [ 75.203654646045152, 19.102971762636802 ], [ 75.203535593792651, 19.102429807789463 ], [ 75.203402027381742, 19.101370594377499 ], [ 75.203224937381037, 19.101265426758061 ], [ 75.201467652210454, 19.100221812087 ], [ 75.200519565325749, 19.099849472974821 ], [ 75.198718405829823, 19.098926441202366 ], [ 75.198171685474961, 19.098563058438458 ], [ 75.198162757005662, 19.098483989144828 ], [ 75.197899847400095, 19.096155589508896 ], [ 75.197710758644632, 19.095956684653345 ], [ 75.193624971315444, 19.097118998143287 ], [ 75.191774408462265, 19.097712227837121 ], [ 75.19195831262607, 19.096247929198622 ], [ 75.192143013589259, 19.094680513395019 ], [ 75.191935077741675, 19.09463962571823 ], [ 75.190560684328148, 19.09436936325557 ], [ 75.188854685695219, 19.093762442282923 ], [ 75.188419828412407, 19.09361346778735 ], [ 75.187771198681958, 19.093374324565502 ], [ 75.187771303003274, 19.093373883897694 ], [ 75.187799229650807, 19.093255489948945 ], [ 75.187581725016628, 19.09317529650281 ], [ 75.188022890144339, 19.091304941370023 ], [ 75.189170936789367, 19.086823486514731 ], [ 75.192647866131679, 19.086117479173481 ] ] ] } },
{ "type": "Feature", "properties": { "REGION": 2.0, "STATE.NAME": "Maharashtra", "DISTRICT.NAME": "Bid", "DISTRICT.AREA": 10603.290349, "GRID_G0": "178257", "woodland": 0.0094791576579610522, "maskWdl": 0.0, "cropland": 0.31546457820127716, "maskCrp": 0.0, "one": 0.66681824540371681, "maskOne": 1.0, "GRID.AREA": 4.3131777861289606, "REGION.AREA": 59928.662280600729 }, "geometry": { "type": "Polygon", "coordinates": [ [ [ 75.206529531966567, 19.103953176937711 ], [ 75.206529531966567, 19.086116304625868 ], [ 75.227191277888963, 19.0861176695757 ], [ 75.227193159536739, 19.086207146942343 ], [ 75.227203387526345, 19.087370267124186 ], [ 75.227139750599065, 19.088160738827074 ], [ 75.227149572994449, 19.088752508921175 ], [ 75.227109428157632, 19.089274238015719 ], [ 75.227055116300619, 19.089637795248109 ], [ 75.226977238608754, 19.090572943586551 ], [ 75.226868313621821, 19.091164745156902 ], [ 75.226586144135297, 19.091973438923105 ], [ 75.226170923549319, 19.092877048037394 ], [ 75.225900404779907, 19.093437372436828 ], [ 75.225658523122377, 19.094029116450599 ], [ 75.225051001402676, 19.095203928718377 ], [ 75.22488734637399, 19.095547336640323 ], [ 75.224669031450674, 19.096003618472249 ], [ 75.224201294054524, 19.096347233238248 ], [ 75.223621668405315, 19.096555241031581 ], [ 75.223208415536021, 19.096720295405365 ], [ 75.222989987298149, 19.096876294505421 ], [ 75.22302331347521, 19.097147333982321 ], [ 75.22317612807592, 19.098350987508127 ], [ 75.2232978495162, 19.099421456834818 ], [ 75.223383707791939, 19.099877628949454 ], [ 75.22338011050374, 19.099878018355923 ], [ 75.222815872254785, 19.0999389537198 ], [ 75.221827656721018, 19.100007196075296 ], [ 75.221238482070362, 19.100016569708995 ], [ 75.220388007600548, 19.100091543490009 ], [ 75.219796501907069, 19.100112043536061 ], [ 75.219416414236221, 19.100173167757529 ], [ 75.219185951270674, 19.100268147856809 ], [ 75.219088755241899, 19.100557390511199 ], [ 75.219043863783327, 19.100972969926659 ], [ 75.219055965060818, 19.101399851122263 ], [ 75.219198727039668, 19.101815335209608 ], [ 75.219393870031126, 19.102395647940853 ], [ 75.219517706676868, 19.102908257010483 ], [ 75.219681937271616, 19.103353094070087 ], [ 75.219879346554649, 19.103788896540379 ], [ 75.21986793415789, 19.10457941770602 ], [ 75.219880071408227, 19.105024306026966 ], [ 75.219868513321273, 19.105575352120866 ], [ 75.219628903351293, 19.106332146911086 ], [ 75.219508208037439, 19.10698714384165 ], [ 75.219465454267379, 19.107131725149031 ], [ 75.219402274195659, 19.108827948151315 ], [ 75.21932648203159, 19.109150861423192 ], [ 75.218998916566818, 19.109783475127305 ], [ 75.218626152075331, 19.110282722969316 ], [ 75.21813716010189, 19.110926681621095 ], [ 75.21813555211412, 19.110928290508241 ], [ 75.217536390492057, 19.111527668866866 ], [ 75.217002110459077, 19.112119710556271 ], [ 75.216303723038436, 19.112422699348144 ], [ 75.215714412590103, 19.112255865216071 ], [ 75.215222392599401, 19.11185177643836 ], [ 75.214043393987481, 19.11084504026644 ], [ 75.214040181609164, 19.110843812691826 ], [ 75.213641758560357, 19.110691609630123 ], [ 75.213325670243535, 19.110486195481599 ], [ 75.213287318654864, 19.110385466016506 ], [ 75.213137157054234, 19.110287880581268 ], [ 75.212994486806167, 19.109913159164989 ], [ 75.213027466744279, 19.109517842374601 ], [ 75.213136471770838, 19.108926012025901 ], [ 75.213278677069354, 19.108438046178946 ], [ 75.213333168790768, 19.108065379713537 ], [ 75.213278456735452, 19.107773974189627 ], [ 75.213278382091744, 19.10765195597304 ], [ 75.213248167568906, 19.107627005182167 ], [ 75.213170637914686, 19.107520221481082 ], [ 75.213059653480286, 19.107428575168683 ], [ 75.212938359217958, 19.10726150991081 ], [ 75.212643619907169, 19.106918342107861 ], [ 75.21247950532495, 19.10672187441503 ], [ 75.212436137317923, 19.106668650737674 ], [ 75.212284549392507, 19.106482611583314 ], [ 75.212130145689741, 19.106430679332448 ], [ 75.21172618461577, 19.106317950213281 ], [ 75.211438758591896, 19.106100428492027 ], [ 75.211401148943935, 19.105800691648657 ], [ 75.211315385996329, 19.105394206177721 ], [ 75.211336609996636, 19.104879204911413 ], [ 75.211141636077699, 19.104835761361358 ], [ 75.21078058885314, 19.104755312507734 ], [ 75.210267232446881, 19.104651630568355 ], [ 75.209426153194443, 19.104527793023294 ], [ 75.208112327322112, 19.104288898014261 ], [ 75.207556311574592, 19.104164993919373 ], [ 75.206529531966567, 19.103953176937711 ] ] ] } },
{ "type": "Feature", "properties": { "REGION": 2.0, "STATE.NAME": "Maharashtra", "DISTRICT.NAME": "Bid", "DISTRICT.AREA": 10603.290349, "GRID_G0": "177602", "woodland": 0.010569275948132126, "maskWdl": 0.0, "cropland": 0.49096230592435219, "maskCrp": 0.0, "one": 0.48775313701012313, "maskOne": 1.0, "GRID.AREA": 23.663647392477181, "REGION.AREA": 59928.662280600729 }, "geometry": { "type": "Polygon", "coordinates": [ [ [ 74.981532160671776, 19.041115048650308 ], [ 75.026528968672707, 19.041115056347984 ], [ 75.026528968672707, 19.086116359900739 ], [ 74.981532160671776, 19.086116319080478 ], [ 74.981532160671776, 19.041115048650308 ] ] ] } },
{ "type": "Feature", "properties": { "REGION": 2.0, "STATE.NAME": "Maharashtra", "DISTRICT.NAME": "Bid", "DISTRICT.AREA": 10603.290349, "GRID_G0": "177603", "woodland": 0.036407822792346341, "maskWdl": 0.0, "cropland": 0.56540959393332713, "maskCrp": 1.0, "one": 0.38433651702542182, "maskOne": 1.0, "GRID.AREA": 23.576080458732051, "REGION.AREA": 59928.662280600729 }, "geometry": { "type": "Polygon", "coordinates": [ [ [ 75.071530190380514, 19.061268764491167 ], [ 75.071530190380514, 19.086116331550237 ], [ 75.026528968672707, 19.086116359900739 ], [ 75.026528968672707, 19.041115056347984 ], [ 75.071530190380514, 19.041115105490245 ], [ 75.071530190380514, 19.055046892445578 ], [ 75.071295892391561, 19.055145520349527 ], [ 75.071096276172284, 19.055235785303296 ], [ 75.070958429887696, 19.055301282927925 ], [ 75.070884810485666, 19.055364511563027 ], [ 75.070823075624503, 19.055509060494785 ], [ 75.070765958782033, 19.055877163800119 ], [ 75.070753920457093, 19.056078207243498 ], [ 75.070685053972113, 19.056468975263044 ], [ 75.070554246681183, 19.056807710307623 ], [ 75.070297594558383, 19.057329370154378 ], [ 75.070155032229025, 19.057543889938643 ], [ 75.069905513528681, 19.057981920029647 ], [ 75.069796117297017, 19.058137835492744 ], [ 75.06970821576158, 19.058284546394759 ], [ 75.069639180204035, 19.058582715719808 ], [ 75.069596338300414, 19.05886733675823 ], [ 75.069577265478472, 19.059217416750414 ], [ 75.069638848354202, 19.059549423966814 ], [ 75.069714897724396, 19.059666871828711 ], [ 75.069781322550057, 19.0599040572265 ], [ 75.069873881674368, 19.060019206421316 ], [ 75.070037788513162, 19.060209024526895 ], [ 75.070096058286538, 19.060252380842769 ], [ 75.070231740802228, 19.060409514887226 ], [ 75.070623452210612, 19.060700969873892 ], [ 75.070754155180168, 19.060766588007656 ], [ 75.071240988780687, 19.061069383445329 ], [ 75.071383453983287, 19.061146139682648 ], [ 75.071530190380514, 19.061268764491167 ] ] ] } },
{ "type": "Feature", "properties": { "REGION": 2.0, "STATE.NAME": "Maharashtra", "DISTRICT.NAME": "Bid", "DISTRICT.AREA": 10603.290349, "GRID_G0": "177604", "woodland": 0.024245377255749569, "maskWdl": 0.0, "cropland": 0.45400515221040205, "maskCrp": 0.0, "one": 0.51265976502865618, "maskOne": 1.0, "GRID.AREA": 6.1520739779221687, "REGION.AREA": 59928.662280600729 }, "geometry": { "type": "MultiPolygon", "coordinates": [ [ [ [ 75.097376521431684, 19.086117662162444 ], [ 75.071530190380514, 19.086116331550237 ], [ 75.071530190380514, 19.061268764491167 ], [ 75.071559176115159, 19.061292987281604 ], [ 75.071708812511758, 19.061358591925512 ], [ 75.071969976533239, 19.061577725231871 ], [ 75.072150492051605, 19.061733548964185 ], [ 75.072240633798287, 19.061817198504968 ], [ 75.07242118439018, 19.061995711233124 ], [ 75.07255570678052, 19.06205781931294 ], [ 75.072577913739792, 19.062068073382932 ], [ 75.072808290370347, 19.062323289288429 ], [ 75.072945999957994, 19.062542445977154 ], [ 75.072964949572849, 19.062754710261743 ], [ 75.072969594571191, 19.062885758570932 ], [ 75.072926777848579, 19.063140977174385 ], [ 75.072919688492902, 19.063247018934813 ], [ 75.072888711345001, 19.063414175024207 ], [ 75.072845828072559, 19.063545202649038 ], [ 75.072845817280722, 19.06372138073721 ], [ 75.072812563049411, 19.064023948646366 ], [ 75.072807704911725, 19.064326634366751 ], [ 75.07277432477531, 19.06481897091885 ], [ 75.072800211760409, 19.065336243872594 ], [ 75.072793064848099, 19.065449080011092 ], [ 75.072819243213587, 19.065562015074985 ], [ 75.072850003624808, 19.06565020889008 ], [ 75.072887997283317, 19.065767579410306 ], [ 75.073037543747716, 19.066058961551899 ], [ 75.073127829385896, 19.066230705083001 ], [ 75.073303511048266, 19.066562729386476 ], [ 75.073322400408529, 19.066700499228713 ], [ 75.073533721304273, 19.067080005038235 ], [ 75.073740318061311, 19.067412049126801 ], [ 75.073970594867092, 19.0677622397356 ], [ 75.074364643613478, 19.068245651415733 ], [ 75.07448345304897, 19.068387938552579 ], [ 75.074713708271076, 19.068701937744262 ], [ 75.074846702713216, 19.068873631812718 ], [ 75.074901314044439, 19.068975294774077 ], [ 75.074932783121483, 19.069015059197682 ], [ 75.074945030988431, 19.069023725064937 ], [ 75.075163525776148, 19.069114124017688 ], [ 75.075313172065307, 19.069161541671861 ], [ 75.075550683017639, 19.069249726493748 ], [ 75.075636235523916, 19.069274617929349 ], [ 75.075861813372057, 19.069256490294833 ], [ 75.076004426063491, 19.069195646661797 ], [ 75.076329879920081, 19.069078232074787 ], [ 75.076598348235223, 19.06894725750999 ], [ 75.077033135370982, 19.068633501135199 ], [ 75.077313455851368, 19.068385063420006 ], [ 75.077574782650174, 19.068127634282973 ], [ 75.077724490992523, 19.068026145790039 ], [ 75.078456293623105, 19.067414254264463 ], [ 75.07935441057765, 19.066650991550091 ], [ 75.079922225430437, 19.066226548416527 ], [ 75.080235719203131, 19.066018892258114 ], [ 75.080596771823593, 19.066007648034599 ], [ 75.080727480189125, 19.06605507198401 ], [ 75.08078449990478, 19.066107122046105 ], [ 75.080870005646318, 19.066220009445942 ], [ 75.080871682881934, 19.066237412226826 ], [ 75.08092103048125, 19.066255316829483 ], [ 75.080978047498945, 19.066307364193566 ], [ 75.081063550542467, 19.066420247096797 ], [ 75.081082510049839, 19.066616804721832 ], [ 75.081058595278037, 19.067167877795384 ], [ 75.081032402523419, 19.067404914805024 ], [ 75.080996631989024, 19.067736977779361 ], [ 75.080970511180226, 19.067874719742576 ], [ 75.080982368741388, 19.068093731640431 ], [ 75.081013227178744, 19.068229325123298 ], [ 75.081108184794971, 19.068468824476721 ], [ 75.081157969464755, 19.068633613550499 ], [ 75.081257691689189, 19.068830190960572 ], [ 75.081480875542013, 19.069137331023057 ], [ 75.081724962337205, 19.069463923421385 ], [ 75.081805079340995, 19.069513273718655 ], [ 75.082042626266229, 19.069542750797382 ], [ 75.082154251017926, 19.06956538133733 ], [ 75.082508216980671, 19.069594775678414 ], [ 75.082940422162849, 19.069637788453235 ], [ 75.08335617784536, 19.069613105660324 ], [ 75.083524891560558, 19.069554405111774 ], [ 75.083643603869291, 19.06951820560073 ], [ 75.084073581430687, 19.069400847671034 ], [ 75.084703085279216, 19.069240691005124 ], [ 75.084817126509222, 19.069215908387491 ], [ 75.085071268624176, 19.069161788086092 ], [ 75.085197182703894, 19.069103044370024 ], [ 75.085826783679181, 19.06889539540623 ], [ 75.085926624614103, 19.06882320053035 ], [ 75.086532353984978, 19.068534104465417 ], [ 75.086632080706011, 19.068475500144245 ], [ 75.087031266379881, 19.068267733369229 ], [ 75.087473023261452, 19.068071389782862 ], [ 75.087703521300512, 19.067974318759862 ], [ 75.087860334287029, 19.067897490576797 ], [ 75.088228514934102, 19.067755288875503 ], [ 75.088651432817414, 19.06760626761519 ], [ 75.088877054732336, 19.067581509279307 ], [ 75.089019555907839, 19.067534058350191 ], [ 75.089264207477243, 19.067540979532627 ], [ 75.089325998096399, 19.067486719836321 ], [ 75.08964432392645, 19.06748680437255 ], [ 75.08968707679719, 19.067511738975611 ], [ 75.089931722071356, 19.067563668528521 ], [ 75.090112295146355, 19.067676671940891 ], [ 75.090266579239312, 19.067850625106306 ], [ 75.090268462419658, 19.067853670210752 ], [ 75.090361613297887, 19.068004241902312 ], [ 75.090496869534945, 19.06819391521708 ], [ 75.090534944132401, 19.068354369558563 ], [ 75.090572927898336, 19.068562128239648 ], [ 75.090615672675199, 19.068711163889134 ], [ 75.090473077070897, 19.06890080932493 ], [ 75.090323371426507, 19.069049894437114 ], [ 75.090012215891079, 19.069180854612792 ], [ 75.089050074401484, 19.069275528043249 ], [ 75.088577471673034, 19.069309273304384 ], [ 75.088009677504658, 19.069338572317292 ], [ 75.087729300366973, 19.069367851545167 ], [ 75.087517956088845, 19.069390419132564 ], [ 75.087268591172574, 19.069451314926312 ], [ 75.087149787133015, 19.069503223794811 ], [ 75.086781505761962, 19.069645420100127 ], [ 75.086040266545126, 19.070067625720412 ], [ 75.085672085898125, 19.07027541048188 ], [ 75.08532286026184, 19.070469492273276 ], [ 75.084885739385413, 19.070731388342949 ], [ 75.084667072827187, 19.070869175272264 ], [ 75.084348810849008, 19.071088166485765 ], [ 75.084230013104673, 19.07115826144468 ], [ 75.084011464357673, 19.071266474168514 ], [ 75.083719217967598, 19.071426803504206 ], [ 75.083486393382429, 19.071492284941034 ], [ 75.083282139359312, 19.071521602839766 ], [ 75.083156182112191, 19.071573546781792 ], [ 75.082951839955513, 19.071715757476284 ], [ 75.082545619784582, 19.072072553605494 ], [ 75.082315119946884, 19.072250915247597 ], [ 75.082160613721385, 19.072630308641862 ], [ 75.082098904041231, 19.072826860870975 ], [ 75.082060756598707, 19.073052671643552 ], [ 75.082034633991213, 19.073206220091038 ], [ 75.082015545880779, 19.073436613808727 ], [ 75.082029754269797, 19.073549522792291 ], [ 75.08214846927649, 19.073913189741972 ], [ 75.082409653083062, 19.074430493272697 ], [ 75.082578212114868, 19.074744466384061 ], [ 75.082713480043139, 19.075065232974168 ], [ 75.082820434615442, 19.075225681919736 ], [ 75.082851311039235, 19.07542668669231 ], [ 75.082808432263391, 19.075605124776757 ], [ 75.082708710039014, 19.075681824356764 ], [ 75.082497211077509, 19.07582407372206 ], [ 75.082402149139924, 19.075889628004006 ], [ 75.082190712231636, 19.07596178780631 ], [ 75.081791619187925, 19.076205650670317 ], [ 75.081442299122855, 19.076435915784941 ], [ 75.080986080243463, 19.076804002003147 ], [ 75.080855437528498, 19.076928082365157 ], [ 75.08042539971251, 19.077248812083042 ], [ 75.080306623551905, 19.07735491499739 ], [ 75.080107007332572, 19.077449696346434 ], [ 75.079950175460283, 19.077558116813691 ], [ 75.079764933105253, 19.077616722933442 ], [ 75.079574865887423, 19.077693541223994 ], [ 75.07940853087905, 19.077763431137498 ], [ 75.078995234842296, 19.077912381351382 ], [ 75.078740935345934, 19.077959781918427 ], [ 75.078522369511802, 19.077989169964273 ], [ 75.078261143437089, 19.078025222885799 ], [ 75.077942762748364, 19.078036411351377 ], [ 75.077785930876075, 19.078113229641872 ], [ 75.077693355563952, 19.078174087664078 ], [ 75.077667147520913, 19.078282529715011 ], [ 75.077693204477853, 19.078567154350765 ], [ 75.077728722302766, 19.078833628868949 ], [ 75.077854433135656, 19.079574531739297 ], [ 75.077892439384641, 19.079789096489662 ], [ 75.078046743262632, 19.08017535530843 ], [ 75.078224773054899, 19.080441883785966 ], [ 75.078398185727735, 19.080631644334971 ], [ 75.078493148739881, 19.080773969243349 ], [ 75.078623749186704, 19.080929881109171 ], [ 75.078718017922256, 19.081010892938423 ], [ 75.078817400202922, 19.08112953599931 ], [ 75.078940935575758, 19.081235696470287 ], [ 75.079247352583309, 19.081484156668523 ], [ 75.079453939447831, 19.081633400061435 ], [ 75.079589403428258, 19.081698895887367 ], [ 75.07989577097311, 19.081859353826189 ], [ 75.080019230802918, 19.081888717590289 ], [ 75.08031383251739, 19.081988158326908 ], [ 75.080475330971808, 19.082012997601794 ], [ 75.080712860809911, 19.082085373241455 ], [ 75.080905221298963, 19.082101224691826 ], [ 75.081149947512131, 19.082148668426385 ], [ 75.081330392883388, 19.082191680301833 ], [ 75.081610698974657, 19.082243706082238 ], [ 75.081760438793253, 19.082257313724085 ], [ 75.082045468123908, 19.082291214567928 ], [ 75.082210171762085, 19.082312752431619 ], [ 75.082408932726139, 19.082338741939452 ], [ 75.082401770525337, 19.082575864384694 ], [ 75.082394581344886, 19.082713686387589 ], [ 75.082375441073793, 19.08293497986546 ], [ 75.082394450043864, 19.083314430816358 ], [ 75.082368315745214, 19.083434080218691 ], [ 75.082361021344127, 19.083729987748768 ], [ 75.082394319642219, 19.083836176998037 ], [ 75.082399028492432, 19.084055231164029 ], [ 75.082394224314058, 19.084299137195501 ], [ 75.082397240640205, 19.084343587986268 ], [ 75.082410773638344, 19.084543018045906 ], [ 75.082705358265741, 19.084543154742846 ], [ 75.082909691429165, 19.084525139523635 ], [ 75.083128254565338, 19.08449583781271 ], [ 75.083572436918473, 19.084405591744712 ], [ 75.084056990737565, 19.084328902956543 ], [ 75.084420496708617, 19.084222841411076 ], [ 75.085204540057532, 19.084015272486905 ], [ 75.085610692779312, 19.083931750649811 ], [ 75.085779401997854, 19.083886643353935 ], [ 75.086078762924615, 19.083846057849314 ], [ 75.086511156065058, 19.083755778506429 ], [ 75.086922097676734, 19.083649723256201 ], [ 75.08725941718842, 19.083543614046615 ], [ 75.087843813741074, 19.083347227292734 ], [ 75.08856363560335, 19.083178020749131 ], [ 75.088974684234358, 19.083090058959101 ], [ 75.089119609982049, 19.083042599036787 ], [ 75.089760947110051, 19.08291634321472 ], [ 75.090217075157966, 19.082805714911842 ], [ 75.090677864391978, 19.082715449058753 ], [ 75.090803809048623, 19.082645495293434 ], [ 75.09100333443638, 19.08261619448183 ], [ 75.091507019533367, 19.082525969098242 ], [ 75.091782554721192, 19.082492114119816 ], [ 75.091927451690594, 19.082408549115314 ], [ 75.092089022090761, 19.082397278811413 ], [ 75.092250587994272, 19.082338608839791 ], [ 75.092480961027604, 19.0823138190276 ], [ 75.092606880503197, 19.082255069016302 ], [ 75.09299887699666, 19.082196411635149 ], [ 75.093229300391954, 19.082149116288743 ], [ 75.093654506150585, 19.082054262993893 ], [ 75.093884949331027, 19.081993280865277 ], [ 75.094322030637287, 19.081898636213165 ], [ 75.094571561028772, 19.081846643707706 ], [ 75.094752019889881, 19.081781248605804 ], [ 75.094932653219416, 19.081758573099705 ], [ 75.095837666175385, 19.0815103143496 ], [ 75.096498215520285, 19.081368225063617 ], [ 75.096835428911959, 19.08132528783182 ], [ 75.097378690474216, 19.081249040610775 ], [ 75.097505438225426, 19.08123125292002 ], [ 75.097510085921783, 19.081230600012248 ], [ 75.097578929024394, 19.081474554607041 ], [ 75.097654919938634, 19.081905857769186 ], [ 75.097759333926149, 19.08241857205951 ], [ 75.097794888623241, 19.082685123020045 ], [ 75.097863792879821, 19.083017171605263 ], [ 75.097989644906249, 19.083308484499014 ], [ 75.09806324092591, 19.083617998771672 ], [ 75.098089378821854, 19.083735338714973 ], [ 75.098094041806633, 19.08397478141109 ], [ 75.098089279896385, 19.084455864746417 ], [ 75.098093985149376, 19.084717905606908 ], [ 75.098108236705798, 19.08483531210004 ], [ 75.098070186390032, 19.084900832207669 ], [ 75.098027445210505, 19.084988885728531 ], [ 75.097970381428013, 19.08511982432049 ], [ 75.097901488862703, 19.0853389198553 ], [ 75.097801586773869, 19.085542107282489 ], [ 75.09761866466971, 19.085851490254132 ], [ 75.097376521431684, 19.086117662162444 ] ] ], [ [ [ 75.071530190380514, 19.055046892445578 ], [ 75.071530190380514, 19.041115105490245 ], [ 75.116531451750276, 19.04111510968421 ], [ 75.116531451750276, 19.042174636973705 ], [ 75.116389693929307, 19.042268186427691 ], [ 75.115921827030775, 19.042577552312256 ], [ 75.115470594892088, 19.042936607538476 ], [ 75.114929032149178, 19.043523790190818 ], [ 75.114456361971577, 19.043961958777402 ], [ 75.114342312647693, 19.044104245914237 ], [ 75.113430289476369, 19.044842793460191 ], [ 75.113185686470331, 19.045068583548357 ], [ 75.112736654972707, 19.045411906934021 ], [ 75.11223795032123, 19.045798137873817 ], [ 75.1116774082858, 19.045425342805405 ], [ 75.111290307701609, 19.045170061249394 ], [ 75.110409214014055, 19.044880919319041 ], [ 75.110124297998027, 19.044732515892917 ], [ 75.109910429322895, 19.044621117770419 ], [ 75.10995316780452, 19.044442676988009 ], [ 75.110041191647724, 19.043968392527351 ], [ 75.110034050131389, 19.04381475864426 ], [ 75.110183645159168, 19.043085313136711 ], [ 75.110183739587967, 19.042868446121929 ], [ 75.110233538646924, 19.042583869150292 ], [ 75.110283232485244, 19.042312998745953 ], [ 75.1103333885751, 19.042039615635812 ], [ 75.109977150924806, 19.042145700563708 ], [ 75.108780093026951, 19.042468524802644 ], [ 75.108143536694911, 19.042712403854413 ], [ 75.107706586689687, 19.042825275965754 ], [ 75.106991575301038, 19.04301943509893 ], [ 75.106559317958215, 19.043157168968207 ], [ 75.106459615518872, 19.043215874912729 ], [ 75.10602498756316, 19.043423707338267 ], [ 75.105630695100558, 19.043624695923029 ], [ 75.105355160812053, 19.043723976580278 ], [ 75.105243578328555, 19.043782658243117 ], [ 75.104932459665349, 19.04383005611226 ], [ 75.104694851586203, 19.043909094828905 ], [ 75.104184223722996, 19.043902313041372 ], [ 75.103697442283206, 19.043877304693922 ], [ 75.103205654317549, 19.043777908923403 ], [ 75.102699861209658, 19.043631018156987 ], [ 75.102212994334252, 19.043436710635721 ], [ 75.100759594579699, 19.042860541980474 ], [ 75.100275026371435, 19.042880788417676 ], [ 75.099971024043555, 19.043047914829458 ], [ 75.099745355363893, 19.043230863913266 ], [ 75.099526868670125, 19.043449872213898 ], [ 75.099241753004549, 19.043813460922536 ], [ 75.099122967850747, 19.043989657896415 ], [ 75.098978066384689, 19.044174819312502 ], [ 75.098861689615319, 19.044287806537113 ], [ 75.098674084741276, 19.044393936431049 ], [ 75.098529164389504, 19.044481912610252 ], [ 75.098248823224651, 19.044712282046248 ], [ 75.098049339205716, 19.044818385859855 ], [ 75.09753863849744, 19.04501926472733 ], [ 75.097094493016471, 19.045127735556605 ], [ 75.096740639468976, 19.045215679360183 ], [ 75.096491236781219, 19.045310574023805 ], [ 75.096353448952584, 19.045427903175266 ], [ 75.096115874148325, 19.045577015267099 ], [ 75.095963898615082, 19.045680831205456 ], [ 75.095671654922967, 19.045798187336516 ], [ 75.095434171849604, 19.045852415556567 ], [ 75.095130112864467, 19.045965336231344 ], [ 75.094961589805564, 19.046064653760823 ], [ 75.094816581320231, 19.046249807082972 ], [ 75.094766757080208, 19.046457680877324 ], [ 75.094431750624835, 19.046705983694267 ], [ 75.094049374179349, 19.047168944790997 ], [ 75.093973357184723, 19.047342881768657 ], [ 75.093842585866696, 19.047550644946337 ], [ 75.09380455983262, 19.047776546550438 ], [ 75.093735650180179, 19.047864556903846 ], [ 75.093628804425862, 19.047972989961579 ], [ 75.0934364187558, 19.048056449745385 ], [ 75.092944791768787, 19.048173898506661 ], [ 75.092239196281923, 19.048352135142977 ], [ 75.091529070010608, 19.04851689903569 ], [ 75.091096778493579, 19.048622990258821 ], [ 75.090612340687031, 19.048731299210147 ], [ 75.089564759106395, 19.048968269669956 ], [ 75.088940046845721, 19.049121708400151 ], [ 75.087600507557454, 19.049367625315714 ], [ 75.086158693768766, 19.049665434911958 ], [ 75.084835743374924, 19.049877525627384 ], [ 75.084405735236544, 19.049978988039925 ], [ 75.084032912289103, 19.050048912127636 ], [ 75.083595795909332, 19.050125611707642 ], [ 75.083439002707848, 19.0501865416756 ], [ 75.083101666109087, 19.050263337483102 ], [ 75.082591147963171, 19.050342280871632 ], [ 75.082315516547908, 19.050367020321801 ], [ 75.08176679969813, 19.050454978514495 ], [ 75.080887994785201, 19.050603801923955 ], [ 75.080358402018703, 19.050723347904238 ], [ 75.079921291934113, 19.050833930341639 ], [ 75.079840508532698, 19.050829408550442 ], [ 75.079068544877487, 19.051012175971209 ], [ 75.078605463271572, 19.051077617837848 ], [ 75.078244353993796, 19.051136160105727 ], [ 75.077845287030414, 19.051212913645088 ], [ 75.077372599765738, 19.051318907741461 ], [ 75.076985445222192, 19.051384297447441 ], [ 75.076498514494915, 19.051467769821787 ], [ 75.076018679418553, 19.051573705462207 ], [ 75.075769312703699, 19.051614371905771 ], [ 75.075619677206419, 19.051661755385741 ], [ 75.075106568113711, 19.051760977587094 ], [ 75.074971252521323, 19.051844476941085 ], [ 75.074913170706338, 19.051987913411555 ], [ 75.074876160906172, 19.052079315108362 ], [ 75.074867650621627, 19.052131517155829 ], [ 75.074845225127092, 19.052269073858724 ], [ 75.074728221530279, 19.052411307036266 ], [ 75.074683634941834, 19.052465509175931 ], [ 75.07459664801695, 19.052556955838895 ], [ 75.074391426323302, 19.05277269690248 ], [ 75.07434554381183, 19.052824547315083 ], [ 75.074291557509412, 19.052885579805718 ], [ 75.073709508187335, 19.053449995221172 ], [ 75.073536040655824, 19.053650999993692 ], [ 75.073507695823537, 19.053699720765565 ], [ 75.07347426532516, 19.053757187444322 ], [ 75.073224796986835, 19.054059736467707 ], [ 75.073202581034366, 19.054082807675456 ], [ 75.072892181828763, 19.05440516156898 ], [ 75.072504906776089, 19.054667099906798 ], [ 75.072350533650251, 19.054718948520701 ], [ 75.07223896195859, 19.054784495608033 ], [ 75.072120104858982, 19.054809198185978 ], [ 75.071713888285387, 19.054969564393961 ], [ 75.071530190380514, 19.055046892445578 ] ] ] ] } },
{ "type": "Feature", "properties": { "REGION": 2.0, "STATE.NAME": "Maharashtra", "DISTRICT.NAME": "Bid", "DISTRICT.AREA": 10603.290349, "GRID_G0": "177605", "woodland": 0.0059525246431053431, "maskWdl": 0.0, "cropland": 0.48498451550613542, "maskCrp": 0.0, "one": 0.48822705149330697, "maskOne": 1.0, "GRID.AREA": 0.071697405238572876, "REGION.AREA": 59928.662280600729 }, "geometry": { "type": "MultiPolygon", "coordinates": [ [ [ [ 75.146353703189959, 19.041116300468094 ], [ 75.151995850256654, 19.041115987246485 ], [ 75.150965301807275, 19.041392928440928 ], [ 75.147128918964484, 19.042263249149698 ], [ 75.147070383891162, 19.042276527639672 ], [ 75.146353703189959, 19.041116300468094 ] ] ], [ [ [ 75.116531451750276, 19.042174636973705 ], [ 75.116531451750276, 19.04111510968421 ], [ 75.121331460993389, 19.041115624584975 ], [ 75.121177737562618, 19.041177377134318 ], [ 75.120237287720727, 19.041581682648602 ], [ 75.119719564206605, 19.041764584967666 ], [ 75.119389380815335, 19.04178943233649 ], [ 75.118814714027906, 19.041735212210313 ], [ 75.118173476724621, 19.041723896940368 ], [ 75.11741096134682, 19.041841309728742 ], [ 75.117080823821027, 19.041888748067322 ], [ 75.116907513670867, 19.041961017586914 ], [ 75.116738869203516, 19.042037756737162 ], [ 75.116531451750276, 19.042174636973705 ] ] ] ] } },
{ "type": "Feature", "properties": { "REGION": 2.0, "STATE.NAME": "Maharashtra", "DISTRICT.NAME": "Bid", "DISTRICT.AREA": 10603.290349, "GRID_G0": "177606", "woodland": 0.0089320439567235031, "maskWdl": 0.0, "cropland": 0.42126103142611437, "maskCrp": 0.0, "one": 0.56430673601274206, "maskOne": 1.0, "GRID.AREA": 6.7819799803777405, "REGION.AREA": 59928.662280600729 }, "geometry": { "type": "Polygon", "coordinates": [ [ [ 75.200538891899058, 19.04111572068522 ], [ 75.206529531966567, 19.04111509527015 ], [ 75.206529531966567, 19.086116304625868 ], [ 75.192647866131679, 19.086117479173481 ], [ 75.193482491723671, 19.085947993804893 ], [ 75.193593076859088, 19.083567292296777 ], [ 75.193591840291276, 19.080495685727385 ], [ 75.193571641518076, 19.077685914073697 ], [ 75.193791786561746, 19.075587583500237 ], [ 75.193605570240948, 19.073629382589957 ], [ 75.196683611459548, 19.072180546894799 ], [ 75.195981783232753, 19.069653386294817 ], [ 75.196852646232685, 19.067570584315092 ], [ 75.196296509976037, 19.066917996668284 ], [ 75.195551701349984, 19.06381268980385 ], [ 75.195215666969489, 19.063383359754315 ], [ 75.1950692537431, 19.063196294473475 ], [ 75.193976362519152, 19.062860087423132 ], [ 75.192145301464564, 19.06265694406278 ], [ 75.191623351136798, 19.061310834327568 ], [ 75.18963817326312, 19.056354033811662 ], [ 75.189530559487764, 19.056357631999163 ], [ 75.188616899550311, 19.05638817657314 ], [ 75.18811556438186, 19.056106064643249 ], [ 75.188029694414922, 19.055963818875171 ], [ 75.18713405419328, 19.054480166826295 ], [ 75.186482822724145, 19.053208895973796 ], [ 75.185667857985322, 19.05227407948524 ], [ 75.185669778037891, 19.052271161185217 ], [ 75.186073693246385, 19.051657359499586 ], [ 75.186964192943208, 19.051304761405671 ], [ 75.188838075217063, 19.050863793229496 ], [ 75.192949015684576, 19.050392582651625 ], [ 75.194561503710474, 19.049897314309643 ], [ 75.195748349806536, 19.04848541646885 ], [ 75.196676075140829, 19.046226512843361 ], [ 75.197435266624325, 19.044338086733376 ], [ 75.198984980172781, 19.041929896547511 ], [ 75.200538891899058, 19.04111572068522 ] ] ] } },
{ "type": "Feature", "properties": { "REGION": 2.0, "STATE.NAME": "Maharashtra", "DISTRICT.NAME": "Bid", "DISTRICT.AREA": 10603.290349, "GRID_G0": "177607", "woodland": 0.0095903782070358469, "maskWdl": 0.0, "cropland": 0.46049529944285184, "maskCrp": 0.0, "one": 0.51891947611306444, "maskOne": 1.0, "GRID.AREA": 17.39816605553829, "REGION.AREA": 59928.662280600729 }, "geometry": { "type": "Polygon", "coordinates": [ [ [ 75.227191277888963, 19.0861176695757 ], [ 75.206529531966567, 19.086116304625868 ], [ 75.206529531966567, 19.04111509527015 ], [ 75.251530793480697, 19.041115106518298 ], [ 75.251530793480697, 19.06855884215668 ], [ 75.250237777951156, 19.068106363517927 ], [ 75.249117806341758, 19.06786844966928 ], [ 75.247330938871812, 19.0671040295274 ], [ 75.245050046822257, 19.06619072212419 ], [ 75.242578961649826, 19.065063041526177 ], [ 75.238955706440777, 19.063581295140693 ], [ 75.236344520383355, 19.062381218218718 ], [ 75.234182399098472, 19.06138651227775 ], [ 75.230162623806109, 19.063635933451621 ], [ 75.229421855834062, 19.06414683021211 ], [ 75.227208854505079, 19.065469180758161 ], [ 75.22464459417273, 19.067110290607502 ], [ 75.225035122972599, 19.068842364183809 ], [ 75.225187508596719, 19.06930984707185 ], [ 75.225330588935606, 19.070111559400971 ], [ 75.225616210919441, 19.071190945505808 ], [ 75.226204626542312, 19.073927938623513 ], [ 75.226378360273145, 19.074487966246689 ], [ 75.226509296167137, 19.075047991171914 ], [ 75.226695056531696, 19.075763914473097 ], [ 75.226981006768085, 19.077265658183649 ], [ 75.227169080188958, 19.07807406236816 ], [ 75.22750733769351, 19.079444859392822 ], [ 75.227553607812808, 19.081421026958878 ], [ 75.227554758945018, 19.083288827117713 ], [ 75.227517500931981, 19.084336879043807 ], [ 75.227232432031144, 19.084357360204081 ], [ 75.227168746540485, 19.08504623639476 ], [ 75.227191277888963, 19.0861176695757 ] ] ] } },
{ "type": "Feature", "properties": { "REGION": 2.0, "STATE.NAME": "Maharashtra", "DISTRICT.NAME": "Bid", "DISTRICT.AREA": 10603.290349, "GRID_G0": "176952", "woodland": 0.031009944849659892, "maskWdl": 0.0, "cropland": 0.4489190145610773, "maskCrp": 0.0, "one": 0.49921823911221663, "maskOne": 1.0, "GRID.AREA": 23.670021683944135, "REGION.AREA": 59928.662280600729 }, "geometry": { "type": "Polygon", "coordinates": [ [ [ 74.981532160671776, 18.996113814149485 ], [ 75.026528968672707, 18.996113873299684 ], [ 75.026528968672707, 19.041115056347984 ], [ 74.981532160671776, 19.041115048650308 ], [ 74.981532160671776, 18.996113814149485 ] ] ] } },
{ "type": "Feature", "properties": { "REGION": 2.0, "STATE.NAME": "Maharashtra", "DISTRICT.NAME": "Bid", "DISTRICT.AREA": 10603.290349, "GRID_G0": "176953", "woodland": 0.056840737199119737, "maskWdl": 0.0, "cropland": 0.4316397645214427, "maskCrp": 0.0, "one": 0.50219870115996856, "maskOne": 1.0, "GRID.AREA": 23.672357051143155, "REGION.AREA": 59928.662280600729 }, "geometry": { "type": "Polygon", "coordinates": [ [ [ 75.026528968672707, 18.996113873299684 ], [ 75.071530190380514, 18.996113819310217 ], [ 75.071530190380514, 19.041115105490245 ], [ 75.026528968672707, 19.041115056347984 ], [ 75.026528968672707, 18.996113873299684 ] ] ] } },
{ "type": "Feature", "properties": { "REGION": 2.0, "STATE.NAME": "Maharashtra", "DISTRICT.NAME": "Bid", "DISTRICT.AREA": 10603.290349, "GRID_G0": "176955", "woodland": 0.021662597634068869, "maskWdl": 0.0, "cropland": 0.54375260706852879, "maskCrp": 0.0, "one": 0.40903357115270794, "maskOne": 1.0, "GRID.AREA": 22.390957133176144, "REGION.AREA": 59928.662280600729 }, "geometry": { "type": "Polygon", "coordinates": [ [ [ 75.121331460993389, 19.041115624584975 ], [ 75.116531451750276, 19.04111510968421 ], [ 75.116531451750276, 18.996113831646667 ], [ 75.161528294439222, 18.996113822433056 ], [ 75.161528294439222, 19.036838137702137 ], [ 75.15979949604997, 19.036928489658123 ], [ 75.157168020387871, 19.037123225256664 ], [ 75.156312931496643, 19.036434546017521 ], [ 75.155849850790048, 19.036823090013623 ], [ 75.154774459473799, 19.039169945536628 ], [ 75.153292709490984, 19.04075791534558 ], [ 75.152411596018396, 19.041004261237731 ], [ 75.151995850256654, 19.041115987246485 ], [ 75.146353703189959, 19.041116300468094 ], [ 75.145394194186792, 19.039562931284308 ], [ 75.145272123809548, 19.039365303466013 ], [ 75.142461993326378, 19.039218865957935 ], [ 75.142525331678769, 19.038807911755779 ], [ 75.143377726201152, 19.037669469870195 ], [ 75.143952315646914, 19.036840538659991 ], [ 75.145286890677539, 19.035817377270178 ], [ 75.145033075016443, 19.035664146283352 ], [ 75.143764481445714, 19.034898266541802 ], [ 75.143671862966201, 19.034898166717085 ], [ 75.140188225706083, 19.036203941858503 ], [ 75.136459610422719, 19.036434470474493 ], [ 75.136089149095028, 19.036364524803044 ], [ 75.134882624033935, 19.035551498103189 ], [ 75.133061264865546, 19.036931477205943 ], [ 75.132374981420298, 19.037584290582572 ], [ 75.13202352276744, 19.038429058854035 ], [ 75.131318323881601, 19.040351088132237 ], [ 75.131131719053656, 19.040136341718835 ], [ 75.129724715323391, 19.038517126764024 ], [ 75.129701289782759, 19.038509423171377 ], [ 75.129533083285196, 19.038315845899604 ], [ 75.129217157745714, 19.038211942727003 ], [ 75.127604519533008, 19.038528222599439 ], [ 75.126084560953757, 19.039004697808593 ], [ 75.123956601316138, 19.040018785938287 ], [ 75.123809289667065, 19.040077498178054 ], [ 75.122961396251469, 19.04039144970568 ], [ 75.122519675342801, 19.04061737469215 ], [ 75.121683640387744, 19.040974149237627 ], [ 75.121331460993389, 19.041115624584975 ] ] ] } },
{ "type": "Feature", "properties": { "REGION": 2.0, "STATE.NAME": "Maharashtra", "DISTRICT.NAME": "Bid", "DISTRICT.AREA": 10603.290349, "GRID_G0": "176956", "woodland": 0.015247753694547403, "maskWdl": 0.0, "cropland": 0.54522490535314727, "maskCrp": 1.0, "one": 0.43154703464897148, "maskOne": 1.0, "GRID.AREA": 12.273141265002895, "REGION.AREA": 59928.662280600729 }, "geometry": { "type": "MultiPolygon", "coordinates": [ [ [ [ 75.206529531966567, 19.037346697116778 ], [ 75.206529531966567, 19.04111509527015 ], [ 75.200538891899058, 19.04111572068522 ], [ 75.202116801749071, 19.040288949475496 ], [ 75.203859711256712, 19.03972360506037 ], [ 75.204842650467995, 19.039070433753579 ], [ 75.205860935733654, 19.038058170348339 ], [ 75.206529531966567, 19.037346697116778 ] ] ], [ [ [ 75.161528294439222, 19.036838137702137 ], [ 75.161528294439222, 18.996113822433056 ], [ 75.206529531966567, 18.996113814385996 ], [ 75.206529531966567, 19.020254887235645 ], [ 75.205974591154529, 19.020006757905609 ], [ 75.205307291498343, 19.019830926955766 ], [ 75.203704052999683, 19.019357301698161 ], [ 75.199604790228932, 19.018213695006072 ], [ 75.196581239832426, 19.016891242836664 ], [ 75.194849829056423, 19.016193931005144 ], [ 75.193291637599032, 19.01522327563373 ], [ 75.192624337043583, 19.015153474753102 ], [ 75.191251658637213, 19.015065807940744 ], [ 75.189862493859039, 19.014926341977173 ], [ 75.188620554395129, 19.014750498436797 ], [ 75.187953128833911, 19.014450403663261 ], [ 75.186209680632317, 19.013321545852708 ], [ 75.185093424122272, 19.012739190761067 ], [ 75.183350329354255, 19.012281184029462 ], [ 75.181438589219567, 19.012157422027432 ], [ 75.180697903985163, 19.012528170238909 ], [ 75.17982902668831, 19.013348207154081 ], [ 75.179197559619752, 19.013791118765145 ], [ 75.178233881188703, 19.014990799985473 ], [ 75.176899669484214, 19.016208531498592 ], [ 75.174779462002618, 19.017632006312109 ], [ 75.17338827105192, 19.018585528699251 ], [ 75.172315014726223, 19.018868150544733 ], [ 75.170868718716463, 19.018938449649795 ], [ 75.170868894983585, 19.019396976189569 ], [ 75.17060774355258, 19.019855519816417 ], [ 75.170199365908047, 19.019961785508031 ], [ 75.169570077896822, 19.019873833610575 ], [ 75.169014322053386, 19.01966161429209 ], [ 75.16782848050002, 19.025471104308053 ], [ 75.167273568220651, 19.02813645203571 ], [ 75.167089071403552, 19.031488376387532 ], [ 75.167293804765336, 19.033220702673361 ], [ 75.167776759589856, 19.036290127487462 ], [ 75.166017107403661, 19.037137435444318 ], [ 75.162530693037127, 19.036785742068389 ], [ 75.161528294439222, 19.036838137702137 ] ] ] ] } },
{ "type": "Feature", "properties": { "REGION": 2.0, "STATE.NAME": "Maharashtra", "DISTRICT.NAME": "Bid", "DISTRICT.AREA": 10603.290349, "GRID_G0": "176957", "woodland": 0.013962270977094801, "maskWdl": 0.0, "cropland": 0.57488118038507741, "maskCrp": 1.0, "one": 0.39393796437507361, "maskOne": 1.0, "GRID.AREA": 23.174887873913523, "REGION.AREA": 59928.662280600729 }, "geometry": { "type": "Polygon", "coordinates": [ [ [ 75.206529531966567, 19.020254887235645 ], [ 75.206529531966567, 18.996113814385996 ], [ 75.251530793480697, 18.996113813915709 ], [ 75.251530793480697, 19.041115106518298 ], [ 75.206529531966567, 19.04111509527015 ], [ 75.206529531966567, 19.037346697116778 ], [ 75.207752664154157, 19.036045103598724 ], [ 75.208802163988707, 19.034747023956015 ], [ 75.20863452226547, 19.03451979405332 ], [ 75.208947682389706, 19.033819452405854 ], [ 75.209115124463494, 19.031700792657489 ], [ 75.209833346431822, 19.024221977462332 ], [ 75.209884903665454, 19.02237297673156 ], [ 75.209887002683104, 19.022297693583766 ], [ 75.209091198000465, 19.021769423720002 ], [ 75.20751376824586, 19.020694960504105 ], [ 75.206529531966567, 19.020254887235645 ] ] ] } },
{ "type": "Feature", "properties": { "REGION": 2.0, "STATE.NAME": "Maharashtra", "DISTRICT.NAME": "Bid", "DISTRICT.AREA": 10603.290349, "GRID_G0": "176958", "woodland": 0.016649463262557524, "maskWdl": 0.0, "cropland": 0.38177492114232092, "maskCrp": 0.0, "one": 0.59276398765052452, "maskOne": 1.0, "GRID.AREA": 8.4657360394869343, "REGION.AREA": 59928.662280600729 }, "geometry": { "type": "MultiPolygon", "coordinates": [ [ [ [ 75.296531984418436, 19.034521624584237 ], [ 75.296531984418436, 19.041115105095994 ], [ 75.286360692601136, 19.041116058837584 ], [ 75.284928768847635, 19.036048471559752 ], [ 75.284496498914336, 19.034084091407749 ], [ 75.284495331594314, 19.034078782709685 ], [ 75.286925384299082, 19.032718032011644 ], [ 75.289045740168831, 19.033351482984585 ], [ 75.290553513833629, 19.033790357539033 ], [ 75.291966427009072, 19.03432621947951 ], [ 75.293091891677534, 19.034665561566442 ], [ 75.294112983727246, 19.034982198469717 ], [ 75.295238401630968, 19.035301133140816 ], [ 75.295979561707441, 19.034863247840686 ], [ 75.296531984418436, 19.034521624584237 ] ] ], [ [ [ 75.268031012979776, 19.041116371622728 ], [ 75.251530793480697, 19.041115106518298 ], [ 75.251530793480697, 18.996113813915709 ], [ 75.271687462683104, 18.996115163296064 ], [ 75.271502557097392, 18.996238056641058 ], [ 75.269288746378606, 18.997808051700307 ], [ 75.268875359510275, 18.998178112829692 ], [ 75.268832380010394, 18.998591333323418 ], [ 75.269026763074692, 18.999192344850883 ], [ 75.26899803423197, 18.999394540325849 ], [ 75.268962260100295, 18.999646301036027 ], [ 75.268906518321216, 19.000012067003354 ], [ 75.268874157116727, 19.000224414924844 ], [ 75.268778936898457, 19.000572040667183 ], [ 75.268554197218464, 19.003020290254252 ], [ 75.26850367060797, 19.004199276275639 ], [ 75.268334110630747, 19.005719255539248 ], [ 75.268211807329124, 19.007700077096956 ], [ 75.26804420067937, 19.009899890767375 ], [ 75.267969730518701, 19.011327307309447 ], [ 75.266539362401716, 19.012826183081927 ], [ 75.265545998249252, 19.013932413949817 ], [ 75.264963934538002, 19.014392876729911 ], [ 75.264407979045075, 19.014857754281991 ], [ 75.264867635133328, 19.016540707787499 ], [ 75.265277895958206, 19.017394798431269 ], [ 75.264913943923432, 19.018178293193724 ], [ 75.26331447178552, 19.020160475425655 ], [ 75.261980920183362, 19.02193494484186 ], [ 75.261284436627477, 19.022887634456826 ], [ 75.260920940548999, 19.023280502393334 ], [ 75.25917475481117, 19.024108275276717 ], [ 75.256461810464259, 19.025351076291201 ], [ 75.256749567438646, 19.025506429678046 ], [ 75.258472517392818, 19.026436593074379 ], [ 75.259828010654246, 19.02722114274161 ], [ 75.260820313606644, 19.027797678320272 ], [ 75.263937467240396, 19.029536509402419 ], [ 75.26650379601341, 19.03094509863746 ], [ 75.266510302608424, 19.031047792221898 ], [ 75.266690143635287, 19.031146499111685 ], [ 75.266786616609124, 19.032668825605867 ], [ 75.266833360671114, 19.033775607758116 ], [ 75.266887351470132, 19.034778470550009 ], [ 75.266887424315257, 19.034779212490719 ], [ 75.266974615386232, 19.03567061870416 ], [ 75.267047682604527, 19.036406999783257 ], [ 75.267265249291881, 19.037951945126224 ], [ 75.267651241012004, 19.039612218629028 ], [ 75.268031012979776, 19.041116371622728 ] ] ] ] } },
{ "type": "Feature", "properties": { "REGION": 2.0, "STATE.NAME": "Maharashtra", "DISTRICT.NAME": "Bid", "DISTRICT.AREA": 10603.290349, "GRID_G0": "176959", "woodland": 0.086038829526672869, "maskWdl": 0.0, "cropland": 0.37511225760834321, "maskCrp": 0.0, "one": 0.49753416801416972, "maskOne": 1.0, "GRID.AREA": 4.8043058059759769, "REGION.AREA": 59928.662280600729 }, "geometry": { "type": "MultiPolygon", "coordinates": [ [ [ [ 75.341528828946707, 18.999173613439559 ], [ 75.341528828946707, 19.000629170233623 ], [ 75.341510754817534, 19.000561862140273 ], [ 75.341316195486129, 19.000064827529798 ], [ 75.341528828946707, 18.999173613439559 ] ] ], [ [ [ 75.341528828946707, 19.026307018645262 ], [ 75.341528828946707, 19.041115110350688 ], [ 75.296531984418436, 19.041115105095994 ], [ 75.296531984418436, 19.034521624584237 ], [ 75.297435695401077, 19.03396275487728 ], [ 75.298279041844353, 19.033452698982899 ], [ 75.29909852747511, 19.03296741581363 ], [ 75.299718325840104, 19.032990218124102 ], [ 75.300767959673635, 19.033137524377313 ], [ 75.302275826867969, 19.033307536713494 ], [ 75.30388355388294, 19.033502378432051 ], [ 75.305648118166175, 19.033358486904717 ], [ 75.308049107480372, 19.033140421093606 ], [ 75.310587843254439, 19.032926681021532 ], [ 75.311483264041442, 19.032513721331213 ], [ 75.312708982433662, 19.031953976095167 ], [ 75.313732525136004, 19.031563614569222 ], [ 75.315214557505897, 19.03149185856245 ], [ 75.316492129008623, 19.031467348439435 ], [ 75.317437276908834, 19.031614535082781 ], [ 75.318382257535234, 19.032197519699821 ], [ 75.319251260737133, 19.032782779601632 ], [ 75.319765958931896, 19.033307982777217 ], [ 75.31975776071215, 19.033286437718971 ], [ 75.320603209770354, 19.033336402253216 ], [ 75.321548422421813, 19.033287011486436 ], [ 75.323082694610719, 19.033142882538076 ], [ 75.324795023571539, 19.03324041491328 ], [ 75.32625081462345, 19.033482575360608 ], [ 75.327580592670245, 19.033702006342594 ], [ 75.327784892558782, 19.033363282989168 ], [ 75.328526184835596, 19.032340236712624 ], [ 75.329293433345356, 19.031707999824391 ], [ 75.330162743216079, 19.031416891976054 ], [ 75.331668490708353, 19.03112591992533 ], [ 75.333463911630247, 19.031011136754614 ], [ 75.334204845976899, 19.031230405858594 ], [ 75.334895842768972, 19.031716113507855 ], [ 75.33479386864218, 19.030986557383759 ], [ 75.334639743729269, 19.029818890229645 ], [ 75.334461873116993, 19.028675920257573 ], [ 75.335433309999303, 19.028504558938266 ], [ 75.33750167516223, 19.02857945537761 ], [ 75.340059362349734, 19.028555192568152 ], [ 75.340518012096652, 19.026667078522905 ], [ 75.341528828946707, 19.026307018645262 ] ] ] ] } },
{ "type": "Feature", "properties": { "REGION": 2.0, "STATE.NAME": "Maharashtra", "DISTRICT.NAME": "Bid", "DISTRICT.AREA": 10603.290349, "GRID_G0": "176962", "woodland": 0.0080770912669675607, "maskWdl": 0.0, "cropland": 0.45840775136193707, "maskCrp": 0.0, "one": 0.5223678430442843, "maskOne": 1.0, "GRID.AREA": 23.672420286381438, "REGION.AREA": 59928.662280600729 }, "geometry": { "type": "Polygon", "coordinates": [ [ [ 75.431531253208817, 18.99611379445783 ], [ 75.47653254909001, 18.996113802111445 ], [ 75.47653254909001, 19.041115075848442 ], [ 75.431531253208817, 19.041115082009469 ], [ 75.431531253208817, 18.99611379445783 ] ] ] } },
{ "type": "Feature", "properties": { "REGION": 2.0, "STATE.NAME": "Maharashtra", "DISTRICT.NAME": "Bid", "DISTRICT.AREA": 10603.290349, "GRID_G0": "176303", "woodland": 0.01153209451054279, "maskWdl": 0.0, "cropland": 0.54930620733311253, "maskCrp": 1.0, "one": 0.43153967448743946, "maskOne": 1.0, "GRID.AREA": 23.676418314176125, "REGION.AREA": 59928.662280600729 }, "geometry": { "type": "Polygon", "coordinates": [ [ [ 75.026528968672707, 18.951117050324005 ], [ 75.071530190380514, 18.951117066856774 ], [ 75.071530190380514, 18.996113819310217 ], [ 75.026528968672707, 18.996113873299684 ], [ 75.026528968672707, 18.951117050324005 ] ] ] } },
{ "type": "Feature", "properties": { "REGION": 2.0, "STATE.NAME": "Maharashtra", "DISTRICT.NAME": "Bid", "DISTRICT.AREA": 10603.290349, "GRID_G0": "176307", "woodland": 0.019308419679677048, "maskWdl": 0.0, "cropland": 0.51882931299932034, "maskCrp": 0.0, "one": 0.45227327879983537, "maskOne": 1.0, "GRID.AREA": 23.676426726549074, "REGION.AREA": 59928.662280600729 }, "geometry": { "type": "Polygon", "coordinates": [ [ [ 75.206529531966567, 18.951117057895079 ], [ 75.251530793480697, 18.951117042617945 ], [ 75.251530793480697, 18.996113813915709 ], [ 75.206529531966567, 18.996113814385996 ], [ 75.206529531966567, 18.951117057895079 ] ] ] } },
{ "type": "Feature", "properties": { "REGION": 2.0, "STATE.NAME": "Maharashtra", "DISTRICT.NAME": "Bid", "DISTRICT.AREA": 10603.290349, "GRID_G0": "176308", "woodland": 0.024210458286688587, "maskWdl": 0.0, "cropland": 0.57094794743696775, "maskCrp": 1.0, "one": 0.38789309777539499, "maskOne": 1.0, "GRID.AREA": 21.051938531083092, "REGION.AREA": 59928.662280600729 }, "geometry": { "type": "Polygon", "coordinates": [ [ [ 75.271687462683104, 18.996115163296064 ], [ 75.251530793480697, 18.996113813915709 ], [ 75.251530793480697, 18.951117042617945 ], [ 75.296531984418436, 18.95111706036181 ], [ 75.296531984418436, 18.9809210069423 ], [ 75.295376890031491, 18.980999000503516 ], [ 75.292264189840523, 18.981369243296001 ], [ 75.287425252673316, 18.98195705277584 ], [ 75.28705686698089, 18.982826381532334 ], [ 75.286859118653467, 18.984251474226198 ], [ 75.286578424954428, 18.985202031548567 ], [ 75.286186370005055, 18.985840904534143 ], [ 75.285599745831689, 18.98629659461221 ], [ 75.28455700979822, 18.986977833760079 ], [ 75.283623674493015, 18.987534979955399 ], [ 75.282657075064037, 18.988060476310011 ], [ 75.281310318716294, 18.98905309222647 ], [ 75.28000613717353, 18.990497373754867 ], [ 75.278834834060376, 18.991770278675457 ], [ 75.27547034258231, 18.991871309413455 ], [ 75.275295941554532, 18.993750229689397 ], [ 75.27302282324473, 18.995227635047339 ], [ 75.271687462683104, 18.996115163296064 ] ] ] } },
{ "type": "Feature", "properties": { "REGION": 2.0, "STATE.NAME": "Maharashtra", "DISTRICT.NAME": "Bid", "DISTRICT.AREA": 10603.290349, "GRID_G0": "176309", "woodland": 0.01280731311680797, "maskWdl": 0.0, "cropland": 0.54045711842748922, "maskCrp": 0.0, "one": 0.42964537331917518, "maskOne": 1.0, "GRID.AREA": 17.257264179420886, "REGION.AREA": 59928.662280600729 }, "geometry": { "type": "Polygon", "coordinates": [ [ [ 75.296531984418436, 18.9809210069423 ], [ 75.296531984418436, 18.95111706036181 ], [ 75.341528828946707, 18.95111704328415 ], [ 75.341528828946707, 18.990243449589752 ], [ 75.341512729728777, 18.990228783131894 ], [ 75.338105477285978, 18.990391698917847 ], [ 75.336875606723936, 18.99033458477334 ], [ 75.333663595298731, 18.988367721593139 ], [ 75.332666554717775, 18.987852265269851 ], [ 75.331515101440857, 18.987623442667768 ], [ 75.329573022676925, 18.987256421246915 ], [ 75.32833610682593, 18.986986853060902 ], [ 75.327619166391472, 18.986593448229087 ], [ 75.324689853254199, 18.984773543264453 ], [ 75.322866794367144, 18.983656524129344 ], [ 75.321499535275393, 18.982849354714006 ], [ 75.320682846536215, 18.982546167171908 ], [ 75.318275595242596, 18.981677242210992 ], [ 75.315389014291611, 18.980704200038868 ], [ 75.313314194694385, 18.979957399414502 ], [ 75.312316954463938, 18.980019953558042 ], [ 75.308019491906066, 18.980864005969128 ], [ 75.306867890240994, 18.981027984753723 ], [ 75.304059234646047, 18.980985269654528 ], [ 75.296896400748381, 18.980896399549238 ], [ 75.296531984418436, 18.9809210069423 ] ] ] } },
{ "type": "Feature", "properties": { "REGION": 2.0, "STATE.NAME": "Maharashtra", "DISTRICT.NAME": "Bid", "DISTRICT.AREA": 10603.290349, "GRID_G0": "176310", "woodland": 0.023096872122625463, "maskWdl": 0.0, "cropland": 0.42384525304117182, "maskCrp": 0.0, "one": 0.53263105882441086, "maskOne": 1.0, "GRID.AREA": 23.601707875894178, "REGION.AREA": 59928.662280600729 }, "geometry": { "type": "Polygon", "coordinates": [ [ [ 75.341528828946707, 18.990243449589752 ], [ 75.341528828946707, 18.95111704328415 ], [ 75.386530040706177, 18.951117083462965 ], [ 75.386530040706177, 18.996113849981064 ], [ 75.34225944261182, 18.996113950138689 ], [ 75.343183837364279, 18.992246557832402 ], [ 75.342096082168496, 18.990796058391421 ], [ 75.342011250918574, 18.99068293626857 ], [ 75.341528828946707, 18.990243449589752 ] ] ] } },
{ "type": "Feature", "properties": { "REGION": 2.0, "STATE.NAME": "Maharashtra", "DISTRICT.NAME": "Bid", "DISTRICT.AREA": 10603.290349, "GRID_G0": "176311", "woodland": 0.035622528515985102, "maskWdl": 0.0, "cropland": 0.58255295139743413, "maskCrp": 1.0, "one": 0.34518248106237615, "maskOne": 1.0, "GRID.AREA": 23.676405476372491, "REGION.AREA": 59928.662280600729 }, "geometry": { "type": "Polygon", "coordinates": [ [ [ 75.386530040706177, 18.951117083462965 ], [ 75.431531253208817, 18.951117015943439 ], [ 75.431531253208817, 18.99611379445783 ], [ 75.386530040706177, 18.996113849981064 ], [ 75.386530040706177, 18.951117083462965 ] ] ] } },
{ "type": "Feature", "properties": { "REGION": 2.0, "STATE.NAME": "Maharashtra", "DISTRICT.NAME": "Bid", "DISTRICT.AREA": 10603.290349, "GRID_G0": "176312", "woodland": 0.011065589793943294, "maskWdl": 0.0, "cropland": 0.5382264615495963, "maskCrp": 0.0, "one": 0.43212393524336346, "maskOne": 1.0, "GRID.AREA": 23.676449670464727, "REGION.AREA": 59928.662280600729 }, "geometry": { "type": "Polygon", "coordinates": [ [ [ 75.431531253208817, 18.951117015943439 ], [ 75.47653254909001, 18.951117034366217 ], [ 75.47653254909001, 18.996113802111445 ], [ 75.431531253208817, 18.99611379445783 ], [ 75.431531253208817, 18.951117015943439 ] ] ] } },
{ "type": "Feature", "properties": { "REGION": 2.0, "STATE.NAME": "Maharashtra", "DISTRICT.NAME": "Bid", "DISTRICT.AREA": 10603.290349, "GRID_G0": "176313", "woodland": 0.020104965640848845, "maskWdl": 0.0, "cropland": 0.59678638858140975, "maskCrp": 1.0, "one": 0.35937390420810594, "maskOne": 1.0, "GRID.AREA": 23.674070594176747, "REGION.AREA": 59928.662280600729 }, "geometry": { "type": "Polygon", "coordinates": [ [ [ 75.47653254909001, 18.951117034366217 ], [ 75.521529301354491, 18.951117047354337 ], [ 75.521529301354491, 18.996113869403473 ], [ 75.47653254909001, 18.996113802111445 ], [ 75.47653254909001, 18.951117034366217 ] ] ] } },
{ "type": "Feature", "properties": { "REGION": 2.0, "STATE.NAME": "Maharashtra", "DISTRICT.NAME": "Bid", "DISTRICT.AREA": 10603.290349, "GRID_G0": "176314", "woodland": 0.01050597491454181, "maskWdl": 0.0, "cropland": 0.53519462738197476, "maskCrp": 0.0, "one": 0.44116800513281812, "maskOne": 1.0, "GRID.AREA": 23.676445244635392, "REGION.AREA": 59928.662280600729 }, "geometry": { "type": "Polygon", "coordinates": [ [ [ 75.521529301354491, 18.951117047354337 ], [ 75.566530568072068, 18.951117076341749 ], [ 75.566530568072068, 18.996113842076589 ], [ 75.521529301354491, 18.996113869403473 ], [ 75.521529301354491, 18.951117047354337 ] ] ] } },
{ "type": "Feature", "properties": { "REGION": 2.0, "STATE.NAME": "Maharashtra", "DISTRICT.NAME": "Bid", "DISTRICT.AREA": 10603.290349, "GRID_G0": "176317", "woodland": 0.017392948945602268, "maskWdl": 0.0, "cropland": 0.43167191005682631, "maskCrp": 0.0, "one": 0.53367508040462797, "maskOne": 1.0, "GRID.AREA": 23.674126487400518, "REGION.AREA": 59928.662280600729 }, "geometry": { "type": "Polygon", "coordinates": [ [ [ 75.656533018624756, 18.951117023081068 ], [ 75.701529839824033, 18.951117062064437 ], [ 75.701529839824033, 18.996113875952449 ], [ 75.656533018624756, 18.996113873598663 ], [ 75.656533018624756, 18.951117023081068 ] ] ] } },
{ "type": "Feature", "properties": { "REGION": 2.0, "STATE.NAME": "Maharashtra", "DISTRICT.NAME": "Bid", "DISTRICT.AREA": 10603.290349, "GRID_G0": "176323", "woodland": 0.03025848650097621, "maskWdl": 0.0, "cropland": 0.58478187373071588, "maskCrp": 1.0, "one": 0.37319748549772436, "maskOne": 1.0, "GRID.AREA": 23.676414788211552, "REGION.AREA": 59928.662280600729 }, "geometry": { "type": "Polygon", "coordinates": [ [ [ 75.926531654410823, 18.951117040169319 ], [ 75.971532874280271, 18.951117078504851 ], [ 75.971532874280271, 18.996113819621186 ], [ 75.926531654410823, 18.996113864755429 ], [ 75.926531654410823, 18.951117040169319 ] ] ] } },
{ "type": "Feature", "properties": { "REGION": 2.0, "STATE.NAME": "Maharashtra", "DISTRICT.NAME": "Bid", "DISTRICT.AREA": 10603.290349, "GRID_G0": "176324", "woodland": 0.021945670398792062, "maskWdl": 0.0, "cropland": 0.34526367251082463, "maskCrp": 0.0, "one": 0.62572080097709137, "maskOne": 1.0, "GRID.AREA": 23.674078940052244, "REGION.AREA": 59928.662280600729 }, "geometry": { "type": "Polygon", "coordinates": [ [ [ 75.971532874280271, 18.951117078504851 ], [ 76.016529660900304, 18.951117064138916 ], [ 76.016529660900304, 18.996113875842909 ], [ 75.971532874280271, 18.996113819621186 ], [ 75.971532874280271, 18.951117078504851 ] ] ] } },
{ "type": "Feature", "properties": { "REGION": 2.0, "STATE.NAME": "Maharashtra", "DISTRICT.NAME": "Bid", "DISTRICT.AREA": 10603.290349, "GRID_G0": "176325", "woodland": 0.013777686094811524, "maskWdl": 0.0, "cropland": 0.51651775978410996, "maskCrp": 0.0, "one": 0.42320635809326068, "maskOne": 1.0, "GRID.AREA": 23.676456159503338, "REGION.AREA": 59928.662280600729 }, "geometry": { "type": "Polygon", "coordinates": [ [ [ 76.016529660900304, 18.951117064138916 ], [ 76.061530950579169, 18.951117070650714 ], [ 76.061530950579169, 18.996113842302229 ], [ 76.016529660900304, 18.996113875842909 ], [ 76.016529660900304, 18.951117064138916 ] ] ] } },
{ "type": "Feature", "properties": { "REGION": 2.0, "STATE.NAME": "Maharashtra", "DISTRICT.NAME": "Bid", "DISTRICT.AREA": 10603.290349, "GRID_G0": "175657", "woodland": 0.064970313126221535, "maskWdl": 0.0, "cropland": 0.376250727349072, "maskCrp": 0.0, "one": 0.55457323371835066, "maskOne": 1.0, "GRID.AREA": 23.685181795680929, "REGION.AREA": 59928.662280600729 }, "geometry": { "type": "Polygon", "coordinates": [ [ [ 75.206529531966567, 18.906115802286351 ], [ 75.251530793480697, 18.906115767708705 ], [ 75.251530793480697, 18.951117042617945 ], [ 75.206529531966567, 18.951117057895079 ], [ 75.206529531966567, 18.906115802286351 ] ] ] } },
{ "type": "Feature", "properties": { "REGION": 2.0, "STATE.NAME": "Maharashtra", "DISTRICT.NAME": "Bid", "DISTRICT.AREA": 10603.290349, "GRID_G0": "175658", "woodland": 0.0094307375335646038, "maskWdl": 0.0, "cropland": 0.43038941515996432, "maskCrp": 0.0, "one": 0.55366730950417131, "maskOne": 1.0, "GRID.AREA": 23.68514879347838, "REGION.AREA": 59928.662280600729 }, "geometry": { "type": "Polygon", "coordinates": [ [ [ 75.251530793480697, 18.906115767708705 ], [ 75.296531984418436, 18.906115789008485 ], [ 75.296531984418436, 18.95111706036181 ], [ 75.251530793480697, 18.951117042617945 ], [ 75.251530793480697, 18.906115767708705 ] ] ] } },
{ "type": "Feature", "properties": { "REGION": 2.0, "STATE.NAME": "Maharashtra", "DISTRICT.NAME": "Bid", "DISTRICT.AREA": 10603.290349, "GRID_G0": "175659", "woodland": 0.035688030493818614, "maskWdl": 0.0, "cropland": 0.58465723949184201, "maskCrp": 1.0, "one": 0.35590728453170184, "maskOne": 1.0, "GRID.AREA": 23.682853120472263, "REGION.AREA": 59928.662280600729 }, "geometry": { "type": "Polygon", "coordinates": [ [ [ 75.296531984418436, 18.906115789008485 ], [ 75.341528828946707, 18.90611579899679 ], [ 75.341528828946707, 18.95111704328415 ], [ 75.296531984418436, 18.95111706036181 ], [ 75.296531984418436, 18.906115789008485 ] ] ] } },
{ "type": "Feature", "properties": { "REGION": 2.0, "STATE.NAME": "Maharashtra", "DISTRICT.NAME": "Bid", "DISTRICT.AREA": 10603.290349, "GRID_G0": "175661", "woodland": 0.032219371182037597, "maskWdl": 0.0, "cropland": 0.5298104408330383, "maskCrp": 0.0, "one": 0.42533531472721742, "maskOne": 1.0, "GRID.AREA": 23.68514665665063, "REGION.AREA": 59928.662280600729 }, "geometry": { "type": "Polygon", "coordinates": [ [ [ 75.386530040706177, 18.906115799925036 ], [ 75.431531253208817, 18.906115804462583 ], [ 75.431531253208817, 18.951117015943439 ], [ 75.386530040706177, 18.951117083462965 ], [ 75.386530040706177, 18.906115799925036 ] ] ] } },
{ "type": "Feature", "properties": { "REGION": 2.0, "STATE.NAME": "Maharashtra", "DISTRICT.NAME": "Bid", "DISTRICT.AREA": 10603.290349, "GRID_G0": "175662", "woodland": 0.044682103708512583, "maskWdl": 0.0, "cropland": 0.53125683393014367, "maskCrp": 0.0, "one": 0.39236599405154482, "maskOne": 1.0, "GRID.AREA": 23.685169906896309, "REGION.AREA": 59928.662280600729 }, "geometry": { "type": "Polygon", "coordinates": [ [ [ 75.431531253208817, 18.906115804462583 ], [ 75.47653254909001, 18.906115829238143 ], [ 75.47653254909001, 18.951117034366217 ], [ 75.431531253208817, 18.951117015943439 ], [ 75.431531253208817, 18.906115804462583 ] ] ] } },
{ "type": "Feature", "properties": { "REGION": 2.0, "STATE.NAME": "Maharashtra", "DISTRICT.NAME": "Bid", "DISTRICT.AREA": 10603.290349, "GRID_G0": "175663", "woodland": 0.0204932764819231, "maskWdl": 0.0, "cropland": 0.36091083505157251, "maskCrp": 0.0, "one": 0.61344221729189008, "maskOne": 1.0, "GRID.AREA": 23.682792272970222, "REGION.AREA": 59928.662280600729 }, "geometry": { "type": "Polygon", "coordinates": [ [ [ 75.47653254909001, 18.906115829238143 ], [ 75.521529301354491, 18.906115783535963 ], [ 75.521529301354491, 18.951117047354337 ], [ 75.47653254909001, 18.951117034366217 ], [ 75.47653254909001, 18.906115829238143 ] ] ] } },
{ "type": "Feature", "properties": { "REGION": 2.0, "STATE.NAME": "Maharashtra", "DISTRICT.NAME": "Bid", "DISTRICT.AREA": 10603.290349, "GRID_G0": "175664", "woodland": 0.018371888547906768, "maskWdl": 0.0, "cropland": 0.41615362687084256, "maskCrp": 0.0, "one": 0.5603661228884228, "maskOne": 1.0, "GRID.AREA": 23.685193411802071, "REGION.AREA": 59928.662280600729 }, "geometry": { "type": "Polygon", "coordinates": [ [ [ 75.521529301354491, 18.906115783535963 ], [ 75.566530568072068, 18.90611577590667 ], [ 75.566530568072068, 18.951117076341749 ], [ 75.521529301354491, 18.951117047354337 ], [ 75.521529301354491, 18.906115783535963 ] ] ] } },
{ "type": "Feature", "properties": { "REGION": 2.0, "STATE.NAME": "Maharashtra", "DISTRICT.NAME": "Bid", "DISTRICT.AREA": 10603.290349, "GRID_G0": "175665", "woodland": 0.048186859319196348, "maskWdl": 0.0, "cropland": 0.3881543861761288, "maskCrp": 0.0, "one": 0.55161319546443144, "maskOne": 1.0, "GRID.AREA": 23.685170066979417, "REGION.AREA": 59928.662280600729 }, "geometry": { "type": "Polygon", "coordinates": [ [ [ 75.566530568072068, 18.90611577590667 ], [ 75.611531809473433, 18.906115809857024 ], [ 75.611531809473433, 18.951117035600603 ], [ 75.566530568072068, 18.951117076341749 ], [ 75.566530568072068, 18.90611577590667 ] ] ] } },
{ "type": "Feature", "properties": { "REGION": 2.0, "STATE.NAME": "Maharashtra", "DISTRICT.NAME": "Bid", "DISTRICT.AREA": 10603.290349, "GRID_G0": "175666", "woodland": 0.01831871208055693, "maskWdl": 0.0, "cropland": 0.51324994788229972, "maskCrp": 0.0, "one": 0.4603587422685701, "maskOne": 1.0, "GRID.AREA": 23.685131094265774, "REGION.AREA": 59928.662280600729 }, "geometry": { "type": "Polygon", "coordinates": [ [ [ 75.611531809473433, 18.906115809857024 ], [ 75.656533018624756, 18.906115806243506 ], [ 75.656533018624756, 18.951117023081068 ], [ 75.611531809473433, 18.951117035600603 ], [ 75.611531809473433, 18.906115809857024 ] ] ] } },
{ "type": "Feature", "properties": { "REGION": 2.0, "STATE.NAME": "Maharashtra", "DISTRICT.NAME": "Bid", "DISTRICT.AREA": 10603.290349, "GRID_G0": "175667", "woodland": 0.033266001448675628, "maskWdl": 0.0, "cropland": 0.45228713869089177, "maskCrp": 0.0, "one": 0.48023226433090027, "maskOne": 1.0, "GRID.AREA": 23.682834083760842, "REGION.AREA": 59928.662280600729 }, "geometry": { "type": "Polygon", "coordinates": [ [ [ 75.656533018624756, 18.906115806243506 ], [ 75.701529839824033, 18.906115788945943 ], [ 75.701529839824033, 18.951117062064437 ], [ 75.656533018624756, 18.951117023081068 ], [ 75.656533018624756, 18.906115806243506 ] ] ] } },
{ "type": "Feature", "properties": { "REGION": 2.0, "STATE.NAME": "Maharashtra", "DISTRICT.NAME": "Bid", "DISTRICT.AREA": 10603.290349, "GRID_G0": "175668", "woodland": 0.033730144259194274, "maskWdl": 0.0, "cropland": 0.43067127463927235, "maskCrp": 0.0, "one": 0.46905084014196963, "maskOne": 1.0, "GRID.AREA": 23.685192908532791, "REGION.AREA": 59928.662280600729 }, "geometry": { "type": "Polygon", "coordinates": [ [ [ 75.701529839824033, 18.906115788945943 ], [ 75.746531141771456, 18.906115841850085 ], [ 75.746531141771456, 18.951117060622447 ], [ 75.701529839824033, 18.951117062064437 ], [ 75.701529839824033, 18.906115788945943 ] ] ] } },
{ "type": "Feature", "properties": { "REGION": 2.0, "STATE.NAME": "Maharashtra", "DISTRICT.NAME": "Bid", "DISTRICT.AREA": 10603.290349, "GRID_G0": "175669", "woodland": 0.015203963446943256, "maskWdl": 0.0, "cropland": 0.50808077720341271, "maskCrp": 0.0, "one": 0.45796338293646799, "maskOne": 1.0, "GRID.AREA": 23.685153110907809, "REGION.AREA": 59928.662280600729 }, "geometry": { "type": "Polygon", "coordinates": [ [ [ 75.746531141771456, 18.906115841850085 ], [ 75.791532389518707, 18.906115796413271 ], [ 75.791532389518707, 18.951117026699286 ], [ 75.746531141771456, 18.951117060622447 ], [ 75.746531141771456, 18.906115841850085 ] ] ] } },
{ "type": "Feature", "properties": { "REGION": 2.0, "STATE.NAME": "Maharashtra", "DISTRICT.NAME": "Bid", "DISTRICT.AREA": 10603.290349, "GRID_G0": "175670", "woodland": 0.042049247478221967, "maskWdl": 0.0, "cropland": 0.43698581450419111, "maskCrp": 0.0, "one": 0.50039808616515269, "maskOne": 1.0, "GRID.AREA": 23.682810526905218, "REGION.AREA": 59928.662280600729 }, "geometry": { "type": "Polygon", "coordinates": [ [ [ 75.791532389518707, 18.906115796413271 ], [ 75.836529142263856, 18.906115761930028 ], [ 75.836529142263856, 18.951117068994591 ], [ 75.791532389518707, 18.951117026699286 ], [ 75.791532389518707, 18.906115796413271 ] ] ] } },
{ "type": "Feature", "properties": { "REGION": 2.0, "STATE.NAME": "Maharashtra", "DISTRICT.NAME": "Bid", "DISTRICT.AREA": 10603.290349, "GRID_G0": "175671", "woodland": 0.025732392360053851, "maskWdl": 0.0, "cropland": 0.5796955065319328, "maskCrp": 1.0, "one": 0.38622682764765792, "maskOne": 1.0, "GRID.AREA": 23.685142510474066, "REGION.AREA": 59928.662280600729 }, "geometry": { "type": "Polygon", "coordinates": [ [ [ 75.836529142263856, 18.906115761930028 ], [ 75.881530348573008, 18.906115821335639 ], [ 75.881530348573008, 18.951117005915442 ], [ 75.836529142263856, 18.951117068994591 ], [ 75.836529142263856, 18.906115761930028 ] ] ] } },
{ "type": "Feature", "properties": { "REGION": 2.0, "STATE.NAME": "Maharashtra", "DISTRICT.NAME": "Bid", "DISTRICT.AREA": 10603.290349, "GRID_G0": "175672", "woodland": 0.024843769285240892, "maskWdl": 0.0, "cropland": 0.44016954139561909, "maskCrp": 0.0, "one": 0.52868486867064435, "maskOne": 1.0, "GRID.AREA": 23.685171109775006, "REGION.AREA": 59928.662280600729 }, "geometry": { "type": "Polygon", "coordinates": [ [ [ 75.881530348573008, 18.906115821335639 ], [ 75.926531654410823, 18.906115823481596 ], [ 75.926531654410823, 18.951117040169319 ], [ 75.881530348573008, 18.951117005915442 ], [ 75.881530348573008, 18.906115821335639 ] ] ] } },
{ "type": "Feature", "properties": { "REGION": 2.0, "STATE.NAME": "Maharashtra", "DISTRICT.NAME": "Bid", "DISTRICT.AREA": 10603.290349, "GRID_G0": "175673", "woodland": 0.025543114958942736, "maskWdl": 0.0, "cropland": 0.52741138315055036, "maskCrp": 0.0, "one": 0.43890303693067334, "maskOne": 1.0, "GRID.AREA": 23.685160126995317, "REGION.AREA": 59928.662280600729 }, "geometry": { "type": "Polygon", "coordinates": [ [ [ 75.926531654410823, 18.906115823481596 ], [ 75.971532874280271, 18.906115763720411 ], [ 75.971532874280271, 18.951117078504851 ], [ 75.926531654410823, 18.951117040169319 ], [ 75.926531654410823, 18.906115823481596 ] ] ] } },
{ "type": "Feature", "properties": { "REGION": 2.0, "STATE.NAME": "Maharashtra", "DISTRICT.NAME": "Bid", "DISTRICT.AREA": 10603.290349, "GRID_G0": "175674", "woodland": 0.03616343797190881, "maskWdl": 0.0, "cropland": 0.44806213544929435, "maskCrp": 0.0, "one": 0.43471361932479308, "maskOne": 1.0, "GRID.AREA": 23.682848981459379, "REGION.AREA": 59928.662280600729 }, "geometry": { "type": "Polygon", "coordinates": [ [ [ 75.971532874280271, 18.906115763720411 ], [ 76.016529660900304, 18.906115763187241 ], [ 76.016529660900304, 18.951117064138916 ], [ 75.971532874280271, 18.951117078504851 ], [ 75.971532874280271, 18.906115763720411 ] ] ] } },
{ "type": "Feature", "properties": { "REGION": 2.0, "STATE.NAME": "Maharashtra", "DISTRICT.NAME": "Bid", "DISTRICT.AREA": 10603.290349, "GRID_G0": "175675", "woodland": 0.0585145459580904, "maskWdl": 0.0, "cropland": 0.56966592705800367, "maskCrp": 1.0, "one": 0.34625705581124722, "maskOne": 1.0, "GRID.AREA": 23.685205980206632, "REGION.AREA": 59928.662280600729 }, "geometry": { "type": "Polygon", "coordinates": [ [ [ 76.016529660900304, 18.906115763187241 ], [ 76.061530950579169, 18.906115805509486 ], [ 76.061530950579169, 18.951117070650714 ], [ 76.016529660900304, 18.951117064138916 ], [ 76.016529660900304, 18.906115763187241 ] ] ] } },
{ "type": "Feature", "properties": { "REGION": 2.0, "STATE.NAME": "Maharashtra", "DISTRICT.NAME": "Bid", "DISTRICT.AREA": 10603.290349, "GRID_G0": "175676", "woodland": 0.068732544186534975, "maskWdl": 0.0, "cropland": 0.54864081513433716, "maskCrp": 1.0, "one": 0.35345751499204209, "maskOne": 1.0, "GRID.AREA": 23.685122366540512, "REGION.AREA": 59928.662280600729 }, "geometry": { "type": "Polygon", "coordinates": [ [ [ 76.061530950579169, 18.906115805509486 ], [ 76.106532128531541, 18.906115812814708 ], [ 76.106532128531541, 18.951117019492138 ], [ 76.061530950579169, 18.951117070650714 ], [ 76.061530950579169, 18.906115805509486 ] ] ] } },
{ "type": "Feature", "properties": { "REGION": 2.0, "STATE.NAME": "Maharashtra", "DISTRICT.NAME": "Bid", "DISTRICT.AREA": 10603.290349, "GRID_G0": "175678", "woodland": 0.03837969247475384, "maskWdl": 0.0, "cropland": 0.38591260418415868, "maskCrp": 0.0, "one": 0.55373604555359146, "maskOne": 1.0, "GRID.AREA": 23.682787518199962, "REGION.AREA": 59928.662280600729 }, "geometry": { "type": "Polygon", "coordinates": [ [ [ 76.151533451249307, 18.906115814080145 ], [ 76.196530222433793, 18.906115819836497 ], [ 76.196530222433793, 18.951117018549091 ], [ 76.151533451249307, 18.951117028398709 ], [ 76.151533451249307, 18.906115814080145 ] ] ] } },
{ "type": "Feature", "properties": { "REGION": 2.0, "STATE.NAME": "Maharashtra", "DISTRICT.NAME": "Bid", "DISTRICT.AREA": 10603.290349, "GRID_G0": "175679", "woodland": 0.022004020389564311, "maskWdl": 0.0, "cropland": 0.43795694154877396, "maskCrp": 0.0, "one": 0.53230321227953659, "maskOne": 1.0, "GRID.AREA": 23.685144696319245, "REGION.AREA": 59928.662280600729 }, "geometry": { "type": "Polygon", "coordinates": [ [ [ 76.196530222433793, 18.906115819836497 ], [ 76.24153145441808, 18.906115809797924 ], [ 76.24153145441808, 18.951117059692191 ], [ 76.196530222433793, 18.951117018549091 ], [ 76.196530222433793, 18.906115819836497 ] ] ] } },
{ "type": "Feature", "properties": { "REGION": 2.0, "STATE.NAME": "Maharashtra", "DISTRICT.NAME": "Bid", "DISTRICT.AREA": 10603.290349, "GRID_G0": "175010", "woodland": 0.024482568745189351, "maskWdl": 0.0, "cropland": 0.57870142786369361, "maskCrp": 1.0, "one": 0.38730481591989302, "maskOne": 1.0, "GRID.AREA": 23.691506100157621, "REGION.AREA": 59928.662280600729 }, "geometry": { "type": "Polygon", "coordinates": [ [ [ 75.341528828946707, 18.861114552320043 ], [ 75.386530040706177, 18.861114598686004 ], [ 75.386530040706177, 18.906115799925036 ], [ 75.341528828946707, 18.90611579899679 ], [ 75.341528828946707, 18.861114552320043 ] ] ] } },
{ "type": "Feature", "properties": { "REGION": 2.0, "STATE.NAME": "Maharashtra", "DISTRICT.NAME": "Bid", "DISTRICT.AREA": 10603.290349, "GRID_G0": "175012", "woodland": 0.021066208224724457, "maskWdl": 0.0, "cropland": 0.62184861889094822, "maskCrp": 1.0, "one": 0.34252237863517665, "maskOne": 1.0, "GRID.AREA": 23.691571677360397, "REGION.AREA": 59928.662280600729 }, "geometry": { "type": "Polygon", "coordinates": [ [ [ 75.431531253208817, 18.861114583019301 ], [ 75.47653254909001, 18.861114521887423 ], [ 75.47653254909001, 18.906115829238143 ], [ 75.431531253208817, 18.906115804462583 ], [ 75.431531253208817, 18.861114583019301 ] ] ] } },
{ "type": "Feature", "properties": { "REGION": 2.0, "STATE.NAME": "Maharashtra", "DISTRICT.NAME": "Bid", "DISTRICT.AREA": 10603.290349, "GRID_G0": "175014", "woodland": 0.028372355746803867, "maskWdl": 0.0, "cropland": 0.48587585006010642, "maskCrp": 0.0, "one": 0.47100681705616565, "maskOne": 1.0, "GRID.AREA": 23.691529237636001, "REGION.AREA": 59928.662280600729 }, "geometry": { "type": "Polygon", "coordinates": [ [ [ 75.521529301354491, 18.861114590758678 ], [ 75.566530568072068, 18.86111454279434 ], [ 75.566530568072068, 18.90611577590667 ], [ 75.521529301354491, 18.906115783535963 ], [ 75.521529301354491, 18.861114590758678 ] ] ] } },
{ "type": "Feature", "properties": { "REGION": 2.0, "STATE.NAME": "Maharashtra", "DISTRICT.NAME": "Bid", "DISTRICT.AREA": 10603.290349, "GRID_G0": "175015", "woodland": 0.040038155483595649, "maskWdl": 0.0, "cropland": 0.2997365056255033, "maskCrp": 0.0, "one": 0.64975808164301274, "maskOne": 1.0, "GRID.AREA": 23.691531153817483, "REGION.AREA": 59928.662280600729 }, "geometry": { "type": "Polygon", "coordinates": [ [ [ 75.566530568072068, 18.86111454279434 ], [ 75.611531809473433, 18.861114559168609 ], [ 75.611531809473433, 18.906115809857024 ], [ 75.566530568072068, 18.90611577590667 ], [ 75.566530568072068, 18.86111454279434 ] ] ] } },
{ "type": "Feature", "properties": { "REGION": 2.0, "STATE.NAME": "Maharashtra", "DISTRICT.NAME": "Bid", "DISTRICT.AREA": 10603.290349, "GRID_G0": "175016", "woodland": 0.022195125274837715, "maskWdl": 0.0, "cropland": 0.28756326616578887, "maskCrp": 0.0, "one": 0.68276577567090446, "maskOne": 1.0, "GRID.AREA": 23.691517434756701, "REGION.AREA": 59928.662280600729 }, "geometry": { "type": "Polygon", "coordinates": [ [ [ 75.611531809473433, 18.861114559168609 ], [ 75.656533018624756, 18.861114560742362 ], [ 75.656533018624756, 18.906115806243506 ], [ 75.611531809473433, 18.906115809857024 ], [ 75.611531809473433, 18.861114559168609 ] ] ] } },
{ "type": "Feature", "properties": { "REGION": 2.0, "STATE.NAME": "Maharashtra", "DISTRICT.NAME": "Bid", "DISTRICT.AREA": 10603.290349, "GRID_G0": "175017", "woodland": 0.060376498303683995, "maskWdl": 0.0, "cropland": 0.29622798529178052, "maskCrp": 0.0, "one": 0.62169002280587093, "maskOne": 1.0, "GRID.AREA": 23.689198445887424, "REGION.AREA": 59928.662280600729 }, "geometry": { "type": "Polygon", "coordinates": [ [ [ 75.656533018624756, 18.861114560742362 ], [ 75.701529839824033, 18.861114572033788 ], [ 75.701529839824033, 18.906115788945943 ], [ 75.656533018624756, 18.906115806243506 ], [ 75.656533018624756, 18.861114560742362 ] ] ] } },
{ "type": "Feature", "properties": { "REGION": 2.0, "STATE.NAME": "Maharashtra", "DISTRICT.NAME": "Bid", "DISTRICT.AREA": 10603.290349, "GRID_G0": "175018", "woodland": 0.023499222274808135, "maskWdl": 0.0, "cropland": 0.33804011339112972, "maskCrp": 0.0, "one": 0.62146376495494349, "maskOne": 1.0, "GRID.AREA": 23.691559851956978, "REGION.AREA": 59928.662280600729 }, "geometry": { "type": "Polygon", "coordinates": [ [ [ 75.701529839824033, 18.861114572033788 ], [ 75.746531141771456, 18.861114587017642 ], [ 75.746531141771456, 18.906115841850085 ], [ 75.701529839824033, 18.906115788945943 ], [ 75.701529839824033, 18.861114572033788 ] ] ] } },
{ "type": "Feature", "properties": { "REGION": 2.0, "STATE.NAME": "Maharashtra", "DISTRICT.NAME": "Bid", "DISTRICT.AREA": 10603.290349, "GRID_G0": "175019", "woodland": 0.021639692182203133, "maskWdl": 0.0, "cropland": 0.22499703185833544, "maskCrp": 0.0, "one": 0.73860457628414555, "maskOne": 1.0, "GRID.AREA": 23.691545299589155, "REGION.AREA": 59928.662280600729 }, "geometry": { "type": "Polygon", "coordinates": [ [ [ 75.746531141771456, 18.861114587017642 ], [ 75.791532389518707, 18.861114526389343 ], [ 75.791532389518707, 18.906115796413271 ], [ 75.746531141771456, 18.906115841850085 ], [ 75.746531141771456, 18.861114587017642 ] ] ] } },
{ "type": "Feature", "properties": { "REGION": 2.0, "STATE.NAME": "Maharashtra", "DISTRICT.NAME": "Bid", "DISTRICT.AREA": 10603.290349, "GRID_G0": "175020", "woodland": 0.019357655848585464, "maskWdl": 0.0, "cropland": 0.37428972085103474, "maskCrp": 0.0, "one": 0.59078895403227683, "maskOne": 1.0, "GRID.AREA": 23.689157372276977, "REGION.AREA": 59928.662280600729 }, "geometry": { "type": "Polygon", "coordinates": [ [ [ 75.791532389518707, 18.861114526389343 ], [ 75.836529142263856, 18.861114588677463 ], [ 75.836529142263856, 18.906115761930028 ], [ 75.791532389518707, 18.906115796413271 ], [ 75.791532389518707, 18.861114526389343 ] ] ] } },
{ "type": "Feature", "properties": { "REGION": 2.0, "STATE.NAME": "Maharashtra", "DISTRICT.NAME": "Bid", "DISTRICT.AREA": 10603.290349, "GRID_G0": "175021", "woodland": 0.01594470074836889, "maskWdl": 0.0, "cropland": 0.22615619351172808, "maskCrp": 0.0, "one": 0.75378252440381799, "maskOne": 1.0, "GRID.AREA": 23.691491908946578, "REGION.AREA": 59928.662280600729 }, "geometry": { "type": "Polygon", "coordinates": [ [ [ 75.836529142263856, 18.861114588677463 ], [ 75.881530348573008, 18.861114589681709 ], [ 75.881530348573008, 18.906115821335639 ], [ 75.836529142263856, 18.906115761930028 ], [ 75.836529142263856, 18.861114588677463 ] ] ] } },
{ "type": "Feature", "properties": { "REGION": 2.0, "STATE.NAME": "Maharashtra", "DISTRICT.NAME": "Bid", "DISTRICT.AREA": 10603.290349, "GRID_G0": "175022", "woodland": 0.021133181722249039, "maskWdl": 0.0, "cropland": 0.30824708598652761, "maskCrp": 0.0, "one": 0.6590880130327077, "maskOne": 1.0, "GRID.AREA": 23.691569088492201, "REGION.AREA": 59928.662280600729 }, "geometry": { "type": "Polygon", "coordinates": [ [ [ 75.881530348573008, 18.861114589681709 ], [ 75.926531654410823, 18.861114556082708 ], [ 75.926531654410823, 18.906115823481596 ], [ 75.881530348573008, 18.906115821335639 ], [ 75.881530348573008, 18.861114589681709 ] ] ] } },
{ "type": "Feature", "properties": { "REGION": 2.0, "STATE.NAME": "Maharashtra", "DISTRICT.NAME": "Bid", "DISTRICT.AREA": 10603.290349, "GRID_G0": "175023", "woodland": 0.0016015795816244345, "maskWdl": 0.0, "cropland": 0.3159314656651972, "maskCrp": 0.0, "one": 0.68068343481307214, "maskOne": 1.0, "GRID.AREA": 23.691513348195969, "REGION.AREA": 59928.662280600729 }, "geometry": { "type": "Polygon", "coordinates": [ [ [ 75.926531654410823, 18.861114556082708 ], [ 75.971532874280271, 18.86111457189336 ], [ 75.971532874280271, 18.906115763720411 ], [ 75.926531654410823, 18.906115823481596 ], [ 75.926531654410823, 18.861114556082708 ] ] ] } },
{ "type": "Feature", "properties": { "REGION": 2.0, "STATE.NAME": "Maharashtra", "DISTRICT.NAME": "Bid", "DISTRICT.AREA": 10603.290349, "GRID_G0": "175024", "woodland": 0.010024952199988032, "maskWdl": 0.0, "cropland": 0.26141153309826565, "maskCrp": 0.0, "one": 0.71329667981686684, "maskOne": 1.0, "GRID.AREA": 23.689156819141171, "REGION.AREA": 59928.662280600729 }, "geometry": { "type": "Polygon", "coordinates": [ [ [ 75.971532874280271, 18.86111457189336 ], [ 76.016529660900304, 18.861114581594844 ], [ 76.016529660900304, 18.906115763187241 ], [ 75.971532874280271, 18.906115763720411 ], [ 75.971532874280271, 18.86111457189336 ] ] ] } },
{ "type": "Feature", "properties": { "REGION": 2.0, "STATE.NAME": "Maharashtra", "DISTRICT.NAME": "Bid", "DISTRICT.AREA": 10603.290349, "GRID_G0": "175025", "woodland": 0.021431383878911702, "maskWdl": 0.0, "cropland": 0.24748316431707817, "maskCrp": 0.0, "one": 0.72223201068023035, "maskOne": 1.0, "GRID.AREA": 23.691539677526158, "REGION.AREA": 59928.662280600729 }, "geometry": { "type": "Polygon", "coordinates": [ [ [ 76.016529660900304, 18.861114581594844 ], [ 76.061530950579169, 18.861114567471066 ], [ 76.061530950579169, 18.906115805509486 ], [ 76.016529660900304, 18.906115763187241 ], [ 76.016529660900304, 18.861114581594844 ] ] ] } },
{ "type": "Feature", "properties": { "REGION": 2.0, "STATE.NAME": "Maharashtra", "DISTRICT.NAME": "Bid", "DISTRICT.AREA": 10603.290349, "GRID_G0": "175026", "woodland": 0.040632378758381479, "maskWdl": 0.0, "cropland": 0.46385889802636404, "maskCrp": 0.0, "one": 0.48701392713052349, "maskOne": 1.0, "GRID.AREA": 23.691504616005258, "REGION.AREA": 59928.662280600729 }, "geometry": { "type": "Polygon", "coordinates": [ [ [ 76.061530950579169, 18.861114567471066 ], [ 76.106532128531541, 18.861114540964422 ], [ 76.106532128531541, 18.906115812814708 ], [ 76.061530950579169, 18.906115805509486 ], [ 76.061530950579169, 18.861114567471066 ] ] ] } },
{ "type": "Feature", "properties": { "REGION": 2.0, "STATE.NAME": "Maharashtra", "DISTRICT.NAME": "Bid", "DISTRICT.AREA": 10603.290349, "GRID_G0": "175027", "woodland": 0.0337240571762535, "maskWdl": 0.0, "cropland": 0.41137647238638519, "maskCrp": 0.0, "one": 0.54484372507240908, "maskOne": 1.0, "GRID.AREA": 23.691592685767716, "REGION.AREA": 59928.662280600729 }, "geometry": { "type": "Polygon", "coordinates": [ [ [ 76.106532128531541, 18.861114540964422 ], [ 76.151533451249307, 18.861114531005526 ], [ 76.151533451249307, 18.906115814080145 ], [ 76.106532128531541, 18.906115812814708 ], [ 76.106532128531541, 18.861114540964422 ] ] ] } },
{ "type": "Feature", "properties": { "REGION": 2.0, "STATE.NAME": "Maharashtra", "DISTRICT.NAME": "Bid", "DISTRICT.AREA": 10603.290349, "GRID_G0": "175028", "woodland": 0.0040976394634289108, "maskWdl": 0.0, "cropland": 0.22988518093683832, "maskCrp": 0.0, "one": 0.76354461666351947, "maskOne": 1.0, "GRID.AREA": 23.689196253098864, "REGION.AREA": 59928.662280600729 }, "geometry": { "type": "Polygon", "coordinates": [ [ [ 76.151533451249307, 18.861114531005526 ], [ 76.196530222433793, 18.861114548791303 ], [ 76.196530222433793, 18.906115819836497 ], [ 76.151533451249307, 18.906115814080145 ], [ 76.151533451249307, 18.861114531005526 ] ] ] } },
{ "type": "Feature", "properties": { "REGION": 2.0, "STATE.NAME": "Maharashtra", "DISTRICT.NAME": "Bid", "DISTRICT.AREA": 10603.290349, "GRID_G0": "175029", "woodland": 0.023636888834232456, "maskWdl": 0.0, "cropland": 0.27034852975574247, "maskCrp": 0.0, "one": 0.69807116286811888, "maskOne": 1.0, "GRID.AREA": 23.691532591549866, "REGION.AREA": 59928.662280600729 }, "geometry": { "type": "Polygon", "coordinates": [ [ [ 76.196530222433793, 18.861114548791303 ], [ 76.24153145441808, 18.861114572737851 ], [ 76.24153145441808, 18.906115809797924 ], [ 76.196530222433793, 18.906115819836497 ], [ 76.196530222433793, 18.861114548791303 ] ] ] } },
{ "type": "Feature", "properties": { "REGION": 2.0, "STATE.NAME": "Maharashtra", "DISTRICT.NAME": "Bid", "DISTRICT.AREA": 10603.290349, "GRID_G0": "175030", "woodland": 0.028958921177542656, "maskWdl": 0.0, "cropland": 0.36586438312784286, "maskCrp": 0.0, "one": 0.59322050919345959, "maskOne": 1.0, "GRID.AREA": 23.691546877229097, "REGION.AREA": 59928.662280600729 }, "geometry": { "type": "Polygon", "coordinates": [ [ [ 76.24153145441808, 18.861114572737851 ], [ 76.286532714449635, 18.861114543967211 ], [ 76.286532714449635, 18.906115813186616 ], [ 76.24153145441808, 18.906115809797924 ], [ 76.24153145441808, 18.861114572737851 ] ] ] } },
{ "type": "Feature", "properties": { "REGION": 2.0, "STATE.NAME": "Maharashtra", "DISTRICT.NAME": "Bid", "DISTRICT.AREA": 10603.290349, "GRID_G0": "175031", "woodland": 0.038686022748397039, "maskWdl": 0.0, "cropland": 0.41405135016181543, "maskCrp": 0.0, "one": 0.52361321229705338, "maskOne": 1.0, "GRID.AREA": 23.689171936796377, "REGION.AREA": 59928.662280600729 }, "geometry": { "type": "Polygon", "coordinates": [ [ [ 76.286532714449635, 18.861114543967211 ], [ 76.331529487172574, 18.861114579574132 ], [ 76.331529487172574, 18.906115769011141 ], [ 76.286532714449635, 18.906115813186616 ], [ 76.286532714449635, 18.861114543967211 ] ] ] } },
{ "type": "Feature", "properties": { "REGION": 2.0, "STATE.NAME": "Maharashtra", "DISTRICT.NAME": "Bid", "DISTRICT.AREA": 10603.290349, "GRID_G0": "174366", "woodland": 0.0042815301372250954, "maskWdl": 0.0, "cropland": 0.61007290932218627, "maskCrp": 1.0, "one": 0.37690945198442838, "maskOne": 1.0, "GRID.AREA": 23.695512610735655, "REGION.AREA": 59928.662280600729 }, "geometry": { "type": "Polygon", "coordinates": [ [ [ 75.611531809473433, 18.81611779559017 ], [ 75.656533018624756, 18.816117799288829 ], [ 75.656533018624756, 18.861114560742362 ], [ 75.611531809473433, 18.861114559168609 ], [ 75.611531809473433, 18.81611779559017 ] ] ] } },
{ "type": "Feature", "properties": { "REGION": 2.0, "STATE.NAME": "Maharashtra", "DISTRICT.NAME": "Bid", "DISTRICT.AREA": 10603.290349, "GRID_G0": "174367", "woodland": 0.0098475970912870955, "maskWdl": 0.0, "cropland": 0.50713546624065919, "maskCrp": 0.0, "one": 0.47429805219548515, "maskOne": 1.0, "GRID.AREA": 23.693218155216833, "REGION.AREA": 59928.662280600729 }, "geometry": { "type": "Polygon", "coordinates": [ [ [ 75.656533018624756, 18.816117799288829 ], [ 75.701529839824033, 18.816117747561869 ], [ 75.701529839824033, 18.861114572033788 ], [ 75.656533018624756, 18.861114560742362 ], [ 75.656533018624756, 18.816117799288829 ] ] ] } },
{ "type": "Feature", "properties": { "REGION": 2.0, "STATE.NAME": "Maharashtra", "DISTRICT.NAME": "Bid", "DISTRICT.AREA": 10603.290349, "GRID_G0": "174368", "woodland": 0.011217004920315143, "maskWdl": 0.0, "cropland": 0.527494034879609, "maskCrp": 0.0, "one": 0.43168205973079332, "maskOne": 1.0, "GRID.AREA": 23.695581566560083, "REGION.AREA": 59928.662280600729 }, "geometry": { "type": "Polygon", "coordinates": [ [ [ 75.701529839824033, 18.816117747561869 ], [ 75.746531141771456, 18.816117810143037 ], [ 75.746531141771456, 18.861114587017642 ], [ 75.701529839824033, 18.861114572033788 ], [ 75.701529839824033, 18.816117747561869 ] ] ] } },
{ "type": "Feature", "properties": { "REGION": 2.0, "STATE.NAME": "Maharashtra", "DISTRICT.NAME": "Bid", "DISTRICT.AREA": 10603.290349, "GRID_G0": "174369", "woodland": 0.0037506651968422298, "maskWdl": 0.0, "cropland": 0.58215135766314818, "maskCrp": 1.0, "one": 0.40557817281058717, "maskOne": 1.0, "GRID.AREA": 23.695545294034044, "REGION.AREA": 59928.662280600729 }, "geometry": { "type": "Polygon", "coordinates": [ [ [ 75.746531141771456, 18.816117810143037 ], [ 75.791532389518707, 18.8161177312959 ], [ 75.791532389518707, 18.861114526389343 ], [ 75.746531141771456, 18.861114587017642 ], [ 75.746531141771456, 18.816117810143037 ] ] ] } },
{ "type": "Feature", "properties": { "REGION": 2.0, "STATE.NAME": "Maharashtra", "DISTRICT.NAME": "Bid", "DISTRICT.AREA": 10603.290349, "GRID_G0": "174372", "woodland": 0.0027342517920851432, "maskWdl": 0.0, "cropland": 0.60742995009945333, "maskCrp": 1.0, "one": 0.38403650242223708, "maskOne": 1.0, "GRID.AREA": 23.695597184104638, "REGION.AREA": 59928.662280600729 }, "geometry": { "type": "Polygon", "coordinates": [ [ [ 75.881530348573008, 18.816117738314528 ], [ 75.926531654410823, 18.81611775457986 ], [ 75.926531654410823, 18.861114556082708 ], [ 75.881530348573008, 18.861114589681709 ], [ 75.881530348573008, 18.816117738314528 ] ] ] } },
{ "type": "Feature", "properties": { "REGION": 2.0, "STATE.NAME": "Maharashtra", "DISTRICT.NAME": "Bid", "DISTRICT.AREA": 10603.290349, "GRID_G0": "174373", "woodland": 0.0015266198383580634, "maskWdl": 0.0, "cropland": 0.64236631395483712, "maskCrp": 1.0, "one": 0.344393058407374, "maskOne": 1.0, "GRID.AREA": 23.69554301803991, "REGION.AREA": 59928.662280600729 }, "geometry": { "type": "Polygon", "coordinates": [ [ [ 75.926531654410823, 18.81611775457986 ], [ 75.971532874280271, 18.816117754324473 ], [ 75.971532874280271, 18.86111457189336 ], [ 75.926531654410823, 18.861114556082708 ], [ 75.926531654410823, 18.81611775457986 ] ] ] } },
{ "type": "Feature", "properties": { "REGION": 2.0, "STATE.NAME": "Maharashtra", "DISTRICT.NAME": "Bid", "DISTRICT.AREA": 10603.290349, "GRID_G0": "174374", "woodland": 0.0033003912924570709, "maskWdl": 0.0, "cropland": 0.456409489640695, "maskCrp": 0.0, "one": 0.52202202113927432, "maskOne": 1.0, "GRID.AREA": 23.693210998280673, "REGION.AREA": 59928.662280600729 }, "geometry": { "type": "Polygon", "coordinates": [ [ [ 75.971532874280271, 18.816117754324473 ], [ 76.016529660900304, 18.816117771263951 ], [ 76.016529660900304, 18.861114581594844 ], [ 75.971532874280271, 18.86111457189336 ], [ 75.971532874280271, 18.816117754324473 ] ] ] } },
{ "type": "Feature", "properties": { "REGION": 2.0, "STATE.NAME": "Maharashtra", "DISTRICT.NAME": "Bid", "DISTRICT.AREA": 10603.290349, "GRID_G0": "174375", "woodland": 0.014332234045421017, "maskWdl": 0.0, "cropland": 0.16381631841623723, "maskCrp": 0.0, "one": 0.81017810606757079, "maskOne": 1.0, "GRID.AREA": 23.695572494453526, "REGION.AREA": 59928.662280600729 }, "geometry": { "type": "Polygon", "coordinates": [ [ [ 76.016529660900304, 18.816117771263951 ], [ 76.061530950579169, 18.816117786377131 ], [ 76.061530950579169, 18.861114567471066 ], [ 76.016529660900304, 18.861114581594844 ], [ 76.016529660900304, 18.816117771263951 ] ] ] } },
{ "type": "Feature", "properties": { "REGION": 2.0, "STATE.NAME": "Maharashtra", "DISTRICT.NAME": "Bid", "DISTRICT.AREA": 10603.290349, "GRID_G0": "174376", "woodland": 0.019025796892061807, "maskWdl": 0.0, "cropland": 0.16550088705071903, "maskCrp": 0.0, "one": 0.80560446705611721, "maskOne": 1.0, "GRID.AREA": 23.695515649847668, "REGION.AREA": 59928.662280600729 }, "geometry": { "type": "Polygon", "coordinates": [ [ [ 76.061530950579169, 18.816117786377131 ], [ 76.106532128531541, 18.816117723105286 ], [ 76.106532128531541, 18.861114540964422 ], [ 76.061530950579169, 18.861114567471066 ], [ 76.061530950579169, 18.816117786377131 ] ] ] } },
{ "type": "Feature", "properties": { "REGION": 2.0, "STATE.NAME": "Maharashtra", "DISTRICT.NAME": "Bid", "DISTRICT.AREA": 10603.290349, "GRID_G0": "174377", "woodland": 0.013154995605775217, "maskWdl": 0.0, "cropland": 0.38898778155823677, "maskCrp": 0.0, "one": 0.54845570642740482, "maskOne": 1.0, "GRID.AREA": 23.695581940554266, "REGION.AREA": 59928.662280600729 }, "geometry": { "type": "Polygon", "coordinates": [ [ [ 76.106532128531541, 18.816117723105286 ], [ 76.151533451249307, 18.816117787652221 ], [ 76.151533451249307, 18.861114531005526 ], [ 76.106532128531541, 18.861114540964422 ], [ 76.106532128531541, 18.816117723105286 ] ] ] } },
{ "type": "Feature", "properties": { "REGION": 2.0, "STATE.NAME": "Maharashtra", "DISTRICT.NAME": "Bid", "DISTRICT.AREA": 10603.290349, "GRID_G0": "174380", "woodland": 0.010343216362307976, "maskWdl": 0.0, "cropland": 0.58285708455560648, "maskCrp": 1.0, "one": 0.38743580027250962, "maskOne": 1.0, "GRID.AREA": 23.695540752950695, "REGION.AREA": 59928.662280600729 }, "geometry": { "type": "Polygon", "coordinates": [ [ [ 76.24153145441808, 18.816117780835039 ], [ 76.286532714449635, 18.816117805708281 ], [ 76.286532714449635, 18.861114543967211 ], [ 76.24153145441808, 18.861114572737851 ], [ 76.24153145441808, 18.816117780835039 ] ] ] } },
{ "type": "Feature", "properties": { "REGION": 2.0, "STATE.NAME": "Maharashtra", "DISTRICT.NAME": "Bid", "DISTRICT.AREA": 10603.290349, "GRID_G0": "174381", "woodland": 0.0034278409271994029, "maskWdl": 0.0, "cropland": 0.47358811098494352, "maskCrp": 0.0, "one": 0.51822099137400568, "maskOne": 1.0, "GRID.AREA": 23.69319031036239, "REGION.AREA": 59928.662280600729 }, "geometry": { "type": "Polygon", "coordinates": [ [ [ 76.286532714449635, 18.816117805708281 ], [ 76.331529487172574, 18.816117740718951 ], [ 76.331529487172574, 18.861114579574132 ], [ 76.286532714449635, 18.861114543967211 ], [ 76.286532714449635, 18.816117805708281 ] ] ] } },
{ "type": "Feature", "properties": { "REGION": 2.0, "STATE.NAME": "Maharashtra", "DISTRICT.NAME": "Bid", "DISTRICT.AREA": 10603.290349, "GRID_G0": "174382", "woodland": 0.017061916130169101, "maskWdl": 0.0, "cropland": 0.42504437771700465, "maskCrp": 0.0, "one": 0.52896455960545352, "maskOne": 1.0, "GRID.AREA": 23.695591702486443, "REGION.AREA": 59928.662280600729 }, "geometry": { "type": "Polygon", "coordinates": [ [ [ 76.331529487172574, 18.816117740718951 ], [ 76.376530775199313, 18.816117732355035 ], [ 76.376530775199313, 18.861114561166492 ], [ 76.331529487172574, 18.861114579574132 ], [ 76.331529487172574, 18.816117740718951 ] ] ] } },
{ "type": "Feature", "properties": { "REGION": 2.0, "STATE.NAME": "Maharashtra", "DISTRICT.NAME": "Bid", "DISTRICT.AREA": 10603.290349, "GRID_G0": "174383", "woodland": 0.026256035792936058, "maskWdl": 0.0, "cropland": 0.47736073016838387, "maskCrp": 0.0, "one": 0.48924891579838714, "maskOne": 1.0, "GRID.AREA": 23.695509586163183, "REGION.AREA": 59928.662280600729 }, "geometry": { "type": "Polygon", "coordinates": [ [ [ 76.376530775199313, 18.816117732355035 ], [ 76.421531972987594, 18.816117801750575 ], [ 76.421531972987594, 18.861114509193104 ], [ 76.376530775199313, 18.861114561166492 ], [ 76.376530775199313, 18.816117732355035 ] ] ] } },
{ "type": "Feature", "properties": { "REGION": 2.0, "STATE.NAME": "Maharashtra", "DISTRICT.NAME": "Bid", "DISTRICT.AREA": 10603.290349, "GRID_G0": "174384", "woodland": 0.031900438187839449, "maskWdl": 0.0, "cropland": 0.34579359840669988, "maskCrp": 0.0, "one": 0.59466704204596166, "maskOne": 1.0, "GRID.AREA": 23.695526484481803, "REGION.AREA": 59928.662280600729 }, "geometry": { "type": "Polygon", "coordinates": [ [ [ 76.421531972987594, 18.816117801750575 ], [ 76.466533246752277, 18.81611779292605 ], [ 76.466533246752277, 18.861114533982644 ], [ 76.421531972987594, 18.861114509193104 ], [ 76.421531972987594, 18.816117801750575 ] ] ] } },
{ "type": "Feature", "properties": { "REGION": 2.0, "STATE.NAME": "Maharashtra", "DISTRICT.NAME": "Bid", "DISTRICT.AREA": 10603.290349, "GRID_G0": "174385", "woodland": 0.039530608329400113, "maskWdl": 0.0, "cropland": 0.49948810590335629, "maskCrp": 0.0, "one": 0.41333351243133082, "maskOne": 1.0, "GRID.AREA": 23.69318025440468, "REGION.AREA": 59928.662280600729 }, "geometry": { "type": "Polygon", "coordinates": [ [ [ 76.466533246752277, 18.81611779292605 ], [ 76.51152999825247, 18.81611773338102 ], [ 76.51152999825247, 18.861114573683771 ], [ 76.466533246752277, 18.861114533982644 ], [ 76.466533246752277, 18.81611779292605 ] ] ] } },
{ "type": "Feature", "properties": { "REGION": 2.0, "STATE.NAME": "Maharashtra", "DISTRICT.NAME": "Bid", "DISTRICT.AREA": 10603.290349, "GRID_G0": "174386", "woodland": 0.077397246816357165, "maskWdl": 0.0, "cropland": 0.38160193222706323, "maskCrp": 0.0, "one": 0.34950419985508219, "maskOne": 1.0, "GRID.AREA": 23.695602064845932, "REGION.AREA": 59928.662280600729 }, "geometry": { "type": "Polygon", "coordinates": [ [ [ 76.51152999825247, 18.81611773338102 ], [ 76.556531305189836, 18.816117765542792 ], [ 76.556531305189836, 18.861114594451589 ], [ 76.51152999825247, 18.861114573683771 ], [ 76.51152999825247, 18.81611773338102 ] ] ] } },
{ "type": "Feature", "properties": { "REGION": 2.0, "STATE.NAME": "Maharashtra", "DISTRICT.NAME": "Bid", "DISTRICT.AREA": 10603.290349, "GRID_G0": "174388", "woodland": 0.072794526357925868, "maskWdl": 0.0, "cropland": 0.44937623565512186, "maskCrp": 0.0, "one": 0.44655535410133984, "maskOne": 1.0, "GRID.AREA": 18.474136744989408, "REGION.AREA": 59928.662280600729 }, "geometry": { "type": "Polygon", "coordinates": [ [ [ 76.620355993972893, 18.861115862513731 ], [ 76.601532479278092, 18.861114526619847 ], [ 76.601532479278092, 18.81611773163899 ], [ 76.646533773847722, 18.816117748018772 ], [ 76.646533773847722, 18.820048496481348 ], [ 76.64640545724609, 18.82003203914735 ], [ 76.646371687703265, 18.820027715206944 ], [ 76.646105086380715, 18.819993576942068 ], [ 76.645545410392458, 18.820023572929589 ], [ 76.645303439702047, 18.820091351234911 ], [ 76.644886106608567, 18.820208308966357 ], [ 76.644841022695132, 18.821216830292542 ], [ 76.644813268717428, 18.821591240543341 ], [ 76.644805779163448, 18.821692273079975 ], [ 76.644779429926814, 18.82204903233702 ], [ 76.644852537614554, 18.822907073702542 ], [ 76.644873478328407, 18.823152833236691 ], [ 76.644983227993635, 18.824465374877207 ], [ 76.644986792006875, 18.824490194367002 ], [ 76.645109084516719, 18.825342148221637 ], [ 76.645250107206721, 18.826237077978821 ], [ 76.645297240675177, 18.827370664424677 ], [ 76.645359085253631, 18.828996707032445 ], [ 76.645359994468222, 18.829020625401597 ], [ 76.645316272128298, 18.829389851960176 ], [ 76.64525048672067, 18.829945384771747 ], [ 76.645094010979903, 18.830855232483032 ], [ 76.644783060489885, 18.831550349069403 ], [ 76.644415691031384, 18.83232707823214 ], [ 76.644415672145612, 18.832327119600965 ], [ 76.644282137210894, 18.832609452764075 ], [ 76.643953395432902, 18.833206122364682 ], [ 76.643761296646574, 18.833495025075422 ], [ 76.643742172563307, 18.833523786293767 ], [ 76.643655957256669, 18.833653594437862 ], [ 76.643078700421768, 18.834499181991703 ], [ 76.643039125755081, 18.834548918098164 ], [ 76.64296060774592, 18.834647590813688 ], [ 76.642232688387935, 18.835562472929837 ], [ 76.64187886092077, 18.83584933238086 ], [ 76.641829146398038, 18.83588964898814 ], [ 76.64149667693016, 18.836159261240937 ], [ 76.641085744311681, 18.836435402571798 ], [ 76.640275413779364, 18.836979928580892 ], [ 76.639617690104387, 18.837472360461106 ], [ 76.639257579973389, 18.837949797944873 ], [ 76.639207973369309, 18.838233650062929 ], [ 76.639132424022193, 18.838665931687444 ], [ 76.639117810038954, 18.839177230444875 ], [ 76.639110119036843, 18.839446307601065 ], [ 76.639085613410373, 18.840306991174771 ], [ 76.639014026476218, 18.842401903425127 ], [ 76.639108116246632, 18.843237316049343 ], [ 76.63929602149426, 18.843834161017757 ], [ 76.63985821558424, 18.845005302252957 ], [ 76.6403437028996, 18.845736338661141 ], [ 76.64056032350021, 18.845991735330355 ], [ 76.640599996192918, 18.846038510868652 ], [ 76.640672680299986, 18.846124111038936 ], [ 76.640887947420879, 18.8463702734694 ], [ 76.641225163510569, 18.8467557381868 ], [ 76.641224989941406, 18.846755686925466 ], [ 76.641225058289876, 18.84675576426713 ], [ 76.64094372787082, 18.846673883692805 ], [ 76.640781685326601, 18.846626754721001 ], [ 76.640348994510532, 18.84650090898981 ], [ 76.640114875800919, 18.846432833908178 ], [ 76.6389499857533, 18.846069267682594 ], [ 76.638786900894843, 18.846029277529166 ], [ 76.638551821709257, 18.845971696636525 ], [ 76.638348007454624, 18.845921773471105 ], [ 76.63822167339157, 18.845890868269009 ], [ 76.637950878530262, 18.845771700903299 ], [ 76.637720121486495, 18.845670193524658 ], [ 76.637220591257346, 18.845450454974582 ], [ 76.635217623894277, 18.844702011288863 ], [ 76.633692952867534, 18.844132306960432 ], [ 76.633449563946272, 18.844041321649744 ], [ 76.633225632756819, 18.843957642431295 ], [ 76.631873866285957, 18.844998889187423 ], [ 76.631735925572571, 18.845105082033967 ], [ 76.631692195138726, 18.845152580627143 ], [ 76.6313824686261, 18.845489061970682 ], [ 76.630658954147464, 18.846076328259979 ], [ 76.63006485840657, 18.84639722075519 ], [ 76.629601117597531, 18.846647724213145 ], [ 76.629515825894714, 18.846693778495133 ], [ 76.629354399386102, 18.846780988451886 ], [ 76.629354305856566, 18.846781038813958 ], [ 76.629354060341655, 18.846781171913616 ], [ 76.6290150006418, 18.847024990710793 ], [ 76.628899856842963, 18.847087270561133 ], [ 76.628753543441348, 18.847166412699835 ], [ 76.628405333139654, 18.847354759514587 ], [ 76.628155853110172, 18.847616601624907 ], [ 76.627950351727407, 18.847832283333279 ], [ 76.62781081741538, 18.847978729834551 ], [ 76.627686524813328, 18.848109179195319 ], [ 76.627576830006774, 18.848224700709405 ], [ 76.627472083270106, 18.84833500975293 ], [ 76.627373426742281, 18.848438941703819 ], [ 76.626588279925215, 18.849327404436224 ], [ 76.626547615280288, 18.849373419148037 ], [ 76.626543124965281, 18.849378500317584 ], [ 76.626526270770853, 18.849404537489473 ], [ 76.626474325030145, 18.849484794787486 ], [ 76.626291643044965, 18.849767049709609 ], [ 76.625836152616387, 18.850959573225794 ], [ 76.625745840897878, 18.851232789961333 ], [ 76.625719543821958, 18.851312347586823 ], [ 76.625648736599999, 18.851526553507711 ], [ 76.625546766969762, 18.851697651325594 ], [ 76.625519459055852, 18.851743470884514 ], [ 76.625399722419331, 18.851944382127556 ], [ 76.625358839239084, 18.852003338982968 ], [ 76.625316213172766, 18.852064809443451 ], [ 76.625243101887691, 18.852170244161471 ], [ 76.624908465053693, 18.852307928568109 ], [ 76.624891461571735, 18.852314931588865 ], [ 76.624875426659685, 18.852321535310637 ], [ 76.623845811734896, 18.85376934667806 ], [ 76.622960961579182, 18.854985543947745 ], [ 76.622778949588906, 18.855235710159945 ], [ 76.62277116145998, 18.855246413890939 ], [ 76.622771132681692, 18.85524645436044 ], [ 76.622481391802864, 18.85534650663601 ], [ 76.622329569154374, 18.855398939809277 ], [ 76.622287039315495, 18.855413628436281 ], [ 76.622217312179259, 18.855451281251703 ], [ 76.622142649563671, 18.855491600556949 ], [ 76.621881368630341, 18.855632698790089 ], [ 76.621834961814102, 18.855661380868071 ], [ 76.621776167736016, 18.855697719774014 ], [ 76.621610991054482, 18.855799808114682 ], [ 76.621589275125018, 18.855864403719298 ], [ 76.621554355349303, 18.855968282610206 ], [ 76.621516075706381, 18.856082163760902 ], [ 76.621448936819036, 18.85636391236471 ], [ 76.621399823942795, 18.856570005501396 ], [ 76.621383537220538, 18.856675971718744 ], [ 76.621375305725849, 18.856729527245932 ], [ 76.621324242220055, 18.857061744004341 ], [ 76.621285945490058, 18.857310894881948 ], [ 76.620968023455589, 18.858295642629859 ], [ 76.620931442632013, 18.858486801624625 ], [ 76.620845993547846, 18.85893330063135 ], [ 76.620793828372541, 18.859205914821189 ], [ 76.620716471388107, 18.859610143893061 ], [ 76.620474546563116, 18.860565615111117 ], [ 76.620355993972893, 18.861115862513731 ] ] ] } },
{ "type": "Feature", "properties": { "REGION": 2.0, "STATE.NAME": "Maharashtra", "DISTRICT.NAME": "Bid", "DISTRICT.AREA": 10603.290349, "GRID_G0": "174389", "woodland": 0.038257907535286274, "maskWdl": 0.0, "cropland": 0.52446689502365207, "maskCrp": 0.0, "one": 0.41535857715080493, "maskOne": 1.0, "GRID.AREA": 0.87223025985263047, "REGION.AREA": 59928.662280600729 }, "geometry": { "type": "Polygon", "coordinates": [ [ [ 76.646533773847722, 18.820048496481348 ], [ 76.646533773847722, 18.816117748018772 ], [ 76.665399672459344, 18.816119063146676 ], [ 76.665117173518809, 18.81626610199908 ], [ 76.665039050311975, 18.816306774737939 ], [ 76.664739640821836, 18.816402729702251 ], [ 76.664602670476938, 18.816446631906615 ], [ 76.664336508922815, 18.816730147678246 ], [ 76.664317676219866, 18.816974679637781 ], [ 76.66427727147898, 18.817499452937454 ], [ 76.664329294561355, 18.81832230383128 ], [ 76.664371583381921, 18.8189909713563 ], [ 76.66437168320671, 18.81976656107798 ], [ 76.66428323938004, 18.820458671230767 ], [ 76.664277101507082, 18.820506706719186 ], [ 76.664202581883728, 18.820502561743861 ], [ 76.663703188351519, 18.820474669270595 ], [ 76.663063748793036, 18.820438991366416 ], [ 76.662170590700271, 18.820384993372784 ], [ 76.661341458941251, 18.82033489843684 ], [ 76.660354203883458, 18.820235661846368 ], [ 76.659415539195834, 18.820141338252199 ], [ 76.658262424871054, 18.819920867653991 ], [ 76.657526427802452, 18.819697287200089 ], [ 76.656743519397935, 18.819473697752979 ], [ 76.656195543589547, 18.819414104177607 ], [ 76.656051257259776, 18.819417560272257 ], [ 76.655569233233564, 18.819429125553771 ], [ 76.65440088349402, 18.819648892882128 ], [ 76.653774594721824, 18.819887622415877 ], [ 76.65278828754947, 18.820275540483863 ], [ 76.652146394640454, 18.820633517422948 ], [ 76.651207698476583, 18.82116764367186 ], [ 76.6503169712513, 18.821800329321771 ], [ 76.650043807575742, 18.821617428801346 ], [ 76.649823312695787, 18.821469816778688 ], [ 76.649595009901816, 18.821316999480015 ], [ 76.648999934799235, 18.820839754451129 ], [ 76.648981519381664, 18.820831834121918 ], [ 76.648803168531458, 18.820755148931028 ], [ 76.647968441190642, 18.82039611798649 ], [ 76.647561237161426, 18.820276912849295 ], [ 76.64691934605105, 18.820097947762122 ], [ 76.646533773847722, 18.820048496481348 ] ] ] } },
{ "type": "Feature", "properties": { "REGION": 2.0, "STATE.NAME": "Maharashtra", "DISTRICT.NAME": "Bid", "DISTRICT.AREA": 10603.290349, "GRID_G0": "173732", "woodland": 0.004318612998492395, "maskWdl": 0.0, "cropland": 0.51416138886880913, "maskCrp": 0.0, "one": 0.47148232385742866, "maskOne": 1.0, "GRID.AREA": 23.704225355197867, "REGION.AREA": 59928.662280600729 }, "geometry": { "type": "Polygon", "coordinates": [ [ [ 76.331529487172574, 18.771116553512854 ], [ 76.376530775199313, 18.771116551023955 ], [ 76.376530775199313, 18.816117732355035 ], [ 76.331529487172574, 18.816117740718951 ], [ 76.331529487172574, 18.771116553512854 ] ] ] } },
{ "type": "Feature", "properties": { "REGION": 2.0, "STATE.NAME": "Maharashtra", "DISTRICT.NAME": "Bid", "DISTRICT.AREA": 10603.290349, "GRID_G0": "173733", "woodland": 0.029123473543503281, "maskWdl": 0.0, "cropland": 0.32804499671931497, "maskCrp": 0.0, "one": 0.63639677459648269, "maskOne": 1.0, "GRID.AREA": 23.704192154538248, "REGION.AREA": 59928.662280600729 }, "geometry": { "type": "Polygon", "coordinates": [ [ [ 76.376530775199313, 18.771116551023955 ], [ 76.421531972987594, 18.771116560118092 ], [ 76.421531972987594, 18.816117801750575 ], [ 76.376530775199313, 18.816117732355035 ], [ 76.376530775199313, 18.771116551023955 ] ] ] } },
{ "type": "Feature", "properties": { "REGION": 2.0, "STATE.NAME": "Maharashtra", "DISTRICT.NAME": "Bid", "DISTRICT.AREA": 10603.290349, "GRID_G0": "173734", "woodland": 0.0063328412181993237, "maskWdl": 0.0, "cropland": 0.53749220826558985, "maskCrp": 0.0, "one": 0.44279643694404947, "maskOne": 1.0, "GRID.AREA": 23.704258003074553, "REGION.AREA": 59928.662280600729 }, "geometry": { "type": "Polygon", "coordinates": [ [ [ 76.421531972987594, 18.771116560118092 ], [ 76.466533246752277, 18.771116513524671 ], [ 76.466533246752277, 18.81611779292605 ], [ 76.421531972987594, 18.816117801750575 ], [ 76.421531972987594, 18.771116560118092 ] ] ] } },
{ "type": "Feature", "properties": { "REGION": 2.0, "STATE.NAME": "Maharashtra", "DISTRICT.NAME": "Bid", "DISTRICT.AREA": 10603.290349, "GRID_G0": "173735", "woodland": 0.023985857620830619, "maskWdl": 0.0, "cropland": 0.39124100971167819, "maskCrp": 0.0, "one": 0.55887596179086996, "maskOne": 1.0, "GRID.AREA": 23.701866334480414, "REGION.AREA": 59928.662280600729 }, "geometry": { "type": "Polygon", "coordinates": [ [ [ 76.466533246752277, 18.771116513524671 ], [ 76.51152999825247, 18.771116528147367 ], [ 76.51152999825247, 18.81611773338102 ], [ 76.466533246752277, 18.81611779292605 ], [ 76.466533246752277, 18.771116513524671 ] ] ] } },
{ "type": "Feature", "properties": { "REGION": 2.0, "STATE.NAME": "Maharashtra", "DISTRICT.NAME": "Bid", "DISTRICT.AREA": 10603.290349, "GRID_G0": "173736", "woodland": 0.014974853452874713, "maskWdl": 0.0, "cropland": 0.55965641988728532, "maskCrp": 1.0, "one": 0.39453494908311953, "maskOne": 1.0, "GRID.AREA": 23.704267827141663, "REGION.AREA": 59928.662280600729 }, "geometry": { "type": "Polygon", "coordinates": [ [ [ 76.51152999825247, 18.771116528147367 ], [ 76.556531305189836, 18.771116478808707 ], [ 76.556531305189836, 18.816117765542792 ], [ 76.51152999825247, 18.81611773338102 ], [ 76.51152999825247, 18.771116528147367 ] ] ] } },
{ "type": "Feature", "properties": { "REGION": 2.0, "STATE.NAME": "Maharashtra", "DISTRICT.NAME": "Bid", "DISTRICT.AREA": 10603.290349, "GRID_G0": "173737", "woodland": 0.013475251682030712, "maskWdl": 0.0, "cropland": 0.42420428426245305, "maskCrp": 0.0, "one": 0.54987575975176983, "maskOne": 1.0, "GRID.AREA": 23.704211464883244, "REGION.AREA": 59928.662280600729 }, "geometry": { "type": "Polygon", "coordinates": [ [ [ 76.556531305189836, 18.771116478808707 ], [ 76.601532479278092, 18.77111647471596 ], [ 76.601532479278092, 18.81611773163899 ], [ 76.556531305189836, 18.816117765542792 ], [ 76.556531305189836, 18.771116478808707 ] ] ] } },
{ "type": "Feature", "properties": { "REGION": 2.0, "STATE.NAME": "Maharashtra", "DISTRICT.NAME": "Bid", "DISTRICT.AREA": 10603.290349, "GRID_G0": "173062", "woodland": 0.012878786278553978, "maskWdl": 0.0, "cropland": 0.5934112945308061, "maskCrp": 1.0, "one": 0.38362404347785012, "maskOne": 1.0, "GRID.AREA": 7.6130140874298018, "REGION.AREA": 59928.662280600729 }, "geometry": { "type": "Polygon", "coordinates": [ [ [ 75.47653254909001, 18.745400251987515 ], [ 75.47653254909001, 18.771116544911024 ], [ 75.44429447402122, 18.771117623254732 ], [ 75.444299681784969, 18.771062562487316 ], [ 75.444445034710668, 18.76982129391763 ], [ 75.444454609792444, 18.76905308942861 ], [ 75.444463895292586, 18.768308263715426 ], [ 75.444415510867202, 18.767773965695994 ], [ 75.444379620722998, 18.767377362875038 ], [ 75.444358921027458, 18.766953520488642 ], [ 75.444333284953188, 18.766428614089307 ], [ 75.444285834024072, 18.765683012261263 ], [ 75.444006599924705, 18.764823304451966 ], [ 75.44389075555398, 18.764524700754407 ], [ 75.443651834464617, 18.763908845017227 ], [ 75.443548527542589, 18.763396120834386 ], [ 75.443454130203975, 18.762927614517821 ], [ 75.443435985482381, 18.762028766414513 ], [ 75.4435179308079, 18.761812406617306 ], [ 75.443466608297399, 18.761672011654071 ], [ 75.443467762127568, 18.761669059179781 ], [ 75.443551050140911, 18.761716348230948 ], [ 75.443650915357523, 18.761860152524093 ], [ 75.443651854249708, 18.76185774683762 ], [ 75.443661008448828, 18.761834320397611 ], [ 75.443985268905067, 18.762301245705999 ], [ 75.444377368820597, 18.763310645669833 ], [ 75.444869703574, 18.76421232214102 ], [ 75.445290278723462, 18.765203779730712 ], [ 75.445391671888217, 18.765411519526083 ], [ 75.445539309991204, 18.765441707968481 ], [ 75.445862777245452, 18.765285494829751 ], [ 75.446286869643359, 18.764944626593319 ], [ 75.446824065278463, 18.764744406928912 ], [ 75.447004681520866, 18.764682121682597 ], [ 75.446908322760919, 18.764153162038838 ], [ 75.446759871670793, 18.763628382443926 ], [ 75.446762394269115, 18.763221824127925 ], [ 75.446808437759273, 18.762680174150777 ], [ 75.446822063387572, 18.762011745845427 ], [ 75.446968368695309, 18.76137568144259 ], [ 75.447065369571192, 18.761019411416726 ], [ 75.447280920877859, 18.76067734888062 ], [ 75.447344585684164, 18.760343464779112 ], [ 75.447457468587359, 18.75972078768427 ], [ 75.447440408448131, 18.75942260936597 ], [ 75.447262919148443, 18.758992513094029 ], [ 75.446817765527499, 18.758122843494505 ], [ 75.446414433079667, 18.757406867133284 ], [ 75.446556625787707, 18.756653346774556 ], [ 75.446851696948329, 18.755720088811074 ], [ 75.4473921724109, 18.754973331354222 ], [ 75.447810928231831, 18.753982003266916 ], [ 75.448448045740747, 18.752928727179036 ], [ 75.449308887595123, 18.751754631670963 ], [ 75.449519211142729, 18.751489349653813 ], [ 75.449843068702705, 18.751260798646967 ], [ 75.450671930665123, 18.750651171614326 ], [ 75.450729003440813, 18.750622172974939 ], [ 75.450786074417863, 18.750593172536924 ], [ 75.451312646361615, 18.750333431242893 ], [ 75.452332148409994, 18.749830535750679 ], [ 75.452344597725073, 18.749824388884463 ], [ 75.45256572123111, 18.750013686282667 ], [ 75.454900851393234, 18.749957101838842 ], [ 75.457460845341814, 18.749542812051175 ], [ 75.458969849279185, 18.749821989493284 ], [ 75.45902832769525, 18.749832808337487 ], [ 75.459157326449485, 18.749853895640797 ], [ 75.459996614252418, 18.749991081823001 ], [ 75.460004987839966, 18.750017616320008 ], [ 75.460184653499027, 18.750587034663965 ], [ 75.4602066760973, 18.750605593073715 ], [ 75.460222400743248, 18.750618842785396 ], [ 75.460338567970609, 18.751007950656458 ], [ 75.460366832763157, 18.751695297100358 ], [ 75.460371636941545, 18.751812091155159 ], [ 75.460381680570151, 18.751890625352136 ], [ 75.460421351464277, 18.752200856384491 ], [ 75.460645850125957, 18.752571740393538 ], [ 75.46066548772211, 18.752604180738388 ], [ 75.460765352938722, 18.752693117393505 ], [ 75.460976793444331, 18.752881416544199 ], [ 75.461051286987356, 18.752919359840636 ], [ 75.461496764364256, 18.753146263289462 ], [ 75.461600136037532, 18.753167135654849 ], [ 75.461657789775245, 18.753178774680745 ], [ 75.461754840113827, 18.752822537030514 ], [ 75.461836592984412, 18.752735207463896 ], [ 75.46200300353587, 18.752557442072316 ], [ 75.462437322124799, 18.752108155167264 ], [ 75.462843648415685, 18.75180767638318 ], [ 75.463237590142739, 18.751516357194188 ], [ 75.463546654754396, 18.751280624201513 ], [ 75.463790184869197, 18.751094876427427 ], [ 75.464295145204858, 18.750722825997681 ], [ 75.464656377689721, 18.750589329733824 ], [ 75.464686475300653, 18.750589490712457 ], [ 75.464736974032178, 18.750589761408435 ], [ 75.4655171089275, 18.750955406866581 ], [ 75.466240582936621, 18.751324746739726 ], [ 75.466429536793726, 18.75142120892173 ], [ 75.467120102810554, 18.751700530255334 ], [ 75.467446433506154, 18.751842373127094 ], [ 75.467579499894043, 18.75180696771741 ], [ 75.46799325638375, 18.751594911176259 ], [ 75.467998080347172, 18.751592438040632 ], [ 75.468054280780507, 18.751542199213187 ], [ 75.468470065241377, 18.751170513008848 ], [ 75.468627218171662, 18.751049609951565 ], [ 75.468913182797223, 18.750829613296048 ], [ 75.468923471041421, 18.750570777619316 ], [ 75.468872838310915, 18.75042241826003 ], [ 75.468659823991743, 18.749798402074646 ], [ 75.468203947754034, 18.748504417944556 ], [ 75.467923725299727, 18.747727528702512 ], [ 75.467889605021313, 18.747554285102243 ], [ 75.467847679526869, 18.747341400285453 ], [ 75.467873275131581, 18.746546327650947 ], [ 75.468000237820775, 18.746550586840158 ], [ 75.468733922732383, 18.746575223767593 ], [ 75.468736327519537, 18.746575132936073 ], [ 75.469434031455421, 18.746548685673364 ], [ 75.469518660357949, 18.746545477791642 ], [ 75.469737960938176, 18.746530544549046 ], [ 75.470353241109251, 18.746488646034209 ], [ 75.470858875037095, 18.746466191761385 ], [ 75.471228040441758, 18.74644979712048 ], [ 75.471989159172438, 18.746537549368441 ], [ 75.472624619230828, 18.746647822439115 ], [ 75.472970663065738, 18.746667653389522 ], [ 75.473328831560366, 18.746688176817941 ], [ 75.473610916510665, 18.74661574182306 ], [ 75.474419245152092, 18.746378203891023 ], [ 75.47500710409463, 18.746158779204332 ], [ 75.475568853919526, 18.745912323594897 ], [ 75.475863185837397, 18.745785672071175 ], [ 75.476099816353496, 18.745683848131137 ], [ 75.476524040052482, 18.745405847901626 ], [ 75.47653254909001, 18.745400251987515 ] ] ] } },
{ "type": "Feature", "properties": { "REGION": 2.0, "STATE.NAME": "Maharashtra", "DISTRICT.NAME": "Bid", "DISTRICT.AREA": 10603.290349, "GRID_G0": "173082", "woodland": 0.041755042134463141, "maskWdl": 0.0, "cropland": 0.36631025271272066, "maskCrp": 0.0, "one": 0.55277271860966759, "maskOne": 1.0, "GRID.AREA": 23.710602900191979, "REGION.AREA": 59928.662280600729 }, "geometry": { "type": "Polygon", "coordinates": [ [ [ 76.331529487172574, 18.726115274784693 ], [ 76.376530775199313, 18.72611527458815 ], [ 76.376530775199313, 18.771116551023955 ], [ 76.331529487172574, 18.771116553512854 ], [ 76.331529487172574, 18.726115274784693 ] ] ] } },
{ "type": "Feature", "properties": { "REGION": 2.0, "STATE.NAME": "Maharashtra", "DISTRICT.NAME": "Bid", "DISTRICT.AREA": 10603.290349, "GRID_G0": "173083", "woodland": 0.033795778201983713, "maskWdl": 0.0, "cropland": 0.35358007749611886, "maskCrp": 0.0, "one": 0.42130666205732303, "maskOne": 1.0, "GRID.AREA": 23.710548195594395, "REGION.AREA": 59928.662280600729 }, "geometry": { "type": "Polygon", "coordinates": [ [ [ 76.376530775199313, 18.72611527458815 ], [ 76.421531972987594, 18.72611530855967 ], [ 76.421531972987594, 18.771116560118092 ], [ 76.376530775199313, 18.771116551023955 ], [ 76.376530775199313, 18.72611527458815 ] ] ] } },
{ "type": "Feature", "properties": { "REGION": 2.0, "STATE.NAME": "Maharashtra", "DISTRICT.NAME": "Bid", "DISTRICT.AREA": 10603.290349, "GRID_G0": "172413", "woodland": 0.012524374890042772, "maskWdl": 0.0, "cropland": 0.57545760637035648, "maskCrp": 1.0, "one": 0.40658163374076539, "maskOne": 1.0, "GRID.AREA": 0.31145536797183382, "REGION.AREA": 59928.662280600729 }, "geometry": { "type": "Polygon", "coordinates": [ [ [ 75.517147010496785, 18.726115774507871 ], [ 75.501065945528921, 18.726116621266762 ], [ 75.50123241684264, 18.725936995096276 ], [ 75.502376938145233, 18.725604351159916 ], [ 75.503576109449966, 18.724865487052625 ], [ 75.503941771995244, 18.724750018598513 ], [ 75.505187776394848, 18.724088120270608 ], [ 75.505690789698235, 18.724014097972315 ], [ 75.506199059539043, 18.723840627742845 ], [ 75.507371037143685, 18.723679809175906 ], [ 75.507594380176556, 18.723652384350089 ], [ 75.507935648611351, 18.723610499325162 ], [ 75.508859515854056, 18.72371477661568 ], [ 75.509864395825275, 18.723756239858631 ], [ 75.510907082395988, 18.723802334610124 ], [ 75.511299506067417, 18.72398968947266 ], [ 75.512606560044787, 18.724249529692084 ], [ 75.513932999808162, 18.724428150338898 ], [ 75.514917314982142, 18.724744910449321 ], [ 75.515338817332633, 18.724814897489583 ], [ 75.515868002706213, 18.725133903207105 ], [ 75.516627860587349, 18.725729527795522 ], [ 75.517147010496785, 18.726115774507871 ] ] ] } },
{ "type": "Feature", "properties": { "REGION": 2.0, "STATE.NAME": "Maharashtra", "DISTRICT.NAME": "Hingoli", "DISTRICT.AREA": 4890.910828, "GRID_G0": "189338", "woodland": 0.03705309276481536, "maskWdl": 0.0, "cropland": 0.56381104775444191, "maskCrp": 1.0, "one": 0.38285552859875593, "maskOne": 1.0, "GRID.AREA": 3.2011616515212249, "REGION.AREA": 59928.662280600729 }, "geometry": { "type": "Polygon", "coordinates": [ [ [ 76.627133233376313, 19.851116606867638 ], [ 76.646533773847722, 19.851115230210109 ], [ 76.646533773847722, 19.867706523970671 ], [ 76.644819425476157, 19.867771120740656 ], [ 76.642510127440474, 19.867905018102135 ], [ 76.64102896111774, 19.867990905156201 ], [ 76.639047922823408, 19.868120446201655 ], [ 76.638723095794319, 19.868141689987056 ], [ 76.638625201891614, 19.868156339043878 ], [ 76.637691982598994, 19.868296021744076 ], [ 76.635964021622385, 19.868554861018083 ], [ 76.635885946079611, 19.868565361502302 ], [ 76.635018871923478, 19.86868203055133 ], [ 76.634562303207758, 19.86857863549568 ], [ 76.633805874441634, 19.868407370403872 ], [ 76.633307037589759, 19.868225977147173 ], [ 76.633161212520008, 19.868172950421357 ], [ 76.632227886208057, 19.865364205793526 ], [ 76.631928580139913, 19.864584011542945 ], [ 76.63182600796398, 19.86431663950134 ], [ 76.631485667629534, 19.862663725150867 ], [ 76.63119332591134, 19.861250130289307 ], [ 76.630341619370313, 19.858915575693288 ], [ 76.629227242443335, 19.856368939375102 ], [ 76.628112708135006, 19.853506035774956 ], [ 76.627133233376313, 19.851116606867638 ] ] ] } },
{ "type": "Feature", "properties": { "REGION": 2.0, "STATE.NAME": "Maharashtra", "DISTRICT.NAME": "Hingoli", "DISTRICT.AREA": 4890.910828, "GRID_G0": "189339", "woodland": 0.049419825711074367, "maskWdl": 0.0, "cropland": 0.3747686055731545, "maskCrp": 0.0, "one": 0.56833207614030701, "maskOne": 1.0, "GRID.AREA": 2.2916841569239925, "REGION.AREA": 59928.662280600729 }, "geometry": { "type": "MultiPolygon", "coordinates": [ [ [ [ 76.684368668139982, 19.851115994107548 ], [ 76.691530508143785, 19.851115240479558 ], [ 76.691530508143785, 19.869248790405997 ], [ 76.691498258737681, 19.86910978049201 ], [ 76.691258961731762, 19.868608644973055 ], [ 76.690919537806508, 19.868211540330378 ], [ 76.690288445755243, 19.867462423052412 ], [ 76.690029890667006, 19.866852942609288 ], [ 76.68968557353044, 19.866351950981823 ], [ 76.689121679721779, 19.865909864049058 ], [ 76.688877856428007, 19.865634564483628 ], [ 76.688801101090007, 19.865313986751115 ], [ 76.688786264074906, 19.864781073687652 ], [ 76.688995369041095, 19.864017462935632 ], [ 76.689166410201722, 19.863362388663347 ], [ 76.689537225862367, 19.862029534035798 ], [ 76.689922831773345, 19.861125813405636 ], [ 76.689344189083101, 19.860277120492754 ], [ 76.687278166654153, 19.857122164756163 ], [ 76.686277907399585, 19.854973169076516 ], [ 76.68448831408449, 19.851361631134409 ], [ 76.684368668139982, 19.851115994107548 ] ] ], [ [ [ 76.646533773847722, 19.867706523970671 ], [ 76.646533773847722, 19.851115230210109 ], [ 76.664754422428175, 19.851116594220763 ], [ 76.66269738297791, 19.852389786459526 ], [ 76.658681094357064, 19.854766192805581 ], [ 76.658332027001507, 19.854972726610068 ], [ 76.65721660955893, 19.855690246207928 ], [ 76.654577413217112, 19.857387918018048 ], [ 76.654382606572085, 19.858368252792673 ], [ 76.653607495289748, 19.861508045060301 ], [ 76.653277576299161, 19.861786281811529 ], [ 76.653044592534002, 19.861982765692119 ], [ 76.651656282111787, 19.862955116285665 ], [ 76.650958399210822, 19.863526500547607 ], [ 76.650850047092035, 19.863615208774885 ], [ 76.650789381524817, 19.863648952237384 ], [ 76.650782577254176, 19.86365273838322 ], [ 76.650492272500458, 19.863814245830838 ], [ 76.649304879616579, 19.865679082723542 ], [ 76.649200296556501, 19.865843336700664 ], [ 76.647884386055637, 19.86765563250151 ], [ 76.646981016161021, 19.867689669142976 ], [ 76.646533773847722, 19.867706523970671 ] ] ] ] } },
{ "type": "Feature", "properties": { "REGION": 2.0, "STATE.NAME": "Maharashtra", "DISTRICT.NAME": "Hingoli", "DISTRICT.AREA": 4890.910828, "GRID_G0": "188688", "woodland": 0.0053814725285310722, "maskWdl": 0.0, "cropland": 0.50729213260790984, "maskCrp": 0.0, "one": 0.42421727201640064, "maskOne": 1.0, "GRID.AREA": 20.396776987093212, "REGION.AREA": 59928.662280600729 }, "geometry": { "type": "Polygon", "coordinates": [ [ [ 76.601532479278092, 19.806681904295143 ], [ 76.601532479278092, 19.806118441252369 ], [ 76.646533773847722, 19.806118498703629 ], [ 76.646533773847722, 19.851115230210109 ], [ 76.627133233376313, 19.851116606867638 ], [ 76.626065524704259, 19.848511843247024 ], [ 76.625663613185282, 19.847636484536164 ], [ 76.624224590892197, 19.844502221300505 ], [ 76.624066882180898, 19.844219863855699 ], [ 76.623904335117004, 19.843928842342226 ], [ 76.622979907596687, 19.843768779205842 ], [ 76.62250077399159, 19.843685814948461 ], [ 76.622285640869677, 19.843651695569349 ], [ 76.621565065375535, 19.843537413321027 ], [ 76.620270843824414, 19.842707208670788 ], [ 76.61933481594906, 19.842161271625461 ], [ 76.619429650358143, 19.841257827087077 ], [ 76.618546268795342, 19.840951246402938 ], [ 76.617176102195401, 19.840649494178876 ], [ 76.615156102572143, 19.839490059418779 ], [ 76.6130598584258, 19.838312499722122 ], [ 76.612381828058972, 19.837915419361138 ], [ 76.610104507217272, 19.837397253380576 ], [ 76.607285137998758, 19.839914882066182 ], [ 76.605443785102636, 19.841573651902536 ], [ 76.602909684434451, 19.842446769502885 ], [ 76.601532479278092, 19.842914691330456 ], [ 76.601532479278092, 19.816712870858392 ], [ 76.601876250088949, 19.816272422234537 ], [ 76.602095654091215, 19.816028341734636 ], [ 76.602157615581575, 19.81583406748825 ], [ 76.602271942796008, 19.815635291235765 ], [ 76.602639335636866, 19.815323447718981 ], [ 76.602992212520633, 19.814876154610886 ], [ 76.603311681389016, 19.814500987130884 ], [ 76.603745689711843, 19.813994881058992 ], [ 76.604160638702581, 19.813542936657257 ], [ 76.604708959850655, 19.812838050735479 ], [ 76.604875825459033, 19.812467578615895 ], [ 76.605109319139842, 19.811997703531237 ], [ 76.6052570705574, 19.811573025674647 ], [ 76.605333188276063, 19.811211605231446 ], [ 76.60554290388194, 19.810859207686345 ], [ 76.605637743686998, 19.809987440867758 ], [ 76.60545121440208, 19.809341524391868 ], [ 76.60501189558255, 19.808890123180674 ], [ 76.604176227550909, 19.808271763730943 ], [ 76.60332644016313, 19.807639932436985 ], [ 76.602510050898161, 19.807256478603676 ], [ 76.602132912104253, 19.807021846381133 ], [ 76.601532479278092, 19.806681904295143 ] ] ] } },
{ "type": "Feature", "properties": { "REGION": 2.0, "STATE.NAME": "Maharashtra", "DISTRICT.NAME": "Hingoli", "DISTRICT.AREA": 4890.910828, "GRID_G0": "188041", "woodland": 0.0033788118216975501, "maskWdl": 0.0, "cropland": 0.47196582299966772, "maskCrp": 0.0, "one": 0.36220942417555796, "maskOne": 1.0, "GRID.AREA": 23.561316086887199, "REGION.AREA": 59928.662280600729 }, "geometry": { "type": "Polygon", "coordinates": [ [ [ 76.736531834411025, 19.761117219380772 ], [ 76.781533070030974, 19.761117235557055 ], [ 76.781533070030974, 19.806118472522954 ], [ 76.736531834411025, 19.806118469993773 ], [ 76.736531834411025, 19.761117219380772 ] ] ] } },
{ "type": "Feature", "properties": { "REGION": 2.0, "STATE.NAME": "Maharashtra", "DISTRICT.NAME": "Hingoli", "DISTRICT.AREA": 4890.910828, "GRID_G0": "187391", "woodland": 0.019851655897510433, "maskWdl": 0.0, "cropland": 0.25082202936265807, "maskCrp": 0.0, "one": 0.40009749212644075, "maskOne": 1.0, "GRID.AREA": 21.695778376659046, "REGION.AREA": 59928.662280600729 }, "geometry": { "type": "Polygon", "coordinates": [ [ [ 76.781533070030974, 19.733098546214176 ], [ 76.781533070030974, 19.761117235557055 ], [ 76.736531834411025, 19.761117219380772 ], [ 76.736531834411025, 19.732474596113295 ], [ 76.737065931047937, 19.731920641324564 ], [ 76.737437426596045, 19.731513656729931 ], [ 76.737637048211241, 19.731034525822732 ], [ 76.737950742532803, 19.730284296982745 ], [ 76.737968548210006, 19.729385492946161 ], [ 76.737857454058314, 19.728522919896879 ], [ 76.737512851836698, 19.727656142516992 ], [ 76.73682915753966, 19.726586535640138 ], [ 76.736531834411025, 19.726253439954458 ], [ 76.736531834411025, 19.716115928976034 ], [ 76.766568819466727, 19.716117192529669 ], [ 76.766439158740241, 19.716757358465376 ], [ 76.766411721323948, 19.717416899670241 ], [ 76.766637115710353, 19.718211524442328 ], [ 76.768123473819344, 19.720007002021589 ], [ 76.771046935068057, 19.722554575433378 ], [ 76.772183689825454, 19.723994514135541 ], [ 76.772211851196005, 19.724030184845216 ], [ 76.772696044386976, 19.724643506292807 ], [ 76.774602472226377, 19.726492527708047 ], [ 76.775372523922897, 19.727719880168365 ], [ 76.776071869121495, 19.729439772427611 ], [ 76.776618711784195, 19.73039842454773 ], [ 76.776885290623738, 19.730865747356404 ], [ 76.778032123184005, 19.732002369014197 ], [ 76.779488613908484, 19.732953150267747 ], [ 76.781533070030974, 19.733098546214176 ] ] ] } },
{ "type": "Feature", "properties": { "REGION": 2.0, "STATE.NAME": "Maharashtra", "DISTRICT.NAME": "Hingoli", "DISTRICT.AREA": 4890.910828, "GRID_G0": "187392", "woodland": 0.014015284074114398, "maskWdl": 0.0, "cropland": 0.4763930816106256, "maskCrp": 0.0, "one": 0.50166562020854233, "maskOne": 1.0, "GRID.AREA": 22.374157742846013, "REGION.AREA": 59928.662280600729 }, "geometry": { "type": "Polygon", "coordinates": [ [ [ 76.787110267681854, 19.716116566598505 ], [ 76.826534291071354, 19.716115967919603 ], [ 76.826534291071354, 19.761117214943205 ], [ 76.781533070030974, 19.761117235557055 ], [ 76.781533070030974, 19.733098546214176 ], [ 76.781850064528896, 19.733121087867975 ], [ 76.782937186601941, 19.732776075555474 ], [ 76.784246988008135, 19.731717088772655 ], [ 76.785530906026565, 19.729411498641809 ], [ 76.786949541588115, 19.727796807276889 ], [ 76.788096459583983, 19.726340559369362 ], [ 76.78919539335277, 19.724739807496178 ], [ 76.789613147328964, 19.723600864688198 ], [ 76.789920308975127, 19.721987887431112 ], [ 76.789860912351287, 19.720822560312968 ], [ 76.789133521794668, 19.719500363550988 ], [ 76.787607674454648, 19.717108810822992 ], [ 76.787110267681854, 19.716116566598505 ] ] ] } },
{ "type": "Feature", "properties": { "REGION": 2.0, "STATE.NAME": "Maharashtra", "DISTRICT.NAME": "Hingoli", "DISTRICT.AREA": 4890.910828, "GRID_G0": "187393", "woodland": 0.023477879409834868, "maskWdl": 0.0, "cropland": 0.53849941595867312, "maskCrp": 0.0, "one": 0.43045762964119144, "maskOne": 1.0, "GRID.AREA": 23.565627072093864, "REGION.AREA": 59928.662280600729 }, "geometry": { "type": "Polygon", "coordinates": [ [ [ 76.826534291071354, 19.716115967919603 ], [ 76.871531086720481, 19.716116004377803 ], [ 76.871531086720481, 19.761117195743811 ], [ 76.826534291071354, 19.761117214943205 ], [ 76.826534291071354, 19.716115967919603 ] ] ] } },
{ "type": "Feature", "properties": { "REGION": 2.0, "STATE.NAME": "Maharashtra", "DISTRICT.NAME": "Hingoli", "DISTRICT.AREA": 4890.910828, "GRID_G0": "187394", "woodland": 0.032206112295607887, "maskWdl": 0.0, "cropland": 0.49244971153937744, "maskCrp": 0.0, "one": 0.47197248862384256, "maskOne": 1.0, "GRID.AREA": 23.567968875579673, "REGION.AREA": 59928.662280600729 }, "geometry": { "type": "Polygon", "coordinates": [ [ [ 76.871531086720481, 19.716116004377803 ], [ 76.916532331261266, 19.716115931222717 ], [ 76.916532331261266, 19.761117223454288 ], [ 76.871531086720481, 19.761117195743811 ], [ 76.871531086720481, 19.716116004377803 ] ] ] } },
{ "type": "Feature", "properties": { "REGION": 2.0, "STATE.NAME": "Maharashtra", "DISTRICT.NAME": "Hingoli", "DISTRICT.AREA": 4890.910828, "GRID_G0": "186743", "woodland": 0.06642514868601776, "maskWdl": 0.0, "cropland": 0.4965936863373358, "maskCrp": 0.0, "one": 0.39582502828034916, "maskOne": 1.0, "GRID.AREA": 11.61031401222559, "REGION.AREA": 59928.662280600729 }, "geometry": { "type": "Polygon", "coordinates": [ [ [ 76.862138815868121, 19.671115684359226 ], [ 76.871531086720481, 19.671114759340757 ], [ 76.871531086720481, 19.716116004377803 ], [ 76.826534291071354, 19.716115967919603 ], [ 76.826534291071354, 19.705286418489433 ], [ 76.828925697562966, 19.704436383832107 ], [ 76.834827747602503, 19.703300850354026 ], [ 76.837902785984866, 19.702775550051626 ], [ 76.838570278095915, 19.702661536700589 ], [ 76.840931022748578, 19.702643524179337 ], [ 76.842709463570941, 19.703037802252823 ], [ 76.842830113918694, 19.703064549889117 ], [ 76.844856709169846, 19.704671210308163 ], [ 76.844927374298948, 19.70472723177636 ], [ 76.846580387574875, 19.7060474896 ], [ 76.847836753063746, 19.706993651036214 ], [ 76.847836789935968, 19.706993679814502 ], [ 76.84807285387916, 19.706979400379055 ], [ 76.849148248792687, 19.70691434522092 ], [ 76.849915536872572, 19.706637288380197 ], [ 76.850919450971958, 19.70554684421154 ], [ 76.851241702342747, 19.704890753705346 ], [ 76.85150348959445, 19.704357759702873 ], [ 76.851892347453941, 19.702541363892863 ], [ 76.852608262661249, 19.699197305011698 ], [ 76.854060284654452, 19.693706630956285 ], [ 76.854475873962485, 19.691853918723439 ], [ 76.856577778441775, 19.689139673057529 ], [ 76.857832752679428, 19.68731233969277 ], [ 76.858915830501246, 19.685404079035095 ], [ 76.859762642032365, 19.682398803761828 ], [ 76.860484148324815, 19.680915744366132 ], [ 76.862064214891689, 19.679124118583275 ], [ 76.862515259071998, 19.678612670538374 ], [ 76.863834988993631, 19.676003808329142 ], [ 76.863721509839877, 19.674310233830283 ], [ 76.863534293472924, 19.673438869907955 ], [ 76.863437212557372, 19.672987353583551 ], [ 76.862962711360126, 19.671931370536356 ], [ 76.862138815868121, 19.671115684359226 ] ] ] } },
{ "type": "Feature", "properties": { "REGION": 2.0, "STATE.NAME": "Maharashtra", "DISTRICT.NAME": "Hingoli", "DISTRICT.AREA": 4890.910828, "GRID_G0": "186744", "woodland": 0.047179568544162533, "maskWdl": 0.0, "cropland": 0.4182405856770729, "maskCrp": 0.0, "one": 0.52831322971737071, "maskOne": 1.0, "GRID.AREA": 23.574585746738904, "REGION.AREA": 59928.662280600729 }, "geometry": { "type": "Polygon", "coordinates": [ [ [ 76.871531086720481, 19.671114759340757 ], [ 76.916532331261266, 19.671114760408958 ], [ 76.916532331261266, 19.716115931222717 ], [ 76.871531086720481, 19.716116004377803 ], [ 76.871531086720481, 19.671114759340757 ] ] ] } },
{ "type": "Feature", "properties": { "REGION": 2.0, "STATE.NAME": "Maharashtra", "DISTRICT.NAME": "Hingoli", "DISTRICT.AREA": 4890.910828, "GRID_G0": "186745", "woodland": 0.058579028169221045, "maskWdl": 0.0, "cropland": 0.30872725677797846, "maskCrp": 0.0, "one": 0.63021144965236509, "maskOne": 1.0, "GRID.AREA": 23.574606562565293, "REGION.AREA": 59928.662280600729 }, "geometry": { "type": "Polygon", "coordinates": [ [ [ 76.916532331261266, 19.671114760408958 ], [ 76.961533611786464, 19.671114711391731 ], [ 76.961533611786464, 19.716115963917691 ], [ 76.916532331261266, 19.716115931222717 ], [ 76.916532331261266, 19.671114760408958 ] ] ] } },
{ "type": "Feature", "properties": { "REGION": 2.0, "STATE.NAME": "Maharashtra", "DISTRICT.NAME": "Hingoli", "DISTRICT.AREA": 4890.910828, "GRID_G0": "186746", "woodland": 0.014832330540336666, "maskWdl": 0.0, "cropland": 0.4222928075852832, "maskCrp": 0.0, "one": 0.55739167823275715, "maskOne": 1.0, "GRID.AREA": 23.572238344584669, "REGION.AREA": 59928.662280600729 }, "geometry": { "type": "Polygon", "coordinates": [ [ [ 76.961533611786464, 19.671114711391731 ], [ 77.006530345884684, 19.671114731651542 ], [ 77.006530345884684, 19.71611595399899 ], [ 76.961533611786464, 19.716115963917691 ], [ 76.961533611786464, 19.671114711391731 ] ] ] } },
{ "type": "Feature", "properties": { "REGION": 2.0, "STATE.NAME": "Maharashtra", "DISTRICT.NAME": "Hingoli", "DISTRICT.AREA": 4890.910828, "GRID_G0": "186092", "woodland": 0.023408614191953992, "maskWdl": 0.0, "cropland": 0.56399696902293828, "maskCrp": 1.0, "one": 0.39919730575601042, "maskOne": 1.0, "GRID.AREA": 0.04051689889007213, "REGION.AREA": 59928.662280600729 }, "geometry": { "type": "MultiPolygon", "coordinates": [ [ [ [ 76.79529546438431, 19.671115919461329 ], [ 76.79074741184786, 19.671115638143224 ], [ 76.791120161066658, 19.670953503501433 ], [ 76.791153482747063, 19.670938968658504 ], [ 76.791263675778055, 19.670891080658922 ], [ 76.791398928417891, 19.670837941517849 ], [ 76.792016404733374, 19.670596255013209 ], [ 76.792016497363534, 19.670596258610484 ], [ 76.793556941599604, 19.670702187955673 ], [ 76.79529546438431, 19.671115919461329 ] ] ], [ [ [ 76.821999119269464, 19.67111526277133 ], [ 76.818000263196808, 19.671115612256429 ], [ 76.818154182869307, 19.67101032446698 ], [ 76.818315432211477, 19.670900004631566 ], [ 76.81851444678432, 19.67076384817312 ], [ 76.819629309345203, 19.670287695820551 ], [ 76.821193842821629, 19.670551458882755 ], [ 76.821999119269464, 19.67111526277133 ] ] ] ] } },
{ "type": "Feature", "properties": { "REGION": 2.0, "STATE.NAME": "Maharashtra", "DISTRICT.NAME": "Hingoli", "DISTRICT.AREA": 4890.910828, "GRID_G0": "186093", "woodland": 0.060949541531231881, "maskWdl": 0.0, "cropland": 0.44572610651302663, "maskCrp": 0.0, "one": 0.42470649429330443, "maskOne": 1.0, "GRID.AREA": 5.7509705464200804, "REGION.AREA": 59928.662280600729 }, "geometry": { "type": "MultiPolygon", "coordinates": [ [ [ [ 76.868499164920223, 19.626118262393099 ], [ 76.871531086720481, 19.626117908495068 ], [ 76.871531086720481, 19.633122761985224 ], [ 76.871411525421593, 19.63297251377054 ], [ 76.870117689679716, 19.631346562893611 ], [ 76.869813075812829, 19.630750753944202 ], [ 76.869361069357922, 19.629866640333262 ], [ 76.869035756694871, 19.629283395812138 ], [ 76.868676590852033, 19.628639448851512 ], [ 76.86838230929618, 19.627395309645863 ], [ 76.868363690631895, 19.627316599181768 ], [ 76.868416366622057, 19.626850764751058 ], [ 76.868423674513053, 19.626786116086468 ], [ 76.868499164920223, 19.626118262393099 ] ] ], [ [ [ 76.871531086720481, 19.644718435144398 ], [ 76.871531086720481, 19.671114759340757 ], [ 76.862138815868121, 19.671115684359226 ], [ 76.861323537751105, 19.670308517823912 ], [ 76.859481058004462, 19.669440509272135 ], [ 76.857523947072536, 19.668518501827464 ], [ 76.854950726794641, 19.66704197870439 ], [ 76.851792799697989, 19.664270251970603 ], [ 76.850520821079101, 19.662565376590919 ], [ 76.850453320664258, 19.662190660570559 ], [ 76.850207075496201, 19.660822512049325 ], [ 76.850364080038332, 19.659619143608666 ], [ 76.850478560137503, 19.658741532096084 ], [ 76.850535401787397, 19.658305958952891 ], [ 76.850785669623008, 19.657167258961863 ], [ 76.85075765843925, 19.656240372695091 ], [ 76.850708537469075, 19.654615347220556 ], [ 76.850708237994866, 19.654611577262528 ], [ 76.850696330071628, 19.654453555587168 ], [ 76.85067785619816, 19.654208705267592 ], [ 76.850644716180739, 19.653769456595171 ], [ 76.850536729186786, 19.652339153229377 ], [ 76.850436908036954, 19.651293852329445 ], [ 76.850395252339084, 19.650857937443902 ], [ 76.85039524964111, 19.650857845713062 ], [ 76.850435370196237, 19.650730974754708 ], [ 76.850935074893869, 19.649149529527222 ], [ 76.851229415804937, 19.648439394262713 ], [ 76.851461590180293, 19.647879173285276 ], [ 76.851622987011297, 19.647749085452006 ], [ 76.852775143558063, 19.646819800693322 ], [ 76.852858701368007, 19.646785267626058 ], [ 76.854389827728426, 19.646152648525973 ], [ 76.854445969705807, 19.646138344808829 ], [ 76.85637208820134, 19.645647431883503 ], [ 76.859408469225514, 19.645749632639479 ], [ 76.859414033331007, 19.645749819698491 ], [ 76.859414081894457, 19.645749820597818 ], [ 76.859607515274661, 19.645779606143943 ], [ 76.861789083499445, 19.646115438176988 ], [ 76.865127449672116, 19.646569445623474 ], [ 76.866462774737329, 19.646566760247822 ], [ 76.866660786566115, 19.646566354653601 ], [ 76.866915309993601, 19.646565838442768 ], [ 76.867863414864757, 19.646301872133737 ], [ 76.86876967877771, 19.646122777544178 ], [ 76.869340692519017, 19.646009899137592 ], [ 76.870764854414574, 19.645397192826238 ], [ 76.871531086720481, 19.644718435144398 ] ] ] ] } },
{ "type": "Feature", "properties": { "REGION": 2.0, "STATE.NAME": "Maharashtra", "DISTRICT.NAME": "Hingoli", "DISTRICT.AREA": 4890.910828, "GRID_G0": "186095", "woodland": 0.038736390317343154, "maskWdl": 0.0, "cropland": 0.32410602206276179, "maskCrp": 0.0, "one": 0.51453036593904877, "maskOne": 1.0, "GRID.AREA": 23.578925647197597, "REGION.AREA": 59928.662280600729 }, "geometry": { "type": "Polygon", "coordinates": [ [ [ 76.916532331261266, 19.626117892230393 ], [ 76.961533611786464, 19.626117937175561 ], [ 76.961533611786464, 19.671114711391731 ], [ 76.916532331261266, 19.671114760408958 ], [ 76.916532331261266, 19.626117892230393 ] ] ] } },
{ "type": "Feature", "properties": { "REGION": 2.0, "STATE.NAME": "Maharashtra", "DISTRICT.NAME": "Hingoli", "DISTRICT.AREA": 4890.910828, "GRID_G0": "186096", "woodland": 0.042580446398478605, "maskWdl": 0.0, "cropland": 0.37015839839168685, "maskCrp": 0.0, "one": 0.58404457354721739, "maskOne": 1.0, "GRID.AREA": 23.576534956424954, "REGION.AREA": 59928.662280600729 }, "geometry": { "type": "Polygon", "coordinates": [ [ [ 76.961533611786464, 19.626117937175561 ], [ 77.006530345884684, 19.626117896071353 ], [ 77.006530345884684, 19.671114731651542 ], [ 76.961533611786464, 19.671114711391731 ], [ 76.961533611786464, 19.626117937175561 ] ] ] } },
{ "type": "Feature", "properties": { "REGION": 2.0, "STATE.NAME": "Maharashtra", "DISTRICT.NAME": "Hingoli", "DISTRICT.AREA": 4890.910828, "GRID_G0": "186097", "woodland": 0.0077364589271452953, "maskWdl": 0.0, "cropland": 0.61428638077223485, "maskCrp": 1.0, "one": 0.37400761987559733, "maskOne": 1.0, "GRID.AREA": 23.578892409488002, "REGION.AREA": 59928.662280600729 }, "geometry": { "type": "Polygon", "coordinates": [ [ [ 77.006530345884684, 19.626117896071353 ], [ 77.051531573248397, 19.626117904610723 ], [ 77.051531573248397, 19.671114690868428 ], [ 77.006530345884684, 19.671114731651542 ], [ 77.006530345884684, 19.626117896071353 ] ] ] } },
{ "type": "Feature", "properties": { "REGION": 2.0, "STATE.NAME": "Maharashtra", "DISTRICT.NAME": "Hingoli", "DISTRICT.AREA": 4890.910828, "GRID_G0": "185443", "woodland": 0.03386099934783425, "maskWdl": 0.0, "cropland": 0.40731369564567166, "maskCrp": 0.0, "one": 0.53523520489067167, "maskOne": 1.0, "GRID.AREA": 0.076390750139462768, "REGION.AREA": 59928.662280600729 }, "geometry": { "type": "Polygon", "coordinates": [ [ [ 76.871531086720481, 19.623079046203127 ], [ 76.871531086720481, 19.626117908495068 ], [ 76.868499164920223, 19.626118262393099 ], [ 76.868555232737833, 19.62562223417882 ], [ 76.869280114185983, 19.624432902356602 ], [ 76.86936271511729, 19.624297350242557 ], [ 76.86942552107098, 19.624241186681445 ], [ 76.869649186960487, 19.624041135190282 ], [ 76.870309385569726, 19.623450766239902 ], [ 76.870879802161198, 19.623277159313488 ], [ 76.871510091117841, 19.623085434645134 ], [ 76.871531086720481, 19.623079046203127 ] ] ] } },
{ "type": "Feature", "properties": { "REGION": 2.0, "STATE.NAME": "Maharashtra", "DISTRICT.NAME": "Hingoli", "DISTRICT.AREA": 4890.910828, "GRID_G0": "185444", "woodland": 0.036639091276266036, "maskWdl": 0.0, "cropland": 0.44072497690816836, "maskCrp": 0.0, "one": 0.39232240841602811, "maskOne": 1.0, "GRID.AREA": 3.051432724164354, "REGION.AREA": 59928.662280600729 }, "geometry": { "type": "MultiPolygon", "coordinates": [ [ [ [ 76.890215081189666, 19.581118059579079 ], [ 76.916532331261266, 19.58111668286211 ], [ 76.916532331261266, 19.598536041841434 ], [ 76.915636340844515, 19.598582036731671 ], [ 76.915468915857844, 19.598563302054803 ], [ 76.914844915860215, 19.598493483187724 ], [ 76.914321024795527, 19.598116820135203 ], [ 76.913980643092259, 19.597872093022715 ], [ 76.913504978172284, 19.597377278838394 ], [ 76.913053517605817, 19.596907640275447 ], [ 76.912916785581274, 19.596764492487406 ], [ 76.912140820842239, 19.5959521150981 ], [ 76.91214079566123, 19.59595206113875 ], [ 76.911874474927117, 19.595389676392529 ], [ 76.911786148012368, 19.595203158798771 ], [ 76.911161773896822, 19.593316524138345 ], [ 76.91077709158958, 19.592919273805478 ], [ 76.910507165473348, 19.592640527138656 ], [ 76.909217454921645, 19.591768557972614 ], [ 76.909195095077621, 19.591753440369018 ], [ 76.908482897667625, 19.591271916365887 ], [ 76.905562423966728, 19.589805951283665 ], [ 76.90404639902215, 19.590255494495526 ], [ 76.903290815618675, 19.590479538999602 ], [ 76.903290724787155, 19.590479565079931 ], [ 76.902863142120395, 19.589080299116574 ], [ 76.903031920586727, 19.589032137723049 ], [ 76.903182236870805, 19.58898924365872 ], [ 76.902807313107076, 19.58773440162139 ], [ 76.902717621021452, 19.586167200755764 ], [ 76.90262609881546, 19.585769919845973 ], [ 76.902578897897854, 19.585614118596762 ], [ 76.902280141315558, 19.58462797600032 ], [ 76.902182523504734, 19.584436388928282 ], [ 76.902155848713505, 19.584384041190621 ], [ 76.902050256614132, 19.584176803216963 ], [ 76.899713090386854, 19.583418591095157 ], [ 76.897237782897434, 19.582611052957759 ], [ 76.894119878329775, 19.582148028009161 ], [ 76.892942437343663, 19.582024076250153 ], [ 76.890214618210109, 19.581280238891964 ], [ 76.890215081189666, 19.581118059579079 ] ] ], [ [ [ 76.916532331261266, 19.618442767951013 ], [ 76.916532331261266, 19.626117892230393 ], [ 76.911829909485306, 19.626118417112917 ], [ 76.911596457610472, 19.625543322266541 ], [ 76.910843409395909, 19.623733683962371 ], [ 76.910361846721912, 19.621855719665803 ], [ 76.911406413775012, 19.62017314567419 ], [ 76.913409969294719, 19.618899371109141 ], [ 76.915754504566792, 19.618604940265811 ], [ 76.916532331261266, 19.618442767951013 ] ] ], [ [ [ 76.883538357212373, 19.626118997906548 ], [ 76.871531086720481, 19.626117908495068 ], [ 76.871531086720481, 19.623079046203127 ], [ 76.872805542042215, 19.622691255497102 ], [ 76.873797020316317, 19.622608245374295 ], [ 76.875248500018301, 19.622486663328917 ], [ 76.875736568387993, 19.62244574507514 ], [ 76.877016177754456, 19.622682021258303 ], [ 76.877019260630448, 19.622682590529166 ], [ 76.879255817901708, 19.622944329217489 ], [ 76.879729159872909, 19.623173986390384 ], [ 76.880926246549109, 19.623754649857233 ], [ 76.881045314090045, 19.623812321581454 ], [ 76.882681810417296, 19.625326520902263 ], [ 76.883538357212373, 19.626118997906548 ] ] ] ] } },
{ "type": "Feature", "properties": { "REGION": 2.0, "STATE.NAME": "Maharashtra", "DISTRICT.NAME": "Hingoli", "DISTRICT.AREA": 4890.910828, "GRID_G0": "185447", "woodland": 0.023388240804902101, "maskWdl": 0.0, "cropland": 0.28071770073553293, "maskCrp": 0.0, "one": 0.69148808878464396, "maskOne": 1.0, "GRID.AREA": 23.587800575984929, "REGION.AREA": 59928.662280600729 }, "geometry": { "type": "Polygon", "coordinates": [ [ [ 77.006530345884684, 19.581116711979419 ], [ 77.051531573248397, 19.581116677104895 ], [ 77.051531573248397, 19.626117904610723 ], [ 77.006530345884684, 19.626117896071353 ], [ 77.006530345884684, 19.581116711979419 ] ] ] } },
{ "type": "Feature", "properties": { "REGION": 2.0, "STATE.NAME": "Maharashtra", "DISTRICT.NAME": "Hingoli", "DISTRICT.AREA": 4890.910828, "GRID_G0": "185450", "woodland": 0.14505274190523101, "maskWdl": 0.0, "cropland": 0.47809237726440562, "maskCrp": 0.0, "one": 0.37191280903987778, "maskOne": 1.0, "GRID.AREA": 23.585490131511772, "REGION.AREA": 59928.662280600729 }, "geometry": { "type": "Polygon", "coordinates": [ [ [ 77.141534092209227, 19.581116677626312 ], [ 77.186530881566128, 19.581116674957304 ], [ 77.186530881566128, 19.626117898989669 ], [ 77.141534092209227, 19.626117925395562 ], [ 77.141534092209227, 19.581116677626312 ] ] ] } },
{ "type": "Feature", "properties": { "REGION": 2.0, "STATE.NAME": "Maharashtra", "DISTRICT.NAME": "Hingoli", "DISTRICT.AREA": 4890.910828, "GRID_G0": "184797", "woodland": 0.061691629017340481, "maskWdl": 0.0, "cropland": 0.491162469190005, "maskCrp": 0.0, "one": 0.4141870221522691, "maskOne": 1.0, "GRID.AREA": 23.59440913249113, "REGION.AREA": 59928.662280600729 }, "geometry": { "type": "Polygon", "coordinates": [ [ [ 77.006530345884684, 19.536115451341445 ], [ 77.051531573248397, 19.536115459056099 ], [ 77.051531573248397, 19.581116677104895 ], [ 77.006530345884684, 19.581116711979419 ], [ 77.006530345884684, 19.536115451341445 ] ] ] } },
{ "type": "Feature", "properties": { "REGION": 2.0, "STATE.NAME": "Maharashtra", "DISTRICT.NAME": "Hingoli", "DISTRICT.AREA": 4890.910828, "GRID_G0": "184799", "woodland": 0.098293990761531808, "maskWdl": 0.0, "cropland": 0.51531092548754986, "maskCrp": 0.0, "one": 0.36989415820151428, "maskOne": 1.0, "GRID.AREA": 23.594400640525457, "REGION.AREA": 59928.662280600729 }, "geometry": { "type": "Polygon", "coordinates": [ [ [ 77.096532885086603, 19.536115424887392 ], [ 77.141534092209227, 19.536115433203804 ], [ 77.141534092209227, 19.581116677626312 ], [ 77.096532885086603, 19.581116667227203 ], [ 77.096532885086603, 19.536115424887392 ] ] ] } },
{ "type": "Feature", "properties": { "REGION": 2.0, "STATE.NAME": "Maharashtra", "DISTRICT.NAME": "Hingoli", "DISTRICT.AREA": 4890.910828, "GRID_G0": "184147", "woodland": 0.08675729585124041, "maskWdl": 0.0, "cropland": 0.5111578450771681, "maskCrp": 0.0, "one": 0.3554172308079725, "maskOne": 1.0, "GRID.AREA": 23.601005473444758, "REGION.AREA": 59928.662280600729 }, "geometry": { "type": "Polygon", "coordinates": [ [ [ 77.006530345884684, 19.491114198812145 ], [ 77.051531573248397, 19.491114156945425 ], [ 77.051531573248397, 19.536115459056099 ], [ 77.006530345884684, 19.536115451341445 ], [ 77.006530345884684, 19.491114198812145 ] ] ] } },
{ "type": "Feature", "properties": { "REGION": 2.0, "STATE.NAME": "Maharashtra", "DISTRICT.NAME": "Hingoli", "DISTRICT.AREA": 4890.910828, "GRID_G0": "184148", "woodland": 0.11307329755454769, "maskWdl": 0.0, "cropland": 0.33282200575376308, "maskCrp": 0.0, "one": 0.54544696950043192, "maskOne": 1.0, "GRID.AREA": 23.6010465984217, "REGION.AREA": 59928.662280600729 }, "geometry": { "type": "Polygon", "coordinates": [ [ [ 77.051531573248397, 19.491114156945425 ], [ 77.096532885086603, 19.49111418448264 ], [ 77.096532885086603, 19.536115424887392 ], [ 77.051531573248397, 19.536115459056099 ], [ 77.051531573248397, 19.491114156945425 ] ] ] } },
{ "type": "Feature", "properties": { "REGION": 2.0, "STATE.NAME": "Maharashtra", "DISTRICT.NAME": "Hingoli", "DISTRICT.AREA": 4890.910828, "GRID_G0": "184149", "woodland": 0.14171492410593181, "maskWdl": 0.0, "cropland": 0.39293859181592616, "maskCrp": 0.0, "one": 0.46195246928135658, "maskOne": 1.0, "GRID.AREA": 23.600976849729296, "REGION.AREA": 59928.662280600729 }, "geometry": { "type": "Polygon", "coordinates": [ [ [ 77.096532885086603, 19.49111418448264 ], [ 77.141534092209227, 19.491114187648073 ], [ 77.141534092209227, 19.536115433203804 ], [ 77.096532885086603, 19.536115424887392 ], [ 77.096532885086603, 19.49111418448264 ] ] ] } },
{ "type": "Feature", "properties": { "REGION": 2.0, "STATE.NAME": "Maharashtra", "DISTRICT.NAME": "Hingoli", "DISTRICT.AREA": 4890.910828, "GRID_G0": "183501", "woodland": 0.14649136756336878, "maskWdl": 0.0, "cropland": 0.44824742744660101, "maskCrp": 0.0, "one": 0.40022350795091277, "maskOne": 1.0, "GRID.AREA": 23.60521912515636, "REGION.AREA": 59928.662280600729 }, "geometry": { "type": "Polygon", "coordinates": [ [ [ 77.186530881566128, 19.44611744171009 ], [ 77.231532102881161, 19.446117387806947 ], [ 77.231532102881161, 19.491114221750252 ], [ 77.186530881566128, 19.491114223302286 ], [ 77.186530881566128, 19.44611744171009 ] ] ] } },
{ "type": "Feature", "properties": { "REGION": 2.0, "STATE.NAME": "Maharashtra", "DISTRICT.NAME": "Jalna", "DISTRICT.AREA": 7675.762872, "GRID_G0": "199071", "woodland": 0.043995521663922579, "maskWdl": 0.0, "cropland": 0.15099904210473372, "maskCrp": 0.0, "one": 0.79779938657869653, "maskOne": 1.0, "GRID.AREA": 2.9871268602063306, "REGION.AREA": 59928.662280600729 }, "geometry": { "type": "MultiPolygon", "coordinates": [ [ [ [ 75.865261066766578, 20.526117464541738 ], [ 75.87783366211498, 20.526116575992617 ], [ 75.87732737305987, 20.526351650907998 ], [ 75.876966529082111, 20.526519190108555 ], [ 75.875694762703176, 20.526748604464558 ], [ 75.874634813645798, 20.526939801230867 ], [ 75.871872333741294, 20.527164603863412 ], [ 75.870984639929247, 20.528507262899893 ], [ 75.868073953550152, 20.527471403082814 ], [ 75.867522783349841, 20.527288911753946 ], [ 75.865646538556973, 20.52666766997703 ], [ 75.865261066766578, 20.526117464541738 ] ] ], [ [ [ 75.85969347627298, 20.560829213797206 ], [ 75.859856639372481, 20.560507067647112 ], [ 75.859859475834185, 20.560502331817194 ], [ 75.860934663903663, 20.558706669876983 ], [ 75.860934853660638, 20.558706327235257 ], [ 75.861475876810346, 20.557728675138321 ], [ 75.861548147229257, 20.557647647121257 ], [ 75.86155023455575, 20.557644486004278 ], [ 75.861726640172378, 20.557377327102017 ], [ 75.861816740550182, 20.557247341791424 ], [ 75.861992057987152, 20.556994415559871 ], [ 75.862201022659121, 20.556688817834694 ], [ 75.862247719956372, 20.556620526016502 ], [ 75.8622624526501, 20.556530222391928 ], [ 75.862277333732038, 20.556403861349171 ], [ 75.862272260656368, 20.556370800472113 ], [ 75.862263451796935, 20.556313410235759 ], [ 75.862246522958742, 20.556243344954453 ], [ 75.863063441924353, 20.555313814680858 ], [ 75.86312867245033, 20.555295211305008 ], [ 75.863188409017951, 20.555278173648844 ], [ 75.863298986059419, 20.555215271467659 ], [ 75.863436587728415, 20.555116623933088 ], [ 75.863505699728307, 20.555067078482921 ], [ 75.863929463873717, 20.554639602835437 ], [ 75.864999484438727, 20.553302200336301 ], [ 75.865223641358, 20.553122050842035 ], [ 75.865447005974602, 20.552942538067725 ], [ 75.86549064557687, 20.552903668469582 ], [ 75.865961981160581, 20.552483819073018 ], [ 75.866797854237632, 20.551557600103195 ], [ 75.866930113933677, 20.551421514691185 ], [ 75.867359131019157, 20.550881111174419 ], [ 75.867654063684142, 20.550308573981571 ], [ 75.867995780880619, 20.549971187920054 ], [ 75.868152665812943, 20.54970849325241 ], [ 75.868540661222596, 20.549241525675942 ], [ 75.86867547589253, 20.549124642588257 ], [ 75.869008002917056, 20.548705766258138 ], [ 75.869239583739841, 20.548354385846267 ], [ 75.869606360545163, 20.547804714815815 ], [ 75.869977352472915, 20.547345408563785 ], [ 75.870180145996983, 20.547011909372145 ], [ 75.871014726748285, 20.54578204870262 ], [ 75.871399573631493, 20.545467282389211 ], [ 75.871674392958937, 20.545106976206053 ], [ 75.871973389660241, 20.544679073380561 ], [ 75.872320449729045, 20.544228762147728 ], [ 75.873192630235735, 20.543170495721824 ], [ 75.873949313510082, 20.542220353886254 ], [ 75.874271367030019, 20.542027309013182 ], [ 75.874511769302785, 20.541865682855022 ], [ 75.874805454608122, 20.541564032254318 ], [ 75.875291977942481, 20.541028420325404 ], [ 75.875552137421266, 20.540708733821074 ], [ 75.875865962144488, 20.540176910735909 ], [ 75.876839598768527, 20.538906890840394 ], [ 75.877327024122906, 20.538214543266633 ], [ 75.877379717200256, 20.538154536003105 ], [ 75.877543677099084, 20.537906802457027 ], [ 75.878183938637903, 20.537087618099118 ], [ 75.878266532374653, 20.53700612603194 ], [ 75.878483540582977, 20.53670429017092 ], [ 75.878799394176781, 20.535675736446141 ], [ 75.878987372269478, 20.535428020886513 ], [ 75.879396093455, 20.535113346303945 ], [ 75.879636814087746, 20.534874811023769 ], [ 75.879776794463567, 20.534663030574453 ], [ 75.879858958324348, 20.534482774060848 ], [ 75.879883782310742, 20.534284102129678 ], [ 75.879855805301261, 20.534071739819012 ], [ 75.879775704485212, 20.533732732279816 ], [ 75.879736072262006, 20.532860986145636 ], [ 75.880956388426625, 20.53223307679508 ], [ 75.881187355911777, 20.532044226360028 ], [ 75.881530348573008, 20.531719075503815 ], [ 75.881530348573008, 20.560380604650597 ], [ 75.879717789044776, 20.559976473935194 ], [ 75.878210715951809, 20.559085962547154 ], [ 75.877120351822839, 20.558368480720848 ], [ 75.876080377607423, 20.555867151348028 ], [ 75.874870900072054, 20.552611172967318 ], [ 75.867624465196968, 20.557489333166245 ], [ 75.86575530076658, 20.558385697342093 ], [ 75.862882233028699, 20.559711968032957 ], [ 75.862880529712754, 20.559712548994984 ], [ 75.859695093254004, 20.560828643627076 ], [ 75.85969347627298, 20.560829213797206 ] ] ] ] } },
{ "type": "Feature", "properties": { "REGION": 2.0, "STATE.NAME": "Maharashtra", "DISTRICT.NAME": "Jalna", "DISTRICT.AREA": 7675.762872, "GRID_G0": "199072", "woodland": 0.051500879963527132, "maskWdl": 0.0, "cropland": 0.35726359145613801, "maskCrp": 0.0, "one": 0.59074881812371338, "maskOne": 1.0, "GRID.AREA": 15.309220083920561, "REGION.AREA": 59928.662280600729 }, "geometry": { "type": "Polygon", "coordinates": [ [ [ 75.881530348573008, 20.560380604650597 ], [ 75.881530348573008, 20.531719075503815 ], [ 75.882226854385863, 20.531058794228045 ], [ 75.882658888696824, 20.530911390848072 ], [ 75.8826589912195, 20.530911356673808 ], [ 75.882663907813139, 20.530813370140947 ], [ 75.882669394576965, 20.530703628569654 ], [ 75.882727898174039, 20.530464479052512 ], [ 75.882799348411254, 20.530251622114751 ], [ 75.882892932762672, 20.529972826884489 ], [ 75.883203045084542, 20.529151928418798 ], [ 75.883367936680997, 20.528669314437366 ], [ 75.883408649889375, 20.52842757847003 ], [ 75.883431802935434, 20.528290108102055 ], [ 75.883418762765757, 20.527964895263779 ], [ 75.883399014552936, 20.527858651155896 ], [ 75.883338967719226, 20.527535561616901 ], [ 75.883293524976239, 20.527427430731393 ], [ 75.883224942677032, 20.527264233457686 ], [ 75.883154632780133, 20.52712498782796 ], [ 75.883049023593628, 20.526915829801734 ], [ 75.882752537799433, 20.526725068307314 ], [ 75.88215488254184, 20.526321020898425 ], [ 75.882110025563406, 20.526116215927573 ], [ 75.926531654410823, 20.526116122750373 ], [ 75.926531654410823, 20.545907872208911 ], [ 75.925936245861124, 20.545706914842295 ], [ 75.925292349262577, 20.545721736568968 ], [ 75.925250475928806, 20.545722702440802 ], [ 75.924491505678475, 20.546103975418195 ], [ 75.924304216466453, 20.546194913064827 ], [ 75.92391981204976, 20.546381539476503 ], [ 75.923919723016866, 20.546381576348718 ], [ 75.922680443747538, 20.54698321470363 ], [ 75.921877571292953, 20.547540565944416 ], [ 75.921348490240689, 20.5480815117524 ], [ 75.92079454653117, 20.548647870602792 ], [ 75.920235902964635, 20.549273807740061 ], [ 75.920097791380044, 20.549512713540931 ], [ 75.919289976251434, 20.550910036968673 ], [ 75.918798075870541, 20.551649003598698 ], [ 75.918478896583849, 20.552199272678365 ], [ 75.917778856209281, 20.553402242719361 ], [ 75.917263176854192, 20.55428136599232 ], [ 75.916978314797461, 20.554808794989924 ], [ 75.915841454819329, 20.554908849064194 ], [ 75.915090042471547, 20.554961089782523 ], [ 75.914479239125626, 20.555003554870211 ], [ 75.914187065580677, 20.554999646416604 ], [ 75.914033299497248, 20.554997589667096 ], [ 75.913461383735921, 20.555003402884779 ], [ 75.912704935184649, 20.555011088490975 ], [ 75.91109524315101, 20.555027948980698 ], [ 75.910460175196988, 20.554994415060268 ], [ 75.910130155482364, 20.554952627162038 ], [ 75.909454064053875, 20.554941286711088 ], [ 75.908989666739785, 20.555004121443119 ], [ 75.908542475255103, 20.555064626031708 ], [ 75.907146657292458, 20.555774058026429 ], [ 75.906591802569679, 20.55605606023903 ], [ 75.906183775660793, 20.556270266159913 ], [ 75.905626046704754, 20.556563060237071 ], [ 75.903617771542997, 20.557554225547108 ], [ 75.902605100744836, 20.557943498893394 ], [ 75.902446124888797, 20.557956340312899 ], [ 75.902446041251835, 20.55795634750746 ], [ 75.902062412950045, 20.557987334547875 ], [ 75.902062307729352, 20.557987343541129 ], [ 75.899923043613626, 20.558160124889923 ], [ 75.898090660555624, 20.558284743046499 ], [ 75.895107230714189, 20.558482062397331 ], [ 75.893562539879383, 20.558621147947694 ], [ 75.891279005621641, 20.558870551534767 ], [ 75.889504129711895, 20.559026821330807 ], [ 75.889043604878509, 20.559070004976775 ], [ 75.888894769777835, 20.559083963354286 ], [ 75.88865988034928, 20.559105993147114 ], [ 75.887369406273137, 20.559226989733816 ], [ 75.8861750688244, 20.559290540326234 ], [ 75.885184342383525, 20.559557208198665 ], [ 75.885181289185198, 20.559557946542043 ], [ 75.885138170290361, 20.559568334611011 ], [ 75.884754158877399, 20.559660866755621 ], [ 75.881653295563183, 20.560408016316956 ], [ 75.881530348573008, 20.560380604650597 ] ] ] } },
{ "type": "Feature", "properties": { "REGION": 2.0, "STATE.NAME": "Maharashtra", "DISTRICT.NAME": "Jalna", "DISTRICT.AREA": 7675.762872, "GRID_G0": "199073", "woodland": 0.11009764081038742, "maskWdl": 0.0, "cropland": 0.44637108529577096, "maskCrp": 0.0, "one": 0.43379748205116042, "maskOne": 1.0, "GRID.AREA": 5.3115724243859956, "REGION.AREA": 59928.662280600729 }, "geometry": { "type": "Polygon", "coordinates": [ [ [ 75.926531654410823, 20.545907872208911 ], [ 75.926531654410823, 20.526116122750373 ], [ 75.95991105319554, 20.526117231838342 ], [ 75.959929112838324, 20.526129930252122 ], [ 75.959936943935631, 20.526117230220184 ], [ 75.970202644925664, 20.526116285868113 ], [ 75.970259293331765, 20.526591060329224 ], [ 75.970587464939626, 20.528759840194539 ], [ 75.970604499897831, 20.528755701514456 ], [ 75.970610777165689, 20.528754175364952 ], [ 75.971532874280271, 20.528530142065822 ], [ 75.971532874280271, 20.532344206846453 ], [ 75.971370685408885, 20.532438571882665 ], [ 75.971326164470952, 20.532826820901107 ], [ 75.971532874280271, 20.533552467879232 ], [ 75.971532874280271, 20.538567431429179 ], [ 75.970632735912091, 20.537873916947774 ], [ 75.970137224753159, 20.535578151910215 ], [ 75.969250450048264, 20.534112150855147 ], [ 75.967868879145499, 20.534338204444623 ], [ 75.966993594179087, 20.535098722428135 ], [ 75.965081203834529, 20.532166247274517 ], [ 75.961609154339044, 20.532408368151721 ], [ 75.960283132760438, 20.530439626287777 ], [ 75.958201482812228, 20.530681559206638 ], [ 75.955653964259113, 20.531147704802777 ], [ 75.951936268543989, 20.531714045666718 ], [ 75.950099714430337, 20.531798593630239 ], [ 75.947228703441965, 20.532873281676643 ], [ 75.945568222195732, 20.533297012547166 ], [ 75.944188217012666, 20.53309390605898 ], [ 75.943064175971017, 20.533654798829957 ], [ 75.94098751456221, 20.535147488166103 ], [ 75.939747425903022, 20.537306763096694 ], [ 75.939464990217175, 20.538502718425772 ], [ 75.939467567674185, 20.541749955396199 ], [ 75.938190365792821, 20.542238099308861 ], [ 75.935729371913055, 20.542568754844183 ], [ 75.934499518438088, 20.543215120981074 ], [ 75.933239816464436, 20.54416392282684 ], [ 75.932831116862587, 20.547053007490373 ], [ 75.932751279547972, 20.547897299121132 ], [ 75.931320742358423, 20.548353249103226 ], [ 75.929048079105598, 20.547008905636517 ], [ 75.927301076783351, 20.54616755748685 ], [ 75.926531654410823, 20.545907872208911 ] ] ] } },
{ "type": "Feature", "properties": { "REGION": 2.0, "STATE.NAME": "Maharashtra", "DISTRICT.NAME": "Jalna", "DISTRICT.AREA": 7675.762872, "GRID_G0": "191915", "woodland": 0.0088888325743016854, "maskWdl": 0.0, "cropland": 0.62023080028859101, "maskCrp": 1.0, "one": 0.35840869161463978, "maskOne": 1.0, "GRID.AREA": 8.9925553040726953, "REGION.AREA": 59928.662280600729 }, "geometry": { "type": "Polygon", "coordinates": [ [ [ 75.591930451249553, 20.031117151016719 ], [ 75.611531809473433, 20.031115760037753 ], [ 75.611531809473433, 20.076117011869275 ], [ 75.58671930164617, 20.076118452523289 ], [ 75.586997815996483, 20.075196898917795 ], [ 75.587492730904856, 20.07256412373539 ], [ 75.58767856141651, 20.07155133332742 ], [ 75.587939269481751, 20.070283578824164 ], [ 75.587798551661876, 20.069822186145018 ], [ 75.587426405903955, 20.068669452233511 ], [ 75.587426400508036, 20.068669394676874 ], [ 75.587312493277011, 20.067590712741268 ], [ 75.587310812444116, 20.067561126844566 ], [ 75.587305447088795, 20.067466741197222 ], [ 75.587290287217058, 20.067407998380475 ], [ 75.587277417918585, 20.067358134570327 ], [ 75.587211369908857, 20.06721327357377 ], [ 75.587129072049095, 20.067072687054917 ], [ 75.587018629006593, 20.066884020980808 ], [ 75.586967272321829, 20.066760518882912 ], [ 75.588054735237904, 20.066025379767495 ], [ 75.588687323761064, 20.065757661486941 ], [ 75.589039637669202, 20.065172375504801 ], [ 75.588989343083767, 20.063939130686379 ], [ 75.588907633380643, 20.062778069052683 ], [ 75.589052243466313, 20.062155559231709 ], [ 75.589088817994593, 20.061618347408857 ], [ 75.589504091640549, 20.060066875685834 ], [ 75.590257918668044, 20.060310063158965 ], [ 75.591409026605334, 20.060469569615009 ], [ 75.592442778411566, 20.060253599224268 ], [ 75.59406125502295, 20.060587088523391 ], [ 75.595230671358479, 20.060891226648835 ], [ 75.595876081515996, 20.060871884030291 ], [ 75.597011757986309, 20.060380936930756 ], [ 75.597320325272847, 20.059912811027456 ], [ 75.597289169159879, 20.059519757830632 ], [ 75.59687557904482, 20.058284699978973 ], [ 75.596615664181627, 20.057534570064437 ], [ 75.596546938890185, 20.057332502293207 ], [ 75.597659332812043, 20.056635792108182 ], [ 75.598616357159202, 20.056460025909526 ], [ 75.598919936805714, 20.056036977624444 ], [ 75.598996925068093, 20.054262514503478 ], [ 75.601013805842513, 20.053473387287056 ], [ 75.602121113198848, 20.052905495991922 ], [ 75.602982911931917, 20.051816941298856 ], [ 75.603509977603437, 20.050825284059673 ], [ 75.603514400469251, 20.050817037276488 ], [ 75.603514378885507, 20.050816995008347 ], [ 75.60288917649433, 20.049820290773823 ], [ 75.602374843424343, 20.049483419124556 ], [ 75.600691890818155, 20.048729630767919 ], [ 75.600168610393098, 20.048574791793271 ], [ 75.599012204549638, 20.046571303722715 ], [ 75.598603843992237, 20.04563137728627 ], [ 75.59805843934555, 20.044375991159143 ], [ 75.597695877662659, 20.043637677436895 ], [ 75.597209081833739, 20.042633796612449 ], [ 75.597202965544454, 20.042623055109971 ], [ 75.597194727754527, 20.042605792623309 ], [ 75.596527452380087, 20.041437156899349 ], [ 75.596331439744233, 20.040618724374664 ], [ 75.596386226443258, 20.040235107764094 ], [ 75.596440548192788, 20.039923809236488 ], [ 75.596427632129576, 20.039670796669952 ], [ 75.59638631097954, 20.039372509533735 ], [ 75.596348743599719, 20.039263904705482 ], [ 75.596155216689965, 20.03883384350712 ], [ 75.595966569501627, 20.038403901019251 ], [ 75.595942337269094, 20.03835755715556 ], [ 75.59593470022628, 20.038340533888572 ], [ 75.595934445718171, 20.038339965517025 ], [ 75.595561691119201, 20.037509066590189 ], [ 75.595552037796395, 20.037483299214955 ], [ 75.595504920515737, 20.037344058081885 ], [ 75.595476032492968, 20.037258693533943 ], [ 75.595415382214185, 20.03711849462286 ], [ 75.595311693080248, 20.036841696786951 ], [ 75.595309640827338, 20.03683807521702 ], [ 75.595297031432892, 20.036801683251156 ], [ 75.595284002055109, 20.036782346927794 ], [ 75.595246286287136, 20.036726367727738 ], [ 75.594316472727087, 20.035086851477043 ], [ 75.594315443902644, 20.035084461079062 ], [ 75.594196321503091, 20.034555953794264 ], [ 75.593747881759384, 20.033753349337644 ], [ 75.593727164077393, 20.03371626309513 ], [ 75.593726071401136, 20.033713724308996 ], [ 75.593385965789764, 20.03304907945153 ], [ 75.5932743131591, 20.032816945545676 ], [ 75.592561102213153, 20.031943379183645 ], [ 75.592550737526551, 20.031929497248541 ], [ 75.591930451249553, 20.031117151016719 ] ] ] } },
{ "type": "Feature", "properties": { "REGION": 2.0, "STATE.NAME": "Maharashtra", "DISTRICT.NAME": "Jalna", "DISTRICT.AREA": 7675.762872, "GRID_G0": "191926", "woodland": 0.0078598908943675588, "maskWdl": 0.0, "cropland": 0.61194022393277969, "maskCrp": 1.0, "one": 0.35395792068846371, "maskOne": 1.0, "GRID.AREA": 0.50760148434245433, "REGION.AREA": 59928.662280600729 }, "geometry": { "type": "Polygon", "coordinates": [ [ [ 76.067372192332442, 20.07611767242059 ], [ 76.061530950579169, 20.076117024707628 ], [ 76.061530950579169, 20.068080062540098 ], [ 76.062016025419268, 20.068229854624121 ], [ 76.062441103474214, 20.068310361034378 ], [ 76.062876343868254, 20.068392803685015 ], [ 76.063433091663924, 20.068623322408424 ], [ 76.063736583176819, 20.068851566746449 ], [ 76.064147436654935, 20.069378072140353 ], [ 76.064364762323976, 20.069725462260351 ], [ 76.064510477676436, 20.069958402858049 ], [ 76.06466431660499, 20.070114648372392 ], [ 76.064801957844111, 20.070254454279677 ], [ 76.064973899226118, 20.07034898381858 ], [ 76.06516754844364, 20.070455483333941 ], [ 76.065602443498051, 20.070647634280931 ], [ 76.066563126287292, 20.07092567408063 ], [ 76.06727766553189, 20.071167599804937 ], [ 76.067828348299713, 20.071556481946118 ], [ 76.067843978516862, 20.071567521124219 ], [ 76.067844012691069, 20.071567543607333 ], [ 76.068422178740605, 20.07191327178009 ], [ 76.06858887077982, 20.072070828505961 ], [ 76.068725705327097, 20.072200178895173 ], [ 76.06907928907799, 20.072629371348459 ], [ 76.069503975028454, 20.073213713941808 ], [ 76.069740888831006, 20.073539716384854 ], [ 76.069487056982155, 20.073778026834528 ], [ 76.069344054884255, 20.07391224795191 ], [ 76.068270474802603, 20.074916879710258 ], [ 76.068013631124245, 20.075228093701636 ], [ 76.067553141364442, 20.075786027703089 ], [ 76.067553086505768, 20.075786145514257 ], [ 76.067372192332442, 20.07611767242059 ] ] ] } },
{ "type": "Feature", "properties": { "REGION": 2.0, "STATE.NAME": "Maharashtra", "DISTRICT.NAME": "Jalna", "DISTRICT.AREA": 7675.762872, "GRID_G0": "191266", "woodland": 0.022192599823686737, "maskWdl": 0.0, "cropland": 0.54092111226771722, "maskCrp": 0.0, "one": 0.43013303184097929, "maskOne": 1.0, "GRID.AREA": 16.644224300843142, "REGION.AREA": 59928.662280600729 }, "geometry": { "type": "Polygon", "coordinates": [ [ [ 75.640740504268337, 19.986115835080597 ], [ 75.656533018624756, 19.986114524115109 ], [ 75.656533018624756, 20.031115793882503 ], [ 75.611531809473433, 20.031115760037753 ], [ 75.611531809473433, 20.000859705341938 ], [ 75.612307837436788, 20.000852406813181 ], [ 75.613613970508368, 20.000919047476089 ], [ 75.614662090782929, 20.000972513970396 ], [ 75.614662826428344, 20.000972551741938 ], [ 75.615702623477375, 20.000932000411524 ], [ 75.61723843530558, 20.000967324882197 ], [ 75.618619546654841, 20.000924612480961 ], [ 75.62040010717925, 20.000965780746238 ], [ 75.621605600717942, 20.000993639944568 ], [ 75.622671092297139, 20.000989941932346 ], [ 75.623693148420102, 20.001080825619681 ], [ 75.6261891951753, 20.001621560086964 ], [ 75.62619021050989, 20.001621781320182 ], [ 75.627429897172078, 20.00189305372152 ], [ 75.628077658157451, 20.002472505801563 ], [ 75.628614064187786, 20.00295233728059 ], [ 75.630072436293972, 20.003555487395886 ], [ 75.630072857176685, 20.003555660965048 ], [ 75.630653473878795, 20.003460878716623 ], [ 75.631120295765072, 20.003384667468477 ], [ 75.631120318248122, 20.003384698045409 ], [ 75.632023705229869, 20.004391288527188 ], [ 75.632447229256286, 20.005387354243055 ], [ 75.632994676263365, 20.006621272653664 ], [ 75.632304084166208, 20.007965562161019 ], [ 75.632808752222218, 20.009169363175602 ], [ 75.632808772906628, 20.009169404544423 ], [ 75.633390904966348, 20.010183881181202 ], [ 75.634386104635098, 20.010890346312465 ], [ 75.635591149412051, 20.010590900849422 ], [ 75.636744809625327, 20.010304213168979 ], [ 75.63793480874449, 20.01015631875913 ], [ 75.639049421293819, 20.01005349567231 ], [ 75.639049462662626, 20.010053483981153 ], [ 75.63914984409007, 20.009168750737331 ], [ 75.639280406765408, 20.008288162468773 ], [ 75.641306032547448, 20.007414076298634 ], [ 75.641983993666429, 20.007321821145183 ], [ 75.642231623790451, 20.00724130484241 ], [ 75.64285997650677, 20.007036991464023 ], [ 75.643588200734939, 20.006688247864417 ], [ 75.644115923810887, 20.006284338051785 ], [ 75.644334445578252, 20.006065834270888 ], [ 75.644533937691108, 20.005866357446511 ], [ 75.644556226488703, 20.005288358670839 ], [ 75.644550735228279, 20.005265189437011 ], [ 75.644308618847731, 20.004243853670971 ], [ 75.644222097771674, 20.003737427440402 ], [ 75.644206695982291, 20.00364727310324 ], [ 75.644175732324243, 20.003483182802714 ], [ 75.644039508416654, 20.002761230446485 ], [ 75.644051553936094, 20.002498166157466 ], [ 75.644071972143877, 20.002052296676197 ], [ 75.644790756188513, 19.999901511345744 ], [ 75.644942723627878, 19.999157843060061 ], [ 75.64518036857919, 19.998543912771428 ], [ 75.645543374527165, 19.997152164241019 ], [ 75.645643885456991, 19.996766796650373 ], [ 75.645679816070697, 19.996616794229737 ], [ 75.645849198881479, 19.995909644714402 ], [ 75.645652987495467, 19.99507768278886 ], [ 75.645236846903003, 19.993400064961065 ], [ 75.644342365008185, 19.991801541607913 ], [ 75.642811437397995, 19.989526822504896 ], [ 75.642546583458113, 19.989164601665095 ], [ 75.641777492237509, 19.988112759096623 ], [ 75.641298576268369, 19.98744647567435 ], [ 75.640740504268337, 19.986115835080597 ] ] ] } },
{ "type": "Feature", "properties": { "REGION": 2.0, "STATE.NAME": "Maharashtra", "DISTRICT.NAME": "Jalna", "DISTRICT.AREA": 7675.762872, "GRID_G0": "191275", "woodland": 0.015149640029896369, "maskWdl": 0.0, "cropland": 0.43897043840703259, "maskCrp": 0.0, "one": 0.41820395306885239, "maskOne": 1.0, "GRID.AREA": 0.58184609496744544, "REGION.AREA": 59928.662280600729 }, "geometry": { "type": "Polygon", "coordinates": [ [ [ 76.023748876832215, 20.031116577619049 ], [ 76.016529660900304, 20.031115815986631 ], [ 76.016529660900304, 20.022908967864751 ], [ 76.016612817527573, 20.022942591827192 ], [ 76.017231581672206, 20.023058163703354 ], [ 76.018564695304519, 20.02341129239727 ], [ 76.019627736231087, 20.023843164830225 ], [ 76.020083873272199, 20.024159697412134 ], [ 76.021065689230227, 20.024399610453713 ], [ 76.021980908592127, 20.024465704328858 ], [ 76.023464566936298, 20.024577127632373 ], [ 76.023428215439822, 20.025448826102487 ], [ 76.023317054738357, 20.027300709160443 ], [ 76.023345200820415, 20.028143147288457 ], [ 76.023390253257617, 20.028377950382151 ], [ 76.02360001382965, 20.029471324542044 ], [ 76.023748876832215, 20.031116577619049 ] ] ] } },
{ "type": "Feature", "properties": { "REGION": 2.0, "STATE.NAME": "Maharashtra", "DISTRICT.NAME": "Jalna", "DISTRICT.AREA": 7675.762872, "GRID_G0": "190618", "woodland": 0.035136837570236154, "maskWdl": 0.0, "cropland": 0.58017846463975786, "maskCrp": 1.0, "one": 0.37416684584603116, "maskOne": 1.0, "GRID.AREA": 23.532269886064316, "REGION.AREA": 59928.662280600729 }, "geometry": { "type": "Polygon", "coordinates": [ [ [ 75.701529839824033, 19.941117773438613 ], [ 75.746531141771456, 19.941117715371707 ], [ 75.746531141771456, 19.986114506206395 ], [ 75.701529839824033, 19.986114521581744 ], [ 75.701529839824033, 19.941117773438613 ] ] ] } },
{ "type": "Feature", "properties": { "REGION": 2.0, "STATE.NAME": "Maharashtra", "DISTRICT.NAME": "Jalna", "DISTRICT.AREA": 7675.762872, "GRID_G0": "190623", "woodland": 0.0062813899118635812, "maskWdl": 0.0, "cropland": 0.62686764032321929, "maskCrp": 1.0, "one": 0.35002262845119347, "maskOne": 1.0, "GRID.AREA": 23.511132721096569, "REGION.AREA": 59928.662280600729 }, "geometry": { "type": "Polygon", "coordinates": [ [ [ 75.969570898469556, 19.986114785013406 ], [ 75.926531654410823, 19.986114545521851 ], [ 75.926531654410823, 19.941117720340259 ], [ 75.971532874280271, 19.941117703976616 ], [ 75.971532874280271, 19.984423271134826 ], [ 75.970862443447061, 19.984869922508949 ], [ 75.969860819021619, 19.985788374034257 ], [ 75.969570898469556, 19.986114785013406 ] ] ] } },
{ "type": "Feature", "properties": { "REGION": 2.0, "STATE.NAME": "Maharashtra", "DISTRICT.NAME": "Jalna", "DISTRICT.AREA": 7675.762872, "GRID_G0": "190624", "woodland": 0.0077234458494863734, "maskWdl": 0.0, "cropland": 0.48623036190740848, "maskCrp": 0.0, "one": 0.48111065393738783, "maskOne": 1.0, "GRID.AREA": 17.631615399390565, "REGION.AREA": 59928.662280600729 }, "geometry": { "type": "Polygon", "coordinates": [ [ [ 75.971532874280271, 19.984423271134826 ], [ 75.971532874280271, 19.941117703976616 ], [ 76.016529660900304, 19.941117746560504 ], [ 76.016529660900304, 19.95163702840286 ], [ 76.016307362794635, 19.951736280405044 ], [ 76.01426470295371, 19.952744442002427 ], [ 76.012035490445612, 19.953883468447369 ], [ 76.010700043971895, 19.954618893547149 ], [ 76.010708783583539, 19.954930545508315 ], [ 76.010709163996751, 19.954944050627489 ], [ 76.010709164896127, 19.954944142358329 ], [ 76.011539987380559, 19.95868897601548 ], [ 76.01190897741742, 19.960423668417604 ], [ 76.012256586072624, 19.961921223985371 ], [ 76.012628033057354, 19.96370112890401 ], [ 76.013042392992077, 19.96546738211407 ], [ 76.013297174525064, 19.96658770445902 ], [ 76.013689922851711, 19.968387860311566 ], [ 76.013782796738724, 19.968936663496269 ], [ 76.013615259336802, 19.969455971615844 ], [ 76.013033551757076, 19.971167523562428 ], [ 76.01272960248923, 19.97205931378636 ], [ 76.012312594051025, 19.973859038863623 ], [ 76.01119712444779, 19.973727384411291 ], [ 76.010454265551971, 19.973704266438801 ], [ 76.009649562977017, 19.973392076683069 ], [ 76.008094879774944, 19.972928027406564 ], [ 76.007531327708662, 19.972710922970748 ], [ 76.006604757103901, 19.972403081437108 ], [ 76.005701942990356, 19.972172181401106 ], [ 76.005179045676471, 19.97198429324061 ], [ 76.004634587116584, 19.971776148750337 ], [ 76.004426730409364, 19.97180992278976 ], [ 76.00400858972472, 19.971929261026617 ], [ 76.00323468353389, 19.972082354417186 ], [ 76.002689883231596, 19.972235525149415 ], [ 76.001956362895896, 19.972487891103356 ], [ 76.000730584249141, 19.973008744258209 ], [ 76.000092528747246, 19.973349356187899 ], [ 75.999150966444006, 19.97378680801484 ], [ 75.998873772906336, 19.973940168504043 ], [ 75.995031944668597, 19.976182995848603 ], [ 75.993724491392243, 19.975696021054606 ], [ 75.992660463009997, 19.975263856341936 ], [ 75.99184477611557, 19.974891143111794 ], [ 75.989742159373236, 19.973570693732597 ], [ 75.989200433853, 19.974147294062448 ], [ 75.988992863130193, 19.974833204288984 ], [ 75.988714136248461, 19.976851380087165 ], [ 75.988236133990426, 19.979844398500234 ], [ 75.987897098572319, 19.981113789769609 ], [ 75.987829885940528, 19.981365505513736 ], [ 75.985595030186573, 19.981051791407083 ], [ 75.982436897145135, 19.981078706317309 ], [ 75.980539767396408, 19.981217654271404 ], [ 75.977867196314094, 19.981792412789677 ], [ 75.974926644349239, 19.982483730639725 ], [ 75.973712198059559, 19.982742086977797 ], [ 75.972551257834311, 19.982752162082647 ], [ 75.972530552742853, 19.983230905382019 ], [ 75.972409731523953, 19.983659590617663 ], [ 75.971982849429025, 19.984123487908676 ], [ 75.971532874280271, 19.984423271134826 ] ] ] } },
{ "type": "Feature", "properties": { "REGION": 2.0, "STATE.NAME": "Maharashtra", "DISTRICT.NAME": "Jalna", "DISTRICT.AREA": 7675.762872, "GRID_G0": "190625", "woodland": 0.0053880557732023443, "maskWdl": 0.0, "cropland": 0.58231478628523259, "maskCrp": 1.0, "one": 0.40227529369722381, "maskOne": 1.0, "GRID.AREA": 3.000309656367075, "REGION.AREA": 59928.662280600729 }, "geometry": { "type": "Polygon", "coordinates": [ [ [ 76.016529660900304, 19.95163702840286 ], [ 76.016529660900304, 19.941117746560504 ], [ 76.051478147826543, 19.941118750028693 ], [ 76.051174924783027, 19.941549029164438 ], [ 76.050766274643934, 19.942156383610268 ], [ 76.050241356553457, 19.942950546130874 ], [ 76.04914117542495, 19.944615005977766 ], [ 76.048954741468208, 19.945010082649222 ], [ 76.048118161523973, 19.946240636696075 ], [ 76.047926644599045, 19.946482101068167 ], [ 76.047561318400199, 19.946942701444584 ], [ 76.046770694711824, 19.947161305050258 ], [ 76.046272904670843, 19.947228690351835 ], [ 76.046121135082387, 19.947249234464664 ], [ 76.045134533831742, 19.947675551785323 ], [ 76.044578018960465, 19.947675301773813 ], [ 76.044370387983065, 19.947759390183762 ], [ 76.043603366102502, 19.948070035803539 ], [ 76.043419130088864, 19.948219146996109 ], [ 76.042953517790693, 19.948596022288655 ], [ 76.042890822453558, 19.948566316782149 ], [ 76.042581028491725, 19.948419529437786 ], [ 76.041886494666073, 19.947628873373844 ], [ 76.04188646139113, 19.947628842796917 ], [ 76.041096228008598, 19.94701421643299 ], [ 76.040353421273437, 19.947056704003728 ], [ 76.039703680880223, 19.947496822320549 ], [ 76.03975115069511, 19.948068194891338 ], [ 76.03998198867788, 19.949427863705012 ], [ 76.039981996771814, 19.94942790237582 ], [ 76.040258455563333, 19.950482677633488 ], [ 76.040179281948383, 19.950540015709183 ], [ 76.040074524419822, 19.950615879819054 ], [ 76.039515725270576, 19.950439382471586 ], [ 76.038216737312609, 19.950086443534587 ], [ 76.03691768100623, 19.949909644014895 ], [ 76.035539529325888, 19.949825422505281 ], [ 76.034937794743485, 19.949648872997159 ], [ 76.034658629891908, 19.94907738531316 ], [ 76.034288693768247, 19.948770115748289 ], [ 76.033405104462076, 19.948550565156495 ], [ 76.033405069388493, 19.948550532780924 ], [ 76.032987423330951, 19.948155130554881 ], [ 76.032569820440926, 19.947495458048991 ], [ 76.03206110453641, 19.947495145984249 ], [ 76.032061055973031, 19.947495146883568 ], [ 76.031458634308592, 19.948412011105464 ], [ 76.031224481424715, 19.948768362070325 ], [ 76.031224452646427, 19.948768396244532 ], [ 76.030758489612651, 19.949163390178345 ], [ 76.030758464431642, 19.949163418956687 ], [ 76.02992503391323, 19.949074817748681 ], [ 76.028728580359768, 19.948789619345522 ], [ 76.027985892335096, 19.948703428320584 ], [ 76.02786689134399, 19.948515597716721 ], [ 76.027706763456422, 19.948262854946851 ], [ 76.027284547943566, 19.947615617366921 ], [ 76.027105495622209, 19.947341121795375 ], [ 76.026594467560699, 19.947252738223312 ], [ 76.026037922112494, 19.947471500109714 ], [ 76.02580358936423, 19.947735546458379 ], [ 76.025989662692837, 19.94813088753051 ], [ 76.026276288320105, 19.948690905261117 ], [ 76.026483370711048, 19.949095510249663 ], [ 76.0264833886975, 19.949095545323189 ], [ 76.025511082170738, 19.949338355980387 ], [ 76.024904485853369, 19.949489848577684 ], [ 76.023123905543855, 19.949909400298619 ], [ 76.021003800584992, 19.95040893502437 ], [ 76.01719134600387, 19.951341595838016 ], [ 76.016529660900304, 19.95163702840286 ] ] ] } },
{ "type": "Feature", "properties": { "REGION": 2.0, "STATE.NAME": "Maharashtra", "DISTRICT.NAME": "Jalna", "DISTRICT.AREA": 7675.762872, "GRID_G0": "189966", "woodland": 0.0157572981289845, "maskWdl": 0.0, "cropland": 0.58628303506387514, "maskCrp": 1.0, "one": 0.3823447686675705, "maskOne": 1.0, "GRID.AREA": 0.31370919665426572, "REGION.AREA": 59928.662280600729 }, "geometry": { "type": "Polygon", "coordinates": [ [ [ 75.653935409027596, 19.8961168124269 ], [ 75.656533018624756, 19.896116506900775 ], [ 75.656533018624756, 19.908697664993944 ], [ 75.655714243717455, 19.908280459075964 ], [ 75.655714171771649, 19.908280398821375 ], [ 75.655712314671632, 19.908279053435596 ], [ 75.654605817604477, 19.907457640557709 ], [ 75.654245150793145, 19.901422061878687 ], [ 75.654245126511455, 19.901421633801423 ], [ 75.654193586364954, 19.90055910571823 ], [ 75.653935409027596, 19.8961168124269 ] ] ] } },
{ "type": "Feature", "properties": { "REGION": 2.0, "STATE.NAME": "Maharashtra", "DISTRICT.NAME": "Jalna", "DISTRICT.AREA": 7675.762872, "GRID_G0": "189973", "woodland": 0.005004449320470318, "maskWdl": 0.0, "cropland": 0.59969379237694787, "maskCrp": 1.0, "one": 0.37525837463820383, "maskOne": 1.0, "GRID.AREA": 23.541250571337471, "REGION.AREA": 59928.662280600729 }, "geometry": { "type": "Polygon", "coordinates": [ [ [ 75.926531654410823, 19.89611648819254 ], [ 75.971532874280271, 19.896116537548529 ], [ 75.971532874280271, 19.941117703976616 ], [ 75.926531654410823, 19.941117720340259 ], [ 75.926531654410823, 19.89611648819254 ] ] ] } },
{ "type": "Feature", "properties": { "REGION": 2.0, "STATE.NAME": "Maharashtra", "DISTRICT.NAME": "Jalna", "DISTRICT.AREA": 7675.762872, "GRID_G0": "189976", "woodland": 0.0075944970514367294, "maskWdl": 0.0, "cropland": 0.62205234590298319, "maskCrp": 1.0, "one": 0.35659207919667485, "maskOne": 1.0, "GRID.AREA": 3.7224109318220386, "REGION.AREA": 59928.662280600729 }, "geometry": { "type": "Polygon", "coordinates": [ [ [ 76.061530950579169, 19.917468746380127 ], [ 76.061530950579169, 19.896116539316768 ], [ 76.078449509298807, 19.896117851532519 ], [ 76.07844202657833, 19.89676456922956 ], [ 76.078434957907064, 19.897375404951049 ], [ 76.078753643465916, 19.901790704777227 ], [ 76.079124207316397, 19.908495944732124 ], [ 76.079261451055174, 19.912624269094806 ], [ 76.079261452853814, 19.912624306866292 ], [ 76.076212137779976, 19.913099970887007 ], [ 76.073057655086771, 19.913713373273591 ], [ 76.06985547505019, 19.914238584543117 ], [ 76.066645834237931, 19.915414150442757 ], [ 76.065517249821255, 19.915841324817336 ], [ 76.063629604322841, 19.91655578492157 ], [ 76.061530950579169, 19.917468746380127 ] ] ] } },
{ "type": "Feature", "properties": { "REGION": 2.0, "STATE.NAME": "Maharashtra", "DISTRICT.NAME": "Jalna", "DISTRICT.AREA": 7675.762872, "GRID_G0": "189320", "woodland": 0.015477721884764579, "maskWdl": 0.0, "cropland": 0.4257672573275666, "maskCrp": 0.0, "one": 0.5215286083383549, "maskOne": 1.0, "GRID.AREA": 23.545635891194014, "REGION.AREA": 59928.662280600729 }, "geometry": { "type": "Polygon", "coordinates": [ [ [ 75.791532389518707, 19.851115287449289 ], [ 75.836529142263856, 19.851115235308654 ], [ 75.836529142263856, 19.896116494272398 ], [ 75.791532389518707, 19.896116542166769 ], [ 75.791532389518707, 19.851115287449289 ] ] ] } },
{ "type": "Feature", "properties": { "REGION": 2.0, "STATE.NAME": "Maharashtra", "DISTRICT.NAME": "Jalna", "DISTRICT.AREA": 7675.762872, "GRID_G0": "189322", "woodland": 0.0352618098285215, "maskWdl": 0.0, "cropland": 0.38086667347476832, "maskCrp": 0.0, "one": 0.43646748134648528, "maskOne": 1.0, "GRID.AREA": 23.547999853546777, "REGION.AREA": 59928.662280600729 }, "geometry": { "type": "Polygon", "coordinates": [ [ [ 75.881530348573008, 19.851115260359748 ], [ 75.926531654410823, 19.851115286821063 ], [ 75.926531654410823, 19.89611648819254 ], [ 75.881530348573008, 19.896116501753955 ], [ 75.881530348573008, 19.851115260359748 ] ] ] } },
{ "type": "Feature", "properties": { "REGION": 2.0, "STATE.NAME": "Maharashtra", "DISTRICT.NAME": "Jalna", "DISTRICT.AREA": 7675.762872, "GRID_G0": "189323", "woodland": 0.012806917269326572, "maskWdl": 0.0, "cropland": 0.57398736501039038, "maskCrp": 1.0, "one": 0.38808499481925984, "maskOne": 1.0, "GRID.AREA": 23.547974534220184, "REGION.AREA": 59928.662280600729 }, "geometry": { "type": "Polygon", "coordinates": [ [ [ 75.926531654410823, 19.851115286821063 ], [ 75.971532874280271, 19.851115220990863 ], [ 75.971532874280271, 19.896116537548529 ], [ 75.926531654410823, 19.89611648819254 ], [ 75.926531654410823, 19.851115286821063 ] ] ] } },
{ "type": "Feature", "properties": { "REGION": 2.0, "STATE.NAME": "Maharashtra", "DISTRICT.NAME": "Jalna", "DISTRICT.AREA": 7675.762872, "GRID_G0": "189336", "woodland": 0.0026468193426683988, "maskWdl": 0.0, "cropland": 0.50578000653176158, "maskCrp": 0.0, "one": 0.4823785080675973, "maskOne": 1.0, "GRID.AREA": 5.2976867697914791, "REGION.AREA": 59928.662280600729 }, "geometry": { "type": "Polygon", "coordinates": [ [ [ 76.51152999825247, 19.876879845305488 ], [ 76.51152999825247, 19.851115267611995 ], [ 76.534258736269891, 19.851116676829299 ], [ 76.534198081576292, 19.851673077150849 ], [ 76.534021655275239, 19.85238677552934 ], [ 76.534059890851324, 19.85261250536286 ], [ 76.534102756137315, 19.852693842746703 ], [ 76.534207913864179, 19.852879030243113 ], [ 76.534293814408045, 19.85306428339004 ], [ 76.534293833293816, 19.853064322960162 ], [ 76.534255713730261, 19.853159123195042 ], [ 76.534250947323414, 19.853398466965697 ], [ 76.53423190597772, 19.853592712433798 ], [ 76.534212843048351, 19.85381397983133 ], [ 76.534165182577169, 19.854107568009912 ], [ 76.534065010691734, 19.854432934632261 ], [ 76.533960036426606, 19.8546180088141 ], [ 76.533688000500888, 19.854965934930021 ], [ 76.533611721803595, 19.855250401285051 ], [ 76.533559164523865, 19.855616401076077 ], [ 76.533602276224144, 19.855837647789262 ], [ 76.533640472230047, 19.856158331641723 ], [ 76.533659679950347, 19.856596323961242 ], [ 76.533659684446945, 19.856596416591401 ], [ 76.53367406370711, 19.856962321953631 ], [ 76.533602425511575, 19.857143025430332 ], [ 76.533564341920908, 19.857337286186862 ], [ 76.533507115361147, 19.857639938632303 ], [ 76.533426111625843, 19.858023843925309 ], [ 76.533359355849655, 19.858371590176773 ], [ 76.533292526329092, 19.858886540181743 ], [ 76.533216282705325, 19.859162091557327 ], [ 76.533049231836628, 19.859473766001539 ], [ 76.532844053310441, 19.859794478632352 ], [ 76.532638737188051, 19.860015915102451 ], [ 76.53232849446448, 19.860151439337525 ], [ 76.5320134799382, 19.860223794292725 ], [ 76.531760425103585, 19.860259904770828 ], [ 76.531478821290648, 19.860377437169063 ], [ 76.53130690508965, 19.860517471504181 ], [ 76.531197184202767, 19.8606755003741 ], [ 76.53113034658827, 19.860910455453222 ], [ 76.531111337618199, 19.861204071510773 ], [ 76.531130510264916, 19.861497656991332 ], [ 76.531168742243722, 19.861723572085225 ], [ 76.531173498757994, 19.861917638588181 ], [ 76.531269067013909, 19.86198990990647 ], [ 76.531340676431114, 19.862053166420537 ], [ 76.531522147029534, 19.862143435870905 ], [ 76.531660462760215, 19.862215693699341 ], [ 76.531851504843132, 19.86233762198373 ], [ 76.532180935501856, 19.862473069776399 ], [ 76.532433988537775, 19.862482090875858 ], [ 76.532892290247048, 19.862414268503755 ], [ 76.532887548121892, 19.862518122213601 ], [ 76.532839898442603, 19.862635591659284 ], [ 76.532730091220799, 19.862725966330345 ], [ 76.532520006892867, 19.862884048260245 ], [ 76.532391136741637, 19.863064797602362 ], [ 76.53236256348157, 19.863304139574439 ], [ 76.532400696534978, 19.863530052869692 ], [ 76.532505941496083, 19.863805513413752 ], [ 76.532596618339312, 19.86395001378219 ], [ 76.532844951733182, 19.864144239465134 ], [ 76.533155361730621, 19.864491950643075 ], [ 76.533456085130297, 19.864704125894718 ], [ 76.533651790198007, 19.864848681121771 ], [ 76.533709211011342, 19.865042964361351 ], [ 76.533737806754473, 19.865187395481939 ], [ 76.533723571385792, 19.865241665970135 ], [ 76.533694977441314, 19.86548560527649 ], [ 76.533690291973471, 19.865706844795113 ], [ 76.53305056013528, 19.866059354755464 ], [ 76.529546649458382, 19.867785336324292 ], [ 76.524768074786891, 19.870107660140437 ], [ 76.524009092845404, 19.870500645888171 ], [ 76.522486003726158, 19.870789918220229 ], [ 76.520547814530062, 19.871187593932348 ], [ 76.519612014183167, 19.87138191314483 ], [ 76.519335068858425, 19.871409080764522 ], [ 76.519187166354698, 19.871729742133937 ], [ 76.519110763550941, 19.87196906971684 ], [ 76.519062998758443, 19.872213110646612 ], [ 76.519005753312911, 19.872321528415853 ], [ 76.518900832107761, 19.872465967630376 ], [ 76.518676422478961, 19.872583527008203 ], [ 76.518380433110565, 19.872737099737435 ], [ 76.518132106911253, 19.872899693566072 ], [ 76.51806536732289, 19.873107442354641 ], [ 76.518008086803832, 19.873328832059997 ], [ 76.518027172216307, 19.873572691326672 ], [ 76.518122684714172, 19.873825600471154 ], [ 76.518256462465843, 19.874060560946187 ], [ 76.518533455454644, 19.874277268780986 ], [ 76.518939217870638, 19.874593416453081 ], [ 76.519130348087174, 19.874823834452457 ], [ 76.51920188645795, 19.875135381192933 ], [ 76.519240230852006, 19.875438063316039 ], [ 76.519297422338241, 19.875763246476708 ], [ 76.519440771574409, 19.876115539700436 ], [ 76.51945033136775, 19.876571704620513 ], [ 76.519402607944073, 19.876933134056969 ], [ 76.519307171888556, 19.877190494845536 ], [ 76.519183067244796, 19.877258281244735 ], [ 76.518982546307555, 19.87739837043847 ], [ 76.518748564294867, 19.877524900553794 ], [ 76.518443057401214, 19.877696454327975 ], [ 76.517970357546005, 19.877922465649306 ], [ 76.517492909270402, 19.878125568540209 ], [ 76.517292413514156, 19.878112144360045 ], [ 76.517067989496184, 19.878125737612777 ], [ 76.516800644434227, 19.8782386133214 ], [ 76.516604846736357, 19.878365114658379 ], [ 76.516375777720043, 19.878437429144071 ], [ 76.516203884901415, 19.878563844146129 ], [ 76.515974783509535, 19.878726518014446 ], [ 76.515664435565327, 19.878871111013044 ], [ 76.515339682280569, 19.878853120075462 ], [ 76.515091362376552, 19.878780845159948 ], [ 76.514895687885769, 19.878545900872666 ], [ 76.514561380203588, 19.878283995809799 ], [ 76.514456400542485, 19.878103389459909 ], [ 76.514270082598287, 19.877841455618746 ], [ 76.513978889314345, 19.87750269899044 ], [ 76.513596894181376, 19.877195549035438 ], [ 76.512923619429557, 19.87692450416256 ], [ 76.5124556796859, 19.876816100782495 ], [ 76.511772991730254, 19.876834293168148 ], [ 76.511772894603439, 19.876834294067464 ], [ 76.51152999825247, 19.876879845305488 ] ] ] } },
{ "type": "Feature", "properties": { "REGION": 2.0, "STATE.NAME": "Maharashtra", "DISTRICT.NAME": "Jalna", "DISTRICT.AREA": 7675.762872, "GRID_G0": "188671", "woodland": 0.016416662594895843, "maskWdl": 0.0, "cropland": 0.25314909958600257, "maskCrp": 0.0, "one": 0.45146718855476636, "maskOne": 1.0, "GRID.AREA": 23.552300462872537, "REGION.AREA": 59928.662280600729 }, "geometry": { "type": "Polygon", "coordinates": [ [ [ 75.836529142263856, 19.806118448742438 ], [ 75.881530348573008, 19.806118488748211 ], [ 75.881530348573008, 19.851115260359748 ], [ 75.836529142263856, 19.851115235308654 ], [ 75.836529142263856, 19.806118448742438 ] ] ] } },
{ "type": "Feature", "properties": { "REGION": 2.0, "STATE.NAME": "Maharashtra", "DISTRICT.NAME": "Jalna", "DISTRICT.AREA": 7675.762872, "GRID_G0": "188020", "woodland": 0.0073480093748485766, "maskWdl": 0.0, "cropland": 0.58130962885698767, "maskCrp": 1.0, "one": 0.38061596720843227, "maskOne": 1.0, "GRID.AREA": 23.558965494837601, "REGION.AREA": 59928.662280600729 }, "geometry": { "type": "Polygon", "coordinates": [ [ [ 75.791532389518707, 19.761117231640149 ], [ 75.836529142263856, 19.761117250603959 ], [ 75.836529142263856, 19.806118448742438 ], [ 75.791532389518707, 19.806118507748867 ], [ 75.791532389518707, 19.761117231640149 ] ] ] } },
{ "type": "Feature", "properties": { "REGION": 2.0, "STATE.NAME": "Maharashtra", "DISTRICT.NAME": "Jalna", "DISTRICT.AREA": 7675.762872, "GRID_G0": "188036", "woodland": 0.0020041618832077252, "maskWdl": 0.0, "cropland": 0.6393595160813671, "maskCrp": 1.0, "one": 0.35320954572343932, "maskOne": 1.0, "GRID.AREA": 0.082482515861437566, "REGION.AREA": 59928.662280600729 }, "geometry": { "type": "Polygon", "coordinates": [ [ [ 76.514074041399383, 19.806118784139823 ], [ 76.51152999825247, 19.806118484126614 ], [ 76.51152999825247, 19.800865788765446 ], [ 76.511729524797772, 19.801218255018512 ], [ 76.51194852770243, 19.801645016604255 ], [ 76.512860626416852, 19.803422353958521 ], [ 76.513250381799764, 19.804166935056063 ], [ 76.513384234195087, 19.80442264019274 ], [ 76.513629057535013, 19.804890335320753 ], [ 76.513641740673847, 19.804925384598846 ], [ 76.513683314533409, 19.80504015068243 ], [ 76.513715683831776, 19.805129483938572 ], [ 76.513754961722171, 19.805237887318697 ], [ 76.514074041399383, 19.806118784139823 ] ] ] } },
{ "type": "Feature", "properties": { "REGION": 2.0, "STATE.NAME": "Maharashtra", "DISTRICT.NAME": "Jalna", "DISTRICT.AREA": 7675.762872, "GRID_G0": "185420", "woodland": 0.018393149322940595, "maskWdl": 0.0, "cropland": 0.53426524014759313, "maskCrp": 0.0, "one": 0.36442814810936264, "maskOne": 1.0, "GRID.AREA": 23.585477524270864, "REGION.AREA": 59928.662280600729 }, "geometry": { "type": "Polygon", "coordinates": [ [ [ 75.791532389518707, 19.581116707493894 ], [ 75.836529142263856, 19.581116650576366 ], [ 75.836529142263856, 19.626117955496099 ], [ 75.791532389518707, 19.626117899502233 ], [ 75.791532389518707, 19.581116707493894 ] ] ] } },
{ "type": "Feature", "properties": { "REGION": 2.0, "STATE.NAME": "Maharashtra", "DISTRICT.NAME": "Latur", "DISTRICT.AREA": 7197.447429, "GRID_G0": "173741", "woodland": 0.051507905272694415, "maskWdl": 0.0, "cropland": 0.48099572222724751, "maskCrp": 0.0, "one": 0.45410557622810976, "maskOne": 1.0, "GRID.AREA": 2.0194688429609635, "REGION.AREA": 59928.662280600729 }, "geometry": { "type": "Polygon", "coordinates": [ [ [ 76.740897254973106, 18.771116970976877 ], [ 76.781533070030974, 18.771116540280257 ], [ 76.781533070030974, 18.795295261961435 ], [ 76.781461819107733, 18.795268018604247 ], [ 76.779603038249661, 18.79456911497272 ], [ 76.77924750926519, 18.794383751209182 ], [ 76.779069602680067, 18.794254853178984 ], [ 76.778936967067409, 18.794171278281912 ], [ 76.778865876558996, 18.794085372342121 ], [ 76.778856408496495, 18.793986031430279 ], [ 76.778866011457296, 18.793782736983758 ], [ 76.77896347818205, 18.79337620205013 ], [ 76.77920396678968, 18.791761315532316 ], [ 76.77928988981661, 18.790839853076818 ], [ 76.779549627513347, 18.788707778141486 ], [ 76.779656827600547, 18.787991846746369 ], [ 76.7798636159132, 18.787262388648344 ], [ 76.780319296998016, 18.786655018914018 ], [ 76.780542291093923, 18.786334384524253 ], [ 76.780675406944511, 18.78590760944866 ], [ 76.780808504808704, 18.785288808431801 ], [ 76.781006896151382, 18.784099402865195 ], [ 76.781032284012781, 18.783947201602135 ], [ 76.781110898249437, 18.783321615200403 ], [ 76.781175464176386, 18.782506268249733 ], [ 76.781197068589904, 18.781991335331899 ], [ 76.781161681166736, 18.781690870037668 ], [ 76.780910694772786, 18.781089960133613 ], [ 76.780600518599101, 18.780425710078532 ], [ 76.779830558633421, 18.779187579243455 ], [ 76.779615003729475, 18.77876505436382 ], [ 76.779375804749634, 18.77828381904305 ], [ 76.779167569427841, 18.777628767253873 ], [ 76.778945017798378, 18.776960093433619 ], [ 76.77874635306182, 18.776223648502654 ], [ 76.778763284597972, 18.775586629919079 ], [ 76.778673225588932, 18.775552725477951 ], [ 76.778424327420851, 18.775439722964904 ], [ 76.778109031406757, 18.775346843681916 ], [ 76.777698804756085, 18.775346713280271 ], [ 76.777314628767158, 18.775389372621476 ], [ 76.776735996868808, 18.775499754510122 ], [ 76.77627590371003, 18.775641815917137 ], [ 76.775863265977023, 18.775786104944817 ], [ 76.775647424189344, 18.775797368953477 ], [ 76.775263335434659, 18.775772193332102 ], [ 76.774594636433406, 18.775672515174509 ], [ 76.773945041730371, 18.775599958771124 ], [ 76.773380807977958, 18.775500168198278 ], [ 76.772787963193991, 18.775432060741082 ], [ 76.772382563204758, 18.775411551701779 ], [ 76.771529093992584, 18.775221358578904 ], [ 76.769447392782979, 18.774881324913281 ], [ 76.768335327113732, 18.774817454162246 ], [ 76.767296773827127, 18.774742332892401 ], [ 76.764828392016739, 18.774761210561451 ], [ 76.763969936963065, 18.774810344122155 ], [ 76.762260487631465, 18.77465128822644 ], [ 76.761454187860522, 18.774675572619628 ], [ 76.76090171364325, 18.774783711599074 ], [ 76.760287368767138, 18.774979805173924 ], [ 76.760005189388039, 18.775004553617293 ], [ 76.75964485532586, 18.774929648184752 ], [ 76.75914466769234, 18.774760070221138 ], [ 76.758359899489861, 18.774666950819153 ], [ 76.757949647658165, 18.774659880349247 ], [ 76.757510934981724, 18.77463024858713 ], [ 76.75692070272828, 18.774494392502277 ], [ 76.755775811804313, 18.773931197466823 ], [ 76.755306478111549, 18.773725384019315 ], [ 76.754649932548432, 18.773411000817077 ], [ 76.754085688903501, 18.773288648952018 ], [ 76.752397523826744, 18.773034528420794 ], [ 76.752231544050574, 18.773009542556395 ], [ 76.751527413559359, 18.772909715111322 ], [ 76.750422563150835, 18.772775648677285 ], [ 76.74955247446718, 18.772700618239011 ], [ 76.749244082548444, 18.772761301792684 ], [ 76.748822020819659, 18.77286051410147 ], [ 76.745433340276463, 18.774582503579722 ], [ 76.743825410914042, 18.77539323341102 ], [ 76.743143385758685, 18.775737108081099 ], [ 76.742449124427594, 18.776087150301802 ], [ 76.742038387861385, 18.774828527514554 ], [ 76.741771764055727, 18.773961343641133 ], [ 76.740897254973106, 18.771116970976877 ] ] ] } },
{ "type": "Feature", "properties": { "REGION": 2.0, "STATE.NAME": "Maharashtra", "DISTRICT.NAME": "Latur", "DISTRICT.AREA": 7197.447429, "GRID_G0": "173748", "woodland": 0.089004213675761182, "maskWdl": 0.0, "cropland": 0.47765200208718439, "maskCrp": 0.0, "one": 0.4229676653007417, "maskOne": 1.0, "GRID.AREA": 0.066224940313062072, "REGION.AREA": 59928.662280600729 }, "geometry": { "type": "Polygon", "coordinates": [ [ [ 77.051531573248397, 18.773885966492937 ], [ 77.051531573248397, 18.771116556086209 ], [ 77.054782876054887, 18.771116914212289 ], [ 77.05304071475723, 18.773242668414468 ], [ 77.051767175814575, 18.773933015896034 ], [ 77.051531573248397, 18.773885966492937 ] ] ] } },
{ "type": "Feature", "properties": { "REGION": 2.0, "STATE.NAME": "Maharashtra", "DISTRICT.NAME": "Latur", "DISTRICT.AREA": 7197.447429, "GRID_G0": "169195", "woodland": 0.010503976035503088, "maskWdl": 0.0, "cropland": 0.60253988499907796, "maskCrp": 1.0, "one": 0.36850439617860281, "maskOne": 1.0, "GRID.AREA": 23.745858785338203, "REGION.AREA": 59928.662280600729 }, "geometry": { "type": "Polygon", "coordinates": [ [ [ 76.916532331261266, 18.456116737855716 ], [ 76.961533611786464, 18.456116746397601 ], [ 76.961533611786464, 18.501113467686771 ], [ 76.916532331261266, 18.50111346733955 ], [ 76.916532331261266, 18.456116737855716 ] ] ] } },
{ "type": "Feature", "properties": { "REGION": 2.0, "STATE.NAME": "Maharashtra", "DISTRICT.NAME": "Latur", "DISTRICT.AREA": 7197.447429, "GRID_G0": "169202", "woodland": 0.042436315088463822, "maskWdl": 0.0, "cropland": 0.5235690671473443, "maskCrp": 0.0, "one": 0.42589117387576481, "maskOne": 1.0, "GRID.AREA": 16.159480140635676, "REGION.AREA": 59928.662280600729 }, "geometry": { "type": "Polygon", "coordinates": [ [ [ 77.247779972427807, 18.501114721932826 ], [ 77.231532102881161, 18.501113484941438 ], [ 77.231532102881161, 18.456116663690061 ], [ 77.266760748679033, 18.456117578144678 ], [ 77.266829672151687, 18.456653437306329 ], [ 77.266931201114119, 18.456974293828637 ], [ 77.267025546291961, 18.457676838815132 ], [ 77.267277567805593, 18.459560789898603 ], [ 77.26738148266935, 18.459910958923675 ], [ 77.267445901107521, 18.459995457424501 ], [ 77.267698442429207, 18.460326721800808 ], [ 77.268131388652705, 18.460593536262763 ], [ 77.268271026386799, 18.460699788464527 ], [ 77.268398709432986, 18.460869209046791 ], [ 77.26846963626474, 18.461002627968981 ], [ 77.268493754283384, 18.461079310461855 ], [ 77.268549913347897, 18.461257866357471 ], [ 77.268653856989943, 18.461583173624604 ], [ 77.268713026085322, 18.461732337877152 ], [ 77.268899727140763, 18.462143576265078 ], [ 77.268916387081674, 18.462171407584435 ], [ 77.269022739108152, 18.462349057862752 ], [ 77.269150328624846, 18.462570586963068 ], [ 77.269365569665354, 18.462916302545352 ], [ 77.2694128623138, 18.46301121069888 ], [ 77.269428224532987, 18.463071257532537 ], [ 77.269441183763661, 18.463121915444106 ], [ 77.269476585576001, 18.463196513308503 ], [ 77.269512069226664, 18.463252855834696 ], [ 77.269529067312646, 18.463275962116029 ], [ 77.26961853097049, 18.463397572939702 ], [ 77.269734459877498, 18.463535402137154 ], [ 77.269866922820313, 18.463673261911534 ], [ 77.270053767767251, 18.46383148503503 ], [ 77.270276186296996, 18.463989723447014 ], [ 77.270550671975968, 18.464159291518119 ], [ 77.270683205065907, 18.464270088893556 ], [ 77.270763606255457, 18.46435368357567 ], [ 77.270834599637112, 18.464446277773565 ], [ 77.270886529190022, 18.464563840748724 ], [ 77.270926620966861, 18.464652623619713 ], [ 77.270945685694869, 18.464694839595207 ], [ 77.27095977267544, 18.464714478990057 ], [ 77.271089942347032, 18.464895942393866 ], [ 77.271222404390528, 18.465029212927902 ], [ 77.27132890300652, 18.465110722082215 ], [ 77.271539419009073, 18.465282408056737 ], [ 77.272036325915792, 18.465705162263475 ], [ 77.271962458300891, 18.465776560340032 ], [ 77.271704684723488, 18.466025716613558 ], [ 77.271422885757602, 18.466244627787376 ], [ 77.271543370630127, 18.466660238679143 ], [ 77.27158111157911, 18.466813868964948 ], [ 77.271621001008441, 18.467344774741605 ], [ 77.271670490700615, 18.46776265102557 ], [ 77.271684569587251, 18.46804950957727 ], [ 77.271701125206846, 18.46816696823106 ], [ 77.271748279359656, 18.468458382748224 ], [ 77.27180964639814, 18.468684281654305 ], [ 77.271885249704553, 18.468919252921236 ], [ 77.272012904871701, 18.469194909517515 ], [ 77.272187893156797, 18.469601621617588 ], [ 77.272348535456615, 18.470033114536648 ], [ 77.272433613120825, 18.470317706796781 ], [ 77.272490177779559, 18.470643057231374 ], [ 77.272563363708343, 18.471054125647417 ], [ 77.272641243198848, 18.47130500951863 ], [ 77.272714475892428, 18.471519569772397 ], [ 77.272801995215957, 18.471745494758803 ], [ 77.27286582549749, 18.471883277191523 ], [ 77.272888267179837, 18.47191920330863 ], [ 77.272967510042633, 18.472046070669649 ], [ 77.273109463531, 18.472190618702143 ], [ 77.273341369009017, 18.472398569838159 ], [ 77.273573172863678, 18.472602024363994 ], [ 77.274143473442621, 18.473072093702228 ], [ 77.274586877882143, 18.473489076060048 ], [ 77.274590566901225, 18.47349254744319 ], [ 77.27491470055304, 18.473817886186566 ], [ 77.275151129621008, 18.474168209895026 ], [ 77.275337932299806, 18.474500369096802 ], [ 77.275489329568984, 18.474805361578206 ], [ 77.275595779621597, 18.47501319490306 ], [ 77.275619575682924, 18.475077324658855 ], [ 77.275685485197016, 18.475254939863646 ], [ 77.27574465339309, 18.475390524353259 ], [ 77.275781440161396, 18.475452827585968 ], [ 77.275879436586763, 18.475618790275007 ], [ 77.276125418253514, 18.475948648111682 ], [ 77.276309862909898, 18.476131775261251 ], [ 77.27653335308905, 18.476316851886029 ], [ 77.27653335308905, 18.476949070714674 ], [ 77.275147063785994, 18.477181392007708 ], [ 77.273870973466728, 18.477402037973722 ], [ 77.272926372354277, 18.477561920346375 ], [ 77.271430194547918, 18.477825356954721 ], [ 77.269950502214002, 18.478091011291209 ], [ 77.268525286312979, 18.478325090430644 ], [ 77.267078745687627, 18.47858637586063 ], [ 77.265637010139983, 18.478795533886856 ], [ 77.265191852022383, 18.478894715618708 ], [ 77.264886459342677, 18.478957678054428 ], [ 77.264692221069197, 18.479034443285002 ], [ 77.264502862517134, 18.479239829554558 ], [ 77.264377262300854, 18.479411445381974 ], [ 77.26422075868112, 18.479844961775598 ], [ 77.263765008348514, 18.48164044744874 ], [ 77.263442479986509, 18.48246923296875 ], [ 77.262911450103388, 18.48376772989684 ], [ 77.262529984671119, 18.484293680409053 ], [ 77.260474817059233, 18.484904622250554 ], [ 77.258537910296354, 18.485472596283334 ], [ 77.258073842134138, 18.485634889738435 ], [ 77.257259316264481, 18.485810578595366 ], [ 77.256733914338724, 18.485548242757261 ], [ 77.256189650032368, 18.485319773588742 ], [ 77.255588064737481, 18.485624275939646 ], [ 77.254186333732378, 18.486063796207304 ], [ 77.253279480763467, 18.486334259218722 ], [ 77.252805879787559, 18.486492047969705 ], [ 77.252334706981173, 18.486625110760315 ], [ 77.251849414818707, 18.486715066347305 ], [ 77.251408984437148, 18.486759982087563 ], [ 77.250883438619837, 18.48677771491964 ], [ 77.250343611568496, 18.486849583341666 ], [ 77.249657045736114, 18.486968899095473 ], [ 77.249651725346894, 18.487689446710647 ], [ 77.249561350675833, 18.488224646750098 ], [ 77.249546929147527, 18.4886380507055 ], [ 77.24956081467991, 18.489035561841774 ], [ 77.249541451376956, 18.489516673056073 ], [ 77.249455913259851, 18.489914165306516 ], [ 77.249301356672333, 18.490366976654688 ], [ 77.249137534369765, 18.490750991664985 ], [ 77.248788830340288, 18.491608095936957 ], [ 77.248314248204053, 18.492423370042559 ], [ 77.248087421197567, 18.493257257416534 ], [ 77.247320302190246, 18.495642866525142 ], [ 77.247025570074072, 18.497657084406967 ], [ 77.247025548490342, 18.497657239090362 ], [ 77.247025561980138, 18.497657490900508 ], [ 77.24719358771398, 18.500604285959074 ], [ 77.247779972427807, 18.501114721932826 ] ] ] } },
{ "type": "Feature", "properties": { "REGION": 2.0, "STATE.NAME": "Maharashtra", "DISTRICT.NAME": "Latur", "DISTRICT.AREA": 7197.447429, "GRID_G0": "168549", "woodland": 0.023902960288624545, "maskWdl": 0.0, "cropland": 0.49702522388766796, "maskCrp": 0.0, "one": 0.44997523460386668, "maskOne": 1.0, "GRID.AREA": 23.754438721952948, "REGION.AREA": 59928.662280600729 }, "geometry": { "type": "Polygon", "coordinates": [ [ [ 77.096532885086603, 18.411115474276134 ], [ 77.141534092209227, 18.411115461989731 ], [ 77.141534092209227, 18.456116719513982 ], [ 77.096532885086603, 18.456116736913582 ], [ 77.096532885086603, 18.411115474276134 ] ] ] } },
{ "type": "Feature", "properties": { "REGION": 2.0, "STATE.NAME": "Maharashtra", "DISTRICT.NAME": "Latur", "DISTRICT.AREA": 7197.447429, "GRID_G0": "168552", "woodland": 0.039682306544701423, "maskWdl": 0.0, "cropland": 0.59250783888508363, "maskCrp": 1.0, "one": 0.35923334494103626, "maskOne": 1.0, "GRID.AREA": 16.009832390080778, "REGION.AREA": 59928.662280600729 }, "geometry": { "type": "Polygon", "coordinates": [ [ [ 77.266760748679033, 18.456117578144678 ], [ 77.231532102881161, 18.456116663690061 ], [ 77.231532102881161, 18.411115484299788 ], [ 77.241080838391113, 18.411116369403981 ], [ 77.241111998819747, 18.411192549596535 ], [ 77.241350491831781, 18.411707247791298 ], [ 77.241682805716948, 18.412296117571827 ], [ 77.241758978294285, 18.412468134496866 ], [ 77.241789663162479, 18.41252251290371 ], [ 77.241823682716813, 18.412599321301684 ], [ 77.242616900949258, 18.41271262418832 ], [ 77.243492787562161, 18.412790548644981 ], [ 77.244312234522056, 18.412959055516069 ], [ 77.245226324335476, 18.413095567206714 ], [ 77.245984012152519, 18.413187506698137 ], [ 77.247044097007517, 18.413205919417692 ], [ 77.24754189514239, 18.413398309584352 ], [ 77.248237968607441, 18.413472392137237 ], [ 77.248753415937472, 18.41339880601015 ], [ 77.249375256662802, 18.413301149528479 ], [ 77.250086620401248, 18.413172684971471 ], [ 77.250396593328162, 18.413240660228325 ], [ 77.250765784813154, 18.413279374243761 ], [ 77.250850871470618, 18.413268116530389 ], [ 77.250962116708365, 18.413223039811502 ], [ 77.251551812965843, 18.41269032639747 ], [ 77.252211552021549, 18.413296132210803 ], [ 77.253210559419813, 18.412691414577186 ], [ 77.254362850864936, 18.41278258424893 ], [ 77.25580152601971, 18.412882837073312 ], [ 77.257228342713915, 18.41305101299389 ], [ 77.259424128320916, 18.413253369447489 ], [ 77.260128516917575, 18.414310931704165 ], [ 77.260958435583404, 18.415485945420073 ], [ 77.261856757583359, 18.41673341301663 ], [ 77.262246820534415, 18.41735251710503 ], [ 77.262696079560499, 18.417967214515386 ], [ 77.263521141887225, 18.41914222193606 ], [ 77.26471744615327, 18.420866444430942 ], [ 77.265268355550234, 18.421682177190803 ], [ 77.265710519824665, 18.422335264860635 ], [ 77.265780335094462, 18.422507865445709 ], [ 77.266348415247251, 18.423912262041313 ], [ 77.266509155573146, 18.424169804492919 ], [ 77.266563495309128, 18.424314467638624 ], [ 77.266622565479054, 18.42452902789239 ], [ 77.26671224857148, 18.424953769600847 ], [ 77.266766442617282, 18.425143473492536 ], [ 77.266842014447491, 18.425383016912747 ], [ 77.267052302022194, 18.425945577026823 ], [ 77.267441945889175, 18.427231030187954 ], [ 77.26769944787128, 18.428066918553498 ], [ 77.267770325240349, 18.428414806897877 ], [ 77.267836423612096, 18.428539049137839 ], [ 77.267990077280274, 18.428715364822267 ], [ 77.268649906268195, 18.429404682580071 ], [ 77.268020099348178, 18.430109013620154 ], [ 77.267974730349579, 18.430553916330211 ], [ 77.267929670717777, 18.430775355498326 ], [ 77.267850943166536, 18.431915913488698 ], [ 77.26778917323179, 18.432250248150467 ], [ 77.267729670487938, 18.43279460598632 ], [ 77.267088109428755, 18.433083247893649 ], [ 77.266683355152807, 18.433311143294702 ], [ 77.265878425049323, 18.433683352005122 ], [ 77.265213228907442, 18.433994756652737 ], [ 77.264846251553308, 18.434231695636299 ], [ 77.264692342477701, 18.434403232323344 ], [ 77.264552527577166, 18.434590624957423 ], [ 77.2644672205858, 18.434791687286577 ], [ 77.264450565141544, 18.434915865674721 ], [ 77.264426671054082, 18.435268238938136 ], [ 77.264421688809932, 18.435593442783215 ], [ 77.264416837866804, 18.435907457263401 ], [ 77.264440329957324, 18.43620787129629 ], [ 77.26479399644586, 18.4382319880159 ], [ 77.263439674101733, 18.439173133033705 ], [ 77.263985514020305, 18.440510598485385 ], [ 77.264134281671829, 18.440951125993703 ], [ 77.264968385782424, 18.442998018943456 ], [ 77.264301109508665, 18.442932163388662 ], [ 77.263756794840276, 18.442888859233506 ], [ 77.263219493085217, 18.442897606939084 ], [ 77.262741390103145, 18.442892865713247 ], [ 77.262464487945806, 18.442858738240204 ], [ 77.261593108735042, 18.443644350906144 ], [ 77.259866591170294, 18.445294390124051 ], [ 77.257900899806714, 18.447131794097064 ], [ 77.25667656187386, 18.448258141899771 ], [ 77.255864192578485, 18.44905500778242 ], [ 77.254883672543485, 18.449937452251675 ], [ 77.254829273452287, 18.450002949876307 ], [ 77.254568446676572, 18.450630816958665 ], [ 77.253942656128743, 18.45201946642527 ], [ 77.253937838460558, 18.452118914356447 ], [ 77.254011118818141, 18.452324396853498 ], [ 77.254521334791832, 18.453756853196296 ], [ 77.254651165419034, 18.454215395024505 ], [ 77.2550196050708, 18.455369998626562 ], [ 77.25567053256907, 18.455250645101216 ], [ 77.256174832802344, 18.455151590173784 ], [ 77.25669085569848, 18.455104490879592 ], [ 77.256925120098288, 18.455104627576532 ], [ 77.257126235487419, 18.455122861331059 ], [ 77.257651817277576, 18.455177400716536 ], [ 77.258657680207818, 18.455259393706118 ], [ 77.259618456526596, 18.455336691335276 ], [ 77.260162925878376, 18.455332490602014 ], [ 77.262563470028169, 18.454473516639553 ], [ 77.264589974447802, 18.453788017403156 ], [ 77.267278302551688, 18.454577896452808 ], [ 77.267131490026316, 18.454753974716198 ], [ 77.266932291991736, 18.455189897695675 ], [ 77.266712023740979, 18.455503693640598 ], [ 77.266742512556959, 18.455975797245291 ], [ 77.266760748679033, 18.456117578144678 ] ] ] } },
{ "type": "Feature", "properties": { "REGION": 2.0, "STATE.NAME": "Maharashtra", "DISTRICT.NAME": "Latur", "DISTRICT.AREA": 7197.447429, "GRID_G0": "167900", "woodland": 0.021718868300458261, "maskWdl": 0.0, "cropland": 0.57165969316596932, "maskCrp": 1.0, "one": 0.35662267383941021, "maskOne": 1.0, "GRID.AREA": 23.758308387628116, "REGION.AREA": 59928.662280600729 }, "geometry": { "type": "Polygon", "coordinates": [ [ [ 77.141534092209227, 18.366114206660829 ], [ 77.186530881566128, 18.366114178493145 ], [ 77.186530881566128, 18.411115409157407 ], [ 77.141534092209227, 18.411115461989731 ], [ 77.141534092209227, 18.366114206660829 ] ] ] } },
{ "type": "Feature", "properties": { "REGION": 2.0, "STATE.NAME": "Maharashtra", "DISTRICT.NAME": "Nanded", "DISTRICT.AREA": 10535.728211, "GRID_G0": "181557", "woodland": 0.41818129650986241, "maskWdl": 1.0, "cropland": 0.23740044488474199, "maskCrp": 0.0, "one": 0.34441427361128929, "maskOne": 1.0, "GRID.AREA": 23.622461249037702, "REGION.AREA": 59928.662280600729 }, "geometry": { "type": "Polygon", "coordinates": [ [ [ 77.456533885822068, 19.311118147936885 ], [ 77.501530685759349, 19.31111815651975 ], [ 77.501530685759349, 19.35611486662274 ], [ 77.456533885822068, 19.356114930107953 ], [ 77.456533885822068, 19.311118147936885 ] ] ] } },
{ "type": "Feature", "properties": { "REGION": 2.0, "STATE.NAME": "Maharashtra", "DISTRICT.NAME": "Nanded", "DISTRICT.AREA": 10535.728211, "GRID_G0": "174398", "woodland": 0.050635535533489352, "maskWdl": 0.0, "cropland": 0.47335583276385579, "maskCrp": 0.0, "one": 0.46062607164504832, "maskOne": 1.0, "GRID.AREA": 23.695568966764139, "REGION.AREA": 59928.662280600729 }, "geometry": { "type": "Polygon", "coordinates": [ [ [ 77.051531573248397, 18.816117787751697 ], [ 77.096532885086603, 18.8161177391762 ], [ 77.096532885086603, 18.861114543478458 ], [ 77.051531573248397, 18.861114517146223 ], [ 77.051531573248397, 18.816117787751697 ] ] ] } },
{ "type": "Feature", "properties": { "REGION": 2.0, "STATE.NAME": "Maharashtra", "DISTRICT.NAME": "Nanded", "DISTRICT.AREA": 10535.728211, "GRID_G0": "173748", "woodland": 0.089004213675761182, "maskWdl": 0.0, "cropland": 0.47765200208718439, "maskCrp": 0.0, "one": 0.4229676653007417, "maskOne": 1.0, "GRID.AREA": 23.63803526702862, "REGION.AREA": 59928.662280600729 }, "geometry": { "type": "Polygon", "coordinates": [ [ [ 77.054782876054887, 18.771116914212289 ], [ 77.096532885086603, 18.771116517594493 ], [ 77.096532885086603, 18.8161177391762 ], [ 77.051531573248397, 18.816117787751697 ], [ 77.051531573248397, 18.773885966492937 ], [ 77.051767175814575, 18.773933015896034 ], [ 77.05304071475723, 18.773242668414468 ], [ 77.054782876054887, 18.771116914212289 ] ] ] } },
{ "type": "Feature", "properties": { "REGION": 2.0, "STATE.NAME": "Maharashtra", "DISTRICT.NAME": "Nanded", "DISTRICT.AREA": 10535.728211, "GRID_G0": "173749", "woodland": 0.020388537512324688, "maskWdl": 0.0, "cropland": 0.58614868826459698, "maskCrp": 1.0, "one": 0.3743680766246486, "maskOne": 1.0, "GRID.AREA": 23.704193844701244, "REGION.AREA": 59928.662280600729 }, "geometry": { "type": "Polygon", "coordinates": [ [ [ 77.096532885086603, 18.771116517594493 ], [ 77.141534092209227, 18.771116544580995 ], [ 77.141534092209227, 18.816117733696814 ], [ 77.096532885086603, 18.8161177391762 ], [ 77.096532885086603, 18.771116517594493 ] ] ] } },
{ "type": "Feature", "properties": { "REGION": 2.0, "STATE.NAME": "Maharashtra", "DISTRICT.NAME": "Nanded", "DISTRICT.AREA": 10535.728211, "GRID_G0": "173751", "woodland": 0.041675735776520513, "maskWdl": 0.0, "cropland": 0.47676031252920903, "maskCrp": 0.0, "one": 0.46715292263239971, "maskOne": 1.0, "GRID.AREA": 23.704213535159308, "REGION.AREA": 59928.662280600729 }, "geometry": { "type": "Polygon", "coordinates": [ [ [ 77.186530881566128, 18.77111652484264 ], [ 77.231532102881161, 18.771116547684997 ], [ 77.231532102881161, 18.816117782121065 ], [ 77.186530881566128, 18.816117747490864 ], [ 77.186530881566128, 18.77111652484264 ] ] ] } },
{ "type": "Feature", "properties": { "REGION": 2.0, "STATE.NAME": "Maharashtra", "DISTRICT.NAME": "Nanded", "DISTRICT.AREA": 10535.728211, "GRID_G0": "173752", "woodland": 0.065301621451732073, "maskWdl": 0.0, "cropland": 0.50320778426884782, "maskCrp": 0.0, "one": 0.42133272365496544, "maskOne": 1.0, "GRID.AREA": 23.704252514883745, "REGION.AREA": 59928.662280600729 }, "geometry": { "type": "Polygon", "coordinates": [ [ [ 77.231532102881161, 18.771116547684997 ], [ 77.27653335308905, 18.771116493301168 ], [ 77.27653335308905, 18.81611780616926 ], [ 77.231532102881161, 18.816117782121065 ], [ 77.231532102881161, 18.771116547684997 ] ] ] } },
{ "type": "Feature", "properties": { "REGION": 2.0, "STATE.NAME": "Maharashtra", "DISTRICT.NAME": "Nanded", "DISTRICT.AREA": 10535.728211, "GRID_G0": "172453", "woodland": 0.075876174596684332, "maskWdl": 0.0, "cropland": 0.52722324574821444, "maskCrp": 0.0, "one": 0.37249846975802781, "maskOne": 1.0, "GRID.AREA": 23.716903135413318, "REGION.AREA": 59928.662280600729 }, "geometry": { "type": "Polygon", "coordinates": [ [ [ 77.27653335308905, 18.681113994764836 ], [ 77.32153461772333, 18.681114015447623 ], [ 77.32153461772333, 18.726115277624853 ], [ 77.27653335308905, 18.726115283168664 ], [ 77.27653335308905, 18.681113994764836 ] ] ] } },
{ "type": "Feature", "properties": { "REGION": 2.0, "STATE.NAME": "Maharashtra", "DISTRICT.NAME": "Nanded", "DISTRICT.AREA": 10535.728211, "GRID_G0": "171154", "woodland": 0.056994151551356925, "maskWdl": 0.0, "cropland": 0.54227866863364305, "maskCrp": 0.0, "one": 0.38335668921867438, "maskOne": 1.0, "GRID.AREA": 23.727109102340414, "REGION.AREA": 59928.662280600729 }, "geometry": { "type": "Polygon", "coordinates": [ [ [ 77.32153461772333, 18.5911159483543 ], [ 77.366531414075837, 18.591116003445901 ], [ 77.366531414075837, 18.636117217883157 ], [ 77.32153461772333, 18.636117205259808 ], [ 77.32153461772333, 18.5911159483543 ] ] ] } },
{ "type": "Feature", "properties": { "REGION": 2.0, "STATE.NAME": "Maharashtra", "DISTRICT.NAME": "Nanded", "DISTRICT.AREA": 10535.728211, "GRID_G0": "169202", "woodland": 0.042436315088463822, "maskWdl": 0.0, "cropland": 0.5235690671473443, "maskCrp": 0.0, "one": 0.42589117387576481, "maskOne": 1.0, "GRID.AREA": 7.5864165276620419, "REGION.AREA": 59928.662280600729 }, "geometry": { "type": "MultiPolygon", "coordinates": [ [ [ [ 77.266760748679033, 18.456117578144678 ], [ 77.27653335308905, 18.456116679345151 ], [ 77.27653335308905, 18.476316851886029 ], [ 77.276309862909898, 18.476131775261251 ], [ 77.276125418253514, 18.475948648111682 ], [ 77.275879436586763, 18.475618790275007 ], [ 77.275781440161396, 18.475452827585968 ], [ 77.27574465339309, 18.475390524353259 ], [ 77.275685485197016, 18.475254939863646 ], [ 77.275619575682924, 18.475077324658855 ], [ 77.275595779621597, 18.47501319490306 ], [ 77.275489329568984, 18.474805361578206 ], [ 77.275337932299806, 18.474500369096802 ], [ 77.275151129621008, 18.474168209895026 ], [ 77.27491470055304, 18.473817886186566 ], [ 77.274590566901225, 18.47349254744319 ], [ 77.274586877882143, 18.473489076060048 ], [ 77.274143473442621, 18.473072093702228 ], [ 77.273573172863678, 18.472602024363994 ], [ 77.273341369009017, 18.472398569838159 ], [ 77.273109463531, 18.472190618702143 ], [ 77.272967510042633, 18.472046070669649 ], [ 77.272888267179837, 18.47191920330863 ], [ 77.27286582549749, 18.471883277191523 ], [ 77.272801995215957, 18.471745494758803 ], [ 77.272714475892428, 18.471519569772397 ], [ 77.272641243198848, 18.47130500951863 ], [ 77.272563363708343, 18.471054125647417 ], [ 77.272490177779559, 18.470643057231374 ], [ 77.272433613120825, 18.470317706796781 ], [ 77.272348535456615, 18.470033114536648 ], [ 77.272187893156797, 18.469601621617588 ], [ 77.272012904871701, 18.469194909517515 ], [ 77.271885249704553, 18.468919252921236 ], [ 77.27180964639814, 18.468684281654305 ], [ 77.271748279359656, 18.468458382748224 ], [ 77.271701125206846, 18.46816696823106 ], [ 77.271684569587251, 18.46804950957727 ], [ 77.271670490700615, 18.46776265102557 ], [ 77.271621001008441, 18.467344774741605 ], [ 77.27158111157911, 18.466813868964948 ], [ 77.271543370630127, 18.466660238679143 ], [ 77.271422885757602, 18.466244627787376 ], [ 77.271704684723488, 18.466025716613558 ], [ 77.271962458300891, 18.465776560340032 ], [ 77.272036325915792, 18.465705162263475 ], [ 77.271539419009073, 18.465282408056737 ], [ 77.27132890300652, 18.465110722082215 ], [ 77.271222404390528, 18.465029212927902 ], [ 77.271089942347032, 18.464895942393866 ], [ 77.27095977267544, 18.464714478990057 ], [ 77.270945685694869, 18.464694839595207 ], [ 77.270926620966861, 18.464652623619713 ], [ 77.270886529190022, 18.464563840748724 ], [ 77.270834599637112, 18.464446277773565 ], [ 77.270763606255457, 18.46435368357567 ], [ 77.270683205065907, 18.464270088893556 ], [ 77.270550671975968, 18.464159291518119 ], [ 77.270276186296996, 18.463989723447014 ], [ 77.270053767767251, 18.46383148503503 ], [ 77.269866922820313, 18.463673261911534 ], [ 77.269734459877498, 18.463535402137154 ], [ 77.26961853097049, 18.463397572939702 ], [ 77.269529067312646, 18.463275962116029 ], [ 77.269512069226664, 18.463252855834696 ], [ 77.269476585576001, 18.463196513308503 ], [ 77.269441183763661, 18.463121915444106 ], [ 77.269428224532987, 18.463071257532537 ], [ 77.2694128623138, 18.46301121069888 ], [ 77.269365569665354, 18.462916302545352 ], [ 77.269150328624846, 18.462570586963068 ], [ 77.269022739108152, 18.462349057862752 ], [ 77.268916387081674, 18.462171407584435 ], [ 77.268899727140763, 18.462143576265078 ], [ 77.268713026085322, 18.461732337877152 ], [ 77.268653856989943, 18.461583173624604 ], [ 77.268549913347897, 18.461257866357471 ], [ 77.268493754283384, 18.461079310461855 ], [ 77.26846963626474, 18.461002627968981 ], [ 77.268398709432986, 18.460869209046791 ], [ 77.268271026386799, 18.460699788464527 ], [ 77.268131388652705, 18.460593536262763 ], [ 77.267698442429207, 18.460326721800808 ], [ 77.267445901107521, 18.459995457424501 ], [ 77.26738148266935, 18.459910958923675 ], [ 77.267277567805593, 18.459560789898603 ], [ 77.267025546291961, 18.457676838815132 ], [ 77.266931201114119, 18.456974293828637 ], [ 77.266829672151687, 18.456653437306329 ], [ 77.266760748679033, 18.456117578144678 ] ] ], [ [ [ 77.27653335308905, 18.476949070714674 ], [ 77.27653335308905, 18.501113513055603 ], [ 77.247779972427807, 18.501114721932826 ], [ 77.24719358771398, 18.500604285959074 ], [ 77.247025561980138, 18.497657490900508 ], [ 77.247025548490342, 18.497657239090362 ], [ 77.247025570074072, 18.497657084406967 ], [ 77.247320302190246, 18.495642866525142 ], [ 77.248087421197567, 18.493257257416534 ], [ 77.248314248204053, 18.492423370042559 ], [ 77.248788830340288, 18.491608095936957 ], [ 77.249137534369765, 18.490750991664985 ], [ 77.249301356672333, 18.490366976654688 ], [ 77.249455913259851, 18.489914165306516 ], [ 77.249541451376956, 18.489516673056073 ], [ 77.24956081467991, 18.489035561841774 ], [ 77.249546929147527, 18.4886380507055 ], [ 77.249561350675833, 18.488224646750098 ], [ 77.249651725346894, 18.487689446710647 ], [ 77.249657045736114, 18.486968899095473 ], [ 77.250343611568496, 18.486849583341666 ], [ 77.250883438619837, 18.48677771491964 ], [ 77.251408984437148, 18.486759982087563 ], [ 77.251849414818707, 18.486715066347305 ], [ 77.252334706981173, 18.486625110760315 ], [ 77.252805879787559, 18.486492047969705 ], [ 77.253279480763467, 18.486334259218722 ], [ 77.254186333732378, 18.486063796207304 ], [ 77.255588064737481, 18.485624275939646 ], [ 77.256189650032368, 18.485319773588742 ], [ 77.256733914338724, 18.485548242757261 ], [ 77.257259316264481, 18.485810578595366 ], [ 77.258073842134138, 18.485634889738435 ], [ 77.258537910296354, 18.485472596283334 ], [ 77.260474817059233, 18.484904622250554 ], [ 77.262529984671119, 18.484293680409053 ], [ 77.262911450103388, 18.48376772989684 ], [ 77.263442479986509, 18.48246923296875 ], [ 77.263765008348514, 18.48164044744874 ], [ 77.26422075868112, 18.479844961775598 ], [ 77.264377262300854, 18.479411445381974 ], [ 77.264502862517134, 18.479239829554558 ], [ 77.264692221069197, 18.479034443285002 ], [ 77.264886459342677, 18.478957678054428 ], [ 77.265191852022383, 18.478894715618708 ], [ 77.265637010139983, 18.478795533886856 ], [ 77.267078745687627, 18.47858637586063 ], [ 77.268525286312979, 18.478325090430644 ], [ 77.269950502214002, 18.478091011291209 ], [ 77.271430194547918, 18.477825356954721 ], [ 77.272926372354277, 18.477561920346375 ], [ 77.273870973466728, 18.477402037973722 ], [ 77.275147063785994, 18.477181392007708 ], [ 77.27653335308905, 18.476949070714674 ] ] ] ] } },
{ "type": "Feature", "properties": { "REGION": 2.0, "STATE.NAME": "Maharashtra", "DISTRICT.NAME": "Nanded", "DISTRICT.AREA": 10535.728211, "GRID_G0": "168552", "woodland": 0.039682306544701423, "maskWdl": 0.0, "cropland": 0.59250783888508363, "maskCrp": 1.0, "one": 0.35923334494103626, "maskOne": 1.0, "GRID.AREA": 5.2787238360443807, "REGION.AREA": 59928.662280600729 }, "geometry": { "type": "Polygon", "coordinates": [ [ [ 77.27653335308905, 18.427321879035912 ], [ 77.27653335308905, 18.456116679345151 ], [ 77.266760748679033, 18.456117578144678 ], [ 77.266742512556959, 18.455975797245291 ], [ 77.266712023740979, 18.455503693640598 ], [ 77.266932291991736, 18.455189897695675 ], [ 77.267131490026316, 18.454753974716198 ], [ 77.267278302551688, 18.454577896452808 ], [ 77.264589974447802, 18.453788017403156 ], [ 77.262563470028169, 18.454473516639553 ], [ 77.260162925878376, 18.455332490602014 ], [ 77.259618456526596, 18.455336691335276 ], [ 77.258657680207818, 18.455259393706118 ], [ 77.257651817277576, 18.455177400716536 ], [ 77.257126235487419, 18.455122861331059 ], [ 77.256925120098288, 18.455104627576532 ], [ 77.25669085569848, 18.455104490879592 ], [ 77.256174832802344, 18.455151590173784 ], [ 77.25567053256907, 18.455250645101216 ], [ 77.2550196050708, 18.455369998626562 ], [ 77.254651165419034, 18.454215395024505 ], [ 77.254521334791832, 18.453756853196296 ], [ 77.254011118818141, 18.452324396853498 ], [ 77.253937838460558, 18.452118914356447 ], [ 77.253942656128743, 18.45201946642527 ], [ 77.254568446676572, 18.450630816958665 ], [ 77.254829273452287, 18.450002949876307 ], [ 77.254883672543485, 18.449937452251675 ], [ 77.255864192578485, 18.44905500778242 ], [ 77.25667656187386, 18.448258141899771 ], [ 77.257900899806714, 18.447131794097064 ], [ 77.259866591170294, 18.445294390124051 ], [ 77.261593108735042, 18.443644350906144 ], [ 77.262464487945806, 18.442858738240204 ], [ 77.262741390103145, 18.442892865713247 ], [ 77.263219493085217, 18.442897606939084 ], [ 77.263756794840276, 18.442888859233506 ], [ 77.264301109508665, 18.442932163388662 ], [ 77.264968385782424, 18.442998018943456 ], [ 77.264134281671829, 18.440951125993703 ], [ 77.263985514020305, 18.440510598485385 ], [ 77.263439674101733, 18.439173133033705 ], [ 77.26479399644586, 18.4382319880159 ], [ 77.264440329957324, 18.43620787129629 ], [ 77.264416837866804, 18.435907457263401 ], [ 77.264421688809932, 18.435593442783215 ], [ 77.264426671054082, 18.435268238938136 ], [ 77.264450565141544, 18.434915865674721 ], [ 77.2644672205858, 18.434791687286577 ], [ 77.264552527577166, 18.434590624957423 ], [ 77.264692342477701, 18.434403232323344 ], [ 77.264846251553308, 18.434231695636299 ], [ 77.265213228907442, 18.433994756652737 ], [ 77.265878425049323, 18.433683352005122 ], [ 77.266683355152807, 18.433311143294702 ], [ 77.267088109428755, 18.433083247893649 ], [ 77.267729670487938, 18.43279460598632 ], [ 77.26778917323179, 18.432250248150467 ], [ 77.267850943166536, 18.431915913488698 ], [ 77.267929670717777, 18.430775355498326 ], [ 77.267974730349579, 18.430553916330211 ], [ 77.268020099348178, 18.430109013620154 ], [ 77.268649906268195, 18.429404682580071 ], [ 77.267990077280274, 18.428715364822267 ], [ 77.267836423612096, 18.428539049137839 ], [ 77.267770325240349, 18.428414806897877 ], [ 77.26769944787128, 18.428066918553498 ], [ 77.267441945889175, 18.427231030187954 ], [ 77.267052302022194, 18.425945577026823 ], [ 77.266842014447491, 18.425383016912747 ], [ 77.266766442617282, 18.425143473492536 ], [ 77.26671224857148, 18.424953769600847 ], [ 77.266622565479054, 18.42452902789239 ], [ 77.266563495309128, 18.424314467638624 ], [ 77.266509155573146, 18.424169804492919 ], [ 77.266348415247251, 18.423912262041313 ], [ 77.265780335094462, 18.422507865445709 ], [ 77.265710519824665, 18.422335264860635 ], [ 77.268131248358486, 18.422429288980538 ], [ 77.269783137481852, 18.422418960266835 ], [ 77.270100061268863, 18.422439503480344 ], [ 77.270429027877412, 18.422487056032882 ], [ 77.271673731857277, 18.422731712998203 ], [ 77.272371744260624, 18.422831494577849 ], [ 77.27330169631631, 18.42301500304001 ], [ 77.27332907167937, 18.423225482170324 ], [ 77.273407317193971, 18.423240919932542 ], [ 77.273567497242254, 18.42447205044482 ], [ 77.274450382379314, 18.425299229775703 ], [ 77.274935273444157, 18.425805391605596 ], [ 77.275415359431364, 18.426216790972148 ], [ 77.27653335308905, 18.427321879035912 ] ] ] } },
{ "type": "Feature", "properties": { "REGION": 2.0, "STATE.NAME": "Maharashtra", "DISTRICT.NAME": "Nanded", "DISTRICT.AREA": 10535.728211, "GRID_G0": "168553", "woodland": 0.049208017988398585, "maskWdl": 0.0, "cropland": 0.59101419499750307, "maskCrp": 1.0, "one": 0.35387031464890495, "maskOne": 1.0, "GRID.AREA": 9.885045924487736, "REGION.AREA": 59928.662280600729 }, "geometry": { "type": "Polygon", "coordinates": [ [ [ 77.319335772606365, 18.456116938912107 ], [ 77.27653335308905, 18.456116679345151 ], [ 77.27653335308905, 18.427321879035912 ], [ 77.276990666785878, 18.42777390773972 ], [ 77.27751104330008, 18.42823723306191 ], [ 77.279093309608584, 18.429789964735111 ], [ 77.280719094110964, 18.429957914026549 ], [ 77.282671379280771, 18.430182499023147 ], [ 77.2848792724605, 18.430400386768497 ], [ 77.286592538514924, 18.430577494755653 ], [ 77.287229115531318, 18.430566452879532 ], [ 77.288397863670525, 18.431213118490689 ], [ 77.289699207852209, 18.431986146043869 ], [ 77.290993241444994, 18.432784163058727 ], [ 77.292244898083652, 18.433491674101504 ], [ 77.292947606746736, 18.433767485381171 ], [ 77.29431288193399, 18.434303501105717 ], [ 77.294604032949792, 18.434407548169872 ], [ 77.29611849757066, 18.434661261308236 ], [ 77.297159781199014, 18.434815195564855 ], [ 77.298494161976066, 18.43541206931161 ], [ 77.299073933315412, 18.43574669715241 ], [ 77.30037535753678, 18.43637735213315 ], [ 77.300403193352736, 18.436565564948921 ], [ 77.300479941496178, 18.436602761808047 ], [ 77.300712182421364, 18.438172883671712 ], [ 77.30237651726253, 18.438718277526558 ], [ 77.304333487000875, 18.439378683879227 ], [ 77.306453720562786, 18.440066078886503 ], [ 77.310448149362685, 18.441375474698475 ], [ 77.311849123138586, 18.441825383934372 ], [ 77.312540102843528, 18.441999612292307 ], [ 77.313186089466512, 18.442236868736529 ], [ 77.314544477645597, 18.442596532803808 ], [ 77.315020123679801, 18.442743529690176 ], [ 77.315114676601127, 18.442759377543268 ], [ 77.315240196777722, 18.44275037892692 ], [ 77.315905284101632, 18.442594694589562 ], [ 77.316610595402736, 18.442369104150888 ], [ 77.316756419573153, 18.442307927768695 ], [ 77.316906526315222, 18.442244953641762 ], [ 77.316987232374913, 18.442455262800198 ], [ 77.316995355051631, 18.442476429243868 ], [ 77.317062583871234, 18.442651617178456 ], [ 77.317343943967899, 18.443281826994788 ], [ 77.317417084031263, 18.44389403148443 ], [ 77.31742403579068, 18.444316421465714 ], [ 77.317447606122187, 18.444840483401666 ], [ 77.317428446066003, 18.445396061179338 ], [ 77.317456609235194, 18.445940481967739 ], [ 77.317501416157484, 18.446532359081175 ], [ 77.317557983514178, 18.447218939302676 ], [ 77.317292735671288, 18.447693259736184 ], [ 77.316932940302991, 18.447977706306176 ], [ 77.317292105246509, 18.449613218775085 ], [ 77.317826365494454, 18.451386498388217 ], [ 77.318131347183964, 18.452308137110894 ], [ 77.318396122882803, 18.453207212742715 ], [ 77.319126738408329, 18.455436885703758 ], [ 77.319335772606365, 18.456116938912107 ] ] ] } },
{ "type": "Feature", "properties": { "REGION": 2.0, "STATE.NAME": "Maharashtra", "DISTRICT.NAME": "Osmanabad", "DISTRICT.AREA": 7575.69926, "GRID_G0": "170465", "woodland": 0.0052939505035490752, "maskWdl": 0.0, "cropland": 0.64210511854085284, "maskCrp": 1.0, "one": 0.34692339884763274, "maskOne": 1.0, "GRID.AREA": 23.735731293187641, "REGION.AREA": 59928.662280600729 }, "geometry": { "type": "Polygon", "coordinates": [ [ [ 75.566530568072068, 18.546114749727892 ], [ 75.611531809473433, 18.546114715555074 ], [ 75.611531809473433, 18.591115945071177 ], [ 75.566530568072068, 18.591116023538422 ], [ 75.566530568072068, 18.546114749727892 ] ] ] } },
{ "type": "Feature", "properties": { "REGION": 2.0, "STATE.NAME": "Maharashtra", "DISTRICT.NAME": "Osmanabad", "DISTRICT.AREA": 7575.69926, "GRID_G0": "170467", "woodland": 0.01542816559634275, "maskWdl": 0.0, "cropland": 0.54878263211119183, "maskCrp": 1.0, "one": 0.41691785564888045, "maskOne": 1.0, "GRID.AREA": 23.733398884183647, "REGION.AREA": 59928.662280600729 }, "geometry": { "type": "Polygon", "coordinates": [ [ [ 75.656533018624756, 18.546114737683776 ], [ 75.701529839824033, 18.546114756585105 ], [ 75.701529839824033, 18.591116005308535 ], [ 75.656533018624756, 18.591115988538739 ], [ 75.656533018624756, 18.546114737683776 ] ] ] } },
{ "type": "Feature", "properties": { "REGION": 2.0, "STATE.NAME": "Maharashtra", "DISTRICT.NAME": "Osmanabad", "DISTRICT.AREA": 7575.69926, "GRID_G0": "169817", "woodland": 0.012027343343005962, "maskWdl": 0.0, "cropland": 0.50389685924313388, "maskCrp": 0.0, "one": 0.43735147177613987, "maskOne": 1.0, "GRID.AREA": 23.739656124772345, "REGION.AREA": 59928.662280600729 }, "geometry": { "type": "Polygon", "coordinates": [ [ [ 75.656533018624756, 18.501113527981065 ], [ 75.701529839824033, 18.50111345669751 ], [ 75.701529839824033, 18.546114756585105 ], [ 75.656533018624756, 18.546114737683776 ], [ 75.656533018624756, 18.501113527981065 ] ] ] } },
{ "type": "Feature", "properties": { "REGION": 2.0, "STATE.NAME": "Maharashtra", "DISTRICT.NAME": "Osmanabad", "DISTRICT.AREA": 7575.69926, "GRID_G0": "169818", "woodland": 0.0063966186617438721, "maskWdl": 0.0, "cropland": 0.49835350209062923, "maskCrp": 0.0, "one": 0.48109154318581643, "maskOne": 1.0, "GRID.AREA": 23.742038506622343, "REGION.AREA": 59928.662280600729 }, "geometry": { "type": "Polygon", "coordinates": [ [ [ 75.701529839824033, 18.50111345669751 ], [ 75.746531141771456, 18.501113477387925 ], [ 75.746531141771456, 18.546114756858493 ], [ 75.701529839824033, 18.546114756585105 ], [ 75.701529839824033, 18.50111345669751 ] ] ] } },
{ "type": "Feature", "properties": { "REGION": 2.0, "STATE.NAME": "Maharashtra", "DISTRICT.NAME": "Osmanabad", "DISTRICT.AREA": 7575.69926, "GRID_G0": "169168", "woodland": 0.0075660630225685655, "maskWdl": 0.0, "cropland": 0.47349568770834749, "maskCrp": 0.0, "one": 0.50780445685836773, "maskOne": 1.0, "GRID.AREA": 23.745880264851674, "REGION.AREA": 59928.662280600729 }, "geometry": { "type": "Polygon", "coordinates": [ [ [ 75.701529839824033, 18.456116703417415 ], [ 75.746531141771456, 18.456116741336142 ], [ 75.746531141771456, 18.501113477387925 ], [ 75.701529839824033, 18.50111345669751 ], [ 75.701529839824033, 18.456116703417415 ] ] ] } },
{ "type": "Feature", "properties": { "REGION": 2.0, "STATE.NAME": "Maharashtra", "DISTRICT.NAME": "Osmanabad", "DISTRICT.AREA": 7575.69926, "GRID_G0": "169169", "woodland": 0.011937291546562348, "maskWdl": 0.0, "cropland": 0.5179260241755671, "maskCrp": 0.0, "one": 0.44730725536033095, "maskOne": 1.0, "GRID.AREA": 23.745859895330998, "REGION.AREA": 59928.662280600729 }, "geometry": { "type": "Polygon", "coordinates": [ [ [ 75.746531141771456, 18.456116741336142 ], [ 75.791532389518707, 18.456116731676712 ], [ 75.791532389518707, 18.50111351616016 ], [ 75.746531141771456, 18.501113477387925 ], [ 75.746531141771456, 18.456116741336142 ] ] ] } },
{ "type": "Feature", "properties": { "REGION": 2.0, "STATE.NAME": "Maharashtra", "DISTRICT.NAME": "Osmanabad", "DISTRICT.AREA": 7575.69926, "GRID_G0": "168519", "woodland": 0.038139439986287313, "maskWdl": 0.0, "cropland": 0.33434202800978219, "maskCrp": 0.0, "one": 0.58561764359431467, "maskOne": 1.0, "GRID.AREA": 17.706067743966184, "REGION.AREA": 59928.662280600729 }, "geometry": { "type": "Polygon", "coordinates": [ [ [ 75.768875493780826, 18.411116770657802 ], [ 75.791532389518707, 18.411115459772095 ], [ 75.791532389518707, 18.456116731676712 ], [ 75.746531141771456, 18.456116741336142 ], [ 75.746531141771456, 18.434022132496391 ], [ 75.746715812384878, 18.434035488746868 ], [ 75.747879219450454, 18.434275033066399 ], [ 75.748905577030825, 18.434428214590469 ], [ 75.750790437328874, 18.435284874597357 ], [ 75.752018524535345, 18.435863468724161 ], [ 75.753464400561725, 18.436429327551476 ], [ 75.754016428715261, 18.436865115632656 ], [ 75.755151500841123, 18.438161512643717 ], [ 75.756073707935343, 18.439452512823266 ], [ 75.756263362364336, 18.439482662594855 ], [ 75.756452153444187, 18.439512674770185 ], [ 75.75843032290112, 18.439570209797409 ], [ 75.759538613216478, 18.439407354266052 ], [ 75.761668333726675, 18.439460943967447 ], [ 75.762563287765602, 18.439383147214528 ], [ 75.763108818317392, 18.439105182058537 ], [ 75.763839750404202, 18.438624608638804 ], [ 75.764215626549969, 18.438174395432043 ], [ 75.764683183182413, 18.437313433068539 ], [ 75.765116867749327, 18.436605838388804 ], [ 75.765282030941023, 18.435617273018806 ], [ 75.765118554877461, 18.434004023267107 ], [ 75.764925228516518, 18.432706765604792 ], [ 75.764602468129453, 18.4307179643626 ], [ 75.764592087255096, 18.429796399384372 ], [ 75.764691910203567, 18.427488488103275 ], [ 75.764779184012184, 18.425871722002398 ], [ 75.76478198899764, 18.425221230675334 ], [ 75.765414111671987, 18.423471004283503 ], [ 75.765737478202141, 18.422676580959489 ], [ 75.765959363433922, 18.422131468592458 ], [ 75.766066515857062, 18.42191419688271 ], [ 75.766899875329045, 18.420224388744604 ], [ 75.767282226593522, 18.419331451885057 ], [ 75.767368154117094, 18.419072945360202 ], [ 75.768362479644793, 18.414039280688314 ], [ 75.768395627756092, 18.413445309953143 ], [ 75.768641325237013, 18.4124343136927 ], [ 75.768849492210336, 18.411342047497552 ], [ 75.768875493780826, 18.411116770657802 ] ] ] } },
{ "type": "Feature", "properties": { "REGION": 2.0, "STATE.NAME": "Maharashtra", "DISTRICT.NAME": "Osmanabad", "DISTRICT.AREA": 7575.69926, "GRID_G0": "167870", "woodland": 0.016905129744560581, "maskWdl": 0.0, "cropland": 0.43555404089452487, "maskCrp": 0.0, "one": 0.52535930448877965, "maskOne": 1.0, "GRID.AREA": 17.815487676764636, "REGION.AREA": 59928.662280600729 }, "geometry": { "type": "Polygon", "coordinates": [ [ [ 75.836529142263856, 18.367611982539987 ], [ 75.836529142263856, 18.411115488590973 ], [ 75.791532389518707, 18.411115459772095 ], [ 75.791532389518707, 18.387877893306587 ], [ 75.792359074511751, 18.387426722565241 ], [ 75.792465927460626, 18.387380830161252 ], [ 75.79334968583936, 18.387001264097137 ], [ 75.793378337340471, 18.386951709653719 ], [ 75.79335593342968, 18.386859960818587 ], [ 75.793043167208452, 18.385577139973066 ], [ 75.792678126994019, 18.384613689070534 ], [ 75.792576176249611, 18.384075680448348 ], [ 75.792577267127228, 18.383822748820879 ], [ 75.792634556639541, 18.383696481307599 ], [ 75.793420042500998, 18.382524916491775 ], [ 75.794000470345509, 18.38175469752133 ], [ 75.794804621636047, 18.380655412117619 ], [ 75.795727379115306, 18.379475277661982 ], [ 75.795850857830885, 18.379340345180822 ], [ 75.796477831886477, 18.379201421508473 ], [ 75.796532893778078, 18.379189221305577 ], [ 75.796965065685299, 18.379158140735683 ], [ 75.797966947316809, 18.379086132918761 ], [ 75.798974827426377, 18.379098885305382 ], [ 75.799452430385429, 18.379163871215724 ], [ 75.800327328643334, 18.379252924782691 ], [ 75.80235679722847, 18.379368877971388 ], [ 75.804396016263183, 18.379403422729808 ], [ 75.806033295000645, 18.379368706200864 ], [ 75.806771938774034, 18.379254011163709 ], [ 75.809063280945736, 18.378950674334195 ], [ 75.809512924881631, 18.378889133726606 ], [ 75.809867877400677, 18.378890412562555 ], [ 75.810113752048096, 18.37893189738918 ], [ 75.811551303050237, 18.379154035330547 ], [ 75.811787830144283, 18.379159376404175 ], [ 75.811958264262557, 18.379123846888096 ], [ 75.812617443040608, 18.378764825836072 ], [ 75.813261581556787, 18.378595576125011 ], [ 75.813707022061465, 18.378443619477476 ], [ 75.814237390942878, 18.378332517231911 ], [ 75.815216892046024, 18.378308937007883 ], [ 75.815893700234142, 18.378266210217475 ], [ 75.816286605042819, 18.378208910812642 ], [ 75.817224537682307, 18.377936775961476 ], [ 75.817589428609324, 18.377816105828686 ], [ 75.817711516073643, 18.377801448677982 ], [ 75.817712418093663, 18.377801339860014 ], [ 75.817713286838796, 18.377801235538644 ], [ 75.817717842804257, 18.377800686952188 ], [ 75.818171659594498, 18.377746005473799 ], [ 75.819079020680306, 18.377580059871889 ], [ 75.819189748807901, 18.377559808938088 ], [ 75.820354214375541, 18.377428584361727 ], [ 75.820978643349747, 18.377435270821138 ], [ 75.821522567712407, 18.377518488687372 ], [ 75.821833639610816, 18.377620754194481 ], [ 75.822453477545992, 18.377824520785051 ], [ 75.823091639167842, 18.37798939979103 ], [ 75.823678065490412, 18.378050232632173 ], [ 75.824099371788634, 18.378006562452924 ], [ 75.8244359286752, 18.377854244278012 ], [ 75.824825629199495, 18.377426434082736 ], [ 75.825162528727788, 18.377170170467025 ], [ 75.825842270504438, 18.376363930950671 ], [ 75.826835501557184, 18.375256261167578 ], [ 75.827268100642428, 18.374733781139124 ], [ 75.82818017687373, 18.373797400729529 ], [ 75.828892825743367, 18.373031995829987 ], [ 75.829468033922694, 18.372338394601282 ], [ 75.830250929736678, 18.371758379545611 ], [ 75.830644340863671, 18.371597105921751 ], [ 75.831972385916913, 18.370743575555593 ], [ 75.832726560982053, 18.37024934952791 ], [ 75.8337320983577, 18.369615879669141 ], [ 75.8347563650143, 18.368991652143109 ], [ 75.836478982219319, 18.367651492322576 ], [ 75.836529142263856, 18.367611982539987 ] ] ] } },
{ "type": "Feature", "properties": { "REGION": 2.0, "STATE.NAME": "Maharashtra", "DISTRICT.NAME": "Osmanabad", "DISTRICT.AREA": 7575.69926, "GRID_G0": "167222", "woodland": 0.040469820887684381, "maskWdl": 0.0, "cropland": 0.30176806734649436, "maskCrp": 0.0, "one": 0.64101712157107649, "maskOne": 1.0, "GRID.AREA": 14.3175250755048, "REGION.AREA": 59928.662280600729 }, "geometry": { "type": "Polygon", "coordinates": [ [ [ 75.911102799007224, 18.321114147999847 ], [ 75.926531654410823, 18.321112975648255 ], [ 75.926531654410823, 18.366114245930909 ], [ 75.881530348573008, 18.366114207474631 ], [ 75.881530348573008, 18.365374777518561 ], [ 75.882295893540686, 18.365371335918443 ], [ 75.883215648183693, 18.364850383838188 ], [ 75.884358245836438, 18.364181049915544 ], [ 75.885434270275425, 18.363633343004437 ], [ 75.886685762338118, 18.362937215580075 ], [ 75.887823751864687, 18.362222682630772 ], [ 75.888795710353804, 18.36165214193284 ], [ 75.89060145189552, 18.360727387958661 ], [ 75.890994119283221, 18.360527129623392 ], [ 75.891402404297594, 18.360318863724615 ], [ 75.892687022887856, 18.359618290052083 ], [ 75.89400018326188, 18.358863547514773 ], [ 75.895043107253628, 18.35827063438234 ], [ 75.895773684108292, 18.357708287407604 ], [ 75.895965333233619, 18.357004146124495 ], [ 75.896400963034068, 18.355546399946434 ], [ 75.896864479911869, 18.354219804600348 ], [ 75.897451596014378, 18.352699394561455 ], [ 75.897814425695231, 18.351756342081554 ], [ 75.897905966786993, 18.351268782728194 ], [ 75.89795781719954, 18.351114117322705 ], [ 75.898412762638941, 18.349757061938931 ], [ 75.898742330893924, 18.348845654803199 ], [ 75.899185349524316, 18.347966122338732 ], [ 75.899477239782868, 18.347013942639361 ], [ 75.89915580229848, 18.346940595731951 ], [ 75.899284804650051, 18.346557023188097 ], [ 75.899643193478653, 18.345519171372704 ], [ 75.89991539218164, 18.34477470898565 ], [ 75.900327094619797, 18.34340264841353 ], [ 75.900762643481244, 18.341922444365366 ], [ 75.901283674701858, 18.340370122782982 ], [ 75.901704793941121, 18.338953008874284 ], [ 75.90194444527998, 18.338068287321676 ], [ 75.902087704583948, 18.337657679358468 ], [ 75.902502484502122, 18.336719294360023 ], [ 75.902688739493783, 18.336218505080012 ], [ 75.903027645409566, 18.335329664632354 ], [ 75.903180324212656, 18.334959685341232 ], [ 75.903752776869226, 18.333534033269075 ], [ 75.90412022906537, 18.332600114303887 ], [ 75.904468487930444, 18.331747407716765 ], [ 75.904654659285143, 18.331264692111915 ], [ 75.904515375883932, 18.330500826851736 ], [ 75.904306065872277, 18.329465660411923 ], [ 75.904166272555472, 18.328841781822803 ], [ 75.90407883147293, 18.328123301749031 ], [ 75.90406099431948, 18.327922760127308 ], [ 75.904051495680051, 18.32781594135264 ], [ 75.904710420849312, 18.327429571017944 ], [ 75.904772325682359, 18.327399921269375 ], [ 75.905975344286787, 18.326823703151433 ], [ 75.906326011536237, 18.32664858086736 ], [ 75.906496824269084, 18.326509106809908 ], [ 75.90727090043174, 18.325599051355198 ], [ 75.907855123415288, 18.324914178946244 ], [ 75.909184404137022, 18.32346375684693 ], [ 75.910419519545258, 18.321909066450306 ], [ 75.911102799007224, 18.321114147999847 ] ] ] } },
{ "type": "Feature", "properties": { "REGION": 2.0, "STATE.NAME": "Maharashtra", "DISTRICT.NAME": "Osmanabad", "DISTRICT.AREA": 7575.69926, "GRID_G0": "166572", "woodland": 0.038213114489490461, "maskWdl": 0.0, "cropland": 0.54826273137792436, "maskCrp": 1.0, "one": 0.40473304344481775, "maskOne": 1.0, "GRID.AREA": 1.7097069659749515, "REGION.AREA": 59928.662280600729 }, "geometry": { "type": "Polygon", "coordinates": [ [ [ 75.926531654410823, 18.29734409438986 ], [ 75.926531654410823, 18.321112975648255 ], [ 75.911102799007224, 18.321114147999847 ], [ 75.911720699150976, 18.320395282616236 ], [ 75.913134356965031, 18.319193594109148 ], [ 75.913902654983588, 18.318581514625237 ], [ 75.914599950627291, 18.317991958661988 ], [ 75.914951008182527, 18.317685824940895 ], [ 75.915340407433916, 18.317208188707014 ], [ 75.916428900073754, 18.315635000155172 ], [ 75.91707927269033, 18.314900653342534 ], [ 75.917692070732528, 18.314125542959513 ], [ 75.918328555118762, 18.313332461424011 ], [ 75.918921877442756, 18.312701756980573 ], [ 75.920103035326861, 18.311661924858011 ], [ 75.92042559606449, 18.31139178020652 ], [ 75.9210919487345, 18.310128987263003 ], [ 75.921963032967653, 18.308464721669623 ], [ 75.922533472042176, 18.307599073838219 ], [ 75.92295732072381, 18.306746617262604 ], [ 75.923418799737874, 18.305916853280223 ], [ 75.923857547487899, 18.304806931594669 ], [ 75.923915919783951, 18.30289616722439 ], [ 75.924103592107144, 18.301916456579249 ], [ 75.924204392618662, 18.301474039595295 ], [ 75.924484883970251, 18.301041269638915 ], [ 75.926531654410823, 18.29734409438986 ] ] ] } },
{ "type": "Feature", "properties": { "REGION": 2.0, "STATE.NAME": "Maharashtra", "DISTRICT.NAME": "Osmanabad", "DISTRICT.AREA": 7575.69926, "GRID_G0": "166573", "woodland": 0.047110365509513315, "maskWdl": 0.0, "cropland": 0.30348876314540485, "maskCrp": 0.0, "one": 0.61840719514256659, "maskOne": 1.0, "GRID.AREA": 22.801683118608718, "REGION.AREA": 59928.662280600729 }, "geometry": { "type": "Polygon", "coordinates": [ [ [ 75.92995638417031, 18.276116511056763 ], [ 75.971532874280271, 18.276116179431607 ], [ 75.971532874280271, 18.321112989923463 ], [ 75.926531654410823, 18.321112975648255 ], [ 75.926531654410823, 18.29734409438986 ], [ 75.932958040880919, 18.285734651033351 ], [ 75.931816570978015, 18.283341604531472 ], [ 75.930875547368657, 18.279621102931628 ], [ 75.930635401402697, 18.27867161490315 ], [ 75.930418453448908, 18.278494722753294 ], [ 75.930142631377407, 18.277518208298719 ], [ 75.92995638417031, 18.276116511056763 ] ] ] } },
{ "type": "Feature", "properties": { "REGION": 2.0, "STATE.NAME": "Maharashtra", "DISTRICT.NAME": "Osmanabad", "DISTRICT.AREA": 7575.69926, "GRID_G0": "165924", "woodland": 0.019295458331042056, "maskWdl": 0.0, "cropland": 0.57257210348760201, "maskCrp": 1.0, "one": 0.39107645372537675, "maskOne": 1.0, "GRID.AREA": 23.776855557028764, "REGION.AREA": 59928.662280600729 }, "geometry": { "type": "Polygon", "coordinates": [ [ [ 75.971532874280271, 18.231114947682897 ], [ 76.016529660900304, 18.231114890459015 ], [ 76.016529660900304, 18.276116164502842 ], [ 75.971532874280271, 18.276116179431607 ], [ 75.971532874280271, 18.231114947682897 ] ] ] } },
{ "type": "Feature", "properties": { "REGION": 2.0, "STATE.NAME": "Maharashtra", "DISTRICT.NAME": "Osmanabad", "DISTRICT.AREA": 7575.69926, "GRID_G0": "162675", "woodland": 0.049198882526013343, "maskWdl": 0.0, "cropland": 0.52445444569017297, "maskCrp": 0.0, "one": 0.39673661544233529, "maskOne": 1.0, "GRID.AREA": 23.726479646241273, "REGION.AREA": 59928.662280600729 }, "geometry": { "type": "Polygon", "coordinates": [ [ [ 76.016529660900304, 18.040157914409921 ], [ 76.016529660900304, 18.00611315283836 ], [ 76.061530950579169, 18.006113133005741 ], [ 76.061530950579169, 18.051114381042566 ], [ 76.016529660900304, 18.051114361108493 ], [ 76.016529660900304, 18.046036085424596 ], [ 76.017833932290216, 18.043939040654266 ], [ 76.018749152551379, 18.042554496592796 ], [ 76.018787586877693, 18.042301529891745 ], [ 76.018674999851441, 18.042043750019104 ], [ 76.017572874388691, 18.040956752951843 ], [ 76.016529660900304, 18.040157914409921 ] ] ] } },
{ "type": "Feature", "properties": { "REGION": 2.0, "STATE.NAME": "Maharashtra", "DISTRICT.NAME": "Osmanabad", "DISTRICT.AREA": 7575.69926, "GRID_G0": "160075", "woodland": 0.0039809331507166769, "maskWdl": 0.0, "cropland": 0.6327114118914875, "maskCrp": 1.0, "one": 0.34461172085598413, "maskOne": 1.0, "GRID.AREA": 23.803324171905853, "REGION.AREA": 59928.662280600729 }, "geometry": { "type": "Polygon", "coordinates": [ [ [ 76.016529660900304, 17.826469975435639 ], [ 76.016529660900304, 17.826112651817756 ], [ 76.061530950579169, 17.826112610433846 ], [ 76.061530950579169, 17.87111382267873 ], [ 76.016529660900304, 17.871113896666504 ], [ 76.016529660900304, 17.828522473002877 ], [ 76.017149224457228, 17.828397847782529 ], [ 76.017819238267293, 17.828291062282744 ], [ 76.018480193206415, 17.82816656553462 ], [ 76.019145398341493, 17.828041262094644 ], [ 76.018599109661238, 17.827678601486298 ], [ 76.017996151101556, 17.827410562147751 ], [ 76.017614621817415, 17.82720177104494 ], [ 76.016677603788423, 17.826575983195138 ], [ 76.016529660900304, 17.826469975435639 ] ] ] } },
{ "type": "Feature", "properties": { "REGION": 2.0, "STATE.NAME": "Maharashtra", "DISTRICT.NAME": "Parbhani", "DISTRICT.AREA": 6128.024671, "GRID_G0": "188688", "woodland": 0.0053814725285310722, "maskWdl": 0.0, "cropland": 0.50729213260790984, "maskCrp": 0.0, "one": 0.42421727201640064, "maskOne": 1.0, "GRID.AREA": 0.29185475279225903, "REGION.AREA": 59928.662280600729 }, "geometry": { "type": "Polygon", "coordinates": [ [ [ 76.601532479278092, 19.816712870858392 ], [ 76.601532479278092, 19.806681904295143 ], [ 76.602132912104253, 19.807021846381133 ], [ 76.602510050898161, 19.807256478603676 ], [ 76.60332644016313, 19.807639932436985 ], [ 76.604176227550909, 19.808271763730943 ], [ 76.60501189558255, 19.808890123180674 ], [ 76.60545121440208, 19.809341524391868 ], [ 76.605637743686998, 19.809987440867758 ], [ 76.60554290388194, 19.810859207686345 ], [ 76.605333188276063, 19.811211605231446 ], [ 76.6052570705574, 19.811573025674647 ], [ 76.605109319139842, 19.811997703531237 ], [ 76.604875825459033, 19.812467578615895 ], [ 76.604708959850655, 19.812838050735479 ], [ 76.604160638702581, 19.813542936657257 ], [ 76.603745689711843, 19.813994881058992 ], [ 76.603311681389016, 19.814500987130884 ], [ 76.602992212520633, 19.814876154610886 ], [ 76.602639335636866, 19.815323447718981 ], [ 76.602271942796008, 19.815635291235765 ], [ 76.602157615581575, 19.81583406748825 ], [ 76.602095654091215, 19.816028341734636 ], [ 76.601876250088949, 19.816272422234537 ], [ 76.601532479278092, 19.816712870858392 ] ] ] } },
{ "type": "Feature", "properties": { "REGION": 2.0, "STATE.NAME": "Maharashtra", "DISTRICT.NAME": "Parbhani", "DISTRICT.AREA": 6128.024671, "GRID_G0": "188036", "woodland": 0.0020041618832077252, "maskWdl": 0.0, "cropland": 0.6393595160813671, "maskCrp": 1.0, "one": 0.35320954572343932, "maskOne": 1.0, "GRID.AREA": 23.478877787285612, "REGION.AREA": 59928.662280600729 }, "geometry": { "type": "Polygon", "coordinates": [ [ [ 76.51152999825247, 19.800865788765446 ], [ 76.51152999825247, 19.761117231543114 ], [ 76.556531305189836, 19.761117214362542 ], [ 76.556531305189836, 19.806118475639593 ], [ 76.514074041399383, 19.806118784139823 ], [ 76.513754961722171, 19.805237887318697 ], [ 76.513715683831776, 19.805129483938572 ], [ 76.513683314533409, 19.80504015068243 ], [ 76.513641740673847, 19.804925384598846 ], [ 76.513629057535013, 19.804890335320753 ], [ 76.513384234195087, 19.80442264019274 ], [ 76.513250381799764, 19.804166935056063 ], [ 76.512860626416852, 19.803422353958521 ], [ 76.51194852770243, 19.801645016604255 ], [ 76.511729524797772, 19.801218255018512 ], [ 76.51152999825247, 19.800865788765446 ] ] ] } },
{ "type": "Feature", "properties": { "REGION": 2.0, "STATE.NAME": "Maharashtra", "DISTRICT.NAME": "Parbhani", "DISTRICT.AREA": 6128.024671, "GRID_G0": "187391", "woodland": 0.019851655897510433, "maskWdl": 0.0, "cropland": 0.25082202936265807, "maskCrp": 0.0, "one": 0.40009749212644075, "maskOne": 1.0, "GRID.AREA": 1.8722085170513625, "REGION.AREA": 59928.662280600729 }, "geometry": { "type": "MultiPolygon", "coordinates": [ [ [ [ 76.766568819466727, 19.716117192529669 ], [ 76.781533070030974, 19.716115955716152 ], [ 76.781533070030974, 19.733098546214176 ], [ 76.779488613908484, 19.732953150267747 ], [ 76.778032123184005, 19.732002369014197 ], [ 76.776885290623738, 19.730865747356404 ], [ 76.776618711784195, 19.73039842454773 ], [ 76.776071869121495, 19.729439772427611 ], [ 76.775372523922897, 19.727719880168365 ], [ 76.774602472226377, 19.726492527708047 ], [ 76.772696044386976, 19.724643506292807 ], [ 76.772211851196005, 19.724030184845216 ], [ 76.772183689825454, 19.723994514135541 ], [ 76.771046935068057, 19.722554575433378 ], [ 76.768123473819344, 19.720007002021589 ], [ 76.766637115710353, 19.718211524442328 ], [ 76.766411721323948, 19.717416899670241 ], [ 76.766439158740241, 19.716757358465376 ], [ 76.766568819466727, 19.716117192529669 ] ] ], [ [ [ 76.736531834411025, 19.732474596113295 ], [ 76.736531834411025, 19.726253439954458 ], [ 76.73682915753966, 19.726586535640138 ], [ 76.737512851836698, 19.727656142516992 ], [ 76.737857454058314, 19.728522919896879 ], [ 76.737968548210006, 19.729385492946161 ], [ 76.737950742532803, 19.730284296982745 ], [ 76.737637048211241, 19.731034525822732 ], [ 76.737437426596045, 19.731513656729931 ], [ 76.737065931047937, 19.731920641324564 ], [ 76.736531834411025, 19.732474596113295 ] ] ] ] } },
{ "type": "Feature", "properties": { "REGION": 2.0, "STATE.NAME": "Maharashtra", "DISTRICT.NAME": "Parbhani", "DISTRICT.AREA": 6128.024671, "GRID_G0": "187392", "woodland": 0.014015284074114398, "maskWdl": 0.0, "cropland": 0.4763930816106256, "maskCrp": 0.0, "one": 0.50166562020854233, "maskOne": 1.0, "GRID.AREA": 1.1938101542570652, "REGION.AREA": 59928.662280600729 }, "geometry": { "type": "Polygon", "coordinates": [ [ [ 76.781533070030974, 19.733098546214176 ], [ 76.781533070030974, 19.716115955716152 ], [ 76.787110267681854, 19.716116566598505 ], [ 76.787607674454648, 19.717108810822992 ], [ 76.789133521794668, 19.719500363550988 ], [ 76.789860912351287, 19.720822560312968 ], [ 76.789920308975127, 19.721987887431112 ], [ 76.789613147328964, 19.723600864688198 ], [ 76.78919539335277, 19.724739807496178 ], [ 76.788096459583983, 19.726340559369362 ], [ 76.786949541588115, 19.727796807276889 ], [ 76.785530906026565, 19.729411498641809 ], [ 76.784246988008135, 19.731717088772655 ], [ 76.782937186601941, 19.732776075555474 ], [ 76.781850064528896, 19.733121087867975 ], [ 76.781533070030974, 19.733098546214176 ] ] ] } },
{ "type": "Feature", "properties": { "REGION": 2.0, "STATE.NAME": "Maharashtra", "DISTRICT.NAME": "Parbhani", "DISTRICT.AREA": 6128.024671, "GRID_G0": "186743", "woodland": 0.06642514868601776, "maskWdl": 0.0, "cropland": 0.4965936863373358, "maskCrp": 0.0, "one": 0.39582502828034916, "maskOne": 1.0, "GRID.AREA": 11.961951000547426, "REGION.AREA": 59928.662280600729 }, "geometry": { "type": "Polygon", "coordinates": [ [ [ 76.826534291071354, 19.705286418489433 ], [ 76.826534291071354, 19.671114759355795 ], [ 76.862138815868121, 19.671115684359226 ], [ 76.862962711360126, 19.671931370536356 ], [ 76.863437212557372, 19.672987353583551 ], [ 76.863534293472924, 19.673438869907955 ], [ 76.863721509839877, 19.674310233830283 ], [ 76.863834988993631, 19.676003808329142 ], [ 76.862515259071998, 19.678612670538374 ], [ 76.862064214891689, 19.679124118583275 ], [ 76.860484148324815, 19.680915744366132 ], [ 76.859762642032365, 19.682398803761828 ], [ 76.858915830501246, 19.685404079035095 ], [ 76.857832752679428, 19.68731233969277 ], [ 76.856577778441775, 19.689139673057529 ], [ 76.854475873962485, 19.691853918723439 ], [ 76.854060284654452, 19.693706630956285 ], [ 76.852608262661249, 19.699197305011698 ], [ 76.851892347453941, 19.702541363892863 ], [ 76.85150348959445, 19.704357759702873 ], [ 76.851241702342747, 19.704890753705346 ], [ 76.850919450971958, 19.70554684421154 ], [ 76.849915536872572, 19.706637288380197 ], [ 76.849148248792687, 19.70691434522092 ], [ 76.84807285387916, 19.706979400379055 ], [ 76.847836789935968, 19.706993679814502 ], [ 76.847836753063746, 19.706993651036214 ], [ 76.846580387574875, 19.7060474896 ], [ 76.844927374298948, 19.70472723177636 ], [ 76.844856709169846, 19.704671210308163 ], [ 76.842830113918694, 19.703064549889117 ], [ 76.842709463570941, 19.703037802252823 ], [ 76.840931022748578, 19.702643524179337 ], [ 76.838570278095915, 19.702661536700589 ], [ 76.837902785984866, 19.702775550051626 ], [ 76.834827747602503, 19.703300850354026 ], [ 76.828925697562966, 19.704436383832107 ], [ 76.826534291071354, 19.705286418489433 ] ] ] } },
{ "type": "Feature", "properties": { "REGION": 2.0, "STATE.NAME": "Maharashtra", "DISTRICT.NAME": "Parbhani", "DISTRICT.AREA": 6128.024671, "GRID_G0": "186088", "woodland": 0.0029232847175749686, "maskWdl": 0.0, "cropland": 0.53333743353772145, "maskCrp": 0.0, "one": 0.46045546360026218, "maskOne": 1.0, "GRID.AREA": 23.578899302302968, "REGION.AREA": 59928.662280600729 }, "geometry": { "type": "Polygon", "coordinates": [ [ [ 76.601532479278092, 19.626117965310712 ], [ 76.646533773847722, 19.626117970180559 ], [ 76.646533773847722, 19.671114758000463 ], [ 76.601532479278092, 19.671114691260676 ], [ 76.601532479278092, 19.626117965310712 ] ] ] } },
{ "type": "Feature", "properties": { "REGION": 2.0, "STATE.NAME": "Maharashtra", "DISTRICT.NAME": "Parbhani", "DISTRICT.AREA": 6128.024671, "GRID_G0": "186089", "woodland": 0.0044380615904068294, "maskWdl": 0.0, "cropland": 0.62791161847424271, "maskCrp": 1.0, "one": 0.35543362531446798, "maskOne": 1.0, "GRID.AREA": 23.576536314020803, "REGION.AREA": 59928.662280600729 }, "geometry": { "type": "Polygon", "coordinates": [ [ [ 76.646533773847722, 19.626117970180559 ], [ 76.691530508143785, 19.62611790396933 ], [ 76.691530508143785, 19.671114730744325 ], [ 76.646533773847722, 19.671114758000463 ], [ 76.646533773847722, 19.626117970180559 ] ] ] } },
{ "type": "Feature", "properties": { "REGION": 2.0, "STATE.NAME": "Maharashtra", "DISTRICT.NAME": "Parbhani", "DISTRICT.AREA": 6128.024671, "GRID_G0": "186090", "woodland": 0.017213643092664627, "maskWdl": 0.0, "cropland": 0.53100069251758775, "maskCrp": 0.0, "one": 0.4400468370700002, "maskOne": 1.0, "GRID.AREA": 23.578933752342298, "REGION.AREA": 59928.662280600729 }, "geometry": { "type": "Polygon", "coordinates": [ [ [ 76.691530508143785, 19.62611790396933 ], [ 76.736531834411025, 19.626117928128583 ], [ 76.736531834411025, 19.671114683200489 ], [ 76.691530508143785, 19.671114730744325 ], [ 76.691530508143785, 19.62611790396933 ] ] ] } },
{ "type": "Feature", "properties": { "REGION": 2.0, "STATE.NAME": "Maharashtra", "DISTRICT.NAME": "Parbhani", "DISTRICT.AREA": 6128.024671, "GRID_G0": "186091", "woodland": 0.020327433731834703, "maskWdl": 0.0, "cropland": 0.53806881289066344, "maskCrp": 0.0, "one": 0.42374899389585152, "maskOne": 1.0, "GRID.AREA": 23.578866164032423, "REGION.AREA": 59928.662280600729 }, "geometry": { "type": "Polygon", "coordinates": [ [ [ 76.736531834411025, 19.626117928128583 ], [ 76.781533070030974, 19.626117967322028 ], [ 76.781533070030974, 19.671114717416266 ], [ 76.736531834411025, 19.671114683200489 ], [ 76.736531834411025, 19.626117928128583 ] ] ] } },
{ "type": "Feature", "properties": { "REGION": 2.0, "STATE.NAME": "Maharashtra", "DISTRICT.NAME": "Parbhani", "DISTRICT.AREA": 6128.024671, "GRID_G0": "186092", "woodland": 0.023408614191953992, "maskWdl": 0.0, "cropland": 0.56399696902293828, "maskCrp": 1.0, "one": 0.39919730575601042, "maskOne": 1.0, "GRID.AREA": 23.538357509436743, "REGION.AREA": 59928.662280600729 }, "geometry": { "type": "Polygon", "coordinates": [ [ [ 76.79074741184786, 19.671115638143224 ], [ 76.781533070030974, 19.671114717416266 ], [ 76.781533070030974, 19.626117967322028 ], [ 76.826534291071354, 19.626117947467783 ], [ 76.826534291071354, 19.671114759355795 ], [ 76.821999119269464, 19.67111526277133 ], [ 76.821193842821629, 19.670551458882755 ], [ 76.819629309345203, 19.670287695820551 ], [ 76.81851444678432, 19.67076384817312 ], [ 76.818315432211477, 19.670900004631566 ], [ 76.818154182869307, 19.67101032446698 ], [ 76.818000263196808, 19.671115612256429 ], [ 76.79529546438431, 19.671115919461329 ], [ 76.793556941599604, 19.670702187955673 ], [ 76.792016497363534, 19.670596258610484 ], [ 76.792016404733374, 19.670596255013209 ], [ 76.791398928417891, 19.670837941517849 ], [ 76.791263675778055, 19.670891080658922 ], [ 76.791153482747063, 19.670938968658504 ], [ 76.791120161066658, 19.670953503501433 ], [ 76.79074741184786, 19.671115638143224 ] ] ] } },
{ "type": "Feature", "properties": { "REGION": 2.0, "STATE.NAME": "Maharashtra", "DISTRICT.NAME": "Parbhani", "DISTRICT.AREA": 6128.024671, "GRID_G0": "186093", "woodland": 0.060949541531231881, "maskWdl": 0.0, "cropland": 0.44572610651302663, "maskCrp": 0.0, "one": 0.42470649429330443, "maskOne": 1.0, "GRID.AREA": 17.825610524657026, "REGION.AREA": 59928.662280600729 }, "geometry": { "type": "Polygon", "coordinates": [ [ [ 76.862138815868121, 19.671115684359226 ], [ 76.826534291071354, 19.671114759355795 ], [ 76.826534291071354, 19.626117947467783 ], [ 76.868499164920223, 19.626118262393099 ], [ 76.868423674513053, 19.626786116086468 ], [ 76.868416366622057, 19.626850764751058 ], [ 76.868363690631895, 19.627316599181768 ], [ 76.86838230929618, 19.627395309645863 ], [ 76.868676590852033, 19.628639448851512 ], [ 76.869035756694871, 19.629283395812138 ], [ 76.869361069357922, 19.629866640333262 ], [ 76.869813075812829, 19.630750753944202 ], [ 76.870117689679716, 19.631346562893611 ], [ 76.871411525421593, 19.63297251377054 ], [ 76.871531086720481, 19.633122761985224 ], [ 76.871531086720481, 19.644718435144398 ], [ 76.870764854414574, 19.645397192826238 ], [ 76.869340692519017, 19.646009899137592 ], [ 76.86876967877771, 19.646122777544178 ], [ 76.867863414864757, 19.646301872133737 ], [ 76.866915309993601, 19.646565838442768 ], [ 76.866660786566115, 19.646566354653601 ], [ 76.866462774737329, 19.646566760247822 ], [ 76.865127449672116, 19.646569445623474 ], [ 76.861789083499445, 19.646115438176988 ], [ 76.859607515274661, 19.645779606143943 ], [ 76.859414081894457, 19.645749820597818 ], [ 76.859414033331007, 19.645749819698491 ], [ 76.859408469225514, 19.645749632639479 ], [ 76.85637208820134, 19.645647431883503 ], [ 76.854445969705807, 19.646138344808829 ], [ 76.854389827728426, 19.646152648525973 ], [ 76.852858701368007, 19.646785267626058 ], [ 76.852775143558063, 19.646819800693322 ], [ 76.851622987011297, 19.647749085452006 ], [ 76.851461590180293, 19.647879173285276 ], [ 76.851229415804937, 19.648439394262713 ], [ 76.850935074893869, 19.649149529527222 ], [ 76.850435370196237, 19.650730974754708 ], [ 76.85039524964111, 19.650857845713062 ], [ 76.850395252339084, 19.650857937443902 ], [ 76.850436908036954, 19.651293852329445 ], [ 76.850536729186786, 19.652339153229377 ], [ 76.850644716180739, 19.653769456595171 ], [ 76.85067785619816, 19.654208705267592 ], [ 76.850696330071628, 19.654453555587168 ], [ 76.850708237994866, 19.654611577262528 ], [ 76.850708537469075, 19.654615347220556 ], [ 76.85075765843925, 19.656240372695091 ], [ 76.850785669623008, 19.657167258961863 ], [ 76.850535401787397, 19.658305958952891 ], [ 76.850478560137503, 19.658741532096084 ], [ 76.850364080038332, 19.659619143608666 ], [ 76.850207075496201, 19.660822512049325 ], [ 76.850453320664258, 19.662190660570559 ], [ 76.850520821079101, 19.662565376590919 ], [ 76.851792799697989, 19.664270251970603 ], [ 76.854950726794641, 19.66704197870439 ], [ 76.857523947072536, 19.668518501827464 ], [ 76.859481058004462, 19.669440509272135 ], [ 76.861323537751105, 19.670308517823912 ], [ 76.862138815868121, 19.671115684359226 ] ] ] } },
{ "type": "Feature", "properties": { "REGION": 2.0, "STATE.NAME": "Maharashtra", "DISTRICT.NAME": "Parbhani", "DISTRICT.AREA": 6128.024671, "GRID_G0": "185441", "woodland": 0.068550581986053793, "maskWdl": 0.0, "cropland": 0.55415422662898517, "maskCrp": 1.0, "one": 0.35387834126661205, "maskOne": 1.0, "GRID.AREA": 23.587832726419535, "REGION.AREA": 59928.662280600729 }, "geometry": { "type": "Polygon", "coordinates": [ [ [ 76.736531834411025, 19.581116668624851 ], [ 76.781533070030974, 19.581116709054541 ], [ 76.781533070030974, 19.626117967322028 ], [ 76.736531834411025, 19.626117928128583 ], [ 76.736531834411025, 19.581116668624851 ] ] ] } },
{ "type": "Feature", "properties": { "REGION": 2.0, "STATE.NAME": "Maharashtra", "DISTRICT.NAME": "Parbhani", "DISTRICT.AREA": 6128.024671, "GRID_G0": "185442", "woodland": 0.089716187702997677, "maskWdl": 0.0, "cropland": 0.41101773611099446, "maskCrp": 0.0, "one": 0.4855508594723682, "maskOne": 1.0, "GRID.AREA": 23.587818594349805, "REGION.AREA": 59928.662280600729 }, "geometry": { "type": "Polygon", "coordinates": [ [ [ 76.781533070030974, 19.581116709054541 ], [ 76.826534291071354, 19.581116712718799 ], [ 76.826534291071354, 19.626117947467783 ], [ 76.781533070030974, 19.626117967322028 ], [ 76.781533070030974, 19.581116709054541 ] ] ] } },
{ "type": "Feature", "properties": { "REGION": 2.0, "STATE.NAME": "Maharashtra", "DISTRICT.NAME": "Parbhani", "DISTRICT.AREA": 6128.024671, "GRID_G0": "185443", "woodland": 0.03386099934783425, "maskWdl": 0.0, "cropland": 0.40731369564567166, "maskCrp": 0.0, "one": 0.53523520489067167, "maskOne": 1.0, "GRID.AREA": 23.50908991541797, "REGION.AREA": 59928.662280600729 }, "geometry": { "type": "Polygon", "coordinates": [ [ [ 76.868499164920223, 19.626118262393099 ], [ 76.826534291071354, 19.626117947467783 ], [ 76.826534291071354, 19.581116712718799 ], [ 76.871531086720481, 19.581116720134073 ], [ 76.871531086720481, 19.623079046203127 ], [ 76.871510091117841, 19.623085434645134 ], [ 76.870879802161198, 19.623277159313488 ], [ 76.870309385569726, 19.623450766239902 ], [ 76.869649186960487, 19.624041135190282 ], [ 76.86942552107098, 19.624241186681445 ], [ 76.86936271511729, 19.624297350242557 ], [ 76.869280114185983, 19.624432902356602 ], [ 76.868555232737833, 19.62562223417882 ], [ 76.868499164920223, 19.626118262393099 ] ] ] } },
{ "type": "Feature", "properties": { "REGION": 2.0, "STATE.NAME": "Maharashtra", "DISTRICT.NAME": "Parbhani", "DISTRICT.AREA": 6128.024671, "GRID_G0": "185444", "woodland": 0.036639091276266036, "maskWdl": 0.0, "cropland": 0.44072497690816836, "maskCrp": 0.0, "one": 0.39232240841602811, "maskOne": 1.0, "GRID.AREA": 20.536373221742366, "REGION.AREA": 59928.662280600729 }, "geometry": { "type": "Polygon", "coordinates": [ [ [ 76.871531086720481, 19.623079046203127 ], [ 76.871531086720481, 19.581116720134073 ], [ 76.890215081189666, 19.581118059579079 ], [ 76.890214618210109, 19.581280238891964 ], [ 76.892942437343663, 19.582024076250153 ], [ 76.894119878329775, 19.582148028009161 ], [ 76.897237782897434, 19.582611052957759 ], [ 76.899713090386854, 19.583418591095157 ], [ 76.902050256614132, 19.584176803216963 ], [ 76.902155848713505, 19.584384041190621 ], [ 76.902182523504734, 19.584436388928282 ], [ 76.902280141315558, 19.58462797600032 ], [ 76.902578897897854, 19.585614118596762 ], [ 76.90262609881546, 19.585769919845973 ], [ 76.902717621021452, 19.586167200755764 ], [ 76.902807313107076, 19.58773440162139 ], [ 76.903182236870805, 19.58898924365872 ], [ 76.903031920586727, 19.589032137723049 ], [ 76.902863142120395, 19.589080299116574 ], [ 76.903290724787155, 19.590479565079931 ], [ 76.903290815618675, 19.590479538999602 ], [ 76.90404639902215, 19.590255494495526 ], [ 76.905562423966728, 19.589805951283665 ], [ 76.908482897667625, 19.591271916365887 ], [ 76.909195095077621, 19.591753440369018 ], [ 76.909217454921645, 19.591768557972614 ], [ 76.910507165473348, 19.592640527138656 ], [ 76.91077709158958, 19.592919273805478 ], [ 76.911161773896822, 19.593316524138345 ], [ 76.911786148012368, 19.595203158798771 ], [ 76.911874474927117, 19.595389676392529 ], [ 76.91214079566123, 19.59595206113875 ], [ 76.912140820842239, 19.5959521150981 ], [ 76.912916785581274, 19.596764492487406 ], [ 76.913053517605817, 19.596907640275447 ], [ 76.913504978172284, 19.597377278838394 ], [ 76.913980643092259, 19.597872093022715 ], [ 76.914321024795527, 19.598116820135203 ], [ 76.914844915860215, 19.598493483187724 ], [ 76.915468915857844, 19.598563302054803 ], [ 76.915636340844515, 19.598582036731671 ], [ 76.916532331261266, 19.598536041841434 ], [ 76.916532331261266, 19.618442767951013 ], [ 76.915754504566792, 19.618604940265811 ], [ 76.913409969294719, 19.618899371109141 ], [ 76.911406413775012, 19.62017314567419 ], [ 76.910361846721912, 19.621855719665803 ], [ 76.910843409395909, 19.623733683962371 ], [ 76.911596457610472, 19.625543322266541 ], [ 76.911829909485306, 19.626118417112917 ], [ 76.883538357212373, 19.626118997906548 ], [ 76.882681810417296, 19.625326520902263 ], [ 76.881045314090045, 19.623812321581454 ], [ 76.880926246549109, 19.623754649857233 ], [ 76.879729159872909, 19.623173986390384 ], [ 76.879255817901708, 19.622944329217489 ], [ 76.877019260630448, 19.622682590529166 ], [ 76.877016177754456, 19.622682021258303 ], [ 76.875736568387993, 19.62244574507514 ], [ 76.875248500018301, 19.622486663328917 ], [ 76.873797020316317, 19.622608245374295 ], [ 76.872805542042215, 19.622691255497102 ], [ 76.871531086720481, 19.623079046203127 ] ] ] } },
{ "type": "Feature", "properties": { "REGION": 2.0, "STATE.NAME": "Maharashtra", "DISTRICT.NAME": "Parbhani", "DISTRICT.AREA": 6128.024671, "GRID_G0": "175039", "woodland": 0.012784109927565476, "maskWdl": 0.0, "cropland": 0.57698646626512395, "maskCrp": 1.0, "one": 0.38403734002528611, "maskOne": 1.0, "GRID.AREA": 23.689162512846686, "REGION.AREA": 59928.662280600729 }, "geometry": { "type": "Polygon", "coordinates": [ [ [ 76.646533773847722, 18.861114575421329 ], [ 76.691530508143785, 18.861114588851233 ], [ 76.691530508143785, 18.90611584196018 ], [ 76.646533773847722, 18.906115822042189 ], [ 76.646533773847722, 18.861114575421329 ] ] ] } },
{ "type": "Feature", "properties": { "REGION": 2.0, "STATE.NAME": "Maharashtra", "DISTRICT.NAME": "Parbhani", "DISTRICT.AREA": 6128.024671, "GRID_G0": "174388", "woodland": 0.072794526357925868, "maskWdl": 0.0, "cropland": 0.44937623565512186, "maskCrp": 0.0, "one": 0.44655535410133984, "maskOne": 1.0, "GRID.AREA": 5.2214464806065939, "REGION.AREA": 59928.662280600729 }, "geometry": { "type": "Polygon", "coordinates": [ [ [ 76.646533773847722, 18.820048496481348 ], [ 76.646533773847722, 18.861114575421329 ], [ 76.620355993972893, 18.861115862513731 ], [ 76.620474546563116, 18.860565615111117 ], [ 76.620716471388107, 18.859610143893061 ], [ 76.620793828372541, 18.859205914821189 ], [ 76.620845993547846, 18.85893330063135 ], [ 76.620931442632013, 18.858486801624625 ], [ 76.620968023455589, 18.858295642629859 ], [ 76.621285945490058, 18.857310894881948 ], [ 76.621324242220055, 18.857061744004341 ], [ 76.621375305725849, 18.856729527245932 ], [ 76.621383537220538, 18.856675971718744 ], [ 76.621399823942795, 18.856570005501396 ], [ 76.621448936819036, 18.85636391236471 ], [ 76.621516075706381, 18.856082163760902 ], [ 76.621554355349303, 18.855968282610206 ], [ 76.621589275125018, 18.855864403719298 ], [ 76.621610991054482, 18.855799808114682 ], [ 76.621776167736016, 18.855697719774014 ], [ 76.621834961814102, 18.855661380868071 ], [ 76.621881368630341, 18.855632698790089 ], [ 76.622142649563671, 18.855491600556949 ], [ 76.622217312179259, 18.855451281251703 ], [ 76.622287039315495, 18.855413628436281 ], [ 76.622329569154374, 18.855398939809277 ], [ 76.622481391802864, 18.85534650663601 ], [ 76.622771132681692, 18.85524645436044 ], [ 76.62277116145998, 18.855246413890939 ], [ 76.622778949588906, 18.855235710159945 ], [ 76.622960961579182, 18.854985543947745 ], [ 76.623845811734896, 18.85376934667806 ], [ 76.624875426659685, 18.852321535310637 ], [ 76.624891461571735, 18.852314931588865 ], [ 76.624908465053693, 18.852307928568109 ], [ 76.625243101887691, 18.852170244161471 ], [ 76.625316213172766, 18.852064809443451 ], [ 76.625358839239084, 18.852003338982968 ], [ 76.625399722419331, 18.851944382127556 ], [ 76.625519459055852, 18.851743470884514 ], [ 76.625546766969762, 18.851697651325594 ], [ 76.625648736599999, 18.851526553507711 ], [ 76.625719543821958, 18.851312347586823 ], [ 76.625745840897878, 18.851232789961333 ], [ 76.625836152616387, 18.850959573225794 ], [ 76.626291643044965, 18.849767049709609 ], [ 76.626474325030145, 18.849484794787486 ], [ 76.626526270770853, 18.849404537489473 ], [ 76.626543124965281, 18.849378500317584 ], [ 76.626547615280288, 18.849373419148037 ], [ 76.626588279925215, 18.849327404436224 ], [ 76.627373426742281, 18.848438941703819 ], [ 76.627472083270106, 18.84833500975293 ], [ 76.627576830006774, 18.848224700709405 ], [ 76.627686524813328, 18.848109179195319 ], [ 76.62781081741538, 18.847978729834551 ], [ 76.627950351727407, 18.847832283333279 ], [ 76.628155853110172, 18.847616601624907 ], [ 76.628405333139654, 18.847354759514587 ], [ 76.628753543441348, 18.847166412699835 ], [ 76.628899856842963, 18.847087270561133 ], [ 76.6290150006418, 18.847024990710793 ], [ 76.629354060341655, 18.846781171913616 ], [ 76.629354305856566, 18.846781038813958 ], [ 76.629354399386102, 18.846780988451886 ], [ 76.629515825894714, 18.846693778495133 ], [ 76.629601117597531, 18.846647724213145 ], [ 76.63006485840657, 18.84639722075519 ], [ 76.630658954147464, 18.846076328259979 ], [ 76.6313824686261, 18.845489061970682 ], [ 76.631692195138726, 18.845152580627143 ], [ 76.631735925572571, 18.845105082033967 ], [ 76.631873866285957, 18.844998889187423 ], [ 76.633225632756819, 18.843957642431295 ], [ 76.633449563946272, 18.844041321649744 ], [ 76.633692952867534, 18.844132306960432 ], [ 76.635217623894277, 18.844702011288863 ], [ 76.637220591257346, 18.845450454974582 ], [ 76.637720121486495, 18.845670193524658 ], [ 76.637950878530262, 18.845771700903299 ], [ 76.63822167339157, 18.845890868269009 ], [ 76.638348007454624, 18.845921773471105 ], [ 76.638551821709257, 18.845971696636525 ], [ 76.638786900894843, 18.846029277529166 ], [ 76.6389499857533, 18.846069267682594 ], [ 76.640114875800919, 18.846432833908178 ], [ 76.640348994510532, 18.84650090898981 ], [ 76.640781685326601, 18.846626754721001 ], [ 76.64094372787082, 18.846673883692805 ], [ 76.641225058289876, 18.84675576426713 ], [ 76.641224989941406, 18.846755686925466 ], [ 76.641225163510569, 18.8467557381868 ], [ 76.640887947420879, 18.8463702734694 ], [ 76.640672680299986, 18.846124111038936 ], [ 76.640599996192918, 18.846038510868652 ], [ 76.64056032350021, 18.845991735330355 ], [ 76.6403437028996, 18.845736338661141 ], [ 76.63985821558424, 18.845005302252957 ], [ 76.63929602149426, 18.843834161017757 ], [ 76.639108116246632, 18.843237316049343 ], [ 76.639014026476218, 18.842401903425127 ], [ 76.639085613410373, 18.840306991174771 ], [ 76.639110119036843, 18.839446307601065 ], [ 76.639117810038954, 18.839177230444875 ], [ 76.639132424022193, 18.838665931687444 ], [ 76.639207973369309, 18.838233650062929 ], [ 76.639257579973389, 18.837949797944873 ], [ 76.639617690104387, 18.837472360461106 ], [ 76.640275413779364, 18.836979928580892 ], [ 76.641085744311681, 18.836435402571798 ], [ 76.64149667693016, 18.836159261240937 ], [ 76.641829146398038, 18.83588964898814 ], [ 76.64187886092077, 18.83584933238086 ], [ 76.642232688387935, 18.835562472929837 ], [ 76.64296060774592, 18.834647590813688 ], [ 76.643039125755081, 18.834548918098164 ], [ 76.643078700421768, 18.834499181991703 ], [ 76.643655957256669, 18.833653594437862 ], [ 76.643742172563307, 18.833523786293767 ], [ 76.643761296646574, 18.833495025075422 ], [ 76.643953395432902, 18.833206122364682 ], [ 76.644282137210894, 18.832609452764075 ], [ 76.644415672145612, 18.832327119600965 ], [ 76.644415691031384, 18.83232707823214 ], [ 76.644783060489885, 18.831550349069403 ], [ 76.645094010979903, 18.830855232483032 ], [ 76.64525048672067, 18.829945384771747 ], [ 76.645316272128298, 18.829389851960176 ], [ 76.645359994468222, 18.829020625401597 ], [ 76.645359085253631, 18.828996707032445 ], [ 76.645297240675177, 18.827370664424677 ], [ 76.645250107206721, 18.826237077978821 ], [ 76.645109084516719, 18.825342148221637 ], [ 76.644986792006875, 18.824490194367002 ], [ 76.644983227993635, 18.824465374877207 ], [ 76.644873478328407, 18.823152833236691 ], [ 76.644852537614554, 18.822907073702542 ], [ 76.644779429926814, 18.82204903233702 ], [ 76.644805779163448, 18.821692273079975 ], [ 76.644813268717428, 18.821591240543341 ], [ 76.644841022695132, 18.821216830292542 ], [ 76.644886106608567, 18.820208308966357 ], [ 76.645303439702047, 18.820091351234911 ], [ 76.645545410392458, 18.820023572929589 ], [ 76.646105086380715, 18.819993576942068 ], [ 76.646371687703265, 18.820027715206944 ], [ 76.64640545724609, 18.82003203914735 ], [ 76.646533773847722, 18.820048496481348 ] ] ] } },
{ "type": "Feature", "properties": { "REGION": 2.0, "STATE.NAME": "Maharashtra", "DISTRICT.NAME": "Parbhani", "DISTRICT.AREA": 6128.024671, "GRID_G0": "174389", "woodland": 0.038257907535286274, "maskWdl": 0.0, "cropland": 0.52446689502365207, "maskCrp": 0.0, "one": 0.41535857715080493, "maskOne": 1.0, "GRID.AREA": 22.820962724623527, "REGION.AREA": 59928.662280600729 }, "geometry": { "type": "Polygon", "coordinates": [ [ [ 76.665399672459344, 18.816119063146676 ], [ 76.691530508143785, 18.816117752129461 ], [ 76.691530508143785, 18.861114588851233 ], [ 76.646533773847722, 18.861114575421329 ], [ 76.646533773847722, 18.820048496481348 ], [ 76.64691934605105, 18.820097947762122 ], [ 76.647561237161426, 18.820276912849295 ], [ 76.647968441190642, 18.82039611798649 ], [ 76.648803168531458, 18.820755148931028 ], [ 76.648981519381664, 18.820831834121918 ], [ 76.648999934799235, 18.820839754451129 ], [ 76.649595009901816, 18.821316999480015 ], [ 76.649823312695787, 18.821469816778688 ], [ 76.650043807575742, 18.821617428801346 ], [ 76.6503169712513, 18.821800329321771 ], [ 76.651207698476583, 18.82116764367186 ], [ 76.652146394640454, 18.820633517422948 ], [ 76.65278828754947, 18.820275540483863 ], [ 76.653774594721824, 18.819887622415877 ], [ 76.65440088349402, 18.819648892882128 ], [ 76.655569233233564, 18.819429125553771 ], [ 76.656051257259776, 18.819417560272257 ], [ 76.656195543589547, 18.819414104177607 ], [ 76.656743519397935, 18.819473697752979 ], [ 76.657526427802452, 18.819697287200089 ], [ 76.658262424871054, 18.819920867653991 ], [ 76.659415539195834, 18.820141338252199 ], [ 76.660354203883458, 18.820235661846368 ], [ 76.661341458941251, 18.82033489843684 ], [ 76.662170590700271, 18.820384993372784 ], [ 76.663063748793036, 18.820438991366416 ], [ 76.663703188351519, 18.820474669270595 ], [ 76.664202581883728, 18.820502561743861 ], [ 76.664277101507082, 18.820506706719186 ], [ 76.66428323938004, 18.820458671230767 ], [ 76.66437168320671, 18.81976656107798 ], [ 76.664371583381921, 18.8189909713563 ], [ 76.664329294561355, 18.81832230383128 ], [ 76.66427727147898, 18.817499452937454 ], [ 76.664317676219866, 18.816974679637781 ], [ 76.664336508922815, 18.816730147678246 ], [ 76.664602670476938, 18.816446631906615 ], [ 76.664739640821836, 18.816402729702251 ], [ 76.665039050311975, 18.816306774737939 ], [ 76.665117173518809, 18.81626610199908 ], [ 76.665399672459344, 18.816119063146676 ] ] ] } },
{ "type": "Feature", "properties": { "REGION": 2.0, "STATE.NAME": "Maharashtra", "DISTRICT.NAME": "Parbhani", "DISTRICT.AREA": 6128.024671, "GRID_G0": "174392", "woodland": 0.018885080791754102, "maskWdl": 0.0, "cropland": 0.5351186046394103, "maskCrp": 0.0, "one": 0.43941710049178984, "maskOne": 1.0, "GRID.AREA": 23.695541219713274, "REGION.AREA": 59928.662280600729 }, "geometry": { "type": "Polygon", "coordinates": [ [ [ 76.781533070030974, 18.816117807754811 ], [ 76.826534291071354, 18.816117721005416 ], [ 76.826534291071354, 18.861114541672343 ], [ 76.781533070030974, 18.861114596992202 ], [ 76.781533070030974, 18.816117807754811 ] ] ] } },
{ "type": "Feature", "properties": { "REGION": 2.0, "STATE.NAME": "Maharashtra", "DISTRICT.NAME": "Parbhani", "DISTRICT.AREA": 6128.024671, "GRID_G0": "173741", "woodland": 0.051507905272694415, "maskWdl": 0.0, "cropland": 0.48099572222724751, "maskCrp": 0.0, "one": 0.45410557622810976, "maskOne": 1.0, "GRID.AREA": 21.684780850205723, "REGION.AREA": 59928.662280600729 }, "geometry": { "type": "Polygon", "coordinates": [ [ [ 76.781533070030974, 18.795295261961435 ], [ 76.781533070030974, 18.816117807754811 ], [ 76.736531834411025, 18.816117793324558 ], [ 76.736531834411025, 18.771116494931402 ], [ 76.740897254973106, 18.771116970976877 ], [ 76.741771764055727, 18.773961343641133 ], [ 76.742038387861385, 18.774828527514554 ], [ 76.742449124427594, 18.776087150301802 ], [ 76.743143385758685, 18.775737108081099 ], [ 76.743825410914042, 18.77539323341102 ], [ 76.745433340276463, 18.774582503579722 ], [ 76.748822020819659, 18.77286051410147 ], [ 76.749244082548444, 18.772761301792684 ], [ 76.74955247446718, 18.772700618239011 ], [ 76.750422563150835, 18.772775648677285 ], [ 76.751527413559359, 18.772909715111322 ], [ 76.752231544050574, 18.773009542556395 ], [ 76.752397523826744, 18.773034528420794 ], [ 76.754085688903501, 18.773288648952018 ], [ 76.754649932548432, 18.773411000817077 ], [ 76.755306478111549, 18.773725384019315 ], [ 76.755775811804313, 18.773931197466823 ], [ 76.75692070272828, 18.774494392502277 ], [ 76.757510934981724, 18.77463024858713 ], [ 76.757949647658165, 18.774659880349247 ], [ 76.758359899489861, 18.774666950819153 ], [ 76.75914466769234, 18.774760070221138 ], [ 76.75964485532586, 18.774929648184752 ], [ 76.760005189388039, 18.775004553617293 ], [ 76.760287368767138, 18.774979805173924 ], [ 76.76090171364325, 18.774783711599074 ], [ 76.761454187860522, 18.774675572619628 ], [ 76.762260487631465, 18.77465128822644 ], [ 76.763969936963065, 18.774810344122155 ], [ 76.764828392016739, 18.774761210561451 ], [ 76.767296773827127, 18.774742332892401 ], [ 76.768335327113732, 18.774817454162246 ], [ 76.769447392782979, 18.774881324913281 ], [ 76.771529093992584, 18.775221358578904 ], [ 76.772382563204758, 18.775411551701779 ], [ 76.772787963193991, 18.775432060741082 ], [ 76.773380807977958, 18.775500168198278 ], [ 76.773945041730371, 18.775599958771124 ], [ 76.774594636433406, 18.775672515174509 ], [ 76.775263335434659, 18.775772193332102 ], [ 76.775647424189344, 18.775797368953477 ], [ 76.775863265977023, 18.775786104944817 ], [ 76.77627590371003, 18.775641815917137 ], [ 76.776735996868808, 18.775499754510122 ], [ 76.777314628767158, 18.775389372621476 ], [ 76.777698804756085, 18.775346713280271 ], [ 76.778109031406757, 18.775346843681916 ], [ 76.778424327420851, 18.775439722964904 ], [ 76.778673225588932, 18.775552725477951 ], [ 76.778763284597972, 18.775586629919079 ], [ 76.77874635306182, 18.776223648502654 ], [ 76.778945017798378, 18.776960093433619 ], [ 76.779167569427841, 18.777628767253873 ], [ 76.779375804749634, 18.77828381904305 ], [ 76.779615003729475, 18.77876505436382 ], [ 76.779830558633421, 18.779187579243455 ], [ 76.780600518599101, 18.780425710078532 ], [ 76.780910694772786, 18.781089960133613 ], [ 76.781161681166736, 18.781690870037668 ], [ 76.781197068589904, 18.781991335331899 ], [ 76.781175464176386, 18.782506268249733 ], [ 76.781110898249437, 18.783321615200403 ], [ 76.781032284012781, 18.783947201602135 ], [ 76.781006896151382, 18.784099402865195 ], [ 76.780808504808704, 18.785288808431801 ], [ 76.780675406944511, 18.78590760944866 ], [ 76.780542291093923, 18.786334384524253 ], [ 76.780319296998016, 18.786655018914018 ], [ 76.7798636159132, 18.787262388648344 ], [ 76.779656827600547, 18.787991846746369 ], [ 76.779549627513347, 18.788707778141486 ], [ 76.77928988981661, 18.790839853076818 ], [ 76.77920396678968, 18.791761315532316 ], [ 76.77896347818205, 18.79337620205013 ], [ 76.778866011457296, 18.793782736983758 ], [ 76.778856408496495, 18.793986031430279 ], [ 76.778865876558996, 18.794085372342121 ], [ 76.778936967067409, 18.794171278281912 ], [ 76.779069602680067, 18.794254853178984 ], [ 76.77924750926519, 18.794383751209182 ], [ 76.779603038249661, 18.79456911497272 ], [ 76.781461819107733, 18.795268018604247 ], [ 76.781533070030974, 18.795295261961435 ] ] ] } },
{ "type": "Feature", "properties": { "REGION": 2.0, "STATE.NAME": "Maharashtra", "DISTRICT.NAME": "Washim", "DISTRICT.AREA": 5139.74697, "GRID_G0": "196497", "woodland": 0.14963673928426899, "maskWdl": 0.0, "cropland": 0.4948807061742943, "maskCrp": 0.0, "one": 0.35117228471641093, "maskOne": 1.0, "GRID.AREA": 23.431855255550733, "REGION.AREA": 59928.662280600729 }, "geometry": { "type": "Polygon", "coordinates": [ [ [ 77.04714063418966, 20.391117370349154 ], [ 77.006530345884684, 20.39111684209437 ], [ 77.006530345884684, 20.346115592010499 ], [ 77.051531573248397, 20.34611562052989 ], [ 77.051531573248397, 20.389817522149688 ], [ 77.050533192652793, 20.390036515173112 ], [ 77.049680652440202, 20.390223463542046 ], [ 77.047067584101796, 20.390812512287653 ], [ 77.046981189830092, 20.390831985307898 ], [ 77.046981066623005, 20.390832011388284 ], [ 77.04714063418966, 20.391117370349154 ] ] ] } },
{ "type": "Feature", "properties": { "REGION": 2.0, "STATE.NAME": "Maharashtra", "DISTRICT.NAME": "Washim", "DISTRICT.AREA": 5139.74697, "GRID_G0": "196500", "woodland": 0.39843789453763317, "maskWdl": 1.0, "cropland": 0.22265280114320779, "maskCrp": 0.0, "one": 0.37371728622240863, "maskOne": 1.0, "GRID.AREA": 22.940666761606479, "REGION.AREA": 59928.662280600729 }, "geometry": { "type": "Polygon", "coordinates": [ [ [ 77.141534092209227, 20.379375425825828 ], [ 77.141534092209227, 20.346115600505151 ], [ 77.186530881566128, 20.346115593463452 ], [ 77.186530881566128, 20.39111686395076 ], [ 77.150390601460572, 20.391117768802495 ], [ 77.150174186689412, 20.390900817618672 ], [ 77.149431632663777, 20.3903206092088 ], [ 77.148036386669958, 20.389291290160941 ], [ 77.147723767937578, 20.389060651827663 ], [ 77.147481015736332, 20.388847158169881 ], [ 77.147043459588019, 20.388462306790078 ], [ 77.146712708724579, 20.388245680793602 ], [ 77.14653332815061, 20.388128113321841 ], [ 77.145908250765217, 20.38771493149892 ], [ 77.14585343888514, 20.387669556205083 ], [ 77.145512970846994, 20.387387527012834 ], [ 77.145375192011556, 20.387191394767115 ], [ 77.145287739237858, 20.387066866542682 ], [ 77.145112922723285, 20.386646747349573 ], [ 77.144765459758219, 20.385596872497729 ], [ 77.144144977009148, 20.383532758430135 ], [ 77.1441389992155, 20.383506798599914 ], [ 77.144077899275715, 20.383241425751237 ], [ 77.143986765576813, 20.38279890354659 ], [ 77.143967083913822, 20.382698014002191 ], [ 77.143967078517903, 20.382697975331325 ], [ 77.143926862634657, 20.382491706826841 ], [ 77.143934905271692, 20.382435018061702 ], [ 77.143950879929207, 20.382322403156426 ], [ 77.144021849928492, 20.382196757974043 ], [ 77.14408724952699, 20.382080757121287 ], [ 77.144221367222372, 20.381730645652851 ], [ 77.144245337752182, 20.381518393059427 ], [ 77.144168603997912, 20.381218045576418 ], [ 77.143948241318355, 20.380757423616274 ], [ 77.143948222432584, 20.38075739124065 ], [ 77.143555463314044, 20.380265171600456 ], [ 77.143440317716568, 20.380172850796498 ], [ 77.143306013861491, 20.380065169571992 ], [ 77.143155582464203, 20.379944480553377 ], [ 77.142546302569883, 20.379674130856529 ], [ 77.142458489168007, 20.379635205500392 ], [ 77.141869322611228, 20.37943650838821 ], [ 77.141534092209227, 20.379375425825828 ] ] ] } },
{ "type": "Feature", "properties": { "REGION": 2.0, "STATE.NAME": "Maharashtra", "DISTRICT.NAME": "Washim", "DISTRICT.AREA": 5139.74697, "GRID_G0": "194561", "woodland": 0.075035953224965798, "maskWdl": 0.0, "cropland": 0.56812429367756212, "maskCrp": 1.0, "one": 0.34709723696080502, "maskOne": 1.0, "GRID.AREA": 11.02756396003481, "REGION.AREA": 59928.662280600729 }, "geometry": { "type": "Polygon", "coordinates": [ [ [ 77.638242684779243, 20.256117810883516 ], [ 77.636534486368078, 20.256117601621884 ], [ 77.636534486368078, 20.211116285960554 ], [ 77.653099295707079, 20.211117629424859 ], [ 77.653298084239225, 20.211478596959754 ], [ 77.653524167506362, 20.212298992704405 ], [ 77.653341539480493, 20.214133603383122 ], [ 77.653562959762837, 20.214958635132973 ], [ 77.655248934091105, 20.217797086166627 ], [ 77.656240536471614, 20.219886022422031 ], [ 77.658185551522024, 20.22407300236722 ], [ 77.658458180100979, 20.224827315028623 ], [ 77.658972026637798, 20.226249010083791 ], [ 77.659745059586911, 20.229179298086198 ], [ 77.659745075774708, 20.229179341253655 ], [ 77.660810847942344, 20.231592747507364 ], [ 77.662644920826494, 20.234981091704075 ], [ 77.663339728046083, 20.236238505802476 ], [ 77.663930359598453, 20.237307355450127 ], [ 77.664998179522399, 20.239323420539449 ], [ 77.666006137873012, 20.241646933259403 ], [ 77.666346438637277, 20.243631665069358 ], [ 77.66629831861259, 20.245606261519814 ], [ 77.666258495733075, 20.247240402522603 ], [ 77.666258486739821, 20.247240462777199 ], [ 77.663081395090387, 20.248206362533665 ], [ 77.663054481079485, 20.248214544565656 ], [ 77.659370898448287, 20.249065301422547 ], [ 77.655435163002437, 20.249470483775838 ], [ 77.654461632498396, 20.24956707635954 ], [ 77.65270447503157, 20.249741427025299 ], [ 77.647898129295299, 20.250228975586822 ], [ 77.645249016129242, 20.250535192944824 ], [ 77.644603565502223, 20.250607109930229 ], [ 77.643685042031109, 20.251322186969389 ], [ 77.641863712540385, 20.252919087046283 ], [ 77.640056760511129, 20.254515918774704 ], [ 77.638263841503147, 20.256099073613427 ], [ 77.638242684779243, 20.256117810883516 ] ] ] } },
{ "type": "Feature", "properties": { "REGION": 2.0, "STATE.NAME": "Maharashtra", "DISTRICT.NAME": "Washim", "DISTRICT.AREA": 5139.74697, "GRID_G0": "193257", "woodland": 0.22009441744351757, "maskWdl": 0.0, "cropland": 0.41409041171372341, "maskCrp": 0.0, "one": 0.35782043569973399, "maskOne": 1.0, "GRID.AREA": 23.502939486559164, "REGION.AREA": 59928.662280600729 }, "geometry": { "type": "Polygon", "coordinates": [ [ [ 77.456533885822068, 20.121118258538605 ], [ 77.501530685759349, 20.121118308540826 ], [ 77.501530685759349, 20.16611504512732 ], [ 77.456533885822068, 20.166115030353257 ], [ 77.456533885822068, 20.121118258538605 ] ] ] } },
{ "type": "Feature", "properties": { "REGION": 2.0, "STATE.NAME": "Maharashtra", "DISTRICT.NAME": "Washim", "DISTRICT.AREA": 5139.74697, "GRID_G0": "193258", "woodland": 0.23981789197887876, "maskWdl": 0.0, "cropland": 0.30333566190119099, "maskCrp": 0.0, "one": 0.43051849106061518, "maskOne": 1.0, "GRID.AREA": 23.505284527399809, "REGION.AREA": 59928.662280600729 }, "geometry": { "type": "Polygon", "coordinates": [ [ [ 77.501530685759349, 20.121118308540826 ], [ 77.546531976600761, 20.121118256073078 ], [ 77.546531976600761, 20.166115025323705 ], [ 77.501530685759349, 20.16611504512732 ], [ 77.501530685759349, 20.121118308540826 ] ] ] } },
{ "type": "Feature", "properties": { "REGION": 2.0, "STATE.NAME": "Maharashtra", "DISTRICT.NAME": "Washim", "DISTRICT.AREA": 5139.74697, "GRID_G0": "192605", "woodland": 0.17654162800096207, "maskWdl": 0.0, "cropland": 0.40999154235018503, "maskCrp": 0.0, "one": 0.40893737004956549, "maskOne": 1.0, "GRID.AREA": 17.738991454228387, "REGION.AREA": 59928.662280600729 }, "geometry": { "type": "MultiPolygon", "coordinates": [ [ [ [ 77.411532665061301, 20.082527349943668 ], [ 77.411532665061301, 20.121118261569354 ], [ 77.366531414075837, 20.121118265948237 ], [ 77.366531414075837, 20.097617789274079 ], [ 77.367628169204693, 20.096979906097825 ], [ 77.370746723982165, 20.094970594917068 ], [ 77.372538022411845, 20.093893746699109 ], [ 77.373720464527878, 20.09288309937557 ], [ 77.37467347250282, 20.092309313923749 ], [ 77.377222855350567, 20.090792815036423 ], [ 77.379190563893474, 20.089572642763301 ], [ 77.381196150082303, 20.088280117333625 ], [ 77.383059388879758, 20.087177943307495 ], [ 77.384021408061585, 20.086522717049775 ], [ 77.384954059882034, 20.086603897951594 ], [ 77.386813936114322, 20.086621721615188 ], [ 77.388692317696382, 20.086673402955228 ], [ 77.389032610366712, 20.086682859326572 ], [ 77.390950542333712, 20.086826676210194 ], [ 77.391395941469568, 20.086964464938148 ], [ 77.391496681726551, 20.087022675356252 ], [ 77.391643880960373, 20.08685030499765 ], [ 77.391833784501614, 20.086619018253142 ], [ 77.391962023328745, 20.086455785006532 ], [ 77.392119065642419, 20.086342146672788 ], [ 77.392348079800115, 20.086255140862136 ], [ 77.392874128338406, 20.086279606019048 ], [ 77.393294236739678, 20.086173603828797 ], [ 77.39384219725963, 20.085859217029281 ], [ 77.394489611106735, 20.085345606114856 ], [ 77.395027284281809, 20.084900310401054 ], [ 77.395370211965769, 20.084695320732521 ], [ 77.395676083084822, 20.084648540697629 ], [ 77.395843501776255, 20.084665808580269 ], [ 77.395948309666835, 20.084615606624993 ], [ 77.396110034750336, 20.084461228103233 ], [ 77.396228213761106, 20.084234842663932 ], [ 77.396398428444797, 20.083895185814242 ], [ 77.396531365330304, 20.083750050524486 ], [ 77.396712280147653, 20.083604556405191 ], [ 77.396926889864119, 20.083522256746789 ], [ 77.39719485995488, 20.083552494651936 ], [ 77.397487252035106, 20.083677388900412 ], [ 77.397712741749672, 20.083829888738418 ], [ 77.398364240317505, 20.084056845247236 ], [ 77.398814709831086, 20.084248847806126 ], [ 77.399140028789361, 20.084292310241949 ], [ 77.39951752911071, 20.084249806483456 ], [ 77.399870833172486, 20.084175714937317 ], [ 77.400453711669513, 20.084104983258442 ], [ 77.400902817810845, 20.084053061799409 ], [ 77.401212935528633, 20.083943095397562 ], [ 77.401527814257292, 20.083828522668231 ], [ 77.402023374878922, 20.083555025344197 ], [ 77.402610102474284, 20.08332181674848 ], [ 77.403063948042814, 20.083256182426911 ], [ 77.403494174716457, 20.083254026752005 ], [ 77.403819786853717, 20.083347218998995 ], [ 77.4042320162946, 20.08353926202739 ], [ 77.404270398460199, 20.083557133355043 ], [ 77.404668200077424, 20.083735790874073 ], [ 77.405137869217356, 20.083936567218871 ], [ 77.405731160964365, 20.084010329613079 ], [ 77.406754566969767, 20.084072822602707 ], [ 77.407414868101739, 20.084173391988486 ], [ 77.407658902736216, 20.084203746805546 ], [ 77.407845839413994, 20.08429304768606 ], [ 77.40881487240847, 20.08403971226295 ], [ 77.409827378630666, 20.083867383273173 ], [ 77.410343558008833, 20.083828641378769 ], [ 77.410615616417601, 20.083763960338558 ], [ 77.41076827813356, 20.083704467487223 ], [ 77.410992244396596, 20.083585905365283 ], [ 77.411158391446691, 20.083368339577245 ], [ 77.411285622133803, 20.083060463869344 ], [ 77.411441220136282, 20.082684777480551 ], [ 77.411532665061301, 20.082527349943668 ] ] ], [ [ [ 77.366531414075837, 20.096304806571329 ], [ 77.366531414075837, 20.083705966150333 ], [ 77.367600861290782, 20.08504202466975 ], [ 77.36802163429104, 20.08581674834431 ], [ 77.368812896498014, 20.087725250919618 ], [ 77.369685578826477, 20.089771589886993 ], [ 77.369764394511265, 20.090471704006006 ], [ 77.36966329632412, 20.090903348910501 ], [ 77.369558676391875, 20.091350104223977 ], [ 77.368503834584374, 20.093265066629556 ], [ 77.367288841506877, 20.095288259745416 ], [ 77.366531414075837, 20.096304806571329 ] ] ] ] } },
{ "type": "Feature", "properties": { "REGION": 2.0, "STATE.NAME": "Maharashtra", "DISTRICT.NAME": "Washim", "DISTRICT.AREA": 5139.74697, "GRID_G0": "192606", "woodland": 0.1684631742355524, "maskWdl": 0.0, "cropland": 0.43447343399246996, "maskCrp": 0.0, "one": 0.39049133045275652, "maskOne": 1.0, "GRID.AREA": 23.04442070738861, "REGION.AREA": 59928.662280600729 }, "geometry": { "type": "Polygon", "coordinates": [ [ [ 77.424791071468945, 20.076118245128509 ], [ 77.456533885822068, 20.076117065453527 ], [ 77.456533885822068, 20.121118258538605 ], [ 77.411532665061301, 20.121118261569354 ], [ 77.411532665061301, 20.082527349943668 ], [ 77.411630588580863, 20.082358768742207 ], [ 77.411905822495783, 20.082000510315368 ], [ 77.412152836584198, 20.081737279651808 ], [ 77.412300302916719, 20.081614538380279 ], [ 77.412552770494017, 20.0814461825953 ], [ 77.413029777202496, 20.081249549427241 ], [ 77.41371158292327, 20.080938980249812 ], [ 77.414202633444859, 20.080710502987362 ], [ 77.414942813260268, 20.080580300040879 ], [ 77.415549597535971, 20.080504868504931 ], [ 77.415964919745306, 20.080407913494469 ], [ 77.416284474948611, 20.080261767366721 ], [ 77.416498807673918, 20.080147719841417 ], [ 77.416632077308577, 20.080034196620943 ], [ 77.416817286388721, 20.079816405103085 ], [ 77.41728189054686, 20.079150142365222 ], [ 77.417609630480115, 20.078782582250426 ], [ 77.418095410974502, 20.07846390748341 ], [ 77.418611148785544, 20.078366387698679 ], [ 77.418988849655776, 20.078382490959257 ], [ 77.41935745388345, 20.078466372525099 ], [ 77.419678451599339, 20.078586753076252 ], [ 77.420042310104591, 20.078679560413438 ], [ 77.42048692143436, 20.078677329195443 ], [ 77.420911781853306, 20.07858475388332 ], [ 77.421321974329729, 20.078415529353268 ], [ 77.421879762640984, 20.078146169809937 ], [ 77.422403479237232, 20.077782173708385 ], [ 77.422879091996549, 20.077359611956577 ], [ 77.423177927719223, 20.076956146409092 ], [ 77.423390778361806, 20.07657123567401 ], [ 77.424134778497262, 20.076287254053568 ], [ 77.424791071468945, 20.076118245128509 ] ] ] } },
{ "type": "Feature", "properties": { "REGION": 2.0, "STATE.NAME": "Maharashtra", "DISTRICT.NAME": "Washim", "DISTRICT.AREA": 5139.74697, "GRID_G0": "192607", "woodland": 0.26997670451121697, "maskWdl": 0.0, "cropland": 0.34492034392411935, "maskCrp": 0.0, "one": 0.37543445520190388, "maskOne": 1.0, "GRID.AREA": 21.653687399962529, "REGION.AREA": 59928.662280600729 }, "geometry": { "type": "Polygon", "coordinates": [ [ [ 77.501530685759349, 20.086696830074498 ], [ 77.501530685759349, 20.121118308540826 ], [ 77.456533885822068, 20.121118258538605 ], [ 77.456533885822068, 20.076117065453527 ], [ 77.469787887512311, 20.076118246993584 ], [ 77.470072375239965, 20.076493260855329 ], [ 77.470514705889002, 20.076897174265245 ], [ 77.471470825518225, 20.077677801089692 ], [ 77.472139207058831, 20.07830645417954 ], [ 77.472730585947829, 20.078845176863467 ], [ 77.473627140779968, 20.079269286348563 ], [ 77.474850046092797, 20.079903834494417 ], [ 77.47627051537205, 20.080767684581019 ], [ 77.477033134171847, 20.08116983352107 ], [ 77.477164650128543, 20.081371553254655 ], [ 77.47733239707253, 20.08162885288931 ], [ 77.477840457371258, 20.082597026131907 ], [ 77.477902896401588, 20.082696173689499 ], [ 77.478685332662053, 20.083938161716844 ], [ 77.478941449688193, 20.084379350226872 ], [ 77.479194052163848, 20.084256023496721 ], [ 77.480528376283587, 20.083557665753744 ], [ 77.481228579435424, 20.083156366673052 ], [ 77.481968423803778, 20.082953476022173 ], [ 77.483696950453975, 20.082627728986552 ], [ 77.483801987671654, 20.082604682060492 ], [ 77.483825553506563, 20.082536775152107 ], [ 77.48383477425547, 20.082491609400279 ], [ 77.484022281103421, 20.081894375924776 ], [ 77.484281466616437, 20.081283275802608 ], [ 77.484796716994936, 20.080354557616772 ], [ 77.485090337549082, 20.079923946932642 ], [ 77.485594029840684, 20.079410741612495 ], [ 77.486045698150519, 20.07902444052559 ], [ 77.486240993127424, 20.078910431671147 ], [ 77.487288154724638, 20.078940688462069 ], [ 77.488550686864755, 20.079014923000329 ], [ 77.489856379268531, 20.079106974007686 ], [ 77.491286472192996, 20.079211864635909 ], [ 77.493080513554901, 20.079423066821107 ], [ 77.49418478569936, 20.079412407156898 ], [ 77.494672582473754, 20.079436789576221 ], [ 77.494873004485612, 20.080135703999588 ], [ 77.495541109035003, 20.081473214417372 ], [ 77.49620791496335, 20.082580505585895 ], [ 77.496570484740118, 20.083210623671391 ], [ 77.496807843707074, 20.083710575682574 ], [ 77.497417169466871, 20.084041372411434 ], [ 77.498056507401941, 20.084597717310832 ], [ 77.498408462480597, 20.085078998497011 ], [ 77.498644331270953, 20.085317014868394 ], [ 77.498730665288008, 20.085357166899772 ], [ 77.4993614686569, 20.085708147113333 ], [ 77.49936151632096, 20.085708174092986 ], [ 77.499992468977325, 20.086059088656043 ], [ 77.501530685759349, 20.086696830074498 ] ] ] } },
{ "type": "Feature", "properties": { "REGION": 2.0, "STATE.NAME": "Maharashtra", "DISTRICT.NAME": "Washim", "DISTRICT.AREA": 5139.74697, "GRID_G0": "191955", "woodland": 0.14351143697446928, "maskWdl": 0.0, "cropland": 0.36131847858998489, "maskCrp": 0.0, "one": 0.48989859644484623, "maskOne": 1.0, "GRID.AREA": 0.55624142649936326, "REGION.AREA": 59928.662280600729 }, "geometry": { "type": "Polygon", "coordinates": [ [ [ 77.366531414075837, 20.052654370571751 ], [ 77.366531414075837, 20.036593202522862 ], [ 77.367296517220566, 20.037802686245012 ], [ 77.367684948801411, 20.038416690278098 ], [ 77.36878203266474, 20.040194347790987 ], [ 77.369984290442687, 20.042265575495946 ], [ 77.371160299708094, 20.044199103505889 ], [ 77.372255063320551, 20.046164150954837 ], [ 77.370899334436785, 20.047970707282392 ], [ 77.369118175863207, 20.049982490699449 ], [ 77.369118145286222, 20.049982523075016 ], [ 77.367633307031554, 20.051788968785957 ], [ 77.366690487476092, 20.052529439082374 ], [ 77.366531414075837, 20.052654370571751 ] ] ] } },
{ "type": "Feature", "properties": { "REGION": 2.0, "STATE.NAME": "Maharashtra", "DISTRICT.NAME": "Washim", "DISTRICT.AREA": 5139.74697, "GRID_G0": "191956", "woodland": 0.054682267687084632, "maskWdl": 0.0, "cropland": 0.55214993257973399, "maskCrp": 1.0, "one": 0.34456705066126153, "maskOne": 1.0, "GRID.AREA": 1.3410579991881053, "REGION.AREA": 59928.662280600729 }, "geometry": { "type": "Polygon", "coordinates": [ [ [ 77.456533885822068, 20.06981461623041 ], [ 77.456533885822068, 20.076117065453527 ], [ 77.424791071468945, 20.076118245128509 ], [ 77.425924854748303, 20.075826266069384 ], [ 77.427127680897797, 20.075508365618646 ], [ 77.429056321991709, 20.075055708054549 ], [ 77.430092483081694, 20.074842468005556 ], [ 77.431104564823855, 20.074611338642395 ], [ 77.432723259970544, 20.074291186289262 ], [ 77.433678028818008, 20.074064844017411 ], [ 77.435558999548221, 20.073634908724099 ], [ 77.436848224466019, 20.073375324811419 ], [ 77.438520365422562, 20.073203761144725 ], [ 77.439250917096217, 20.073140661112685 ], [ 77.439633539955935, 20.07310761282611 ], [ 77.440507954378631, 20.073026199899235 ], [ 77.440995110835729, 20.072955874713902 ], [ 77.441367059642118, 20.072804877643026 ], [ 77.442505845968071, 20.072175583336559 ], [ 77.443858831020293, 20.071396064476858 ], [ 77.444973644118434, 20.070762390471998 ], [ 77.44555040452758, 20.070483801186526 ], [ 77.446003721294744, 20.070345864070418 ], [ 77.446830584963607, 20.070327858743724 ], [ 77.448321672607165, 20.070274707911494 ], [ 77.449401571325495, 20.07019216543614 ], [ 77.450553051582119, 20.070095672677216 ], [ 77.452622458159965, 20.070016888468668 ], [ 77.454084735122478, 20.069923198896561 ], [ 77.456010428238756, 20.069808907654988 ], [ 77.456533885822068, 20.06981461623041 ] ] ] } },
{ "type": "Feature", "properties": { "REGION": 2.0, "STATE.NAME": "Maharashtra", "DISTRICT.NAME": "Washim", "DISTRICT.AREA": 5139.74697, "GRID_G0": "191957", "woodland": 0.25863518629209004, "maskWdl": 0.0, "cropland": 0.2269121338912134, "maskCrp": 0.0, "one": 0.49622171747360033, "maskOne": 1.0, "GRID.AREA": 0.75739134063100066, "REGION.AREA": 59928.662280600729 }, "geometry": { "type": "Polygon", "coordinates": [ [ [ 77.469787887512311, 20.076118246993584 ], [ 77.456533885822068, 20.076117065453527 ], [ 77.456533885822068, 20.06981461623041 ], [ 77.457396971493097, 20.069824025258583 ], [ 77.45941375154348, 20.069754361074956 ], [ 77.460556493987042, 20.069788825793751 ], [ 77.462448759302845, 20.069656599372593 ], [ 77.463833952674861, 20.069481983406831 ], [ 77.464175329927571, 20.070586628769941 ], [ 77.464400189217429, 20.072179555642037 ], [ 77.465925023021441, 20.072153278351156 ], [ 77.466857735096482, 20.072238453142177 ], [ 77.467744060140319, 20.073340129843189 ], [ 77.468394869827421, 20.074230682599989 ], [ 77.469050584417005, 20.075134923937636 ], [ 77.469604892351981, 20.075877020208342 ], [ 77.469787887512311, 20.076118246993584 ] ] ] } },
{ "type": "Feature", "properties": { "REGION": 2.0, "STATE.NAME": "Maharashtra", "DISTRICT.NAME": "Washim", "DISTRICT.AREA": 5139.74697, "GRID_G0": "191959", "woodland": 0.38168417673816524, "maskWdl": 0.0, "cropland": 0.2302570816058743, "maskCrp": 0.0, "one": 0.38150519516721071, "maskOne": 1.0, "GRID.AREA": 17.731815839608931, "REGION.AREA": 59928.662280600729 }, "geometry": { "type": "Polygon", "coordinates": [ [ [ 77.591533190519684, 20.033475533745744 ], [ 77.591533190519684, 20.076117016922421 ], [ 77.546531976600761, 20.076117058886815 ], [ 77.546531976600761, 20.066947084570131 ], [ 77.54839900780803, 20.065980260780464 ], [ 77.549863158957692, 20.065479407648585 ], [ 77.55045237407785, 20.063511371752444 ], [ 77.550684543956606, 20.062831678539169 ], [ 77.550874316196769, 20.062276000037404 ], [ 77.550874360263549, 20.062275956869943 ], [ 77.551419621018738, 20.061608849668744 ], [ 77.552526351909648, 20.060554557347022 ], [ 77.552095250195691, 20.058980962301629 ], [ 77.55244173829567, 20.058600053549693 ], [ 77.553561491369805, 20.057369012070296 ], [ 77.554007500245973, 20.056878638738226 ], [ 77.553062975575926, 20.054301025272139 ], [ 77.554839345259609, 20.051165325819174 ], [ 77.554531027984638, 20.050092261049031 ], [ 77.555104417734753, 20.048639209332123 ], [ 77.555678152824555, 20.047940329982278 ], [ 77.555521320952266, 20.047358712334756 ], [ 77.55646246956735, 20.046580828442533 ], [ 77.558840684450104, 20.04698664751584 ], [ 77.559738568480213, 20.047175240744821 ], [ 77.560492033080891, 20.047333460271034 ], [ 77.561640314448994, 20.046089281495199 ], [ 77.562425127617587, 20.045520024129871 ], [ 77.563448104646397, 20.04490371423509 ], [ 77.564015126297093, 20.044562080675519 ], [ 77.564509266889218, 20.044121015372639 ], [ 77.564440162083883, 20.043630166299181 ], [ 77.564298375869384, 20.042623019137071 ], [ 77.566174516340936, 20.042295545403135 ], [ 77.567126659168025, 20.042406140431069 ], [ 77.568097380190011, 20.042518868650916 ], [ 77.569836105152206, 20.040241299596342 ], [ 77.570815260016275, 20.038031522336951 ], [ 77.570815277103407, 20.03803148006881 ], [ 77.571559939139945, 20.035787030347251 ], [ 77.572566026001368, 20.03472872165321 ], [ 77.573169197700395, 20.03419358456631 ], [ 77.573995939061376, 20.033460030955723 ], [ 77.577509481495184, 20.031116983960519 ], [ 77.58258194497121, 20.031116663572444 ], [ 77.584528512880638, 20.033319148559883 ], [ 77.58659883406898, 20.03276335854224 ], [ 77.588177887099846, 20.032339428921546 ], [ 77.589494371368176, 20.03197002249857 ], [ 77.591533190519684, 20.033475533745744 ] ] ] } },
{ "type": "Feature", "properties": { "REGION": 2.0, "STATE.NAME": "Maharashtra", "DISTRICT.NAME": "Washim", "DISTRICT.AREA": 5139.74697, "GRID_G0": "191309", "woodland": 0.21049257707101576, "maskWdl": 0.0, "cropland": 0.40770176578578082, "maskCrp": 0.0, "one": 0.36812525732381263, "maskOne": 1.0, "GRID.AREA": 0.058329044605509014, "REGION.AREA": 59928.662280600729 }, "geometry": { "type": "Polygon", "coordinates": [ [ [ 77.58258194497121, 20.031116663572444 ], [ 77.577509481495184, 20.031116983960519 ], [ 77.577816307676528, 20.030912366712414 ], [ 77.580595515870414, 20.029170294473545 ], [ 77.582134692961745, 20.030610599199861 ], [ 77.58258194497121, 20.031116663572444 ] ] ] } },
{ "type": "Feature", "properties": { "REGION": 2.0, "STATE.NAME": "Maharashtra", "DISTRICT.NAME": "Washim", "DISTRICT.AREA": 5139.74697, "GRID_G0": "189338", "woodland": 0.03705309276481536, "maskWdl": 0.0, "cropland": 0.56381104775444191, "maskCrp": 1.0, "one": 0.38285552859875593, "maskOne": 1.0, "GRID.AREA": 0.97473800886157791, "REGION.AREA": 59928.662280600729 }, "geometry": { "type": "Polygon", "coordinates": [ [ [ 76.630589587199907, 19.896117779779281 ], [ 76.610668073753317, 19.89611741171894 ], [ 76.611030906051553, 19.892980482863038 ], [ 76.611608679996664, 19.893043367057771 ], [ 76.612430131545409, 19.893241684656061 ], [ 76.612836011772586, 19.893300191850415 ], [ 76.613255759545723, 19.892644951203582 ], [ 76.613465628036352, 19.892306023704069 ], [ 76.614625838911365, 19.892205930059674 ], [ 76.616211043305043, 19.89209655451242 ], [ 76.617872301565512, 19.89154434739379 ], [ 76.621710278906278, 19.890114589017116 ], [ 76.624474239994242, 19.889308715524866 ], [ 76.625937651001834, 19.892234539292588 ], [ 76.627666416871705, 19.89257651369519 ], [ 76.628039889129639, 19.893750749497542 ], [ 76.630055437108808, 19.894431403186729 ], [ 76.630589587199907, 19.896117779779281 ] ] ] } },
{ "type": "Feature", "properties": { "REGION": 2.0, "STATE.NAME": "Maharashtra", "DISTRICT.NAME": "Washim", "DISTRICT.AREA": 5139.74697, "GRID_G0": "189339", "woodland": 0.049419825711074367, "maskWdl": 0.0, "cropland": 0.3747686055731545, "maskCrp": 0.0, "one": 0.56833207614030701, "maskOne": 1.0, "GRID.AREA": 18.346549495865375, "REGION.AREA": 59928.662280600729 }, "geometry": { "type": "Polygon", "coordinates": [ [ [ 76.691530508143785, 19.869248790405997 ], [ 76.691530508143785, 19.896116511805541 ], [ 76.65823265087343, 19.896117574204546 ], [ 76.658849385390852, 19.895135595731237 ], [ 76.66036087505438, 19.892984239331216 ], [ 76.660298415339639, 19.89259583113272 ], [ 76.659411741358838, 19.88926772532534 ], [ 76.65870213849297, 19.886355044249967 ], [ 76.658539212814503, 19.885745434304397 ], [ 76.657329625561829, 19.884188137672481 ], [ 76.65538857292438, 19.881570161733634 ], [ 76.653777465357791, 19.879389964075646 ], [ 76.652839522825786, 19.877200076222607 ], [ 76.651963447355286, 19.874730115202681 ], [ 76.651709433843337, 19.873741211687612 ], [ 76.651661175323056, 19.87322178215959 ], [ 76.650566232745533, 19.871479139750537 ], [ 76.64936623496385, 19.86969607191622 ], [ 76.647884386055637, 19.86765563250151 ], [ 76.649200296556501, 19.865843336700664 ], [ 76.649304879616579, 19.865679082723542 ], [ 76.650492272500458, 19.863814245830838 ], [ 76.650782577254176, 19.86365273838322 ], [ 76.650789381524817, 19.863648952237384 ], [ 76.650850047092035, 19.863615208774885 ], [ 76.650958399210822, 19.863526500547607 ], [ 76.651656282111787, 19.862955116285665 ], [ 76.653044592534002, 19.861982765692119 ], [ 76.653277576299161, 19.861786281811529 ], [ 76.653607495289748, 19.861508045060301 ], [ 76.654382606572085, 19.858368252792673 ], [ 76.654577413217112, 19.857387918018048 ], [ 76.65721660955893, 19.855690246207928 ], [ 76.658332027001507, 19.854972726610068 ], [ 76.658681094357064, 19.854766192805581 ], [ 76.66269738297791, 19.852389786459526 ], [ 76.664754422428175, 19.851116594220763 ], [ 76.684368668139982, 19.851115994107548 ], [ 76.68448831408449, 19.851361631134409 ], [ 76.686277907399585, 19.854973169076516 ], [ 76.687278166654153, 19.857122164756163 ], [ 76.689344189083101, 19.860277120492754 ], [ 76.689922831773345, 19.861125813405636 ], [ 76.689537225862367, 19.862029534035798 ], [ 76.689166410201722, 19.863362388663347 ], [ 76.688995369041095, 19.864017462935632 ], [ 76.688786264074906, 19.864781073687652 ], [ 76.688801101090007, 19.865313986751115 ], [ 76.688877856428007, 19.865634564483628 ], [ 76.689121679721779, 19.865909864049058 ], [ 76.68968557353044, 19.866351950981823 ], [ 76.690029890667006, 19.866852942609288 ], [ 76.690288445755243, 19.867462423052412 ], [ 76.690919537806508, 19.868211540330378 ], [ 76.691258961731762, 19.868608644973055 ], [ 76.691498258737681, 19.86910978049201 ], [ 76.691530508143785, 19.869248790405997 ] ] ] } }
]
}
