{
"type": "FeatureCollection",
"name": "Region 1 Woodland Mask",
"crs": { "type": "name", "properties": { "name": "urn:ogc:def:crs:OGC:1.3:CRS84" } },
"features": [
{ "type": "Feature", "properties": { "REGION": 1.0, "STATE.NAME": "Maharashtra", "DISTRICT.NAME": "Gadchiroli", "DISTRICT.AREA": 14527.292838, "GRID_G0": "203070", "woodland": 0.96664056518981756, "maskWdl": 1.0, "cropland": 0.015660407807382516, "maskCrp": 0.0, "one": 0.017691055301192731, "maskOne": 0.0, "GRID.AREA": 2.4942489123389109, "REGION.AREA": 32202.066020262951 }, "geometry": { "type": "Polygon", "coordinates": [ [ [ 80.327934385599107, 20.796120074863587 ], [ 80.336533542262686, 20.796119171746035 ], [ 80.336533542262686, 20.822263425701792 ], [ 80.336447348566367, 20.822260316860195 ], [ 80.335616531477797, 20.822169915209489 ], [ 80.335117039020204, 20.822106550776766 ], [ 80.334607989467202, 20.822016162615856 ], [ 80.333666732034089, 20.821812770143254 ], [ 80.333013560727295, 20.821559614584601 ], [ 80.332115714468728, 20.821148514692251 ], [ 80.331717152924341, 20.820836752114474 ], [ 80.331625934689214, 20.820624385307212 ], [ 80.331597234624724, 20.820181931451032 ], [ 80.331271064907753, 20.81900769115208 ], [ 80.331208934344886, 20.8184566819304 ], [ 80.33103637422937, 20.817169521855991 ], [ 80.330935765273409, 20.816487618109136 ], [ 80.330768218878248, 20.815209553777947 ], [ 80.330672391617611, 20.81459984400766 ], [ 80.330490314876215, 20.813258532155601 ], [ 80.330404139139773, 20.81275264731687 ], [ 80.330303385392995, 20.812206231832192 ], [ 80.330212484618528, 20.811569471354062 ], [ 80.33006857330605, 20.8109371499296 ], [ 80.329934295531359, 20.810440293384882 ], [ 80.32975674327912, 20.810006723031904 ], [ 80.329545520409511, 20.809722139764975 ], [ 80.329204758293031, 20.809270530810412 ], [ 80.328355026663189, 20.808145730740932 ], [ 80.327937535289095, 20.807517868155117 ], [ 80.327006258532037, 20.806280287705139 ], [ 80.325527997019492, 20.804446298457947 ], [ 80.325201460379162, 20.80403981388633 ], [ 80.324380761562963, 20.802960186763244 ], [ 80.324092822925479, 20.802495025025451 ], [ 80.323833761518927, 20.801998066857323 ], [ 80.32361784598686, 20.801383835295834 ], [ 80.323243501386514, 20.800701879388271 ], [ 80.322969961794342, 20.800281664866986 ], [ 80.322566766043451, 20.79987975334797 ], [ 80.321870712363534, 20.799355677922222 ], [ 80.321453017742613, 20.799102617691684 ], [ 80.321640468832641, 20.798876775442867 ], [ 80.321923755277169, 20.798682737718199 ], [ 80.322678685772814, 20.798426880596139 ], [ 80.322682752507092, 20.798425502834732 ], [ 80.323273348086616, 20.798385051329088 ], [ 80.323839871512916, 20.798538819211164 ], [ 80.32454567024655, 20.798687958282699 ], [ 80.324987503570469, 20.798850633949652 ], [ 80.325314043808135, 20.798904933216139 ], [ 80.325711606205743, 20.798865916129159 ], [ 80.325727111417109, 20.798864394476254 ], [ 80.326077672546603, 20.798783245950062 ], [ 80.326327369312708, 20.798575475577763 ], [ 80.326562789341324, 20.798291118040709 ], [ 80.326678226319132, 20.797862062284423 ], [ 80.32677448975096, 20.797392485774651 ], [ 80.326841839079691, 20.797058273420646 ], [ 80.327038781614547, 20.796760109491519 ], [ 80.327336668552448, 20.796462278311537 ], [ 80.327567263718322, 20.796286189256307 ], [ 80.327927506049605, 20.796128120816153 ], [ 80.327934385599107, 20.796120074863587 ] ] ] } },
{ "type": "Feature", "properties": { "REGION": 1.0, "STATE.NAME": "Maharashtra", "DISTRICT.NAME": "Gadchiroli", "DISTRICT.AREA": 14527.292838, "GRID_G0": "203071", "woodland": 0.96436093926255784, "maskWdl": 1.0, "cropland": 0.017900069141867186, "maskCrp": 0.0, "one": 0.016674865881500779, "maskOne": 0.0, "GRID.AREA": 8.5517825586618255, "REGION.AREA": 32202.066020262951 }, "geometry": { "type": "Polygon", "coordinates": [ [ [ 80.336533542262686, 20.822263425701792 ], [ 80.336533542262686, 20.796119171746035 ], [ 80.381534753204193, 20.796119179150875 ], [ 80.381534753204193, 20.805875805975987 ], [ 80.381306261574764, 20.805915921082942 ], [ 80.381297776471285, 20.805919582222998 ], [ 80.380898078183805, 20.806091993950417 ], [ 80.380614745873856, 20.806245580169445 ], [ 80.380340932887805, 20.8064443051606 ], [ 80.380201640493397, 20.806582030036679 ], [ 80.380062350796891, 20.806719753114177 ], [ 80.379860693116541, 20.806941105947317 ], [ 80.379500541616778, 20.807460503999096 ], [ 80.379226745717801, 20.807871424027041 ], [ 80.378938589444431, 20.808255339212565 ], [ 80.378789676102713, 20.808381725436334 ], [ 80.378530379973142, 20.808494593950403 ], [ 80.378527820502597, 20.808495120953125 ], [ 80.378112537863387, 20.808580450427481 ], [ 80.377661109672545, 20.80862113575688 ], [ 80.377142407695999, 20.808670818803307 ], [ 80.37672461325036, 20.808774608661338 ], [ 80.376715478836331, 20.808778321062729 ], [ 80.376335634881684, 20.808932683396677 ], [ 80.376332287605067, 20.808933658261765 ], [ 80.373233127606795, 20.80983602541227 ], [ 80.371594408155488, 20.810329587740341 ], [ 80.37027952557969, 20.810725597908061 ], [ 80.369871443812144, 20.810843049367293 ], [ 80.368291282816529, 20.811326235317548 ], [ 80.367580452376046, 20.81155636013796 ], [ 80.366672834983433, 20.811764152993305 ], [ 80.366077173522811, 20.811795680526306 ], [ 80.365092879932547, 20.811231201258977 ], [ 80.364348501182462, 20.810860856843135 ], [ 80.363464945151179, 20.810391139139828 ], [ 80.362350921657765, 20.809776827538599 ], [ 80.361270403306548, 20.809320632940913 ], [ 80.360093905709221, 20.808891517829348 ], [ 80.359848947470994, 20.808850898150467 ], [ 80.358706050343983, 20.808904952801356 ], [ 80.357260613186781, 20.808895793206318 ], [ 80.355954313740654, 20.808936234819441 ], [ 80.35527230207515, 20.809008579882118 ], [ 80.355257518120027, 20.809012377719114 ], [ 80.355257444375638, 20.80901239120891 ], [ 80.354815983370997, 20.809125827195203 ], [ 80.354815735158127, 20.809125969288118 ], [ 80.354585476338741, 20.809256799961418 ], [ 80.354186864432279, 20.809590980839115 ], [ 80.353461603470308, 20.810209594797012 ], [ 80.352861122542834, 20.810706223813217 ], [ 80.352347134812476, 20.811248086929712 ], [ 80.351477682848838, 20.812169369520859 ], [ 80.350800345859341, 20.813090565777031 ], [ 80.350324682737948, 20.813740778314298 ], [ 80.349921252264039, 20.813925952320915 ], [ 80.349647458163702, 20.814007072068758 ], [ 80.349644719728076, 20.814007414710488 ], [ 80.349071067375917, 20.814079236367721 ], [ 80.348797434254266, 20.814110867322711 ], [ 80.348456368166921, 20.81409280443944 ], [ 80.348444354123728, 20.81409697639441 ], [ 80.348365178710083, 20.814124470468016 ], [ 80.347971290942382, 20.814517310525503 ], [ 80.34763978284974, 20.814973286587929 ], [ 80.346976799939398, 20.81575002654256 ], [ 80.346304193383901, 20.81640472759614 ], [ 80.345497200235684, 20.817334941354488 ], [ 80.344959096285322, 20.817840687697643 ], [ 80.344334687096193, 20.818377996647261 ], [ 80.343402596452734, 20.819177229545573 ], [ 80.342941425006813, 20.819628710796394 ], [ 80.342605227849049, 20.820098300796019 ], [ 80.342393715397705, 20.820436994471773 ], [ 80.342321730963192, 20.820594997261363 ], [ 80.341913277775632, 20.821082687016425 ], [ 80.341629842043631, 20.821340050502954 ], [ 80.340923650306252, 20.821814156897858 ], [ 80.340486494356298, 20.822062298736171 ], [ 80.339886107857637, 20.822292596226365 ], [ 80.339877273817194, 20.822293938014862 ], [ 80.339410637191236, 20.822364771317215 ], [ 80.338843905122189, 20.822405324446205 ], [ 80.338498132882592, 20.822391661945691 ], [ 80.337931365740019, 20.82234197979858 ], [ 80.337076461209804, 20.822283006755413 ], [ 80.336533542262686, 20.822263425701792 ] ] ] } },
{ "type": "Feature", "properties": { "REGION": 1.0, "STATE.NAME": "Maharashtra", "DISTRICT.NAME": "Gadchiroli", "DISTRICT.AREA": 14527.292838, "GRID_G0": "203072", "woodland": 0.83461416906677766, "maskWdl": 1.0, "cropland": 0.092568979875669491, "maskCrp": 0.0, "one": 0.070848036027497674, "maskOne": 0.0, "GRID.AREA": 9.11587786435841, "REGION.AREA": 32202.066020262951 }, "geometry": { "type": "Polygon", "coordinates": [ [ [ 80.381534753204193, 20.805875805975987 ], [ 80.381534753204193, 20.796119179150875 ], [ 80.426535995054564, 20.796119114450875 ], [ 80.426535995054564, 20.824580096212024 ], [ 80.424972386666354, 20.824655495654664 ], [ 80.423454633224821, 20.824696572189112 ], [ 80.421898503912871, 20.82463821698019 ], [ 80.419612400292124, 20.824720041796525 ], [ 80.418080339536118, 20.824878471764123 ], [ 80.417321480801789, 20.824950852799642 ], [ 80.416015141785408, 20.825055193942092 ], [ 80.415558770021278, 20.824314537485975 ], [ 80.415260919056209, 20.823862997779205 ], [ 80.414410691899946, 20.822562528637835 ], [ 80.413930319029078, 20.82199366247761 ], [ 80.413099315780869, 20.821045511741033 ], [ 80.411509471784768, 20.819221298124432 ], [ 80.410868150844522, 20.818433352617205 ], [ 80.410226837998209, 20.817645408908561 ], [ 80.409544935150677, 20.816810150967743 ], [ 80.408661112920072, 20.815717440507512 ], [ 80.408161603375333, 20.815112278608808 ], [ 80.407846960269069, 20.814498199932018 ], [ 80.407532319860707, 20.813884120355908 ], [ 80.407258460109915, 20.813391941185159 ], [ 80.406874728386072, 20.812678053949071 ], [ 80.406581260716678, 20.8121320836288 ], [ 80.406326666242705, 20.811572061401534 ], [ 80.406076866054605, 20.811075309178253 ], [ 80.405750191817958, 20.810583087739357 ], [ 80.405202701643418, 20.809856082991871 ], [ 80.404688780462891, 20.809228418256964 ], [ 80.40402121190948, 20.808641544072032 ], [ 80.403857956179763, 20.80848350171226 ], [ 80.403430596544865, 20.808298390658251 ], [ 80.402825426552226, 20.808185682223495 ], [ 80.401490457618593, 20.807991498808693 ], [ 80.400621109077008, 20.807793025627689 ], [ 80.399002788947598, 20.807445508703324 ], [ 80.39806631680716, 20.807206176623826 ], [ 80.39712027677939, 20.806971464361656 ], [ 80.396577621360223, 20.806890298748332 ], [ 80.39626054468846, 20.8068767864346 ], [ 80.395117635870236, 20.806818261253795 ], [ 80.394930353852828, 20.806800172290195 ], [ 80.394743071835364, 20.806782085125178 ], [ 80.394099563743907, 20.806601561512881 ], [ 80.393748969339526, 20.806434436000469 ], [ 80.392947006998838, 20.80615903031503 ], [ 80.392351475040584, 20.805992081069746 ], [ 80.392001018232463, 20.805969538663305 ], [ 80.391611999394286, 20.806005596980754 ], [ 80.389772695153795, 20.806037326861205 ], [ 80.388538470074366, 20.806091664798544 ], [ 80.387481952829944, 20.80606918804267 ], [ 80.3860509102214, 20.805987973865967 ], [ 80.385354589442784, 20.805906702132628 ], [ 80.384917634940962, 20.805875169203777 ], [ 80.384634239678462, 20.805870559278961 ], [ 80.384625088177359, 20.805874743824404 ], [ 80.384466115918599, 20.805947425233516 ], [ 80.384235654751706, 20.80608294677063 ], [ 80.384229262370638, 20.80608468965676 ], [ 80.384086745906643, 20.806123568248154 ], [ 80.383937834363621, 20.806164190624941 ], [ 80.383755395195408, 20.806195745137586 ], [ 80.383544130956935, 20.806204839082113 ], [ 80.383323194509899, 20.80615067381461 ], [ 80.382746926029881, 20.806010678150301 ], [ 80.382065105919935, 20.805902405171931 ], [ 80.38158959928063, 20.805866176882603 ], [ 80.381534753204193, 20.805875805975987 ] ] ] } },
{ "type": "Feature", "properties": { "REGION": 1.0, "STATE.NAME": "Maharashtra", "DISTRICT.NAME": "Gadchiroli", "DISTRICT.AREA": 14527.292838, "GRID_G0": "203073", "woodland": 0.55036367451967438, "maskWdl": 1.0, "cropland": 0.27448757069961094, "maskCrp": 0.0, "one": 0.1701156689538087, "maskOne": 0.0, "GRID.AREA": 13.215555218854984, "REGION.AREA": 32202.066020262951 }, "geometry": { "type": "Polygon", "coordinates": [ [ [ 80.426535995054564, 20.824580096212024 ], [ 80.426535995054564, 20.796119114450875 ], [ 80.471537233983682, 20.796119162508308 ], [ 80.471537233983682, 20.822187893924696 ], [ 80.470974486383511, 20.821866825693519 ], [ 80.469523276478071, 20.821072605616283 ], [ 80.46904277860142, 20.820837900548725 ], [ 80.468053302218152, 20.820694000028141 ], [ 80.46658797745323, 20.820355837851707 ], [ 80.465776035335807, 20.820202725575371 ], [ 80.464993069374714, 20.820026891927572 ], [ 80.464109069977667, 20.819801512829603 ], [ 80.463527824649418, 20.819706909546312 ], [ 80.46308103246372, 20.819594140856964 ], [ 80.462331602221695, 20.819522312904439 ], [ 80.461577313842042, 20.819319330522717 ], [ 80.461423676361619, 20.819278686562196 ], [ 80.460765441871729, 20.81914347978784 ], [ 80.460765400502908, 20.819143472593229 ], [ 80.460053761571885, 20.819073777832614 ], [ 80.460030452043782, 20.819071495353285 ], [ 80.459968995073098, 20.819074036837378 ], [ 80.459588620518502, 20.8190897713759 ], [ 80.459055479926519, 20.819126078805542 ], [ 80.458090061307374, 20.819284563631754 ], [ 80.457263530387664, 20.819386860615168 ], [ 80.457263404482603, 20.819386876802984 ], [ 80.457263364013116, 20.819386880400256 ], [ 80.456069444749119, 20.81962314039566 ], [ 80.455995868514606, 20.819637700419605 ], [ 80.455280252781506, 20.81978244090698 ], [ 80.454732713144267, 20.819900086619725 ], [ 80.453527287054726, 20.820252795330305 ], [ 80.452749234089936, 20.820393113851196 ], [ 80.45055416254462, 20.820750710377013 ], [ 80.449814489946789, 20.820872868887818 ], [ 80.449050832430032, 20.820990588345008 ], [ 80.447701081339915, 20.821198722043448 ], [ 80.446668522934033, 20.82135715021235 ], [ 80.445799128527028, 20.821511040402243 ], [ 80.445117166324223, 20.821633187221835 ], [ 80.444276562813172, 20.821854682147887 ], [ 80.443527300744393, 20.822067255799254 ], [ 80.441466829830404, 20.822641488214177 ], [ 80.440621555240625, 20.822844855505707 ], [ 80.439958637980794, 20.822930961095036 ], [ 80.438306402618437, 20.823035311230683 ], [ 80.436836378895805, 20.823035728516118 ], [ 80.436024584267216, 20.822981702643517 ], [ 80.434598059852647, 20.823090507121265 ], [ 80.434127319620188, 20.823158370862192 ], [ 80.433584476242629, 20.823316582294471 ], [ 80.432643100099028, 20.823605906787236 ], [ 80.431865048033615, 20.823908645567599 ], [ 80.430404861095496, 20.824229617203116 ], [ 80.42856053683937, 20.824478638578345 ], [ 80.427229929617624, 20.824546629123688 ], [ 80.426535995054564, 20.824580096212024 ] ] ] } },
{ "type": "Feature", "properties": { "REGION": 1.0, "STATE.NAME": "Maharashtra", "DISTRICT.NAME": "Gadchiroli", "DISTRICT.AREA": 14527.292838, "GRID_G0": "202420", "woodland": 0.98298467396668132, "maskWdl": 1.0, "cropland": 0.0024394341891123203, "maskCrp": 0.0, "one": 0.014512134122528537, "maskOne": 0.0, "GRID.AREA": 7.753908319988871, "REGION.AREA": 32202.066020262951 }, "geometry": { "type": "Polygon", "coordinates": [ [ [ 80.31977317189039, 20.751119258647666 ], [ 80.336533542262686, 20.751117894683851 ], [ 80.336533542262686, 20.796119171746035 ], [ 80.327934385599107, 20.796120074863587 ], [ 80.328143631123737, 20.795875351965943 ], [ 80.328739337550417, 20.795021869263906 ], [ 80.329368628259658, 20.794421345168985 ], [ 80.329517682794872, 20.794182057156263 ], [ 80.329551399277705, 20.793974388407317 ], [ 80.329460083915819, 20.793793666944225 ], [ 80.329282608105927, 20.79361745648049 ], [ 80.329215421554522, 20.793464000663167 ], [ 80.329229941108963, 20.793206612894892 ], [ 80.32928271422594, 20.793030450994593 ], [ 80.329350059058015, 20.792894910571704 ], [ 80.329402833973688, 20.792759401625119 ], [ 80.32931191701141, 20.792267242239465 ], [ 80.32924465311828, 20.792081961213569 ], [ 80.329158375758482, 20.791960002352255 ], [ 80.329057591434776, 20.791865210211313 ], [ 80.328783917843566, 20.791666398885244 ], [ 80.328212628010434, 20.791237188445567 ], [ 80.32771343053048, 20.790731292814939 ], [ 80.327401438625543, 20.790460269525852 ], [ 80.326863797826093, 20.789751090240653 ], [ 80.326364705566789, 20.789163791575788 ], [ 80.325937529393514, 20.788626184950544 ], [ 80.32498716002948, 20.78763699455169 ], [ 80.324440021489863, 20.787113072910021 ], [ 80.323945480699422, 20.78677869687942 ], [ 80.323551847439887, 20.786512071275126 ], [ 80.322995019604548, 20.786141493934849 ], [ 80.322764671752282, 20.785933750542199 ], [ 80.322567827243518, 20.785667160910805 ], [ 80.322443106564151, 20.785378159274675 ], [ 80.322376013542225, 20.785057484415404 ], [ 80.322318622406556, 20.784583277296463 ], [ 80.322362183767837, 20.78371611051017 ], [ 80.322256869558942, 20.782880627738848 ], [ 80.322050561484275, 20.782501202868279 ], [ 80.321873148626992, 20.782058617711073 ], [ 80.321719451791353, 20.78179662631328 ], [ 80.321383677314941, 20.781263692565403 ], [ 80.320846073387671, 20.780581538807045 ], [ 80.320323185066968, 20.779714202048808 ], [ 80.319996834586277, 20.779393528088921 ], [ 80.318979311046405, 20.778209919552179 ], [ 80.318201928975895, 20.777405752973152 ], [ 80.317294683003297, 20.776642327481451 ], [ 80.316632405161442, 20.775951135536502 ], [ 80.316555604857342, 20.775815631086573 ], [ 80.316526929973918, 20.775725188067039 ], [ 80.31655577123189, 20.775558186661044 ], [ 80.316738608799824, 20.774641436653042 ], [ 80.316849312645729, 20.773945949545976 ], [ 80.31704192764289, 20.772866656071358 ], [ 80.317325982108457, 20.77117763933666 ], [ 80.317460659182132, 20.77053177052483 ], [ 80.317610148089898, 20.769416329699879 ], [ 80.317903433196932, 20.768075061914601 ], [ 80.318086010860782, 20.767953175898409 ], [ 80.318537383293688, 20.767736626344288 ], [ 80.319118424475789, 20.767479424735715 ], [ 80.319517093938771, 20.767104602595399 ], [ 80.319992751664188, 20.766458928936455 ], [ 80.320266588931986, 20.765944197466808 ], [ 80.320833749977623, 20.764643641091197 ], [ 80.321069135832033, 20.764042994688509 ], [ 80.321391492423516, 20.762652087923584 ], [ 80.321545456357796, 20.761866283702091 ], [ 80.321718793487605, 20.760723755297136 ], [ 80.321805644614869, 20.7597257245626 ], [ 80.321853915725683, 20.759228768193164 ], [ 80.321868390314023, 20.758826895345013 ], [ 80.321837280965781, 20.758677906460264 ], [ 80.321837274670543, 20.758677868688721 ], [ 80.321806158127742, 20.758528842931813 ], [ 80.321652637559225, 20.758126870258877 ], [ 80.321360169935929, 20.757322893436822 ], [ 80.321000441117519, 20.756482727895616 ], [ 80.320784710845771, 20.755868424388325 ], [ 80.320736950549872, 20.755489034591335 ], [ 80.320722963394076, 20.754436774737428 ], [ 80.320790449419746, 20.753596710819579 ], [ 80.320877116186011, 20.75296447213276 ], [ 80.320829176925031, 20.752711548599166 ], [ 80.320632600414228, 20.752372764991151 ], [ 80.319917667266566, 20.751293119881609 ], [ 80.31977317189039, 20.751119258647666 ] ] ] } },
{ "type": "Feature", "properties": { "REGION": 1.0, "STATE.NAME": "Maharashtra", "DISTRICT.NAME": "Gadchiroli", "DISTRICT.AREA": 14527.292838, "GRID_G0": "202421", "woodland": 0.90533686190622498, "maskWdl": 1.0, "cropland": 0.024707779971697066, "maskCrp": 0.0, "one": 0.069859730680851231, "maskOne": 0.0, "GRID.AREA": 23.411369571937183, "REGION.AREA": 32202.066020262951 }, "geometry": { "type": "Polygon", "coordinates": [ [ [ 80.336533542262686, 20.751117894683851 ], [ 80.381534753204193, 20.751117916601412 ], [ 80.381534753204193, 20.796119179150875 ], [ 80.336533542262686, 20.796119171746035 ], [ 80.336533542262686, 20.751117894683851 ] ] ] } },
{ "type": "Feature", "properties": { "REGION": 1.0, "STATE.NAME": "Maharashtra", "DISTRICT.NAME": "Gadchiroli", "DISTRICT.AREA": 14527.292838, "GRID_G0": "202422", "woodland": 0.67059418805620119, "maskWdl": 1.0, "cropland": 0.15697401738883882, "maskCrp": 0.0, "one": 0.17103723851127872, "maskOne": 0.0, "GRID.AREA": 23.411372579505638, "REGION.AREA": 32202.066020262951 }, "geometry": { "type": "Polygon", "coordinates": [ [ [ 80.381534753204193, 20.751117916601412 ], [ 80.426535995054564, 20.751117887653773 ], [ 80.426535995054564, 20.796119114450875 ], [ 80.381534753204193, 20.796119179150875 ], [ 80.381534753204193, 20.751117916601412 ] ] ] } },
{ "type": "Feature", "properties": { "REGION": 1.0, "STATE.NAME": "Maharashtra", "DISTRICT.NAME": "Gadchiroli", "DISTRICT.AREA": 14527.292838, "GRID_G0": "202423", "woodland": 0.70710987268655423, "maskWdl": 1.0, "cropland": 0.16113269162382901, "maskCrp": 0.0, "one": 0.1285658845391385, "maskOne": 0.0, "GRID.AREA": 23.411370354871458, "REGION.AREA": 32202.066020262951 }, "geometry": { "type": "Polygon", "coordinates": [ [ [ 80.426535995054564, 20.751117887653773 ], [ 80.471537233983682, 20.751117902673236 ], [ 80.471537233983682, 20.796119162508308 ], [ 80.426535995054564, 20.796119114450875 ], [ 80.426535995054564, 20.751117887653773 ] ] ] } },
{ "type": "Feature", "properties": { "REGION": 1.0, "STATE.NAME": "Maharashtra", "DISTRICT.NAME": "Gadchiroli", "DISTRICT.AREA": 14527.292838, "GRID_G0": "202424", "woodland": 0.62951546603783848, "maskWdl": 1.0, "cropland": 0.21333878546531568, "maskCrp": 0.0, "one": 0.15394456689483776, "maskOne": 0.0, "GRID.AREA": 23.409068478020171, "REGION.AREA": 32202.066020262951 }, "geometry": { "type": "Polygon", "coordinates": [ [ [ 80.471537233983682, 20.751117902673236 ], [ 80.516534026046131, 20.751117902477649 ], [ 80.516534026046131, 20.796119173707794 ], [ 80.471537233983682, 20.796119162508308 ], [ 80.471537233983682, 20.751117902673236 ] ] ] } },
{ "type": "Feature", "properties": { "REGION": 1.0, "STATE.NAME": "Maharashtra", "DISTRICT.NAME": "Gadchiroli", "DISTRICT.AREA": 14527.292838, "GRID_G0": "201769", "woodland": 0.93976361900116112, "maskWdl": 1.0, "cropland": 0.0080335043345759992, "maskCrp": 0.0, "one": 0.045798295935955566, "maskOne": 0.0, "GRID.AREA": 0.58033035598985805, "REGION.AREA": 32202.066020262951 }, "geometry": { "type": "Polygon", "coordinates": [ [ [ 80.280129873653195, 20.706117784831417 ], [ 80.291536732472025, 20.706116685556577 ], [ 80.291536732472025, 20.71161806389124 ], [ 80.291065884483046, 20.711387302182292 ], [ 80.290473837397712, 20.711129821783913 ], [ 80.290190033843032, 20.711113446028779 ], [ 80.289057533778191, 20.710944559643739 ], [ 80.288478944148039, 20.710849099306529 ], [ 80.287902572245983, 20.710649889580793 ], [ 80.28759384757808, 20.710589134980641 ], [ 80.286888103703063, 20.710591035248115 ], [ 80.286286967169872, 20.710554654973407 ], [ 80.285694146667595, 20.710657963694132 ], [ 80.284725148746702, 20.710697326120737 ], [ 80.28432820148538, 20.710566280509511 ], [ 80.283811621009534, 20.710257587317869 ], [ 80.283333836387499, 20.710353678979175 ], [ 80.282738386267567, 20.710483495217204 ], [ 80.282459782592937, 20.710544232730228 ], [ 80.28123081674886, 20.710742619576308 ], [ 80.280784508398426, 20.708813701491184 ], [ 80.280654588738344, 20.708300467392689 ], [ 80.28052207363487, 20.707714761427159 ], [ 80.280129873653195, 20.706117784831417 ] ] ] } },
{ "type": "Feature", "properties": { "REGION": 1.0, "STATE.NAME": "Maharashtra", "DISTRICT.NAME": "Gadchiroli", "DISTRICT.AREA": 14527.292838, "GRID_G0": "201770", "woodland": 0.99257006352886845, "maskWdl": 1.0, "cropland": 0.00041851162200795577, "maskCrp": 0.0, "one": 0.0069516374745510062, "maskOne": 0.0, "GRID.AREA": 15.61890357512511, "REGION.AREA": 32202.066020262951 }, "geometry": { "type": "Polygon", "coordinates": [ [ [ 80.291536732472025, 20.71161806389124 ], [ 80.291536732472025, 20.706116685556577 ], [ 80.336533542262686, 20.706116689066516 ], [ 80.336533542262686, 20.751117894683851 ], [ 80.31977317189039, 20.751119258647666 ], [ 80.31954706294664, 20.750847196440986 ], [ 80.319266538320164, 20.750509657494774 ], [ 80.319211998934634, 20.750444033965039 ], [ 80.31871320704893, 20.749905290596754 ], [ 80.317904918876934, 20.74903232588116 ], [ 80.317217433937458, 20.74823602297414 ], [ 80.315970777529401, 20.746198665536042 ], [ 80.315456065844842, 20.745394001631894 ], [ 80.314990347426658, 20.744628801777822 ], [ 80.314627483571542, 20.744330332079191 ], [ 80.314069476725024, 20.743522060994394 ], [ 80.313618117781971, 20.742945920218119 ], [ 80.313108659936745, 20.742353080830068 ], [ 80.312522133789514, 20.741942277713978 ], [ 80.312079359774728, 20.741519247415393 ], [ 80.311830520062529, 20.741362388563459 ], [ 80.311393945973862, 20.741187230306483 ], [ 80.311357298600512, 20.740872426221532 ], [ 80.311308380877108, 20.740404258949468 ], [ 80.311266460778597, 20.739927645244681 ], [ 80.31103925245958, 20.737939808075737 ], [ 80.310805058206938, 20.737020708139198 ], [ 80.309747199173955, 20.735231673303133 ], [ 80.30905477515779, 20.73422801371191 ], [ 80.308452361587285, 20.733371128874523 ], [ 80.307651818376769, 20.732270735506063 ], [ 80.307858581508412, 20.731896444865072 ], [ 80.308194806545146, 20.731127003808236 ], [ 80.308622115818025, 20.730161702100929 ], [ 80.308851842238766, 20.729358587728711 ], [ 80.30889368589493, 20.728726419188945 ], [ 80.308767334744743, 20.728278292409303 ], [ 80.308569456914938, 20.72785439156695 ], [ 80.308343450989526, 20.727453618589664 ], [ 80.307198299262154, 20.726207484687734 ], [ 80.30658184187854, 20.72555384393479 ], [ 80.306215649632577, 20.725120030764856 ], [ 80.30529546151638, 20.723648006949986 ], [ 80.304722684204592, 20.722822081274103 ], [ 80.304355990136912, 20.722171912803564 ], [ 80.304168569623869, 20.721585400146125 ], [ 80.303923450406955, 20.72041849291918 ], [ 80.303916270219773, 20.719936196398407 ], [ 80.303413492538709, 20.719027597845411 ], [ 80.302823728832095, 20.718098233946364 ], [ 80.302369250140828, 20.717779151786488 ], [ 80.302232772624393, 20.71750265612275 ], [ 80.302186351419039, 20.717183510110942 ], [ 80.301963049754988, 20.716696998467743 ], [ 80.301247272143939, 20.715333135216046 ], [ 80.300695140568337, 20.714177558547533 ], [ 80.300179489991535, 20.713399169236311 ], [ 80.300179465709846, 20.713399132364149 ], [ 80.300041617626619, 20.71319107600738 ], [ 80.299959941198395, 20.712994508489828 ], [ 80.299855302380365, 20.712455762423534 ], [ 80.299481423628833, 20.711512691057923 ], [ 80.298464161791685, 20.711738021592453 ], [ 80.297266093055782, 20.712021460921733 ], [ 80.297202602718016, 20.712029059293688 ], [ 80.296849594533228, 20.712071304946789 ], [ 80.296325749333903, 20.712245153790889 ], [ 80.295570979816944, 20.712401519814364 ], [ 80.295197358271537, 20.712436927022623 ], [ 80.294500117486507, 20.71239810149126 ], [ 80.293112630843268, 20.712212361811112 ], [ 80.292319994472223, 20.711999885286502 ], [ 80.291717306608462, 20.711706562407983 ], [ 80.291536732472025, 20.71161806389124 ] ] ] } },
{ "type": "Feature", "properties": { "REGION": 1.0, "STATE.NAME": "Maharashtra", "DISTRICT.NAME": "Gadchiroli", "DISTRICT.AREA": 14527.292838, "GRID_G0": "201771", "woodland": 0.93440076444123898, "maskWdl": 1.0, "cropland": 0.014056603277283555, "maskCrp": 0.0, "one": 0.05131546161796207, "maskOne": 0.0, "GRID.AREA": 23.418324263295144, "REGION.AREA": 32202.066020262951 }, "geometry": { "type": "Polygon", "coordinates": [ [ [ 80.336533542262686, 20.706116689066516 ], [ 80.381534753204193, 20.706116633557571 ], [ 80.381534753204193, 20.751117916601412 ], [ 80.336533542262686, 20.751117894683851 ], [ 80.336533542262686, 20.706116689066516 ] ] ] } },
{ "type": "Feature", "properties": { "REGION": 1.0, "STATE.NAME": "Maharashtra", "DISTRICT.NAME": "Gadchiroli", "DISTRICT.AREA": 14527.292838, "GRID_G0": "201772", "woodland": 0.95087825785970392, "maskWdl": 1.0, "cropland": 0.015931850848705943, "maskCrp": 0.0, "one": 0.033169964173033542, "maskOne": 0.0, "GRID.AREA": 23.41835169840919, "REGION.AREA": 32202.066020262951 }, "geometry": { "type": "Polygon", "coordinates": [ [ [ 80.381534753204193, 20.706116633557571 ], [ 80.426535995054564, 20.706116638422792 ], [ 80.426535995054564, 20.751117887653773 ], [ 80.381534753204193, 20.751117916601412 ], [ 80.381534753204193, 20.706116633557571 ] ] ] } },
{ "type": "Feature", "properties": { "REGION": 1.0, "STATE.NAME": "Maharashtra", "DISTRICT.NAME": "Gadchiroli", "DISTRICT.AREA": 14527.292838, "GRID_G0": "201773", "woodland": 0.51997386695811676, "maskWdl": 1.0, "cropland": 0.30335269579622159, "maskCrp": 0.0, "one": 0.16980747384608449, "maskOne": 0.0, "GRID.AREA": 23.418350478558487, "REGION.AREA": 32202.066020262951 }, "geometry": { "type": "Polygon", "coordinates": [ [ [ 80.426535995054564, 20.706116638422792 ], [ 80.471537233983682, 20.706116618479363 ], [ 80.471537233983682, 20.751117902673236 ], [ 80.426535995054564, 20.751117887653773 ], [ 80.426535995054564, 20.706116638422792 ] ] ] } },
{ "type": "Feature", "properties": { "REGION": 1.0, "STATE.NAME": "Maharashtra", "DISTRICT.NAME": "Gadchiroli", "DISTRICT.AREA": 14527.292838, "GRID_G0": "201774", "woodland": 0.44166634431229473, "maskWdl": 1.0, "cropland": 0.39119292382031801, "maskCrp": 0.0, "one": 0.15615973766193372, "maskOne": 0.0, "GRID.AREA": 23.416025492695667, "REGION.AREA": 32202.066020262951 }, "geometry": { "type": "Polygon", "coordinates": [ [ [ 80.471537233983682, 20.706116618479363 ], [ 80.516534026046131, 20.706116694998556 ], [ 80.516534026046131, 20.751117902477649 ], [ 80.471537233983682, 20.751117902673236 ], [ 80.471537233983682, 20.706116618479363 ] ] ] } },
{ "type": "Feature", "properties": { "REGION": 1.0, "STATE.NAME": "Maharashtra", "DISTRICT.NAME": "Gadchiroli", "DISTRICT.AREA": 14527.292838, "GRID_G0": "201775", "woodland": 0.53289520534284374, "maskWdl": 1.0, "cropland": 0.33831293101800491, "maskCrp": 0.0, "one": 0.12344338285558912, "maskOne": 0.0, "GRID.AREA": 23.304475220121706, "REGION.AREA": 32202.066020262951 }, "geometry": { "type": "Polygon", "coordinates": [ [ [ 80.558990506570183, 20.751118250764705 ], [ 80.516534026046131, 20.751117902477649 ], [ 80.516534026046131, 20.706116694998556 ], [ 80.561535328445359, 20.706116650485512 ], [ 80.561535328445359, 20.722285587817726 ], [ 80.561286063700948, 20.722385945155281 ], [ 80.561103561580182, 20.722525870672428 ], [ 80.561069473677335, 20.72260595709929 ], [ 80.561145671435668, 20.723091526252972 ], [ 80.561145711005793, 20.723285590957289 ], [ 80.561132047605952, 20.723342651142499 ], [ 80.561132026022236, 20.723429087682291 ], [ 80.56109840486755, 20.7235690968364 ], [ 80.561016703258304, 20.723736144107814 ], [ 80.560896624879376, 20.723889630502072 ], [ 80.560694960903788, 20.724052159579571 ], [ 80.560402019337801, 20.724313987300718 ], [ 80.560349183268272, 20.724417836514025 ], [ 80.560340797989511, 20.724482392548452 ], [ 80.560353432564909, 20.724662450311882 ], [ 80.560420612821076, 20.725059800469467 ], [ 80.560425448475712, 20.725186154317612 ], [ 80.560407377498507, 20.725227984483919 ], [ 80.560411206811807, 20.725330127683321 ], [ 80.560348765083518, 20.72547466132659 ], [ 80.560286287382326, 20.725587556820354 ], [ 80.56007976077241, 20.725826807061537 ], [ 80.560027336592384, 20.726007273117204 ], [ 80.560022056672608, 20.726080079532096 ], [ 80.560050862857111, 20.726210942580963 ], [ 80.560127683845565, 20.726391476985096 ], [ 80.560238044150481, 20.72650437607615 ], [ 80.560554820448658, 20.726811396528774 ], [ 80.560770852892645, 20.727014495822402 ], [ 80.560799669868913, 20.727055132588362 ], [ 80.560818884783771, 20.727113925767128 ], [ 80.56082847245608, 20.727231245925282 ], [ 80.56080781862596, 20.727305492154812 ], [ 80.560813529320967, 20.727376151887938 ], [ 80.560784743820946, 20.727480002899881 ], [ 80.560736653473839, 20.727574821121156 ], [ 80.5606358565596, 20.727665146329517 ], [ 80.560448581736694, 20.727786966695191 ], [ 80.560155640170706, 20.727958482697886 ], [ 80.560073982628239, 20.728066851903748 ], [ 80.560045811365171, 20.728146210779073 ], [ 80.560045832049582, 20.728165770134243 ], [ 80.5600553999368, 20.728278587386971 ], [ 80.560117814685441, 20.728450068316022 ], [ 80.560285684836515, 20.728730053349352 ], [ 80.560292271471212, 20.728738767779987 ], [ 80.560520967268872, 20.729046025653588 ], [ 80.560770544425168, 20.729366542232185 ], [ 80.560981695349028, 20.729777428085871 ], [ 80.561274006490237, 20.730469174912514 ], [ 80.561279241443913, 20.730481756427995 ], [ 80.561476115630285, 20.730937671336505 ], [ 80.561535328445359, 20.731023149813975 ], [ 80.561535328445359, 20.749065095012341 ], [ 80.561212405628055, 20.749347525667815 ], [ 80.560482385453781, 20.749916249735179 ], [ 80.560046051484164, 20.750524986439018 ], [ 80.559930439138498, 20.750769969858251 ], [ 80.558990506570183, 20.751118250764705 ] ] ] } },
{ "type": "Feature", "properties": { "REGION": 1.0, "STATE.NAME": "Maharashtra", "DISTRICT.NAME": "Gadchiroli", "DISTRICT.AREA": 14527.292838, "GRID_G0": "201115", "woodland": 0.79155814750849041, "maskWdl": 1.0, "cropland": 0.061873900157128237, "maskCrp": 0.0, "one": 0.13605229399854607, "maskOne": 0.0, "GRID.AREA": 18.16996918303462, "REGION.AREA": 32202.066020262951 }, "geometry": { "type": "Polygon", "coordinates": [ [ [ 80.072432432147593, 20.706117330819833 ], [ 80.066534923665401, 20.706116664382307 ], [ 80.066534923665401, 20.661115455374933 ], [ 80.111536188429895, 20.661115434632784 ], [ 80.111536188429895, 20.695330439390499 ], [ 80.110707541519901, 20.69526229421956 ], [ 80.109189201720312, 20.694802441179775 ], [ 80.108091533297682, 20.694464684597566 ], [ 80.107644192525527, 20.694225972150946 ], [ 80.105422319384616, 20.692234078140245 ], [ 80.104252527132473, 20.691491860461042 ], [ 80.103507907364076, 20.691268331268532 ], [ 80.102401477746071, 20.69116966304955 ], [ 80.101613621271667, 20.691145545030906 ], [ 80.100586479482502, 20.690950517152711 ], [ 80.098418949674851, 20.690846817226884 ], [ 80.095582179474036, 20.691068347226519 ], [ 80.09356576544775, 20.691263569358288 ], [ 80.092857552933765, 20.691363975067421 ], [ 80.09174849010077, 20.69196880151901 ], [ 80.090728186756451, 20.692468076340674 ], [ 80.089957996564351, 20.692989178607778 ], [ 80.089383695800962, 20.693271774372935 ], [ 80.088215489952972, 20.693611644361962 ], [ 80.08635867231493, 20.694470978053232 ], [ 80.08463253606277, 20.6953772131879 ], [ 80.083780865494589, 20.695706112347235 ], [ 80.083285135800452, 20.695856203800819 ], [ 80.081781769712961, 20.696234650208968 ], [ 80.081010763835764, 20.696313697918864 ], [ 80.080034664867924, 20.69665864458085 ], [ 80.079050688738334, 20.697075876050917 ], [ 80.077632308584214, 20.698413123866597 ], [ 80.076692454093518, 20.699276010779329 ], [ 80.076046828098697, 20.70020477932718 ], [ 80.07487065785466, 20.701839132569944 ], [ 80.074200575696068, 20.702948906766665 ], [ 80.073329654240183, 20.704301763215827 ], [ 80.072945696786519, 20.705328991339911 ], [ 80.072699993909623, 20.705911285277637 ], [ 80.072432432147593, 20.706117330819833 ] ] ] } },
{ "type": "Feature", "properties": { "REGION": 1.0, "STATE.NAME": "Maharashtra", "DISTRICT.NAME": "Gadchiroli", "DISTRICT.AREA": 14527.292838, "GRID_G0": "201116", "woodland": 0.82634458841873937, "maskWdl": 1.0, "cropland": 0.086539625536390635, "maskCrp": 0.0, "one": 0.078636876642497924, "maskOne": 0.0, "GRID.AREA": 15.299223555003076, "REGION.AREA": 32202.066020262951 }, "geometry": { "type": "Polygon", "coordinates": [ [ [ 80.111536188429895, 20.695330439390499 ], [ 80.111536188429895, 20.661115434632784 ], [ 80.156537424750198, 20.661115451129575 ], [ 80.156537424750198, 20.69353429562268 ], [ 80.156422387882969, 20.693529189120852 ], [ 80.156127618894573, 20.693449665669565 ], [ 80.155901126435879, 20.693418445704765 ], [ 80.155752372274208, 20.69341712729863 ], [ 80.155570514967337, 20.693443434267124 ], [ 80.155480149289531, 20.693476912429617 ], [ 80.155413937603214, 20.693523425365811 ], [ 80.15537737296745, 20.693596395457348 ], [ 80.155355385442761, 20.693682501945947 ], [ 80.155302913598632, 20.693692580648136 ], [ 80.15518922490287, 20.693758181694761 ], [ 80.155082278424459, 20.693904800865941 ], [ 80.154987576215717, 20.694159287421201 ], [ 80.154971397412112, 20.694281439636768 ], [ 80.154967947612761, 20.694340029568764 ], [ 80.154836600728572, 20.694266127779603 ], [ 80.154684150353319, 20.694116096580615 ], [ 80.15461372804117, 20.693986765976547 ], [ 80.15456193338656, 20.693825594875364 ], [ 80.154560765167219, 20.693577643693342 ], [ 80.154608195411924, 20.693351072993664 ], [ 80.154789360240841, 20.692900875974711 ], [ 80.154948942239969, 20.692550214121127 ], [ 80.155032313890217, 20.692219218642094 ], [ 80.155031142972916, 20.691971269258712 ], [ 80.154973088137581, 20.691553139365961 ], [ 80.154896640367724, 20.691369921384823 ], [ 80.154817144795459, 20.691254304542557 ], [ 80.154606516377669, 20.691078398049683 ], [ 80.154407108801081, 20.690969802214628 ], [ 80.154232985663839, 20.690919395213999 ], [ 80.154088407953736, 20.690895355436339 ], [ 80.153838795723914, 20.690896253859076 ], [ 80.153409071771307, 20.6909909596651 ], [ 80.153332561948218, 20.691006121335473 ], [ 80.153227012116986, 20.69100834356027 ], [ 80.153101384921058, 20.69097490227 ], [ 80.153003976652258, 20.690918346604462 ], [ 80.152789277003592, 20.6907695726577 ], [ 80.152614331885971, 20.690683112735538 ], [ 80.152436444186606, 20.690673267857051 ], [ 80.152278942319413, 20.690712791262342 ], [ 80.152050847268868, 20.690812256280651 ], [ 80.151867276753478, 20.690960514016581 ], [ 80.151664967064633, 20.691131505714452 ], [ 80.15153171721505, 20.691184062094862 ], [ 80.15138817012803, 20.691205082848342 ], [ 80.151243588820648, 20.691176533870024 ], [ 80.15112805471604, 20.691165428142028 ], [ 80.151040325850431, 20.691113185625056 ], [ 80.150951770507845, 20.691020383683792 ], [ 80.150834286673046, 20.690928163603928 ], [ 80.150358661323196, 20.690712692336945 ], [ 80.149948569570881, 20.690626739632364 ], [ 80.149718725338971, 20.690649592304911 ], [ 80.149390176015856, 20.690764788264403 ], [ 80.14922298665158, 20.690795395790929 ], [ 80.148876715288225, 20.690969561196368 ], [ 80.148562633358893, 20.691088880547458 ], [ 80.148380569207973, 20.691101749845927 ], [ 80.148058104697839, 20.69106794612884 ], [ 80.147549610925878, 20.69108325169077 ], [ 80.147354102809629, 20.691136968196584 ], [ 80.147021069466874, 20.691265776294586 ], [ 80.146862948866044, 20.691278161757797 ], [ 80.146632182829023, 20.691264957911528 ], [ 80.146452858013049, 20.691192107429856 ], [ 80.146206396108369, 20.691125207762184 ], [ 80.145673750143501, 20.691131885228344 ], [ 80.145016278278661, 20.69094278298309 ], [ 80.144756473132773, 20.690916728724115 ], [ 80.144610874692148, 20.690852212259813 ], [ 80.144517843423785, 20.690773024255691 ], [ 80.144090657358007, 20.690782076831454 ], [ 80.143744862635344, 20.690771186041445 ], [ 80.14357309841985, 20.690820002141439 ], [ 80.143240570496005, 20.690966828156661 ], [ 80.142750126117505, 20.691134951916524 ], [ 80.142478103681583, 20.691199312798119 ], [ 80.142262827567492, 20.691230968934121 ], [ 80.142013316961084, 20.691236169713537 ], [ 80.141854583921941, 20.691225925536063 ], [ 80.141739253064145, 20.691219411746488 ], [ 80.141604967195519, 20.691222296771627 ], [ 80.141502984075487, 20.691179257916474 ], [ 80.141297363082913, 20.691007744611795 ], [ 80.141237757816327, 20.690927877619515 ], [ 80.141207286986742, 20.690856351839216 ], [ 80.141146325542536, 20.690514924224427 ], [ 80.14114866018258, 20.690411179332497 ], [ 80.141141213796061, 20.690303029561221 ], [ 80.141067157323505, 20.689411725870517 ], [ 80.140815220346212, 20.688510655542359 ], [ 80.140157533543402, 20.686901057937515 ], [ 80.139393297762524, 20.685253115938622 ], [ 80.13886502789876, 20.684844889380198 ], [ 80.137789282249628, 20.684624042865323 ], [ 80.137404486627815, 20.684591560252329 ], [ 80.136515015755435, 20.684935045515999 ], [ 80.135362886188318, 20.6851351033024 ], [ 80.134594726665355, 20.685133305557656 ], [ 80.134069568455857, 20.685658369338345 ], [ 80.134132432865556, 20.685873520446648 ], [ 80.134243800411127, 20.686119256598491 ], [ 80.134295970083031, 20.686293953503192 ], [ 80.134293741562999, 20.68660067448161 ], [ 80.134249127994906, 20.686745933877773 ], [ 80.134026136596958, 20.687255737062685 ], [ 80.133995476909774, 20.687382590933851 ], [ 80.133995994019983, 20.687603593930763 ], [ 80.134066408238198, 20.687940324386489 ], [ 80.134148431804761, 20.688159508054923 ], [ 80.134202235544819, 20.688401985063592 ], [ 80.13419236188804, 20.68859154506379 ], [ 80.134151512882056, 20.688691644104154 ], [ 80.134099860320362, 20.688737766734619 ], [ 80.133996254823387, 20.688825689853733 ], [ 80.133840176582964, 20.688923683581212 ], [ 80.133672183224746, 20.689125614655435 ], [ 80.133567251227703, 20.68935324115921 ], [ 80.133529662264152, 20.689390062101722 ], [ 80.1333879452975, 20.68948335237485 ], [ 80.133292484960293, 20.689507810337204 ], [ 80.133206391961494, 20.689518646268542 ], [ 80.133110629452062, 20.689534274687105 ], [ 80.132986743343565, 20.689572917656051 ], [ 80.132788381678552, 20.689707827654164 ], [ 80.132609388712353, 20.690054344532427 ], [ 80.132524532281423, 20.690322236382144 ], [ 80.132461061728691, 20.690476893693756 ], [ 80.132386489944622, 20.690573158924167 ], [ 80.132288074435181, 20.690674412694026 ], [ 80.127671370537371, 20.690532516762289 ], [ 80.126479859657877, 20.690494337843461 ], [ 80.125569227737742, 20.690756936283606 ], [ 80.12465279339176, 20.690776270808328 ], [ 80.124170791848599, 20.690696194273986 ], [ 80.120918485399841, 20.689190519626834 ], [ 80.120193459160873, 20.689787521976601 ], [ 80.118297286290783, 20.691811439046717 ], [ 80.117461371844911, 20.692595584019049 ], [ 80.116055136135685, 20.694023036533963 ], [ 80.115390999395174, 20.694564513841275 ], [ 80.114561807381563, 20.695023800308206 ], [ 80.113668660080634, 20.695222852652588 ], [ 80.112778669400143, 20.695345288154556 ], [ 80.111712939500592, 20.695344974291178 ], [ 80.111536188429895, 20.695330439390499 ] ] ] } },
{ "type": "Feature", "properties": { "REGION": 1.0, "STATE.NAME": "Maharashtra", "DISTRICT.NAME": "Gadchiroli", "DISTRICT.AREA": 14527.292838, "GRID_G0": "201118", "woodland": 0.46288923223317813, "maskWdl": 1.0, "cropland": 0.43120490377140325, "maskCrp": 0.0, "one": 0.092414245022259311, "maskOne": 0.0, "GRID.AREA": 0.76782251485014585, "REGION.AREA": 32202.066020262951 }, "geometry": { "type": "Polygon", "coordinates": [ [ [ 80.201534259565875, 20.666909055581513 ], [ 80.201534259565875, 20.66111544239897 ], [ 80.221199369187445, 20.661116850502548 ], [ 80.221052518359102, 20.661161322437124 ], [ 80.218556195512065, 20.662721063426375 ], [ 80.218216998215951, 20.66317477229796 ], [ 80.218160190740264, 20.663212104055393 ], [ 80.218132934987011, 20.663275784150191 ], [ 80.218048338460108, 20.663349756985728 ], [ 80.217981422604623, 20.66336024667811 ], [ 80.2179675847363, 20.663383074169587 ], [ 80.21770544764837, 20.663460889808277 ], [ 80.217052823129336, 20.663465878347665 ], [ 80.216782437459585, 20.663399500286744 ], [ 80.216664931141736, 20.663307332367534 ], [ 80.216571981711638, 20.663232696731598 ], [ 80.216434589584708, 20.663109380793344 ], [ 80.216309078401309, 20.663080590796657 ], [ 80.216073461421161, 20.663063088190995 ], [ 80.215651150580186, 20.663067648653112 ], [ 80.21531926657093, 20.663038601450349 ], [ 80.215067719000103, 20.662958397212325 ], [ 80.214884445261021, 20.66292177951658 ], [ 80.214436838289487, 20.662872754773844 ], [ 80.214136188634257, 20.662942341615807 ], [ 80.213882077995549, 20.66315073521832 ], [ 80.213532855057281, 20.663397153955543 ], [ 80.213302971255189, 20.663420102855522 ], [ 80.212812579936667, 20.663381158613618 ], [ 80.212663662098407, 20.663379805133957 ], [ 80.212534509560044, 20.663396174593856 ], [ 80.212482270640351, 20.663419791690103 ], [ 80.212444807581846, 20.663456631518386 ], [ 80.21233669558211, 20.663553626998354 ], [ 80.212261775760396, 20.663631903989256 ], [ 80.212136493904154, 20.663805992052918 ], [ 80.212054824670474, 20.664001631470171 ], [ 80.211916855178814, 20.664248117656541 ], [ 80.211908433927135, 20.664297882541291 ], [ 80.211476371737206, 20.66468595169539 ], [ 80.21129106103372, 20.664964967259493 ], [ 80.211047664917885, 20.665218128214118 ], [ 80.210919665310371, 20.665284064707862 ], [ 80.210627018722008, 20.665290360861494 ], [ 80.210306272816297, 20.665324377717923 ], [ 80.210268185628308, 20.665338593301499 ], [ 80.209930084605787, 20.665643479662894 ], [ 80.209783043652578, 20.665718823065276 ], [ 80.209611540240488, 20.665772127681578 ], [ 80.20944824853791, 20.665766653508285 ], [ 80.209255405112913, 20.665734639442121 ], [ 80.209082118345123, 20.665711335309936 ], [ 80.208962127200493, 20.665713892981842 ], [ 80.208871058252782, 20.66571585889983 ], [ 80.208799253682685, 20.665726352189438 ], [ 80.208717874930016, 20.665737224992995 ], [ 80.20867978054747, 20.665747026703972 ], [ 80.208498700254907, 20.665800434742323 ], [ 80.208361541052341, 20.665884591500742 ], [ 80.208137796022527, 20.665961510515334 ], [ 80.208013218335395, 20.665968670917497 ], [ 80.207805906617352, 20.665932538855657 ], [ 80.207264617268322, 20.665781904211546 ], [ 80.20701868866162, 20.665733039548176 ], [ 80.206657870764161, 20.665700151340957 ], [ 80.206463368989318, 20.665665386248634 ], [ 80.206455445062772, 20.66566400938655 ], [ 80.206353978153629, 20.665639133239438 ], [ 80.20605060175393, 20.665595955888708 ], [ 80.205823830505437, 20.665551201127077 ], [ 80.205502978479728, 20.66558060895801 ], [ 80.205350624331913, 20.665633515174648 ], [ 80.205081091219427, 20.665801630840637 ], [ 80.204977230314967, 20.665871485680558 ], [ 80.2048924152528, 20.66593643831601 ], [ 80.204793759624351, 20.666024218442999 ], [ 80.204447103351185, 20.666175976340298 ], [ 80.204242400566386, 20.666247988653822 ], [ 80.204090666051457, 20.666323332056152 ], [ 80.203931651524556, 20.666493689732022 ], [ 80.2037464262566, 20.666777110175531 ], [ 80.203619985174214, 20.666906129614233 ], [ 80.203473455035976, 20.666999490034474 ], [ 80.20330745997137, 20.667079634017966 ], [ 80.203135331530405, 20.667110400724482 ], [ 80.20299150295557, 20.66711795233169 ], [ 80.202640878873524, 20.667107480625759 ], [ 80.20219772894211, 20.667040294074354 ], [ 80.201534259565875, 20.666909055581513 ] ] ] } },
{ "type": "Feature", "properties": { "REGION": 1.0, "STATE.NAME": "Maharashtra", "DISTRICT.NAME": "Gadchiroli", "DISTRICT.AREA": 14527.292838, "GRID_G0": "201119", "woodland": 0.41992737900413069, "maskWdl": 1.0, "cropland": 0.43449446661646468, "maskCrp": 0.0, "one": 0.13591590398008574, "maskOne": 0.0, "GRID.AREA": 13.134730292003129, "REGION.AREA": 32202.066020262951 }, "geometry": { "type": "Polygon", "coordinates": [ [ [ 80.250040152663573, 20.661115798377992 ], [ 80.291536732472025, 20.661115374472903 ], [ 80.291536732472025, 20.706116685556577 ], [ 80.280129873653195, 20.706117784831417 ], [ 80.280030870228529, 20.705714653008897 ], [ 80.279882121462776, 20.704937955322404 ], [ 80.279543807300911, 20.703493530801836 ], [ 80.279080776057015, 20.702047407461919 ], [ 80.278605679508587, 20.700109997078755 ], [ 80.278417820126379, 20.699505452114973 ], [ 80.27793402983167, 20.697608895234396 ], [ 80.27770869749844, 20.696842828433827 ], [ 80.277289950670777, 20.695053022878767 ], [ 80.277026631873639, 20.694111912934488 ], [ 80.276733861178798, 20.692830072350034 ], [ 80.276622902824784, 20.692344249587507 ], [ 80.276325435870206, 20.691380286071425 ], [ 80.276325394501384, 20.691380137683268 ], [ 80.276320221600997, 20.691363483138275 ], [ 80.2761179955491, 20.69056086159452 ], [ 80.275765835425034, 20.68932864739924 ], [ 80.275540516581657, 20.688368708349291 ], [ 80.275209620927342, 20.68682946021147 ], [ 80.274907700530036, 20.685686367931563 ], [ 80.274492979967135, 20.6842480740894 ], [ 80.274142040223012, 20.683448669420613 ], [ 80.273755257998801, 20.68256444249505 ], [ 80.273410586529394, 20.681435776240107 ], [ 80.272990491617975, 20.680362886837827 ], [ 80.272757271331045, 20.68005686822994 ], [ 80.272256362441226, 20.679598940638641 ], [ 80.272019569147858, 20.679457368462806 ], [ 80.271739833226775, 20.679290214172113 ], [ 80.271244267209227, 20.679053091726871 ], [ 80.270444422771959, 20.678736962041231 ], [ 80.269682044091098, 20.678582350595036 ], [ 80.269673682194707, 20.678581707579784 ], [ 80.268633582074187, 20.678501639139373 ], [ 80.266406022519959, 20.678302531936367 ], [ 80.265487364150601, 20.678232512520481 ], [ 80.26506362788416, 20.678183136142881 ], [ 80.264546151683589, 20.678221478738298 ], [ 80.263859094821441, 20.678196015333867 ], [ 80.261936250757401, 20.678093792994218 ], [ 80.261168769323319, 20.678119592745077 ], [ 80.260568096840245, 20.678092214684 ], [ 80.260006789481793, 20.678104498523854 ], [ 80.259074517175307, 20.678066284531436 ], [ 80.258007355555094, 20.678013029377833 ], [ 80.257203263619772, 20.678107202785217 ], [ 80.25678760056735, 20.678188385485672 ], [ 80.256236492420271, 20.678421455585752 ], [ 80.255509205285662, 20.678716901763664 ], [ 80.254948522955999, 20.678954582687879 ], [ 80.254746595479048, 20.678941037099207 ], [ 80.254446596033631, 20.678848288217978 ], [ 80.25444619043941, 20.678848105655618 ], [ 80.253626468286939, 20.6784829898981 ], [ 80.253039659752574, 20.678243387122677 ], [ 80.253037513070808, 20.678243016601982 ], [ 80.252784121889761, 20.678199303255269 ], [ 80.252463463218305, 20.678237917445983 ], [ 80.252283020545008, 20.678318509291842 ], [ 80.25193489208165, 20.678610175619156 ], [ 80.251708797123342, 20.678786399572747 ], [ 80.251297577621187, 20.67904791073255 ], [ 80.250980214965011, 20.679023333160327 ], [ 80.250976496268322, 20.679020485007413 ], [ 80.250971902531319, 20.679020127976571 ], [ 80.2507371183234, 20.678840259970055 ], [ 80.25017088807607, 20.678266394478555 ], [ 80.250049194514759, 20.678026428376995 ], [ 80.249777351043988, 20.677490367686342 ], [ 80.249473643693761, 20.676709355952084 ], [ 80.249387888840033, 20.676488827797243 ], [ 80.249026278639917, 20.675639999986064 ], [ 80.248987052010875, 20.675410878809032 ], [ 80.249109376896286, 20.674722749055661 ], [ 80.249233319662039, 20.673908526257549 ], [ 80.249347285349018, 20.672882425883301 ], [ 80.249495764318112, 20.671503936057832 ], [ 80.249608214647424, 20.670608618692825 ], [ 80.249713316616351, 20.669808317400001 ], [ 80.24967846339041, 20.668582527961348 ], [ 80.249688901821401, 20.667639926941153 ], [ 80.249691943328571, 20.667179988465762 ], [ 80.249720083115392, 20.666764520566236 ], [ 80.249813098196, 20.666446891710731 ], [ 80.249991409476024, 20.666280685305424 ], [ 80.250429914409096, 20.666153867407104 ], [ 80.25128352481488, 20.665927949615252 ], [ 80.251880876101609, 20.665626398839265 ], [ 80.25193318876569, 20.66482269271313 ], [ 80.251979516441565, 20.664366270586981 ], [ 80.251796487318074, 20.663950880928439 ], [ 80.251482826271456, 20.663488713933077 ], [ 80.251405817324667, 20.663366467288707 ], [ 80.251405790345018, 20.663366434013767 ], [ 80.251003752920894, 20.662777221591565 ], [ 80.250638951026815, 20.662189971490022 ], [ 80.250040152663573, 20.661115798377992 ] ] ] } },
{ "type": "Feature", "properties": { "REGION": 1.0, "STATE.NAME": "Maharashtra", "DISTRICT.NAME": "Gadchiroli", "DISTRICT.AREA": 14527.292838, "GRID_G0": "201120", "woodland": 0.57886451748233247, "maskWdl": 1.0, "cropland": 0.26907136370975698, "maskCrp": 0.0, "one": 0.14813905978060157, "maskOne": 0.0, "GRID.AREA": 23.423000733469717, "REGION.AREA": 32202.066020262951 }, "geometry": { "type": "Polygon", "coordinates": [ [ [ 80.291536732472025, 20.661115374472903 ], [ 80.336533542262686, 20.661115457751333 ], [ 80.336533542262686, 20.706116689066516 ], [ 80.291536732472025, 20.706116685556577 ], [ 80.291536732472025, 20.661115374472903 ] ] ] } },
{ "type": "Feature", "properties": { "REGION": 1.0, "STATE.NAME": "Maharashtra", "DISTRICT.NAME": "Gadchiroli", "DISTRICT.AREA": 14527.292838, "GRID_G0": "201121", "woodland": 0.88602764161118053, "maskWdl": 1.0, "cropland": 0.061176552714921201, "maskCrp": 0.0, "one": 0.052194152698090857, "maskOne": 0.0, "GRID.AREA": 23.425268219100282, "REGION.AREA": 32202.066020262951 }, "geometry": { "type": "Polygon", "coordinates": [ [ [ 80.336533542262686, 20.661115457751333 ], [ 80.381534753204193, 20.661115412861257 ], [ 80.381534753204193, 20.706116633557571 ], [ 80.336533542262686, 20.706116689066516 ], [ 80.336533542262686, 20.661115457751333 ] ] ] } },
{ "type": "Feature", "properties": { "REGION": 1.0, "STATE.NAME": "Maharashtra", "DISTRICT.NAME": "Gadchiroli", "DISTRICT.AREA": 14527.292838, "GRID_G0": "201122", "woodland": 0.99634596909284279, "maskWdl": 1.0, "cropland": 0.00012351725602606625, "maskCrp": 0.0, "one": 0.0034348873884012627, "maskOne": 0.0, "GRID.AREA": 23.425273252201301, "REGION.AREA": 32202.066020262951 }, "geometry": { "type": "Polygon", "coordinates": [ [ [ 80.381534753204193, 20.661115412861257 ], [ 80.426535995054564, 20.661115449596323 ], [ 80.426535995054564, 20.706116638422792 ], [ 80.381534753204193, 20.706116633557571 ], [ 80.381534753204193, 20.661115412861257 ] ] ] } },
{ "type": "Feature", "properties": { "REGION": 1.0, "STATE.NAME": "Maharashtra", "DISTRICT.NAME": "Gadchiroli", "DISTRICT.AREA": 14527.292838, "GRID_G0": "201123", "woodland": 0.49771850199241996, "maskWdl": 1.0, "cropland": 0.35359784542666517, "maskCrp": 0.0, "one": 0.14148140495689951, "maskOne": 0.0, "GRID.AREA": 23.425273039755943, "REGION.AREA": 32202.066020262951 }, "geometry": { "type": "Polygon", "coordinates": [ [ [ 80.426535995054564, 20.661115449596323 ], [ 80.471537233983682, 20.661115392761982 ], [ 80.471537233983682, 20.706116618479363 ], [ 80.426535995054564, 20.706116638422792 ], [ 80.426535995054564, 20.661115449596323 ] ] ] } },
{ "type": "Feature", "properties": { "REGION": 1.0, "STATE.NAME": "Maharashtra", "DISTRICT.NAME": "Gadchiroli", "DISTRICT.AREA": 14527.292838, "GRID_G0": "201124", "woodland": 0.40005677104243931, "maskWdl": 1.0, "cropland": 0.3589281695088935, "maskCrp": 0.0, "one": 0.2370915065020652, "maskOne": 0.0, "GRID.AREA": 23.422971798921672, "REGION.AREA": 32202.066020262951 }, "geometry": { "type": "Polygon", "coordinates": [ [ [ 80.471537233983682, 20.661115392761982 ], [ 80.516534026046131, 20.661115454044669 ], [ 80.516534026046131, 20.706116694998556 ], [ 80.471537233983682, 20.706116618479363 ], [ 80.471537233983682, 20.661115392761982 ] ] ] } },
{ "type": "Feature", "properties": { "REGION": 1.0, "STATE.NAME": "Maharashtra", "DISTRICT.NAME": "Gadchiroli", "DISTRICT.AREA": 14527.292838, "GRID_G0": "201125", "woodland": 0.44200704804668767, "maskWdl": 1.0, "cropland": 0.36299340227590859, "maskCrp": 0.0, "one": 0.18805863689493746, "maskOne": 0.0, "GRID.AREA": 22.276528555377634, "REGION.AREA": 32202.066020262951 }, "geometry": { "type": "Polygon", "coordinates": [ [ [ 80.561535328445359, 20.671132929866534 ], [ 80.561535328445359, 20.706116650485512 ], [ 80.516534026046131, 20.706116694998556 ], [ 80.516534026046131, 20.661115454044669 ], [ 80.546777132620235, 20.661116713785933 ], [ 80.547596647367413, 20.661666388892797 ], [ 80.548042652646359, 20.662077513966153 ], [ 80.548704246104137, 20.662850022610485 ], [ 80.549480447364829, 20.664372112582949 ], [ 80.550621312023964, 20.665980233501042 ], [ 80.551541801413066, 20.667059875912571 ], [ 80.552472023265295, 20.667986075996676 ], [ 80.553239258285217, 20.668559894723384 ], [ 80.554289467684839, 20.669174417665317 ], [ 80.555421457834086, 20.669666957464184 ], [ 80.555984339006102, 20.669834463389805 ], [ 80.556547256151021, 20.670002008885664 ], [ 80.556970774781462, 20.670128055165662 ], [ 80.55697371016862, 20.670128847468387 ], [ 80.558261216482038, 20.670476195320195 ], [ 80.559469898117356, 20.670801675257167 ], [ 80.561494308015938, 20.671123027305896 ], [ 80.561535328445359, 20.671132929866534 ] ] ] } },
{ "type": "Feature", "properties": { "REGION": 1.0, "STATE.NAME": "Maharashtra", "DISTRICT.NAME": "Gadchiroli", "DISTRICT.AREA": 14527.292838, "GRID_G0": "201126", "woodland": 0.47377096289584242, "maskWdl": 1.0, "cropland": 0.29376907570120075, "maskCrp": 0.0, "one": 0.22584044809246118, "maskOne": 0.0, "GRID.AREA": 8.3674140855853523, "REGION.AREA": 32202.066020262951 }, "geometry": { "type": "Polygon", "coordinates": [ [ [ 80.570599770228796, 20.706117597707106 ], [ 80.561535328445359, 20.706116650485512 ], [ 80.561535328445359, 20.671132929866534 ], [ 80.563048525369197, 20.671498216369628 ], [ 80.563801761542095, 20.671511986788801 ], [ 80.565025112918704, 20.671534982453522 ], [ 80.565864585082579, 20.671657078911096 ], [ 80.567231741651597, 20.671923878084556 ], [ 80.56874288237816, 20.67209138221159 ], [ 80.571909095828175, 20.672462557601023 ], [ 80.573391567067233, 20.67243574611285 ], [ 80.576399733660821, 20.672282864962312 ], [ 80.57838640440913, 20.672531236127668 ], [ 80.579787886301972, 20.672702792599864 ], [ 80.580123824454972, 20.672811074571488 ], [ 80.580368584842347, 20.673000757778826 ], [ 80.580661396906009, 20.673316714794623 ], [ 80.581798836047483, 20.674562801931817 ], [ 80.582437646080564, 20.675268097944411 ], [ 80.582489975831777, 20.675325872191308 ], [ 80.583685037234716, 20.676508582305303 ], [ 80.584336116718475, 20.677621465458287 ], [ 80.584472197633886, 20.677853986971968 ], [ 80.585220769922671, 20.679388536152089 ], [ 80.585355329185177, 20.679664374411402 ], [ 80.58570095843254, 20.680210615427598 ], [ 80.58611360695744, 20.680684672359806 ], [ 80.586776035885407, 20.681398069465391 ], [ 80.587040095723921, 20.681772734224356 ], [ 80.587246375919563, 20.682296433733484 ], [ 80.587284993707556, 20.682430092774606 ], [ 80.58750075725419, 20.683176879009807 ], [ 80.587654412721008, 20.683953334778611 ], [ 80.587654477472199, 20.684585355829537 ], [ 80.587648646268065, 20.684634546946825 ], [ 80.587496022323649, 20.685921754685296 ], [ 80.587164895543538, 20.686955695349123 ], [ 80.586660952341163, 20.688359850926414 ], [ 80.586003411228489, 20.68970979087419 ], [ 80.585129757632274, 20.691411995267401 ], [ 80.584083457585564, 20.693353256547596 ], [ 80.583507429224539, 20.694581381525609 ], [ 80.58266246669956, 20.6960216224 ], [ 80.581808152124552, 20.697294787224678 ], [ 80.581236964814138, 20.697886214677112 ], [ 80.580665773906389, 20.698477641230227 ], [ 80.579355301605915, 20.69969222421685 ], [ 80.577070379694305, 20.702021841534819 ], [ 80.575668705346516, 20.703362840422812 ], [ 80.574857373868781, 20.703936267944471 ], [ 80.574194882887582, 20.704279284661315 ], [ 80.573383638644088, 20.704559222030525 ], [ 80.573030428111849, 20.704749021250393 ], [ 80.573019212666566, 20.704755135740985 ], [ 80.572913257241112, 20.70481203135023 ], [ 80.57265881924917, 20.70497918564098 ], [ 80.572356374547098, 20.705105561972179 ], [ 80.571933934203742, 20.705272617337467 ], [ 80.57166990943881, 20.705399020648318 ], [ 80.5714202234646, 20.705593100641124 ], [ 80.571170686777805, 20.705818809790287 ], [ 80.570853783675261, 20.706026548686339 ], [ 80.570599770228796, 20.706117597707106 ] ] ] } },
{ "type": "Feature", "properties": { "REGION": 1.0, "STATE.NAME": "Maharashtra", "DISTRICT.NAME": "Gadchiroli", "DISTRICT.AREA": 14527.292838, "GRID_G0": "200465", "woodland": 0.73695624706982077, "maskWdl": 1.0, "cropland": 0.17377038525359279, "maskCrp": 0.0, "one": 0.075254627330779061, "maskOne": 0.0, "GRID.AREA": 23.429949850749935, "REGION.AREA": 32202.066020262951 }, "geometry": { "type": "Polygon", "coordinates": [ [ [ 80.066534923665401, 20.616118632197743 ], [ 80.111536188429895, 20.616118582772248 ], [ 80.111536188429895, 20.661115434632784 ], [ 80.066534923665401, 20.661115455374933 ], [ 80.066534923665401, 20.616118632197743 ] ] ] } },
{ "type": "Feature", "properties": { "REGION": 1.0, "STATE.NAME": "Maharashtra", "DISTRICT.NAME": "Gadchiroli", "DISTRICT.AREA": 14527.292838, "GRID_G0": "200466", "woodland": 0.56496283479057685, "maskWdl": 1.0, "cropland": 0.31825809263547616, "maskCrp": 0.0, "one": 0.10131397420164068, "maskOne": 0.0, "GRID.AREA": 23.429944431206199, "REGION.AREA": 32202.066020262951 }, "geometry": { "type": "Polygon", "coordinates": [ [ [ 80.111536188429895, 20.616118582772248 ], [ 80.156537424750198, 20.616118591892448 ], [ 80.156537424750198, 20.661115451129575 ], [ 80.111536188429895, 20.661115434632784 ], [ 80.111536188429895, 20.616118582772248 ] ] ] } },
{ "type": "Feature", "properties": { "REGION": 1.0, "STATE.NAME": "Maharashtra", "DISTRICT.NAME": "Gadchiroli", "DISTRICT.AREA": 14527.292838, "GRID_G0": "200469", "woodland": 0.55212743444092005, "maskWdl": 1.0, "cropland": 0.26566138559328278, "maskCrp": 0.0, "one": 0.17537220786808597, "maskOne": 0.0, "GRID.AREA": 23.335378449793545, "REGION.AREA": 32202.066020262951 }, "geometry": { "type": "Polygon", "coordinates": [ [ [ 80.246535515872452, 20.657590470257794 ], [ 80.246535515872466, 20.616118660111376 ], [ 80.291536732472025, 20.616118621336536 ], [ 80.291536732472025, 20.661115374472903 ], [ 80.250040152663573, 20.661115798377992 ], [ 80.249951066788356, 20.660955987428906 ], [ 80.249600438209711, 20.660181595604229 ], [ 80.249255689398581, 20.659420175600697 ], [ 80.249219679644568, 20.659380522693027 ], [ 80.248526527177546, 20.658617216811134 ], [ 80.24674259059816, 20.657707099303256 ], [ 80.246535515872452, 20.657590470257794 ] ] ] } },
{ "type": "Feature", "properties": { "REGION": 1.0, "STATE.NAME": "Maharashtra", "DISTRICT.NAME": "Gadchiroli", "DISTRICT.AREA": 14527.292838, "GRID_G0": "200471", "woodland": 0.61333598657654487, "maskWdl": 1.0, "cropland": 0.27173318150915587, "maskCrp": 0.0, "one": 0.11247181269511118, "maskOne": 0.0, "GRID.AREA": 23.4299050693044, "REGION.AREA": 32202.066020262951 }, "geometry": { "type": "Polygon", "coordinates": [ [ [ 80.336533542262686, 20.616118602878995 ], [ 80.381534753204193, 20.616118657060852 ], [ 80.381534753204193, 20.661115412861257 ], [ 80.336533542262686, 20.661115457751333 ], [ 80.336533542262686, 20.616118602878995 ] ] ] } },
{ "type": "Feature", "properties": { "REGION": 1.0, "STATE.NAME": "Maharashtra", "DISTRICT.NAME": "Gadchiroli", "DISTRICT.AREA": 14527.292838, "GRID_G0": "200472", "woodland": 0.99372681635797755, "maskWdl": 1.0, "cropland": 0.00021957273209423258, "maskCrp": 0.0, "one": 0.0060217276074193788, "maskOne": 0.0, "GRID.AREA": 23.429910899680401, "REGION.AREA": 32202.066020262951 }, "geometry": { "type": "Polygon", "coordinates": [ [ [ 80.381534753204193, 20.616118657060852 ], [ 80.426535995054564, 20.616118634137909 ], [ 80.426535995054564, 20.661115449596323 ], [ 80.381534753204193, 20.661115412861257 ], [ 80.381534753204193, 20.616118657060852 ] ] ] } },
{ "type": "Feature", "properties": { "REGION": 1.0, "STATE.NAME": "Maharashtra", "DISTRICT.NAME": "Gadchiroli", "DISTRICT.AREA": 14527.292838, "GRID_G0": "200473", "woodland": 0.97195486291960342, "maskWdl": 1.0, "cropland": 0.0042613245068416489, "maskCrp": 0.0, "one": 0.023783812573554802, "maskOne": 0.0, "GRID.AREA": 23.429911478910576, "REGION.AREA": 32202.066020262951 }, "geometry": { "type": "Polygon", "coordinates": [ [ [ 80.426535995054564, 20.616118634137909 ], [ 80.471537233983682, 20.616118628901955 ], [ 80.471537233983682, 20.661115392761982 ], [ 80.426535995054564, 20.661115449596323 ], [ 80.426535995054564, 20.616118634137909 ] ] ] } },
{ "type": "Feature", "properties": { "REGION": 1.0, "STATE.NAME": "Maharashtra", "DISTRICT.NAME": "Gadchiroli", "DISTRICT.AREA": 14527.292838, "GRID_G0": "200474", "woodland": 0.89267891922089426, "maskWdl": 1.0, "cropland": 0.03544297581588389, "maskCrp": 0.0, "one": 0.071619025875384407, "maskOne": 0.0, "GRID.AREA": 14.143535988051834, "REGION.AREA": 32202.066020262951 }, "geometry": { "type": "Polygon", "coordinates": [ [ [ 80.516534026046131, 20.653808844616687 ], [ 80.516534026046131, 20.661115454044669 ], [ 80.471537233983682, 20.661115392761982 ], [ 80.471537233983682, 20.616118628901955 ], [ 80.483063146416342, 20.616119726732297 ], [ 80.482883561627148, 20.616323925708624 ], [ 80.481776676052789, 20.617485134831156 ], [ 80.481022919172474, 20.618385865215547 ], [ 80.481550056789729, 20.618910394798949 ], [ 80.481550537927035, 20.618910934392147 ], [ 80.4825164376835, 20.61990713140904 ], [ 80.483372222650019, 20.620708058630044 ], [ 80.483934350190168, 20.621285809192784 ], [ 80.484098159902217, 20.621498455689224 ], [ 80.484301571260573, 20.621935644014798 ], [ 80.484475493849004, 20.6225357067575 ], [ 80.484635295282715, 20.622960344144644 ], [ 80.485021311284527, 20.623591634946028 ], [ 80.485769828714695, 20.624512359058201 ], [ 80.486273991351652, 20.625073275211548 ], [ 80.486354165912076, 20.625571930400326 ], [ 80.486546283584175, 20.626680959059055 ], [ 80.486744573303497, 20.627474438094907 ], [ 80.487353963814428, 20.629682944612227 ], [ 80.487705715646314, 20.630657649630848 ], [ 80.488071701947547, 20.631623020586005 ], [ 80.48868904066677, 20.632663812285159 ], [ 80.489325650058788, 20.633339065545496 ], [ 80.490166862410831, 20.634126768235831 ], [ 80.491093195594544, 20.634867376128568 ], [ 80.492237598186648, 20.635503986419906 ], [ 80.493215015560565, 20.635999969722892 ], [ 80.494322545948819, 20.636515658071236 ], [ 80.495449548457941, 20.637220173472258 ], [ 80.496929548360015, 20.6382141257813 ], [ 80.497818212540551, 20.638864439941983 ], [ 80.49847074263073, 20.639341947572859 ], [ 80.500269411004581, 20.640680602827619 ], [ 80.502618465369949, 20.642434283515399 ], [ 80.505092014684806, 20.644485941972675 ], [ 80.505868620640399, 20.645249593194194 ], [ 80.50762773862931, 20.646858316658044 ], [ 80.508696843684447, 20.647608643524109 ], [ 80.510811478966616, 20.648711595463791 ], [ 80.511199664133258, 20.649068577752701 ], [ 80.512072208865391, 20.649940671924529 ], [ 80.513946529109091, 20.651490720020774 ], [ 80.514047528370781, 20.651584273795265 ], [ 80.515058710790925, 20.652520897921136 ], [ 80.515837735023524, 20.653200987735435 ], [ 80.516534026046131, 20.653808844616687 ] ] ] } },
{ "type": "Feature", "properties": { "REGION": 1.0, "STATE.NAME": "Maharashtra", "DISTRICT.NAME": "Gadchiroli", "DISTRICT.AREA": 14527.292838, "GRID_G0": "200475", "woodland": 0.42877181469368852, "maskWdl": 1.0, "cropland": 0.30735036741863475, "maskCrp": 0.0, "one": 0.26112386447496344, "maskOne": 0.0, "GRID.AREA": 0.80619141101720904, "REGION.AREA": 32202.066020262951 }, "geometry": { "type": "Polygon", "coordinates": [ [ [ 80.546777132620235, 20.661116713785933 ], [ 80.516534026046131, 20.661115454044669 ], [ 80.516534026046131, 20.653808844616687 ], [ 80.516616767350001, 20.653881076650404 ], [ 80.517940040600479, 20.654960997851845 ], [ 80.519991975149594, 20.656470544080378 ], [ 80.520740172421085, 20.656926868180449 ], [ 80.521306011463309, 20.657175608067917 ], [ 80.521828895287342, 20.657284245271736 ], [ 80.522802595763281, 20.657388548642643 ], [ 80.524136054735209, 20.657587882474839 ], [ 80.525205708376802, 20.657863909591811 ], [ 80.526486172998545, 20.658347586571896 ], [ 80.527184148529685, 20.658611528599238 ], [ 80.528255842733017, 20.659016781099638 ], [ 80.529464454221227, 20.659559271942896 ], [ 80.530145412780655, 20.659780901767249 ], [ 80.530792958828044, 20.660002463243131 ], [ 80.531378100019367, 20.660061366139189 ], [ 80.532208004296024, 20.660143037171451 ], [ 80.53317699142508, 20.66023367984053 ], [ 80.533186474776073, 20.660233938845241 ], [ 80.534520194551433, 20.660270378475218 ], [ 80.535973777767708, 20.660225829658373 ], [ 80.536669546362532, 20.660167426785392 ], [ 80.537729676183687, 20.660059430798128 ], [ 80.539221777363196, 20.659852297145843 ], [ 80.540905815451083, 20.659582010401497 ], [ 80.541707022361265, 20.659550701403813 ], [ 80.542335274353491, 20.65954180980674 ], [ 80.543030929633744, 20.659600728890556 ], [ 80.543688185661324, 20.659754601093997 ], [ 80.54491592483015, 20.660179547847918 ], [ 80.546249266890186, 20.660762652974086 ], [ 80.546777132620235, 20.661116713785933 ] ] ] } },
{ "type": "Feature", "properties": { "REGION": 1.0, "STATE.NAME": "Maharashtra", "DISTRICT.NAME": "Gadchiroli", "DISTRICT.AREA": 14527.292838, "GRID_G0": "199815", "woodland": 0.73896538988232896, "maskWdl": 1.0, "cropland": 0.13760237545052748, "maskCrp": 0.0, "one": 0.11073991708260141, "maskOne": 0.0, "GRID.AREA": 23.439160414504002, "REGION.AREA": 32202.066020262951 }, "geometry": { "type": "Polygon", "coordinates": [ [ [ 80.066534923665401, 20.571117374477701 ], [ 80.111536188429895, 20.571117383824713 ], [ 80.111536188429895, 20.616118582772248 ], [ 80.066534923665401, 20.616118632197743 ], [ 80.066534923665401, 20.571117374477701 ] ] ] } },
{ "type": "Feature", "properties": { "REGION": 1.0, "STATE.NAME": "Maharashtra", "DISTRICT.NAME": "Gadchiroli", "DISTRICT.AREA": 14527.292838, "GRID_G0": "199816", "woodland": 0.42056378441821757, "maskWdl": 1.0, "cropland": 0.40686520940869769, "maskCrp": 0.0, "one": 0.15971514454765834, "maskOne": 0.0, "GRID.AREA": 23.439132856478714, "REGION.AREA": 32202.066020262951 }, "geometry": { "type": "Polygon", "coordinates": [ [ [ 80.111536188429895, 20.571117383824713 ], [ 80.156537424750198, 20.57111738310698 ], [ 80.156537424750198, 20.616118591892448 ], [ 80.111536188429895, 20.616118582772248 ], [ 80.111536188429895, 20.571117383824713 ] ] ] } },
{ "type": "Feature", "properties": { "REGION": 1.0, "STATE.NAME": "Maharashtra", "DISTRICT.NAME": "Gadchiroli", "DISTRICT.AREA": 14527.292838, "GRID_G0": "199818", "woodland": 0.41923132760473242, "maskWdl": 1.0, "cropland": 0.43235608874722825, "maskCrp": 0.0, "one": 0.13630058469814779, "maskOne": 0.0, "GRID.AREA": 23.439154512725533, "REGION.AREA": 32202.066020262951 }, "geometry": { "type": "Polygon", "coordinates": [ [ [ 80.201534259565875, 20.571117400651545 ], [ 80.246535515872466, 20.571117406050121 ], [ 80.246535515872466, 20.616118660111376 ], [ 80.201534259565875, 20.616118597525269 ], [ 80.201534259565875, 20.571117400651545 ] ] ] } },
{ "type": "Feature", "properties": { "REGION": 1.0, "STATE.NAME": "Maharashtra", "DISTRICT.NAME": "Gadchiroli", "DISTRICT.AREA": 14527.292838, "GRID_G0": "199819", "woodland": 0.91667142240303534, "maskWdl": 1.0, "cropland": 0.021016934789724089, "maskCrp": 0.0, "one": 0.061869372274316096, "maskOne": 0.0, "GRID.AREA": 23.439134639185163, "REGION.AREA": 32202.066020262951 }, "geometry": { "type": "Polygon", "coordinates": [ [ [ 80.246535515872466, 20.571117406050121 ], [ 80.291536732472025, 20.571117421353311 ], [ 80.291536732472025, 20.616118621336536 ], [ 80.246535515872466, 20.616118660111376 ], [ 80.246535515872466, 20.571117406050121 ] ] ] } },
{ "type": "Feature", "properties": { "REGION": 1.0, "STATE.NAME": "Maharashtra", "DISTRICT.NAME": "Gadchiroli", "DISTRICT.AREA": 14527.292838, "GRID_G0": "199821", "woodland": 0.57670196269044549, "maskWdl": 1.0, "cropland": 0.30113032198097195, "maskCrp": 0.0, "one": 0.11257314910438031, "maskOne": 0.0, "GRID.AREA": 23.439146692945052, "REGION.AREA": 32202.066020262951 }, "geometry": { "type": "Polygon", "coordinates": [ [ [ 80.336533542262686, 20.571117388724037 ], [ 80.381534753204193, 20.571117359585596 ], [ 80.381534753204193, 20.616118657060852 ], [ 80.336533542262686, 20.616118602878995 ], [ 80.336533542262686, 20.571117388724037 ] ] ] } },
{ "type": "Feature", "properties": { "REGION": 1.0, "STATE.NAME": "Maharashtra", "DISTRICT.NAME": "Gadchiroli", "DISTRICT.AREA": 14527.292838, "GRID_G0": "199822", "woodland": 0.99002947185952939, "maskWdl": 1.0, "cropland": 0.0001275015317416438, "maskCrp": 0.0, "one": 0.0098430266087289608, "maskOne": 0.0, "GRID.AREA": 23.439177215926847, "REGION.AREA": 32202.066020262951 }, "geometry": { "type": "Polygon", "coordinates": [ [ [ 80.381534753204193, 20.571117359585596 ], [ 80.426535995054564, 20.571117364596443 ], [ 80.426535995054564, 20.616118634137909 ], [ 80.381534753204193, 20.616118657060852 ], [ 80.381534753204193, 20.571117359585596 ] ] ] } },
{ "type": "Feature", "properties": { "REGION": 1.0, "STATE.NAME": "Maharashtra", "DISTRICT.NAME": "Gadchiroli", "DISTRICT.AREA": 14527.292838, "GRID_G0": "199823", "woodland": 0.99516821159759661, "maskWdl": 1.0, "cropland": 0.00015937672797991658, "maskCrp": 0.0, "one": 0.0046724116744234195, "maskOne": 0.0, "GRID.AREA": 23.439155605124121, "REGION.AREA": 32202.066020262951 }, "geometry": { "type": "Polygon", "coordinates": [ [ [ 80.426535995054564, 20.571117364596443 ], [ 80.471537233983682, 20.571117408563016 ], [ 80.471537233983682, 20.616118628901955 ], [ 80.426535995054564, 20.616118634137909 ], [ 80.426535995054564, 20.571117364596443 ] ] ] } },
{ "type": "Feature", "properties": { "REGION": 1.0, "STATE.NAME": "Maharashtra", "DISTRICT.NAME": "Gadchiroli", "DISTRICT.AREA": 14527.292838, "GRID_G0": "199824", "woodland": 0.95207875828712507, "maskWdl": 1.0, "cropland": 0.0013492145794552334, "maskCrp": 0.0, "one": 0.046356846479378315, "maskOne": 0.0, "GRID.AREA": 15.526753857204577, "REGION.AREA": 32202.066020262951 }, "geometry": { "type": "Polygon", "coordinates": [ [ [ 80.483063146416342, 20.616119726732297 ], [ 80.471537233983682, 20.616118628901955 ], [ 80.471537233983682, 20.571117408563016 ], [ 80.516534026046131, 20.571117343964911 ], [ 80.516534026046131, 20.582081602494188 ], [ 80.515256043631553, 20.582318785683469 ], [ 80.514119303263271, 20.582575480074411 ], [ 80.513318275318227, 20.582728483532719 ], [ 80.512147915593914, 20.582876766449658 ], [ 80.510819243713172, 20.5831739105476 ], [ 80.509821649149842, 20.583304206124239 ], [ 80.508987045915489, 20.583412060018588 ], [ 80.50727498675127, 20.583379232965282 ], [ 80.505399828339478, 20.583314755171841 ], [ 80.504574907206234, 20.583300616929989 ], [ 80.504450181131006, 20.583345727823144 ], [ 80.504421365053986, 20.583369452838042 ], [ 80.504411831340974, 20.583377303020146 ], [ 80.50439330081025, 20.583483954520943 ], [ 80.504324532351347, 20.5841947121163 ], [ 80.50410756011587, 20.585689640764372 ], [ 80.504103595904269, 20.585712491638219 ], [ 80.503943763893631, 20.586633629438499 ], [ 80.503741253656017, 20.587875616566517 ], [ 80.503732873773188, 20.587936627473425 ], [ 80.503591771043432, 20.588964031864631 ], [ 80.503504951392472, 20.589555733610268 ], [ 80.503278366303618, 20.591095761460281 ], [ 80.503099900340203, 20.592423471066411 ], [ 80.503089699330189, 20.592483194144165 ], [ 80.502984200760295, 20.593100888994854 ], [ 80.502859000742376, 20.593719573999181 ], [ 80.502474642191032, 20.594658882601376 ], [ 80.502224824915814, 20.595227863874872 ], [ 80.502171985248992, 20.595304646192517 ], [ 80.501955874564032, 20.59559367300966 ], [ 80.501538317539371, 20.596099209810749 ], [ 80.500549649646644, 20.597029132188766 ], [ 80.500002488624034, 20.59748497784949 ], [ 80.499469817478143, 20.597977008632085 ], [ 80.498448734421629, 20.598761263321705 ], [ 80.497296253219588, 20.599409106145405 ], [ 80.496455473441415, 20.599915205922059 ], [ 80.494370798173861, 20.601288388848108 ], [ 80.4935845640764, 20.60186528865222 ], [ 80.492756840655716, 20.602501914231993 ], [ 80.491274624824143, 20.603982881804598 ], [ 80.490838139768414, 20.604538298603643 ], [ 80.489656677014068, 20.606512849188679 ], [ 80.48797372260924, 20.609310171527227 ], [ 80.486393910550589, 20.612019597726317 ], [ 80.485803586566306, 20.61293471456548 ], [ 80.48529365028179, 20.613798439646303 ], [ 80.484495984901855, 20.614673207502562 ], [ 80.483619944504895, 20.615486608320392 ], [ 80.483063146416342, 20.616119726732297 ] ] ] } },
{ "type": "Feature", "properties": { "REGION": 1.0, "STATE.NAME": "Maharashtra", "DISTRICT.NAME": "Gadchiroli", "DISTRICT.AREA": 14527.292838, "GRID_G0": "199825", "woodland": 0.58222031141995156, "maskWdl": 1.0, "cropland": 0.16408936138062463, "maskCrp": 0.0, "one": 0.25148990872182625, "maskOne": 0.0, "GRID.AREA": 8.2831042245966309, "REGION.AREA": 32202.066020262951 }, "geometry": { "type": "Polygon", "coordinates": [ [ [ 80.516534026046131, 20.582081602494188 ], [ 80.516534026046131, 20.571117343964911 ], [ 80.561535328445359, 20.571117400774824 ], [ 80.561535328445359, 20.599461925061402 ], [ 80.561217365389169, 20.59918792688137 ], [ 80.561006331377143, 20.59898456138842 ], [ 80.560709327573477, 20.598311517762397 ], [ 80.560431415477524, 20.597489427694995 ], [ 80.560088135259264, 20.596981375490149 ], [ 80.559851484058811, 20.596631130022676 ], [ 80.558672208455732, 20.595190015007233 ], [ 80.557972213946584, 20.594480674743409 ], [ 80.557828378177192, 20.594367731585578 ], [ 80.557113958542402, 20.594010642277393 ], [ 80.556418664789589, 20.593649068050127 ], [ 80.555286972315969, 20.593061504085203 ], [ 80.5548650526801, 20.592867103034454 ], [ 80.554251106203651, 20.592758472125862 ], [ 80.553440613793327, 20.592613594042174 ], [ 80.55214581217956, 20.592391779856825 ], [ 80.551114803305609, 20.592079689925811 ], [ 80.549441103823938, 20.591600200189138 ], [ 80.547383887556421, 20.590948927351178 ], [ 80.546146684821679, 20.590550932379699 ], [ 80.544871160175944, 20.59011684041991 ], [ 80.543974620632298, 20.589628573300047 ], [ 80.543212267132503, 20.589068274980946 ], [ 80.542804802299827, 20.588747340217651 ], [ 80.542507577262938, 20.588494333946418 ], [ 80.54144822175806, 20.587468595099608 ], [ 80.540369750263835, 20.586397762446836 ], [ 80.539564479317335, 20.585530184670347 ], [ 80.539209730944378, 20.585200321437753 ], [ 80.538835764958662, 20.585019492055949 ], [ 80.53856247807596, 20.584933574424952 ], [ 80.537953463481585, 20.584824859879408 ], [ 80.537095031810338, 20.584688894077264 ], [ 80.536131119555591, 20.584548428966855 ], [ 80.535109759507861, 20.584303971651025 ], [ 80.533440999102879, 20.583946316669255 ], [ 80.532927891808825, 20.583765416241022 ], [ 80.532390930896781, 20.58348060364699 ], [ 80.531360181027594, 20.582838710737974 ], [ 80.530665058145985, 20.58248602810778 ], [ 80.530271839473869, 20.582345804915008 ], [ 80.529907453066585, 20.582259823432135 ], [ 80.529111415459511, 20.582164512382406 ], [ 80.528679808326558, 20.582069479223151 ], [ 80.528229154451992, 20.58187501611917 ], [ 80.526785964700593, 20.581232888487079 ], [ 80.525946954788196, 20.580839497145121 ], [ 80.525448296901459, 20.580726296781219 ], [ 80.523918527618036, 20.580630496500248 ], [ 80.522647633581471, 20.580534878781691 ], [ 80.521596318015725, 20.580474311240494 ], [ 80.521539837893272, 20.580471055694716 ], [ 80.520926036207641, 20.580502246881224 ], [ 80.520734118185089, 20.580542824291964 ], [ 80.520163334670201, 20.580736626394238 ], [ 80.518815293191267, 20.581313920101366 ], [ 80.517400190166711, 20.58185041966118 ], [ 80.516978041203686, 20.581999194507262 ], [ 80.516534026046131, 20.582081602494188 ] ] ] } },
{ "type": "Feature", "properties": { "REGION": 1.0, "STATE.NAME": "Maharashtra", "DISTRICT.NAME": "Gadchiroli", "DISTRICT.AREA": 14527.292838, "GRID_G0": "199826", "woodland": 0.55324996441978602, "maskWdl": 1.0, "cropland": 0.20316074065065953, "maskCrp": 0.0, "one": 0.2416837996037082, "maskOne": 0.0, "GRID.AREA": 18.751788126819651, "REGION.AREA": 32202.066020262951 }, "geometry": { "type": "Polygon", "coordinates": [ [ [ 80.561535328445359, 20.599461925061402 ], [ 80.561535328445359, 20.571117400774824 ], [ 80.606536524577095, 20.571117420741967 ], [ 80.606536524577095, 20.606074149009345 ], [ 80.605808351474309, 20.606808932985928 ], [ 80.605021628145664, 20.607450134316309 ], [ 80.604498763207403, 20.607723280904736 ], [ 80.603975825424072, 20.607996454472868 ], [ 80.60284860797691, 20.608425300687145 ], [ 80.601404775210256, 20.608818068798882 ], [ 80.599409258730361, 20.609097709391847 ], [ 80.597677602439433, 20.609174232704735 ], [ 80.596780697771067, 20.609110856580799 ], [ 80.595111445436942, 20.60901118561776 ], [ 80.593212033208843, 20.608812171944241 ], [ 80.592612306812555, 20.608676760124411 ], [ 80.591830652962301, 20.608500269971557 ], [ 80.5907370647638, 20.60828773948765 ], [ 80.589863920183802, 20.608107938930289 ], [ 80.58887122242902, 20.607903510438689 ], [ 80.588367562513042, 20.607776931760046 ], [ 80.588007894848545, 20.607700079295284 ], [ 80.587528210858295, 20.607627660488163 ], [ 80.58712053828225, 20.607627599334311 ], [ 80.586688778264545, 20.607636554783252 ], [ 80.586156324754668, 20.607713215692399 ], [ 80.585748678258938, 20.607762718874426 ], [ 80.584640607378162, 20.607938645152387 ], [ 80.582836971149334, 20.608213638048994 ], [ 80.581791187313513, 20.608384974187231 ], [ 80.580764691237562, 20.608389227081201 ], [ 80.580628040151964, 20.608362150293033 ], [ 80.580491363885415, 20.608335017746924 ], [ 80.578822205980089, 20.607982276660778 ], [ 80.576683025501268, 20.607597753533529 ], [ 80.575330410969741, 20.607330929179117 ], [ 80.574059428799671, 20.606924092972577 ], [ 80.572227396477231, 20.60639064391313 ], [ 80.571771729781574, 20.606268515079933 ], [ 80.570932487844118, 20.605866351750763 ], [ 80.56918197816583, 20.605116076146036 ], [ 80.568055014327513, 20.604551120238057 ], [ 80.567330799277045, 20.604252785437726 ], [ 80.566702492426145, 20.604089996456196 ], [ 80.566213290910696, 20.603976947178406 ], [ 80.565489153201895, 20.603809593238164 ], [ 80.564558624680842, 20.603705325840167 ], [ 80.564390759925686, 20.603642045943729 ], [ 80.564275733938018, 20.603533688429025 ], [ 80.564194209495213, 20.603402674294045 ], [ 80.564031280219481, 20.602937417228077 ], [ 80.563724502583796, 20.602521812631604 ], [ 80.563484797285639, 20.60214687268007 ], [ 80.563043874075561, 20.60139702874994 ], [ 80.562770601582031, 20.601004009727323 ], [ 80.562435155358173, 20.600321914424853 ], [ 80.561946157089551, 20.599815945949217 ], [ 80.561535328445359, 20.599461925061402 ] ] ] } },
{ "type": "Feature", "properties": { "REGION": 1.0, "STATE.NAME": "Maharashtra", "DISTRICT.NAME": "Gadchiroli", "DISTRICT.AREA": 14527.292838, "GRID_G0": "199827", "woodland": 0.48398409613310417, "maskWdl": 1.0, "cropland": 0.29296242506266229, "maskCrp": 0.0, "one": 0.21828076798459942, "maskOne": 0.0, "GRID.AREA": 5.9193766189674548, "REGION.AREA": 32202.066020262951 }, "geometry": { "type": "Polygon", "coordinates": [ [ [ 80.606536524577095, 20.606074149009345 ], [ 80.606536524577095, 20.571117420741967 ], [ 80.621325402217607, 20.57111870395347 ], [ 80.621384343112993, 20.571232874297781 ], [ 80.621470531439911, 20.571517505228709 ], [ 80.621518548941935, 20.571824640794606 ], [ 80.621508189651308, 20.571961032875436 ], [ 80.621494543338542, 20.572140719218851 ], [ 80.621494541539903, 20.572145511706026 ], [ 80.621494470493474, 20.572312409690028 ], [ 80.621484436757385, 20.572346011958928 ], [ 80.621451303035258, 20.572456968514359 ], [ 80.621269054523282, 20.572782255097025 ], [ 80.621129849363115, 20.57306211962117 ], [ 80.621024248270487, 20.573428010594284 ], [ 80.620978672427839, 20.573610973167945 ], [ 80.62093309748451, 20.573793933942962 ], [ 80.620939922439504, 20.573864964196783 ], [ 80.620961737294408, 20.574092046610698 ], [ 80.621081710452643, 20.574313360773036 ], [ 80.62132615607733, 20.574611498621834 ], [ 80.621489204962884, 20.574751522165059 ], [ 80.621676102969843, 20.57485540015665 ], [ 80.622002111708127, 20.574950239961652 ], [ 80.622376255759661, 20.57502253196435 ], [ 80.623028368564405, 20.575252944567808 ], [ 80.623953664829799, 20.575722698243965 ], [ 80.624797480719224, 20.576327968960641 ], [ 80.625057096108151, 20.576603085963711 ], [ 80.625181015491535, 20.576734403170235 ], [ 80.625507006243424, 20.577258421039346 ], [ 80.625622075398496, 20.577597095829333 ], [ 80.62564118958926, 20.577777904526723 ], [ 80.625623615037853, 20.577830488786109 ], [ 80.625559725401047, 20.578021666666643 ], [ 80.62545896445971, 20.578211436208843 ], [ 80.625334143056307, 20.578351463349406 ], [ 80.625089611096726, 20.57857742161076 ], [ 80.624274319004655, 20.57926391190006 ], [ 80.623665101163567, 20.579873579402204 ], [ 80.623214302498127, 20.580261970513561 ], [ 80.62309440578224, 20.58047434811272 ], [ 80.622863967098453, 20.581061472309159 ], [ 80.622590544418131, 20.581562881222059 ], [ 80.622264465532737, 20.581851983582229 ], [ 80.621736749651348, 20.582416522204767 ], [ 80.621338716908326, 20.582606142459557 ], [ 80.621031847541815, 20.582723654173382 ], [ 80.620604990627896, 20.583035333114193 ], [ 80.620226036102736, 20.583170798893324 ], [ 80.619981479861451, 20.583206940847674 ], [ 80.619775265316321, 20.583193354789554 ], [ 80.619056057690955, 20.583220421685159 ], [ 80.618782700661143, 20.583279118636479 ], [ 80.618638646356487, 20.583360455120957 ], [ 80.618360488745623, 20.583604291904578 ], [ 80.618048834985814, 20.583911441859581 ], [ 80.617880866808605, 20.584058262478894 ], [ 80.617796931283408, 20.584131627372756 ], [ 80.617712994858891, 20.584204991367301 ], [ 80.617540329522626, 20.584412801309782 ], [ 80.617420295210536, 20.584724403808249 ], [ 80.617343524584044, 20.585099282605881 ], [ 80.617324356433983, 20.585429046013701 ], [ 80.617324370823098, 20.585429155730989 ], [ 80.617353078981466, 20.585641360660301 ], [ 80.617439252019949, 20.585817482091162 ], [ 80.617616592931483, 20.586088499984324 ], [ 80.617810797930019, 20.586332364646978 ], [ 80.618005003827932, 20.586576231108211 ], [ 80.618441306321301, 20.586987342691774 ], [ 80.618915969396539, 20.587393882122001 ], [ 80.619342631157565, 20.587705526888612 ], [ 80.619975609087135, 20.588008227897433 ], [ 80.621289523093083, 20.588509501912029 ], [ 80.622238851042198, 20.588712848519208 ], [ 80.622809578799092, 20.588879965038416 ], [ 80.623087709430308, 20.589024568828847 ], [ 80.62323161804477, 20.589119336688096 ], [ 80.623308289745808, 20.589245835327063 ], [ 80.623361051171628, 20.589417494321935 ], [ 80.623404061248493, 20.589571076044365 ], [ 80.623423266270777, 20.589688523906318 ], [ 80.62344715676096, 20.589950519800713 ], [ 80.62345676511768, 20.590207975917394 ], [ 80.623490068811691, 20.590831251960765 ], [ 80.623595595260554, 20.591278396680707 ], [ 80.62371533639373, 20.591508723848563 ], [ 80.623868854264288, 20.591693851090383 ], [ 80.6240605411611, 20.591937858745212 ], [ 80.624204470460029, 20.59207786969796 ], [ 80.624894938450723, 20.592615368404555 ], [ 80.625350403698235, 20.592981137969218 ], [ 80.625839447832334, 20.5934870992503 ], [ 80.626338091329899, 20.594060705737036 ], [ 80.626568288096053, 20.594309147948874 ], [ 80.627052541541616, 20.594977534885405 ], [ 80.62750793214542, 20.595551226807743 ], [ 80.628323175674097, 20.596341639155355 ], [ 80.628797830655401, 20.596671268564251 ], [ 80.629051948488666, 20.596793248109975 ], [ 80.629766578564784, 20.597041675033324 ], [ 80.630370713437756, 20.597344271720829 ], [ 80.63056257750101, 20.597497871429653 ], [ 80.631368118244097, 20.598008189026757 ], [ 80.631794881628537, 20.598184432765439 ], [ 80.631852427447598, 20.598229436639258 ], [ 80.63186203130779, 20.598256708580266 ], [ 80.631866728466775, 20.598279128678882 ], [ 80.631862105951484, 20.598292757904513 ], [ 80.631852403165908, 20.598306316982985 ], [ 80.631810175499254, 20.598334388421339 ], [ 80.631848829260093, 20.598364632621724 ], [ 80.631858333295497, 20.598391811932625 ], [ 80.631863132077967, 20.598414320164807 ], [ 80.631860806431121, 20.598421034503186 ], [ 80.631858408838582, 20.598427857659544 ], [ 80.631848804079084, 20.598441418536709 ], [ 80.631767224777661, 20.598495649454719 ], [ 80.631714540693565, 20.598527228249054 ], [ 80.631028580104953, 20.5988208038371 ], [ 80.6298679654343, 20.599398959094742 ], [ 80.629119684525904, 20.599773805516744 ], [ 80.62863052078194, 20.600008701240601 ], [ 80.628289891765178, 20.600117074043794 ], [ 80.628093259496382, 20.600130590854125 ], [ 80.627819862896388, 20.600080880828042 ], [ 80.627239521386855, 20.599995118779759 ], [ 80.626755099768104, 20.599972503528249 ], [ 80.626481674389822, 20.599918374233649 ], [ 80.625177070165705, 20.599791857608182 ], [ 80.624117087833383, 20.599660913620312 ], [ 80.622927564455622, 20.599520837017057 ], [ 80.622395150515842, 20.599489210558659 ], [ 80.621987504020126, 20.599552417610028 ], [ 80.621291975544295, 20.599706025412786 ], [ 80.620826713082408, 20.599832465595853 ], [ 80.619474123731891, 20.60018015429074 ], [ 80.618198308605088, 20.600509759417893 ], [ 80.617723383827197, 20.600618116033274 ], [ 80.617167080296554, 20.600658752799234 ], [ 80.616068696013542, 20.600649662451982 ], [ 80.615133304858205, 20.600595382071276 ], [ 80.614811952809418, 20.60054566215263 ], [ 80.613799904342159, 20.600514036593552 ], [ 80.613042121196997, 20.600491387167835 ], [ 80.61230347292701, 20.60053192860568 ], [ 80.611881374326003, 20.600703503963587 ], [ 80.611574372759151, 20.600884167870106 ], [ 80.610356016217224, 20.601990539032219 ], [ 80.609310296233218, 20.602943358149503 ], [ 80.60847076651271, 20.603733578941558 ], [ 80.607237858040776, 20.605278082717405 ], [ 80.606542270209673, 20.606068351173519 ], [ 80.606536524577095, 20.606074149009345 ] ] ] } },
{ "type": "Feature", "properties": { "REGION": 1.0, "STATE.NAME": "Maharashtra", "DISTRICT.NAME": "Gadchiroli", "DISTRICT.AREA": 14527.292838, "GRID_G0": "199163", "woodland": 0.55081265473420471, "maskWdl": 1.0, "cropland": 0.22098472015435192, "maskCrp": 0.0, "one": 0.219975829643027, "maskOne": 0.0, "GRID.AREA": 23.443747573993974, "REGION.AREA": 32202.066020262951 }, "geometry": { "type": "Polygon", "coordinates": [ [ [ 79.976536957850627, 20.526116135951916 ], [ 80.021533747255191, 20.526116117041589 ], [ 80.021533747255191, 20.571117354880545 ], [ 79.976536957850612, 20.571117388274999 ], [ 79.976536957850627, 20.526116135951916 ] ] ] } },
{ "type": "Feature", "properties": { "REGION": 1.0, "STATE.NAME": "Maharashtra", "DISTRICT.NAME": "Gadchiroli", "DISTRICT.AREA": 14527.292838, "GRID_G0": "199164", "woodland": 0.50874217126902233, "maskWdl": 1.0, "cropland": 0.40864769707065579, "maskCrp": 0.0, "one": 0.0771011175222234, "maskOne": 0.0, "GRID.AREA": 23.446020252871428, "REGION.AREA": 32202.066020262951 }, "geometry": { "type": "Polygon", "coordinates": [ [ [ 80.021533747255191, 20.526116117041589 ], [ 80.066534923665401, 20.526116172024533 ], [ 80.066534923665401, 20.571117374477701 ], [ 80.021533747255191, 20.571117354880545 ], [ 80.021533747255191, 20.526116117041589 ] ] ] } },
{ "type": "Feature", "properties": { "REGION": 1.0, "STATE.NAME": "Maharashtra", "DISTRICT.NAME": "Gadchiroli", "DISTRICT.AREA": 14527.292838, "GRID_G0": "199165", "woodland": 0.876689666878396, "maskWdl": 1.0, "cropland": 0.0046906290812843083, "maskCrp": 0.0, "one": 0.11759026294319617, "maskOne": 0.0, "GRID.AREA": 23.44606571642985, "REGION.AREA": 32202.066020262951 }, "geometry": { "type": "Polygon", "coordinates": [ [ [ 80.066534923665401, 20.526116172024533 ], [ 80.111536188429895, 20.526116148164316 ], [ 80.111536188429895, 20.571117383824713 ], [ 80.066534923665401, 20.571117374477701 ], [ 80.066534923665401, 20.526116172024533 ] ] ] } },
{ "type": "Feature", "properties": { "REGION": 1.0, "STATE.NAME": "Maharashtra", "DISTRICT.NAME": "Gadchiroli", "DISTRICT.AREA": 14527.292838, "GRID_G0": "199166", "woodland": 0.4089703225984177, "maskWdl": 1.0, "cropland": 0.43093808998520416, "maskCrp": 0.0, "one": 0.14322072466595126, "maskOne": 0.0, "GRID.AREA": 23.446062643116068, "REGION.AREA": 32202.066020262951 }, "geometry": { "type": "Polygon", "coordinates": [ [ [ 80.111536188429895, 20.526116148164316 ], [ 80.156537424750198, 20.526116135567079 ], [ 80.156537424750198, 20.57111738310698 ], [ 80.111536188429895, 20.571117383824713 ], [ 80.111536188429895, 20.526116148164316 ] ] ] } },
{ "type": "Feature", "properties": { "REGION": 1.0, "STATE.NAME": "Maharashtra", "DISTRICT.NAME": "Gadchiroli", "DISTRICT.AREA": 14527.292838, "GRID_G0": "199167", "woodland": 0.61309270068614108, "maskWdl": 1.0, "cropland": 0.22663759400833797, "maskCrp": 0.0, "one": 0.14031663050520621, "maskOne": 0.0, "GRID.AREA": 23.443769938330373, "REGION.AREA": 32202.066020262951 }, "geometry": { "type": "Polygon", "coordinates": [ [ [ 80.156537424750198, 20.526116135567079 ], [ 80.201534259565875, 20.526116162989368 ], [ 80.201534259565875, 20.571117400651545 ], [ 80.156537424750198, 20.57111738310698 ], [ 80.156537424750198, 20.526116135567079 ] ] ] } },
{ "type": "Feature", "properties": { "REGION": 1.0, "STATE.NAME": "Maharashtra", "DISTRICT.NAME": "Gadchiroli", "DISTRICT.AREA": 14527.292838, "GRID_G0": "199168", "woodland": 0.52993717605299473, "maskWdl": 1.0, "cropland": 0.30997387175537078, "maskCrp": 0.0, "one": 0.1495808377797094, "maskOne": 0.0, "GRID.AREA": 23.446086426742486, "REGION.AREA": 32202.066020262951 }, "geometry": { "type": "Polygon", "coordinates": [ [ [ 80.201534259565875, 20.526116162989368 ], [ 80.246535515872466, 20.526116109182158 ], [ 80.246535515872466, 20.571117406050121 ], [ 80.201534259565875, 20.571117400651545 ], [ 80.201534259565875, 20.526116162989368 ] ] ] } },
{ "type": "Feature", "properties": { "REGION": 1.0, "STATE.NAME": "Maharashtra", "DISTRICT.NAME": "Gadchiroli", "DISTRICT.AREA": 14527.292838, "GRID_G0": "199169", "woodland": 0.55785848118516013, "maskWdl": 1.0, "cropland": 0.35052961444205399, "maskCrp": 0.0, "one": 0.082392937771078714, "maskOne": 0.0, "GRID.AREA": 23.446067599510314, "REGION.AREA": 32202.066020262951 }, "geometry": { "type": "Polygon", "coordinates": [ [ [ 80.246535515872466, 20.526116109182158 ], [ 80.291536732472025, 20.526116176544122 ], [ 80.291536732472025, 20.571117421353311 ], [ 80.246535515872466, 20.571117406050121 ], [ 80.246535515872466, 20.526116109182158 ] ] ] } },
{ "type": "Feature", "properties": { "REGION": 1.0, "STATE.NAME": "Maharashtra", "DISTRICT.NAME": "Gadchiroli", "DISTRICT.AREA": 14527.292838, "GRID_G0": "199170", "woodland": 0.71702262319513921, "maskWdl": 1.0, "cropland": 0.16377888352451309, "maskCrp": 0.0, "one": 0.10117307871394027, "maskOne": 0.0, "GRID.AREA": 23.44376226239882, "REGION.AREA": 32202.066020262951 }, "geometry": { "type": "Polygon", "coordinates": [ [ [ 80.291536732472025, 20.526116176544122 ], [ 80.336533542262686, 20.52611612774 ], [ 80.336533542262686, 20.571117388724037 ], [ 80.291536732472025, 20.571117421353311 ], [ 80.291536732472025, 20.526116176544122 ] ] ] } },
{ "type": "Feature", "properties": { "REGION": 1.0, "STATE.NAME": "Maharashtra", "DISTRICT.NAME": "Gadchiroli", "DISTRICT.AREA": 14527.292838, "GRID_G0": "199171", "woodland": 0.82816066367889141, "maskWdl": 1.0, "cropland": 0.10715680650414038, "maskCrp": 0.0, "one": 0.063790490353324764, "maskOne": 0.0, "GRID.AREA": 23.44605830406358, "REGION.AREA": 32202.066020262951 }, "geometry": { "type": "Polygon", "coordinates": [ [ [ 80.336533542262686, 20.52611612774 ], [ 80.381534753204193, 20.526116103278564 ], [ 80.381534753204193, 20.571117359585596 ], [ 80.336533542262686, 20.571117388724037 ], [ 80.336533542262686, 20.52611612774 ] ] ] } },
{ "type": "Feature", "properties": { "REGION": 1.0, "STATE.NAME": "Maharashtra", "DISTRICT.NAME": "Gadchiroli", "DISTRICT.AREA": 14527.292838, "GRID_G0": "199172", "woodland": 0.85985573800744464, "maskWdl": 1.0, "cropland": 0.054110930827692597, "maskCrp": 0.0, "one": 0.084399306355671416, "maskOne": 0.0, "GRID.AREA": 23.446066428999096, "REGION.AREA": 32202.066020262951 }, "geometry": { "type": "Polygon", "coordinates": [ [ [ 80.381534753204193, 20.526116103278564 ], [ 80.426535995054564, 20.526116134243534 ], [ 80.426535995054564, 20.571117364596443 ], [ 80.381534753204193, 20.571117359585596 ], [ 80.381534753204193, 20.526116103278564 ] ] ] } },
{ "type": "Feature", "properties": { "REGION": 1.0, "STATE.NAME": "Maharashtra", "DISTRICT.NAME": "Gadchiroli", "DISTRICT.AREA": 14527.292838, "GRID_G0": "199173", "woodland": 0.90566335334115744, "maskWdl": 1.0, "cropland": 0.044477315235109914, "maskCrp": 0.0, "one": 0.048906815443339274, "maskOne": 0.0, "GRID.AREA": 23.446069285006065, "REGION.AREA": 32202.066020262951 }, "geometry": { "type": "Polygon", "coordinates": [ [ [ 80.426535995054564, 20.526116134243534 ], [ 80.471537233983682, 20.526116135438141 ], [ 80.471537233983682, 20.571117408563016 ], [ 80.426535995054564, 20.571117364596443 ], [ 80.426535995054564, 20.526116134243534 ] ] ] } },
{ "type": "Feature", "properties": { "REGION": 1.0, "STATE.NAME": "Maharashtra", "DISTRICT.NAME": "Gadchiroli", "DISTRICT.AREA": 14527.292838, "GRID_G0": "199174", "woodland": 0.96295513450950088, "maskWdl": 1.0, "cropland": 0.0041771434879279657, "maskCrp": 0.0, "one": 0.032831849587121452, "maskOne": 0.0, "GRID.AREA": 23.443745612865687, "REGION.AREA": 32202.066020262951 }, "geometry": { "type": "Polygon", "coordinates": [ [ [ 80.471537233983682, 20.526116135438141 ], [ 80.516534026046131, 20.526116139768305 ], [ 80.516534026046131, 20.571117343964911 ], [ 80.471537233983682, 20.571117408563016 ], [ 80.471537233983682, 20.526116135438141 ] ] ] } },
{ "type": "Feature", "properties": { "REGION": 1.0, "STATE.NAME": "Maharashtra", "DISTRICT.NAME": "Gadchiroli", "DISTRICT.AREA": 14527.292838, "GRID_G0": "199175", "woodland": 0.73896662697408566, "maskWdl": 1.0, "cropland": 0.13466404982398869, "maskCrp": 0.0, "one": 0.1244214373670087, "maskOne": 0.0, "GRID.AREA": 23.446101104753662, "REGION.AREA": 32202.066020262951 }, "geometry": { "type": "Polygon", "coordinates": [ [ [ 80.516534026046131, 20.526116139768305 ], [ 80.561535328445359, 20.526116106295014 ], [ 80.561535328445359, 20.571117400774824 ], [ 80.516534026046131, 20.571117343964911 ], [ 80.516534026046131, 20.526116139768305 ] ] ] } },
{ "type": "Feature", "properties": { "REGION": 1.0, "STATE.NAME": "Maharashtra", "DISTRICT.NAME": "Gadchiroli", "DISTRICT.AREA": 14527.292838, "GRID_G0": "199177", "woodland": 0.4160565879683612, "maskWdl": 1.0, "cropland": 0.32095469399861748, "maskCrp": 0.0, "one": 0.26088440285736669, "maskOne": 0.0, "GRID.AREA": 7.4499981264396187, "REGION.AREA": 32202.066020262951 }, "geometry": { "type": "MultiPolygon", "coordinates": [ [ [ [ 80.619723492508697, 20.52611733593049 ], [ 80.620791136038008, 20.52611738855736 ], [ 80.620780695672636, 20.526140336307545 ], [ 80.620660854714743, 20.526248786452356 ], [ 80.620435536770685, 20.526325490529018 ], [ 80.620219735452508, 20.526307442034863 ], [ 80.619769094168433, 20.526144893172329 ], [ 80.619723492508697, 20.52611733593049 ] ] ], [ [ [ 80.621325402217607, 20.57111870395347 ], [ 80.606536524577095, 20.571117420741967 ], [ 80.606536524577095, 20.526116147249965 ], [ 80.618285775420318, 20.526117254739855 ], [ 80.61837409548815, 20.52624324482991 ], [ 80.618527426299764, 20.526428456608016 ], [ 80.618838862423615, 20.526880223843307 ], [ 80.619045067076229, 20.527160248446766 ], [ 80.619323058312546, 20.52744484700213 ], [ 80.619639384050402, 20.527706866278891 ], [ 80.619869420737245, 20.527910104967418 ], [ 80.619965258789705, 20.52813148747822 ], [ 80.620032326630621, 20.528501887652055 ], [ 80.620099400766776, 20.528827182328655 ], [ 80.620089632330746, 20.529116280192227 ], [ 80.62008962873341, 20.529301405635408 ], [ 80.620071013666404, 20.52939787411265 ], [ 80.620071009169806, 20.529446256739391 ], [ 80.620013539793092, 20.52974433253496 ], [ 80.619900723439684, 20.53014708042349 ], [ 80.619868837077206, 20.53041717201495 ], [ 80.619916733170783, 20.530656627301543 ], [ 80.619974298774935, 20.530792111067115 ], [ 80.620060545557806, 20.530923113510937 ], [ 80.620170732293502, 20.531076676347599 ], [ 80.620276230863396, 20.531189654578949 ], [ 80.6204823653689, 20.531338700120955 ], [ 80.620645272161653, 20.531510424766338 ], [ 80.620961627577117, 20.531921407746836 ], [ 80.621105392300095, 20.532165299389078 ], [ 80.621153369332603, 20.532255694744549 ], [ 80.621277920939349, 20.532440864254511 ], [ 80.621325785556621, 20.532571850510518 ], [ 80.621330521386483, 20.53268031144728 ], [ 80.621308742504539, 20.532736322123643 ], [ 80.621312648260187, 20.532824475469226 ], [ 80.62125998755846, 20.532959955637466 ], [ 80.621101694287802, 20.533239970348404 ], [ 80.620895564278968, 20.533497376103071 ], [ 80.620545562527752, 20.533944528017628 ], [ 80.62027707262888, 20.534310331756441 ], [ 80.620046885755244, 20.534685167386613 ], [ 80.619983919722188, 20.534875908196682 ], [ 80.619963656197868, 20.535074332814251 ], [ 80.619974042468144, 20.535295005759959 ], [ 80.620006572745183, 20.53598676157981 ], [ 80.620027746383471, 20.536138595020187 ], [ 80.620066419929401, 20.536415911764948 ], [ 80.620126267113619, 20.536845063748729 ], [ 80.620121471029108, 20.537197374958964 ], [ 80.620105424425844, 20.537265741420867 ], [ 80.620049396662409, 20.537504447572243 ], [ 80.619752032230565, 20.53798339861498 ], [ 80.619440279545316, 20.538475655127456 ], [ 80.619243651773161, 20.538828023894212 ], [ 80.618965617369383, 20.539266251836125 ], [ 80.618845585755253, 20.539568830537178 ], [ 80.618830572472973, 20.539707675968543 ], [ 80.618811895352735, 20.539880433934908 ], [ 80.618805258356019, 20.539931566688495 ], [ 80.618783151221521, 20.540101895586076 ], [ 80.618782417374746, 20.54012305033854 ], [ 80.618773426852215, 20.540381949867143 ], [ 80.618759311992733, 20.540457206035285 ], [ 80.618701414538691, 20.540765898327606 ], [ 80.618418312455219, 20.541710011108194 ], [ 80.61803946584871, 20.542346822847662 ], [ 80.617885942582234, 20.542816632281809 ], [ 80.617878504289592, 20.542932723966089 ], [ 80.617857002398807, 20.543268268216082 ], [ 80.617885683577484, 20.543787716629879 ], [ 80.617947844717321, 20.544347856668313 ], [ 80.618014905363623, 20.544722772338105 ], [ 80.618029144329626, 20.544971186670978 ], [ 80.618081862587943, 20.545431959717231 ], [ 80.618086548055828, 20.545892655421767 ], [ 80.618070925033237, 20.546016161116995 ], [ 80.618062537955836, 20.546082465433471 ], [ 80.617980929876083, 20.546461857029101 ], [ 80.617836992483262, 20.546769042057687 ], [ 80.617645183278626, 20.546985753489764 ], [ 80.617491638428419, 20.547116782913236 ], [ 80.616628582443184, 20.547554935312064 ], [ 80.616053123353026, 20.547947852711275 ], [ 80.615703076635725, 20.548295700586152 ], [ 80.615400900830991, 20.548756461941196 ], [ 80.615328907403239, 20.549000264550614 ], [ 80.615280889001895, 20.549235235817548 ], [ 80.615237653195223, 20.549470001139696 ], [ 80.615242442085105, 20.549504607052029 ], [ 80.615280788277801, 20.54978175112694 ], [ 80.615386074607727, 20.550084324432078 ], [ 80.6154436815807, 20.550170162023392 ], [ 80.615501195024194, 20.550256091345599 ], [ 80.615779149388288, 20.550549679524128 ], [ 80.616090819335909, 20.550766434123659 ], [ 80.616599008237699, 20.551105331046244 ], [ 80.616991955314518, 20.551394395634876 ], [ 80.617447417864128, 20.551710608957478 ], [ 80.617610531500873, 20.551850635198718 ], [ 80.617749492045505, 20.552004278974323 ], [ 80.617835835055814, 20.552221039869153 ], [ 80.617888467878572, 20.552537254990401 ], [ 80.617883555781532, 20.552970864913561 ], [ 80.617869992206408, 20.553066457451109 ], [ 80.617816250519581, 20.55344519434027 ], [ 80.617811800674133, 20.553518594307718 ], [ 80.617801743555674, 20.553684440084908 ], [ 80.617825750058387, 20.553933001007238 ], [ 80.617911916801575, 20.554384720578469 ], [ 80.618007856477448, 20.55462856905325 ], [ 80.618141894133146, 20.554877042741399 ], [ 80.618309790364606, 20.555057694956702 ], [ 80.618443999790827, 20.555175126630843 ], [ 80.618846663143074, 20.555387546498142 ], [ 80.619024084993612, 20.555444014030062 ], [ 80.619201508642789, 20.555500479763396 ], [ 80.619388453414444, 20.555536491316051 ], [ 80.620136510391717, 20.555572757376922 ], [ 80.620894026438236, 20.555522996988774 ], [ 80.621718806377885, 20.55545088395121 ], [ 80.622620214851111, 20.55529274266598 ], [ 80.623056431908878, 20.555247524753497 ], [ 80.623420915442978, 20.555229454675672 ], [ 80.623737339206912, 20.555247542739949 ], [ 80.624010579324818, 20.555342410423979 ], [ 80.624178440482694, 20.555514136867998 ], [ 80.624317373148301, 20.555658670511267 ], [ 80.624408541920729, 20.555902628703393 ], [ 80.624475511735511, 20.556336125311987 ], [ 80.6244554199817, 20.55643086709091 ], [ 80.62444675951042, 20.556471699909086 ], [ 80.624448671469054, 20.556541290348321 ], [ 80.624451474655871, 20.556643371494431 ], [ 80.624436897544854, 20.556725736803347 ], [ 80.624393935132048, 20.556968504293081 ], [ 80.624317064680838, 20.557293811560214 ], [ 80.624201890305073, 20.557695787830369 ], [ 80.624141956785934, 20.557917155952055 ], [ 80.624082024166114, 20.558138524073687 ], [ 80.624053172116248, 20.558314655397055 ], [ 80.624047132269368, 20.55841404397302 ], [ 80.624033960798727, 20.55863080127051 ], [ 80.624072227851116, 20.558919949496101 ], [ 80.624163283308917, 20.559222485929013 ], [ 80.624292668771716, 20.559619951199867 ], [ 80.624513218510288, 20.55992719108707 ], [ 80.624676169369764, 20.560112364194314 ], [ 80.624700105725367, 20.560198155920204 ], [ 80.625002139437242, 20.560496318950015 ], [ 80.625524645546022, 20.560938949972638 ], [ 80.625682862374276, 20.561092508312644 ], [ 80.625778788560297, 20.561205495537251 ], [ 80.625888994181821, 20.561426842075154 ], [ 80.625922597350041, 20.561512685062439 ], [ 80.625923374364291, 20.561516893889571 ], [ 80.626013578164134, 20.562004937078257 ], [ 80.626066280234681, 20.562289610277336 ], [ 80.626142886285209, 20.562528847028716 ], [ 80.626377712761268, 20.562921915514039 ], [ 80.626483265290517, 20.563170411685178 ], [ 80.626550304353145, 20.563409689805386 ], [ 80.626593460120148, 20.5636988164473 ], [ 80.626580045832497, 20.563824967947937 ], [ 80.626581977576279, 20.563837901997601 ], [ 80.62655805021393, 20.564063760434237 ], [ 80.626505275298257, 20.56417662714966 ], [ 80.626241558101469, 20.564528911380197 ], [ 80.626006526579999, 20.564836017268419 ], [ 80.625934670748521, 20.565147589189962 ], [ 80.625905059670799, 20.565325388755749 ], [ 80.625902545166412, 20.565415205847103 ], [ 80.625993564651367, 20.565749561193343 ], [ 80.626065472643518, 20.566151497893372 ], [ 80.626233171923388, 20.566905795266283 ], [ 80.626280975386749, 20.567289808477938 ], [ 80.626261317106184, 20.567356484214429 ], [ 80.626209089877648, 20.567533620979873 ], [ 80.626093919099162, 20.567854401059833 ], [ 80.625873202086666, 20.56834216365996 ], [ 80.625686174577368, 20.56854093721455 ], [ 80.625403198398942, 20.568789309279225 ], [ 80.62514422782391, 20.568951963362451 ], [ 80.624631172690499, 20.569132691120846 ], [ 80.624146889567385, 20.569390085184356 ], [ 80.623763110179425, 20.569611376863577 ], [ 80.623556899231573, 20.569656559702537 ], [ 80.623427574922687, 20.56964762583732 ], [ 80.623182855904133, 20.569602295509583 ], [ 80.622756266988176, 20.569462355603264 ], [ 80.622315140531384, 20.569344915835245 ], [ 80.622017734730719, 20.569308722619493 ], [ 80.621662909016095, 20.569353874881472 ], [ 80.621408811867255, 20.569453235578411 ], [ 80.621197840807781, 20.569566117582326 ], [ 80.621058706694043, 20.56965203341468 ], [ 80.620981963946519, 20.56977852306045 ], [ 80.620962651904904, 20.569950109210197 ], [ 80.620964645701918, 20.569976849651937 ], [ 80.620977133687802, 20.570144363671485 ], [ 80.621058538520799, 20.570428921757411 ], [ 80.621207165878047, 20.57088967591784 ], [ 80.621325402217607, 20.57111870395347 ] ] ] ] } },
{ "type": "Feature", "properties": { "REGION": 1.0, "STATE.NAME": "Maharashtra", "DISTRICT.NAME": "Gadchiroli", "DISTRICT.AREA": 14527.292838, "GRID_G0": "198515", "woodland": 0.76895911117462379, "maskWdl": 1.0, "cropland": 0.065673988299918232, "maskCrp": 0.0, "one": 0.15626277496567284, "maskOne": 0.0, "GRID.AREA": 23.450663450081723, "REGION.AREA": 32202.066020262951 }, "geometry": { "type": "Polygon", "coordinates": [ [ [ 80.066534923665401, 20.481119334017681 ], [ 80.111536188429895, 20.481119365259364 ], [ 80.111536188429895, 20.526116148164316 ], [ 80.066534923665401, 20.526116172024533 ], [ 80.066534923665401, 20.481119334017681 ] ] ] } },
{ "type": "Feature", "properties": { "REGION": 1.0, "STATE.NAME": "Maharashtra", "DISTRICT.NAME": "Gadchiroli", "DISTRICT.AREA": 14527.292838, "GRID_G0": "198516", "woodland": 0.40072453316141743, "maskWdl": 1.0, "cropland": 0.46134003571664794, "maskCrp": 0.0, "one": 0.12352366008780144, "maskOne": 0.0, "GRID.AREA": 23.450637783516058, "REGION.AREA": 32202.066020262951 }, "geometry": { "type": "Polygon", "coordinates": [ [ [ 80.111536188429895, 20.481119365259364 ], [ 80.156537424750198, 20.481119339179394 ], [ 80.156537424750198, 20.526116135567079 ], [ 80.111536188429895, 20.526116148164316 ], [ 80.111536188429895, 20.481119365259364 ] ] ] } },
{ "type": "Feature", "properties": { "REGION": 1.0, "STATE.NAME": "Maharashtra", "DISTRICT.NAME": "Gadchiroli", "DISTRICT.AREA": 14527.292838, "GRID_G0": "198518", "woodland": 0.42918066751352091, "maskWdl": 1.0, "cropland": 0.39357764604400841, "maskCrp": 0.0, "one": 0.16034070045533058, "maskOne": 0.0, "GRID.AREA": 23.450639796715688, "REGION.AREA": 32202.066020262951 }, "geometry": { "type": "Polygon", "coordinates": [ [ [ 80.201534259565875, 20.481119374881615 ], [ 80.246535515872466, 20.481119350238739 ], [ 80.246535515872466, 20.526116109182158 ], [ 80.201534259565875, 20.526116162989368 ], [ 80.201534259565875, 20.481119374881615 ] ] ] } },
{ "type": "Feature", "properties": { "REGION": 1.0, "STATE.NAME": "Maharashtra", "DISTRICT.NAME": "Gadchiroli", "DISTRICT.AREA": 14527.292838, "GRID_G0": "198519", "woodland": 0.68995394888197603, "maskWdl": 1.0, "cropland": 0.2239657862720987, "maskCrp": 0.0, "one": 0.084665796097675966, "maskOne": 0.0, "GRID.AREA": 23.450621792922373, "REGION.AREA": 32202.066020262951 }, "geometry": { "type": "Polygon", "coordinates": [ [ [ 80.246535515872466, 20.481119350238739 ], [ 80.291536732472025, 20.481119378118599 ], [ 80.291536732472025, 20.526116176544122 ], [ 80.246535515872466, 20.526116109182158 ], [ 80.246535515872466, 20.481119350238739 ] ] ] } },
{ "type": "Feature", "properties": { "REGION": 1.0, "STATE.NAME": "Maharashtra", "DISTRICT.NAME": "Gadchiroli", "DISTRICT.AREA": 14527.292838, "GRID_G0": "198520", "woodland": 0.80559014945641072, "maskWdl": 1.0, "cropland": 0.1263427747751826, "maskCrp": 0.0, "one": 0.066720201594388198, "maskOne": 0.0, "GRID.AREA": 23.448340269156407, "REGION.AREA": 32202.066020262951 }, "geometry": { "type": "Polygon", "coordinates": [ [ [ 80.291536732472025, 20.481119378118599 ], [ 80.336533542262686, 20.481119311566967 ], [ 80.336533542262686, 20.52611612774 ], [ 80.291536732472025, 20.526116176544122 ], [ 80.291536732472025, 20.481119378118599 ] ] ] } },
{ "type": "Feature", "properties": { "REGION": 1.0, "STATE.NAME": "Maharashtra", "DISTRICT.NAME": "Gadchiroli", "DISTRICT.AREA": 14527.292838, "GRID_G0": "198521", "woodland": 0.5478613050576655, "maskWdl": 1.0, "cropland": 0.31596815007705376, "maskCrp": 0.0, "one": 0.12612974131076929, "maskOne": 0.0, "GRID.AREA": 23.450614128135797, "REGION.AREA": 32202.066020262951 }, "geometry": { "type": "Polygon", "coordinates": [ [ [ 80.336533542262686, 20.481119311566967 ], [ 80.381534753204193, 20.481119380195306 ], [ 80.381534753204193, 20.526116103278564 ], [ 80.336533542262686, 20.52611612774 ], [ 80.336533542262686, 20.481119311566967 ] ] ] } },
{ "type": "Feature", "properties": { "REGION": 1.0, "STATE.NAME": "Maharashtra", "DISTRICT.NAME": "Gadchiroli", "DISTRICT.AREA": 14527.292838, "GRID_G0": "198522", "woodland": 0.41237997204934146, "maskWdl": 1.0, "cropland": 0.35738335843168845, "maskCrp": 0.0, "one": 0.22469831939482679, "maskOne": 0.0, "GRID.AREA": 23.450623067155728, "REGION.AREA": 32202.066020262951 }, "geometry": { "type": "Polygon", "coordinates": [ [ [ 80.381534753204193, 20.481119380195306 ], [ 80.426535995054564, 20.48111934557199 ], [ 80.426535995054564, 20.526116134243534 ], [ 80.381534753204193, 20.526116103278564 ], [ 80.381534753204193, 20.481119380195306 ] ] ] } },
{ "type": "Feature", "properties": { "REGION": 1.0, "STATE.NAME": "Maharashtra", "DISTRICT.NAME": "Gadchiroli", "DISTRICT.AREA": 14527.292838, "GRID_G0": "198523", "woodland": 0.88294509738139448, "maskWdl": 1.0, "cropland": 0.050460779091000732, "maskCrp": 0.0, "one": 0.066143883246718521, "maskOne": 0.0, "GRID.AREA": 23.4506501866185, "REGION.AREA": 32202.066020262951 }, "geometry": { "type": "Polygon", "coordinates": [ [ [ 80.426535995054564, 20.48111934557199 ], [ 80.471537233983682, 20.481119302446661 ], [ 80.471537233983682, 20.526116135438141 ], [ 80.426535995054564, 20.526116134243534 ], [ 80.426535995054564, 20.48111934557199 ] ] ] } },
{ "type": "Feature", "properties": { "REGION": 1.0, "STATE.NAME": "Maharashtra", "DISTRICT.NAME": "Gadchiroli", "DISTRICT.AREA": 14527.292838, "GRID_G0": "198524", "woodland": 0.99592487651177464, "maskWdl": 1.0, "cropland": 0.00031878649584858891, "maskCrp": 0.0, "one": 0.0037563369923766868, "maskOne": 0.0, "GRID.AREA": 23.448326865425887, "REGION.AREA": 32202.066020262951 }, "geometry": { "type": "Polygon", "coordinates": [ [ [ 80.471537233983682, 20.481119302446661 ], [ 80.516534026046131, 20.481119374153895 ], [ 80.516534026046131, 20.526116139768305 ], [ 80.471537233983682, 20.526116135438141 ], [ 80.471537233983682, 20.481119302446661 ] ] ] } },
{ "type": "Feature", "properties": { "REGION": 1.0, "STATE.NAME": "Maharashtra", "DISTRICT.NAME": "Gadchiroli", "DISTRICT.AREA": 14527.292838, "GRID_G0": "198525", "woodland": 0.98465275770894278, "maskWdl": 1.0, "cropland": 0.0011792571884370892, "maskCrp": 0.0, "one": 0.013187810864600453, "maskOne": 0.0, "GRID.AREA": 23.450660162675543, "REGION.AREA": 32202.066020262951 }, "geometry": { "type": "Polygon", "coordinates": [ [ [ 80.516534026046131, 20.481119374153895 ], [ 80.561535328445359, 20.481119338884085 ], [ 80.561535328445359, 20.526116106295014 ], [ 80.516534026046131, 20.526116139768305 ], [ 80.516534026046131, 20.481119374153895 ] ] ] } },
{ "type": "Feature", "properties": { "REGION": 1.0, "STATE.NAME": "Maharashtra", "DISTRICT.NAME": "Gadchiroli", "DISTRICT.AREA": 14527.292838, "GRID_G0": "198526", "woodland": 0.81619372660620026, "maskWdl": 1.0, "cropland": 0.055076192458357216, "maskCrp": 0.0, "one": 0.12846312309081562, "maskOne": 0.0, "GRID.AREA": 23.450623642245258, "REGION.AREA": 32202.066020262951 }, "geometry": { "type": "Polygon", "coordinates": [ [ [ 80.561535328445359, 20.481119338884085 ], [ 80.606536524577095, 20.481119309279908 ], [ 80.606536524577095, 20.526116147249965 ], [ 80.561535328445359, 20.526116106295014 ], [ 80.561535328445359, 20.481119338884085 ] ] ] } },
{ "type": "Feature", "properties": { "REGION": 1.0, "STATE.NAME": "Maharashtra", "DISTRICT.NAME": "Gadchiroli", "DISTRICT.AREA": 14527.292838, "GRID_G0": "198527", "woodland": 0.7865041148593328, "maskWdl": 1.0, "cropland": 0.082383848617053404, "maskCrp": 0.0, "one": 0.129920683586362, "maskOne": 0.0, "GRID.AREA": 5.6540216071347054, "REGION.AREA": 32202.066020262951 }, "geometry": { "type": "Polygon", "coordinates": [ [ [ 80.618285775420318, 20.526117254739855 ], [ 80.606536524577095, 20.526116147249965 ], [ 80.606536524577095, 20.481119309279908 ], [ 80.615109886280905, 20.481120201572374 ], [ 80.615184756871088, 20.482207753784849 ], [ 80.615196909409917, 20.482345707088768 ], [ 80.615314439110136, 20.483679858538668 ], [ 80.615376797201463, 20.484185714599107 ], [ 80.615654982691353, 20.485147605177872 ], [ 80.616000345739394, 20.486538367151979 ], [ 80.61632167530513, 20.487753137197558 ], [ 80.616364905715912, 20.488236270987162 ], [ 80.616335371080595, 20.488295276405946 ], [ 80.616343423610147, 20.488385486501041 ], [ 80.615825765746536, 20.489419668183189 ], [ 80.615029979949668, 20.490661605848459 ], [ 80.614766375168131, 20.491239658583428 ], [ 80.614711789017917, 20.492088129363704 ], [ 80.614730964362607, 20.492435822555194 ], [ 80.61486042536842, 20.493122098805884 ], [ 80.615076424537392, 20.493907883242287 ], [ 80.615483970309015, 20.495172242804816 ], [ 80.61593479865212, 20.496382444294397 ], [ 80.616083353164314, 20.496806939588623 ], [ 80.616323164582411, 20.497737272057524 ], [ 80.616515159946744, 20.498730607431643 ], [ 80.61664466681799, 20.499570451914849 ], [ 80.616793304967132, 20.500116973519539 ], [ 80.616805774966622, 20.500384878859112 ], [ 80.616812402970083, 20.500527369242718 ], [ 80.616818244066792, 20.500652877728161 ], [ 80.618606371486919, 20.502513852032674 ], [ 80.619494628274538, 20.503837465226866 ], [ 80.619629247791636, 20.504533748233939 ], [ 80.619603638697015, 20.504672885944956 ], [ 80.619605784479404, 20.504683979082412 ], [ 80.619495854949776, 20.505281663118293 ], [ 80.619292137821958, 20.50587963673587 ], [ 80.619122620112876, 20.506675080790387 ], [ 80.619117846511472, 20.506697629492066 ], [ 80.619103470848586, 20.506733731876299 ], [ 80.619089076299872, 20.5067654239852 ], [ 80.619050736402414, 20.506810546569511 ], [ 80.618993189684033, 20.506860256595644 ], [ 80.618858956875442, 20.507018320539089 ], [ 80.618800174488513, 20.507172562363905 ], [ 80.618795664388472, 20.507211998534956 ], [ 80.618771412370847, 20.507704336885695 ], [ 80.618771419565405, 20.507894133407603 ], [ 80.618748668516275, 20.507938073383457 ], [ 80.618748671214234, 20.508043489215712 ], [ 80.618652812477364, 20.508228617356849 ], [ 80.618518580568093, 20.508346046333031 ], [ 80.61819266086269, 20.508440904124484 ], [ 80.617861887516142, 20.508626080829004 ], [ 80.617646136559983, 20.5088427841672 ], [ 80.617507138243866, 20.509091167023765 ], [ 80.617449544760746, 20.509402847763283 ], [ 80.617344108244083, 20.509899640456073 ], [ 80.617260545038164, 20.510270718718743 ], [ 80.617241628698252, 20.510536635657274 ], [ 80.617265487712132, 20.510902522133733 ], [ 80.617342164809088, 20.511083267878575 ], [ 80.617495571163715, 20.511182591703285 ], [ 80.617922083637325, 20.511264052294226 ], [ 80.618152266913626, 20.511313587851873 ], [ 80.618296170132226, 20.511363293381351 ], [ 80.618396657679682, 20.51152150301499 ], [ 80.618463756097526, 20.511824222010262 ], [ 80.618511564057485, 20.512343669524796 ], [ 80.618501841486875, 20.512686887689767 ], [ 80.618473033503733, 20.513039292429426 ], [ 80.618549633259022, 20.513328454144872 ], [ 80.618664690722937, 20.513617550209801 ], [ 80.618846709907814, 20.514033176390001 ], [ 80.618870685833542, 20.51421377104873 ], [ 80.618841227640587, 20.514302495463824 ], [ 80.618849095809196, 20.514361769779896 ], [ 80.618801169138692, 20.514506334000149 ], [ 80.618748464370185, 20.514569539252875 ], [ 80.618642937921322, 20.514628273076369 ], [ 80.618518365630109, 20.514641750316574 ], [ 80.618106093921142, 20.514578535171324 ], [ 80.617784944219864, 20.51456946730713 ], [ 80.617588375802939, 20.514569454716593 ], [ 80.617449377486821, 20.514650757926177 ], [ 80.617358224902205, 20.514799822353954 ], [ 80.617341273580962, 20.514873639606829 ], [ 80.617341198037934, 20.515049434583776 ], [ 80.617398722273265, 20.515266306994537 ], [ 80.617499314142094, 20.515677306162786 ], [ 80.617863428054818, 20.516440882740596 ], [ 80.618016731886712, 20.516915112342588 ], [ 80.61806941057489, 20.517118303367056 ], [ 80.618069393487758, 20.51724033147616 ], [ 80.618048432089552, 20.517307869662485 ], [ 80.618048421297658, 20.517387658413782 ], [ 80.617957355047963, 20.517681270873993 ], [ 80.61789381884472, 20.517952083721752 ], [ 80.617925376055325, 20.518089501029692 ], [ 80.617926655790598, 20.518090683638206 ], [ 80.618026019185493, 20.518175398875599 ], [ 80.618222549830875, 20.518234254107597 ], [ 80.61875939023372, 20.518283905677773 ], [ 80.618965519343305, 20.518392275782961 ], [ 80.61904699971933, 20.518541368989023 ], [ 80.61903261776115, 20.518685933209326 ], [ 80.619024011249167, 20.518711736557464 ], [ 80.619011968427685, 20.518832947182826 ], [ 80.618959222290357, 20.518991050696453 ], [ 80.618738632981604, 20.519221292428767 ], [ 80.618331175343542, 20.519691017326636 ], [ 80.618134635704905, 20.520034261571936 ], [ 80.618081103560144, 20.52023590846045 ], [ 80.618092633768072, 20.520479243422411 ], [ 80.618183563320827, 20.520696117631758 ], [ 80.61829381840505, 20.520840639583923 ], [ 80.618677298318744, 20.52105743465296 ], [ 80.619110926228302, 20.521239785687612 ], [ 80.619343582640283, 20.52133762383232 ], [ 80.619913901205621, 20.521703498617626 ], [ 80.620182322756023, 20.522051297929128 ], [ 80.620311812540194, 20.52230877473022 ], [ 80.620388388013737, 20.522683679608182 ], [ 80.620366862740582, 20.52282174262939 ], [ 80.620368527385665, 20.522829880594546 ], [ 80.620315746174811, 20.52316866779984 ], [ 80.620253379090229, 20.523398994967692 ], [ 80.620071252886078, 20.523715056304866 ], [ 80.620004556465176, 20.523903447186399 ], [ 80.61999496699417, 20.524020868068646 ], [ 80.620028491022083, 20.524133710502383 ], [ 80.620109978592737, 20.524282892741383 ], [ 80.620277656288877, 20.524540301194012 ], [ 80.620656353607899, 20.52489720883915 ], [ 80.620843227333125, 20.525294782927919 ], [ 80.620900676025428, 20.525606353950138 ], [ 80.620900639153206, 20.525773494751036 ], [ 80.620881373876387, 20.52581585821531 ], [ 80.62088137207769, 20.525919050923505 ], [ 80.620791136038008, 20.52611738855736 ], [ 80.619723492508697, 20.52611733593049 ], [ 80.619141151542991, 20.525765423335656 ], [ 80.618508281532002, 20.525395069926564 ], [ 80.618283010352684, 20.525313792797363 ], [ 80.618110393579855, 20.525304760006687 ], [ 80.61803854224496, 20.525322804903567 ], [ 80.617977351473655, 20.52539373623199 ], [ 80.617981138518758, 20.525434660781002 ], [ 80.618048200963756, 20.525665043706852 ], [ 80.618206259511339, 20.526003823717527 ], [ 80.618285775420318, 20.526117254739855 ] ] ] } },
{ "type": "Feature", "properties": { "REGION": 1.0, "STATE.NAME": "Maharashtra", "DISTRICT.NAME": "Gadchiroli", "DISTRICT.AREA": 14527.292838, "GRID_G0": "197864", "woodland": 0.68706531091964074, "maskWdl": 1.0, "cropland": 0.18120847898527015, "maskCrp": 0.0, "one": 0.12967627707073512, "maskOne": 0.0, "GRID.AREA": 23.459795422746165, "REGION.AREA": 32202.066020262951 }, "geometry": { "type": "Polygon", "coordinates": [ [ [ 80.021533747255191, 20.436118101349077 ], [ 80.066534923665401, 20.43611813140852 ], [ 80.066534923665401, 20.481119334017681 ], [ 80.021533747255191, 20.48111933518955 ], [ 80.021533747255191, 20.436118101349077 ] ] ] } },
{ "type": "Feature", "properties": { "REGION": 1.0, "STATE.NAME": "Maharashtra", "DISTRICT.NAME": "Gadchiroli", "DISTRICT.AREA": 14527.292838, "GRID_G0": "197865", "woodland": 0.62735768025495531, "maskWdl": 1.0, "cropland": 0.22181602167598083, "maskCrp": 0.0, "one": 0.14847395884943165, "maskOne": 0.0, "GRID.AREA": 23.459843072832793, "REGION.AREA": 32202.066020262951 }, "geometry": { "type": "Polygon", "coordinates": [ [ [ 80.066534923665401, 20.43611813140852 ], [ 80.111536188429895, 20.436118125312365 ], [ 80.111536188429895, 20.481119365259364 ], [ 80.066534923665401, 20.481119334017681 ], [ 80.066534923665401, 20.43611813140852 ] ] ] } },
{ "type": "Feature", "properties": { "REGION": 1.0, "STATE.NAME": "Maharashtra", "DISTRICT.NAME": "Gadchiroli", "DISTRICT.AREA": 14527.292838, "GRID_G0": "197867", "woodland": 0.74988561073710502, "maskWdl": 1.0, "cropland": 0.1307917401473892, "maskCrp": 0.0, "one": 0.11475535716338414, "maskOne": 0.0, "GRID.AREA": 23.457550234382996, "REGION.AREA": 32202.066020262951 }, "geometry": { "type": "Polygon", "coordinates": [ [ [ 80.156537424750198, 20.436118083241642 ], [ 80.201534259565875, 20.436118124725262 ], [ 80.201534259565875, 20.481119374881615 ], [ 80.156537424750198, 20.481119339179394 ], [ 80.156537424750198, 20.436118083241642 ] ] ] } },
{ "type": "Feature", "properties": { "REGION": 1.0, "STATE.NAME": "Maharashtra", "DISTRICT.NAME": "Gadchiroli", "DISTRICT.AREA": 14527.292838, "GRID_G0": "197868", "woodland": 0.75801663589773105, "maskWdl": 1.0, "cropland": 0.073640354089850188, "maskCrp": 0.0, "one": 0.13526680847668057, "maskOne": 0.0, "GRID.AREA": 23.459846764430122, "REGION.AREA": 32202.066020262951 }, "geometry": { "type": "Polygon", "coordinates": [ [ [ 80.201534259565875, 20.436118124725262 ], [ 80.246535515872466, 20.436118126757496 ], [ 80.246535515872466, 20.481119350238739 ], [ 80.201534259565875, 20.481119374881615 ], [ 80.201534259565875, 20.436118124725262 ] ] ] } },
{ "type": "Feature", "properties": { "REGION": 1.0, "STATE.NAME": "Maharashtra", "DISTRICT.NAME": "Gadchiroli", "DISTRICT.AREA": 14527.292838, "GRID_G0": "197869", "woodland": 0.57071566690886177, "maskWdl": 1.0, "cropland": 0.23087559203914118, "maskCrp": 0.0, "one": 0.19411746347177222, "maskOne": 0.0, "GRID.AREA": 23.459830047136546, "REGION.AREA": 32202.066020262951 }, "geometry": { "type": "Polygon", "coordinates": [ [ [ 80.246535515872466, 20.436118126757496 ], [ 80.291536732472025, 20.436118112684493 ], [ 80.291536732472025, 20.481119378118599 ], [ 80.246535515872466, 20.481119350238739 ], [ 80.246535515872466, 20.436118126757496 ] ] ] } },
{ "type": "Feature", "properties": { "REGION": 1.0, "STATE.NAME": "Maharashtra", "DISTRICT.NAME": "Gadchiroli", "DISTRICT.AREA": 14527.292838, "GRID_G0": "197872", "woodland": 0.80327570887385513, "maskWdl": 1.0, "cropland": 0.11541394157818181, "maskCrp": 0.0, "one": 0.079903499149397539, "maskOne": 0.0, "GRID.AREA": 23.459858620681441, "REGION.AREA": 32202.066020262951 }, "geometry": { "type": "Polygon", "coordinates": [ [ [ 80.381534753204193, 20.436118095205696 ], [ 80.426535995054564, 20.436118082536371 ], [ 80.426535995054564, 20.48111934557199 ], [ 80.381534753204193, 20.481119380195306 ], [ 80.381534753204193, 20.436118095205696 ] ] ] } },
{ "type": "Feature", "properties": { "REGION": 1.0, "STATE.NAME": "Maharashtra", "DISTRICT.NAME": "Gadchiroli", "DISTRICT.AREA": 14527.292838, "GRID_G0": "197873", "woodland": 0.87508413235825355, "maskWdl": 1.0, "cropland": 0.03908213071753304, "maskCrp": 0.0, "one": 0.085383383703813306, "maskOne": 0.0, "GRID.AREA": 23.459840105496387, "REGION.AREA": 32202.066020262951 }, "geometry": { "type": "Polygon", "coordinates": [ [ [ 80.426535995054564, 20.436118082536371 ], [ 80.471537233983682, 20.436118082660311 ], [ 80.471537233983682, 20.481119302446661 ], [ 80.426535995054564, 20.48111934557199 ], [ 80.426535995054564, 20.436118082536371 ] ] ] } },
{ "type": "Feature", "properties": { "REGION": 1.0, "STATE.NAME": "Maharashtra", "DISTRICT.NAME": "Gadchiroli", "DISTRICT.AREA": 14527.292838, "GRID_G0": "197874", "woodland": 0.97391605329492492, "maskWdl": 1.0, "cropland": 0.00063773176667084649, "maskCrp": 0.0, "one": 0.02544621493840428, "maskOne": 0.0, "GRID.AREA": 23.457517136266279, "REGION.AREA": 32202.066020262951 }, "geometry": { "type": "Polygon", "coordinates": [ [ [ 80.471537233983682, 20.436118082660311 ], [ 80.516534026046131, 20.436118129327905 ], [ 80.516534026046131, 20.481119374153895 ], [ 80.471537233983682, 20.481119302446661 ], [ 80.471537233983682, 20.436118082660311 ] ] ] } },
{ "type": "Feature", "properties": { "REGION": 1.0, "STATE.NAME": "Maharashtra", "DISTRICT.NAME": "Gadchiroli", "DISTRICT.AREA": 14527.292838, "GRID_G0": "197875", "woodland": 0.95361714985719981, "maskWdl": 1.0, "cropland": 0.0050471266217016371, "maskCrp": 0.0, "one": 0.041228116528950906, "maskOne": 0.0, "GRID.AREA": 23.459876064388684, "REGION.AREA": 32202.066020262951 }, "geometry": { "type": "Polygon", "coordinates": [ [ [ 80.516534026046131, 20.436118129327905 ], [ 80.561535328445359, 20.436118089856475 ], [ 80.561535328445359, 20.481119338884085 ], [ 80.516534026046131, 20.481119374153895 ], [ 80.516534026046131, 20.436118129327905 ] ] ] } },
{ "type": "Feature", "properties": { "REGION": 1.0, "STATE.NAME": "Maharashtra", "DISTRICT.NAME": "Gadchiroli", "DISTRICT.AREA": 14527.292838, "GRID_G0": "197876", "woodland": 0.83674105806231802, "maskWdl": 1.0, "cropland": 0.032477544472141191, "maskCrp": 0.0, "one": 0.1304316938336407, "maskOne": 0.0, "GRID.AREA": 23.050237576516977, "REGION.AREA": 32202.066020262951 }, "geometry": { "type": "Polygon", "coordinates": [ [ [ 80.606536524577095, 20.455550581404577 ], [ 80.606536524577095, 20.481119309279908 ], [ 80.561535328445359, 20.481119338884085 ], [ 80.561535328445359, 20.436118089856475 ], [ 80.606536524577095, 20.436118077325609 ], [ 80.606536524577095, 20.444220264050994 ], [ 80.606010441728586, 20.444246483488481 ], [ 80.605042541879868, 20.4446076979869 ], [ 80.604165525718486, 20.445262498865301 ], [ 80.603499432053184, 20.445709464620165 ], [ 80.602981951356014, 20.445993920183298 ], [ 80.602660827735065, 20.446233263054697 ], [ 80.602339750878855, 20.446698428389823 ], [ 80.602152324070587, 20.44719289273786 ], [ 80.602134994134701, 20.447547589849421 ], [ 80.602091955279548, 20.448554529268169 ], [ 80.602183060200105, 20.449841656966957 ], [ 80.602331705543861, 20.450672661114481 ], [ 80.602461135972703, 20.451074517774828 ], [ 80.603103468650204, 20.452063623637343 ], [ 80.6038127828337, 20.45291259893736 ], [ 80.60499180213003, 20.454005646643342 ], [ 80.605057407673257, 20.454066725898709 ], [ 80.606194866599878, 20.455125711782216 ], [ 80.606536524577095, 20.455550581404577 ] ] ] } },
{ "type": "Feature", "properties": { "REGION": 1.0, "STATE.NAME": "Maharashtra", "DISTRICT.NAME": "Gadchiroli", "DISTRICT.AREA": 14527.292838, "GRID_G0": "197877", "woodland": 0.86722985791619722, "maskWdl": 1.0, "cropland": 0.021257870313022887, "maskCrp": 0.0, "one": 0.11110974135634992, "maskOne": 0.0, "GRID.AREA": 2.2763005595362493, "REGION.AREA": 32202.066020262951 }, "geometry": { "type": "MultiPolygon", "coordinates": [ [ [ [ 80.615109886280905, 20.481120201572374 ], [ 80.606536524577095, 20.481119309279908 ], [ 80.606536524577095, 20.455550581404577 ], [ 80.607139073809265, 20.456299875638816 ], [ 80.608207992704763, 20.45743352863451 ], [ 80.608636957629528, 20.457907727659574 ], [ 80.609065926151629, 20.458381924885995 ], [ 80.609583485989162, 20.458887759362653 ], [ 80.609609338799999, 20.458908715365002 ], [ 80.610441544441755, 20.459583280643926 ], [ 80.611663660149873, 20.460391699217613 ], [ 80.612329971451061, 20.461182059404564 ], [ 80.612608005854838, 20.461809689965264 ], [ 80.612799947259816, 20.463083266679462 ], [ 80.61278091041072, 20.464496737434558 ], [ 80.612761998567464, 20.466000506418311 ], [ 80.612651897267313, 20.467174636100651 ], [ 80.612843746941451, 20.467982939561068 ], [ 80.613208118060243, 20.468773250285324 ], [ 80.613361635031481, 20.469540884604214 ], [ 80.613424049780122, 20.470927275873123 ], [ 80.613510399085726, 20.47136985473503 ], [ 80.613831788006678, 20.472399511028641 ], [ 80.614239320288448, 20.473614192940715 ], [ 80.614455135995797, 20.4747477308232 ], [ 80.614647042327192, 20.475668955857657 ], [ 80.614733385337502, 20.476698567185164 ], [ 80.614862988436244, 20.478071356208151 ], [ 80.614906319571048, 20.479588682471785 ], [ 80.615098333821095, 20.480952391939415 ], [ 80.615109886280905, 20.481120201572374 ] ] ], [ [ [ 80.606536524577095, 20.444220264050994 ], [ 80.606536524577095, 20.436118077325609 ], [ 80.613758965570668, 20.436118861664198 ], [ 80.613658309683331, 20.436835919642025 ], [ 80.613533740090077, 20.437382404374489 ], [ 80.612886740830504, 20.438737304083361 ], [ 80.612009830789134, 20.439843693231921 ], [ 80.610960390309799, 20.440895884737362 ], [ 80.610380578500951, 20.441279739668289 ], [ 80.609676282534451, 20.441681652086629 ], [ 80.60922579503449, 20.442146800334626 ], [ 80.608645960742535, 20.442995803513554 ], [ 80.608473405123618, 20.443316476574179 ], [ 80.608046880958867, 20.443903539616716 ], [ 80.607701892028729, 20.444084145067276 ], [ 80.607275473084655, 20.444183432919147 ], [ 80.606536524577095, 20.444220264050994 ] ] ] ] } },
{ "type": "Feature", "properties": { "REGION": 1.0, "STATE.NAME": "Maharashtra", "DISTRICT.NAME": "Gadchiroli", "DISTRICT.AREA": 14527.292838, "GRID_G0": "197218", "woodland": 0.41264639022564686, "maskWdl": 1.0, "cropland": 0.38464003461696961, "maskCrp": 0.0, "one": 0.19573425937445807, "maskOne": 0.0, "GRID.AREA": 23.46674601877805, "REGION.AREA": 32202.066020262951 }, "geometry": { "type": "Polygon", "coordinates": [ [ [ 80.201534259565875, 20.391116813249894 ], [ 80.246535515872466, 20.391116839893122 ], [ 80.246535515872466, 20.436118126757496 ], [ 80.201534259565875, 20.436118124725262 ], [ 80.201534259565875, 20.391116813249894 ] ] ] } },
{ "type": "Feature", "properties": { "REGION": 1.0, "STATE.NAME": "Maharashtra", "DISTRICT.NAME": "Gadchiroli", "DISTRICT.AREA": 14527.292838, "GRID_G0": "197219", "woodland": 0.40059337545102114, "maskWdl": 1.0, "cropland": 0.4444857230138663, "maskCrp": 0.0, "one": 0.1449269853428008, "maskOne": 0.0, "GRID.AREA": 23.466706912615614, "REGION.AREA": 32202.066020262951 }, "geometry": { "type": "Polygon", "coordinates": [ [ [ 80.246535515872466, 20.391116839893122 ], [ 80.291536732472025, 20.391116871773093 ], [ 80.291536732472025, 20.436118112684493 ], [ 80.246535515872466, 20.436118126757496 ], [ 80.246535515872466, 20.391116839893122 ] ] ] } },
{ "type": "Feature", "properties": { "REGION": 1.0, "STATE.NAME": "Maharashtra", "DISTRICT.NAME": "Gadchiroli", "DISTRICT.AREA": 14527.292838, "GRID_G0": "197220", "woodland": 0.78110864469272057, "maskWdl": 1.0, "cropland": 0.11714537639238719, "maskCrp": 0.0, "one": 0.098017122665302187, "maskOne": 0.0, "GRID.AREA": 23.464402720239264, "REGION.AREA": 32202.066020262951 }, "geometry": { "type": "Polygon", "coordinates": [ [ [ 80.291536732472025, 20.391116871773093 ], [ 80.336533542262686, 20.391116852735635 ], [ 80.336533542262686, 20.436118115891095 ], [ 80.291536732472025, 20.436118112684493 ], [ 80.291536732472025, 20.391116871773093 ] ] ] } },
{ "type": "Feature", "properties": { "REGION": 1.0, "STATE.NAME": "Maharashtra", "DISTRICT.NAME": "Gadchiroli", "DISTRICT.AREA": 14527.292838, "GRID_G0": "197221", "woodland": 0.66621381143793124, "maskWdl": 1.0, "cropland": 0.21854449134478074, "maskCrp": 0.0, "one": 0.10984275273364595, "maskOne": 0.0, "GRID.AREA": 23.466703938495773, "REGION.AREA": 32202.066020262951 }, "geometry": { "type": "Polygon", "coordinates": [ [ [ 80.336533542262686, 20.391116852735635 ], [ 80.381534753204193, 20.391116830684279 ], [ 80.381534753204193, 20.436118095205696 ], [ 80.336533542262686, 20.436118115891095 ], [ 80.336533542262686, 20.391116852735635 ] ] ] } },
{ "type": "Feature", "properties": { "REGION": 1.0, "STATE.NAME": "Maharashtra", "DISTRICT.NAME": "Gadchiroli", "DISTRICT.AREA": 14527.292838, "GRID_G0": "197222", "woodland": 0.79818310406311321, "maskWdl": 1.0, "cropland": 0.096617027422776947, "maskCrp": 0.0, "one": 0.10429540496658068, "maskOne": 0.0, "GRID.AREA": 23.466715216045003, "REGION.AREA": 32202.066020262951 }, "geometry": { "type": "Polygon", "coordinates": [ [ [ 80.381534753204193, 20.391116830684279 ], [ 80.426535995054564, 20.391116837952623 ], [ 80.426535995054564, 20.436118082536371 ], [ 80.381534753204193, 20.436118095205696 ], [ 80.381534753204193, 20.391116830684279 ] ] ] } },
{ "type": "Feature", "properties": { "REGION": 1.0, "STATE.NAME": "Maharashtra", "DISTRICT.NAME": "Gadchiroli", "DISTRICT.AREA": 14527.292838, "GRID_G0": "197223", "woodland": 0.92402106244308968, "maskWdl": 1.0, "cropland": 0.014773467475578627, "maskCrp": 0.0, "one": 0.060747260695795419, "maskOne": 0.0, "GRID.AREA": 23.466697740160946, "REGION.AREA": 32202.066020262951 }, "geometry": { "type": "Polygon", "coordinates": [ [ [ 80.426535995054564, 20.391116837952623 ], [ 80.471537233983682, 20.391116879316815 ], [ 80.471537233983682, 20.436118082660311 ], [ 80.426535995054564, 20.436118082536371 ], [ 80.426535995054564, 20.391116837952623 ] ] ] } },
{ "type": "Feature", "properties": { "REGION": 1.0, "STATE.NAME": "Maharashtra", "DISTRICT.NAME": "Gadchiroli", "DISTRICT.AREA": 14527.292838, "GRID_G0": "197224", "woodland": 0.91478259358793057, "maskWdl": 1.0, "cropland": 0.027085440397769403, "maskCrp": 0.0, "one": 0.057478453101462698, "maskOne": 0.0, "GRID.AREA": 23.464398600182484, "REGION.AREA": 32202.066020262951 }, "geometry": { "type": "Polygon", "coordinates": [ [ [ 80.471537233983682, 20.391116879316815 ], [ 80.516534026046131, 20.391116808955648 ], [ 80.516534026046131, 20.436118129327905 ], [ 80.471537233983682, 20.436118082660311 ], [ 80.471537233983682, 20.391116879316815 ] ] ] } },
{ "type": "Feature", "properties": { "REGION": 1.0, "STATE.NAME": "Maharashtra", "DISTRICT.NAME": "Gadchiroli", "DISTRICT.AREA": 14527.292838, "GRID_G0": "197225", "woodland": 0.95037594478675202, "maskWdl": 1.0, "cropland": 0.01729599669398698, "maskCrp": 0.0, "one": 0.032328058519261044, "maskOne": 0.0, "GRID.AREA": 23.466759259616914, "REGION.AREA": 32202.066020262951 }, "geometry": { "type": "Polygon", "coordinates": [ [ [ 80.516534026046131, 20.391116808955648 ], [ 80.561535328445359, 20.391116853294797 ], [ 80.561535328445359, 20.436118089856475 ], [ 80.516534026046131, 20.436118129327905 ], [ 80.516534026046131, 20.391116808955648 ] ] ] } },
{ "type": "Feature", "properties": { "REGION": 1.0, "STATE.NAME": "Maharashtra", "DISTRICT.NAME": "Gadchiroli", "DISTRICT.AREA": 14527.292838, "GRID_G0": "197226", "woodland": 0.51945322855999831, "maskWdl": 1.0, "cropland": 0.23428747120211188, "maskCrp": 0.0, "one": 0.24550123799964724, "maskOne": 0.0, "GRID.AREA": 20.038614644012167, "REGION.AREA": 32202.066020262951 }, "geometry": { "type": "Polygon", "coordinates": [ [ [ 80.606536524577095, 20.423189143681601 ], [ 80.606536524577095, 20.436118077325609 ], [ 80.561535328445359, 20.436118089856475 ], [ 80.561535328445359, 20.391116853294797 ], [ 80.591927814121746, 20.391118120440019 ], [ 80.591826222002624, 20.391495493422326 ], [ 80.59156723254182, 20.392547729893863 ], [ 80.591480886833494, 20.392954287310541 ], [ 80.591499930877148, 20.392998296534188 ], [ 80.591715391352295, 20.39349620798367 ], [ 80.592189057978715, 20.394530565033619 ], [ 80.592725029636483, 20.39558297147698 ], [ 80.593304136376844, 20.396793445461185 ], [ 80.594031532329439, 20.398320086003196 ], [ 80.594672829887259, 20.399693148420113 ], [ 80.594931249177876, 20.400343469775351 ], [ 80.595122505299457, 20.401152021448695 ], [ 80.595596109872645, 20.402660543349441 ], [ 80.595744398185502, 20.403085114186695 ], [ 80.595981499047014, 20.403611209489785 ], [ 80.596218698833923, 20.404137487355229 ], [ 80.596563247995562, 20.404961337395836 ], [ 80.596579196572748, 20.404999477643855 ], [ 80.596860876828089, 20.405673108527193 ], [ 80.597546083784778, 20.407362288938543 ], [ 80.597977400436719, 20.408392030667756 ], [ 80.5986194579217, 20.409805727152616 ], [ 80.598815779025017, 20.410241195075113 ], [ 80.598815796112149, 20.410241231048015 ], [ 80.598847406382731, 20.410311376368949 ], [ 80.598916675764031, 20.410465087593764 ], [ 80.599113155148075, 20.41125550803531 ], [ 80.599347989718012, 20.412872382954163 ], [ 80.599563829707051, 20.414471131137812 ], [ 80.599860996287987, 20.416065416885544 ], [ 80.599990436609403, 20.417492572624155 ], [ 80.600095931582018, 20.41789451382078 ], [ 80.600484005232715, 20.418301022674086 ], [ 80.601274719752553, 20.418946912170327 ], [ 80.602199578048157, 20.419814127519999 ], [ 80.602990254796453, 20.420663214335949 ], [ 80.603483864788586, 20.421259440570793 ], [ 80.604020539716203, 20.421887305854511 ], [ 80.604533373616334, 20.422311876691822 ], [ 80.605328767308833, 20.422777049221509 ], [ 80.606464399712308, 20.423161120889063 ], [ 80.606536524577095, 20.423189143681601 ] ] ] } },
{ "type": "Feature", "properties": { "REGION": 1.0, "STATE.NAME": "Maharashtra", "DISTRICT.NAME": "Gadchiroli", "DISTRICT.AREA": 14527.292838, "GRID_G0": "197227", "woodland": 0.83815073939932572, "maskWdl": 1.0, "cropland": 0.07200274867063429, "maskCrp": 0.0, "one": 0.089519786344098518, "maskOne": 0.0, "GRID.AREA": 0.63549114855944056, "REGION.AREA": 32202.066020262951 }, "geometry": { "type": "Polygon", "coordinates": [ [ [ 80.613758965570668, 20.436118861664198 ], [ 80.606536524577095, 20.436118077325609 ], [ 80.606536524577095, 20.423189143681601 ], [ 80.607557013045778, 20.423585631471777 ], [ 80.608136857230249, 20.424028308359766 ], [ 80.608395647940881, 20.424394131883734 ], [ 80.608692853192679, 20.425139361392439 ], [ 80.608767215434682, 20.425466765878582 ], [ 80.60879921780969, 20.42560788299744 ], [ 80.608841482348566, 20.425794260296925 ], [ 80.609119469088284, 20.426218760087753 ], [ 80.609699422990047, 20.42721229691 ], [ 80.6100875577946, 20.427980144368235 ], [ 80.610322439129334, 20.428404634266485 ], [ 80.610495001043546, 20.428788552150021 ], [ 80.610816165133997, 20.429881435280041 ], [ 80.610945655817432, 20.43033761908589 ], [ 80.611310010748468, 20.43146664506969 ], [ 80.611396288108267, 20.43177377074295 ], [ 80.611674243371681, 20.432356423510214 ], [ 80.612038490384066, 20.432740201998797 ], [ 80.612488983280002, 20.433106065992202 ], [ 80.613111987728132, 20.433693187490636 ], [ 80.613390011340016, 20.434077039723661 ], [ 80.613648923459095, 20.434862882616017 ], [ 80.613778509470706, 20.435906162739286 ], [ 80.613763785770175, 20.436011236829188 ], [ 80.613768609733597, 20.436050157688669 ], [ 80.613758965570668, 20.436118861664198 ] ] ] } },
{ "type": "Feature", "properties": { "REGION": 1.0, "STATE.NAME": "Maharashtra", "DISTRICT.NAME": "Gadchiroli", "DISTRICT.AREA": 14527.292838, "GRID_G0": "196564", "woodland": 0.62779933708968483, "maskWdl": 1.0, "cropland": 0.12020103735089412, "maskCrp": 0.0, "one": 0.24554320379189956, "maskOne": 0.0, "GRID.AREA": 23.473527353252891, "REGION.AREA": 32202.066020262951 }, "geometry": { "type": "Polygon", "coordinates": [ [ [ 80.021533747255191, 20.346115647844258 ], [ 80.066534923665401, 20.346115554255771 ], [ 80.066534923665401, 20.391116873716879 ], [ 80.021533747255191, 20.391116814529312 ], [ 80.021533747255191, 20.346115647844258 ] ] ] } },
{ "type": "Feature", "properties": { "REGION": 1.0, "STATE.NAME": "Maharashtra", "DISTRICT.NAME": "Gadchiroli", "DISTRICT.AREA": 14527.292838, "GRID_G0": "196565", "woodland": 0.56760849287600113, "maskWdl": 1.0, "cropland": 0.29988447440060945, "maskCrp": 0.0, "one": 0.12824761559915149, "maskOne": 0.0, "GRID.AREA": 23.473600668653848, "REGION.AREA": 32202.066020262951 }, "geometry": { "type": "Polygon", "coordinates": [ [ [ 80.066534923665401, 20.346115554255771 ], [ 80.111536188429895, 20.346115557125071 ], [ 80.111536188429895, 20.39111682819663 ], [ 80.066534923665401, 20.391116873716879 ], [ 80.066534923665401, 20.346115554255771 ] ] ] } },
{ "type": "Feature", "properties": { "REGION": 1.0, "STATE.NAME": "Maharashtra", "DISTRICT.NAME": "Gadchiroli", "DISTRICT.AREA": 14527.292838, "GRID_G0": "196567", "woodland": 0.5897614729821008, "maskWdl": 1.0, "cropland": 0.26461562773798253, "maskCrp": 0.0, "one": 0.13693781908810032, "maskOne": 0.0, "GRID.AREA": 23.471263926883374, "REGION.AREA": 32202.066020262951 }, "geometry": { "type": "Polygon", "coordinates": [ [ [ 80.156537424750198, 20.346115566754289 ], [ 80.201534259565875, 20.346115613591891 ], [ 80.201534259565875, 20.391116813249894 ], [ 80.156537424750198, 20.391116857982613 ], [ 80.156537424750198, 20.346115566754289 ] ] ] } },
{ "type": "Feature", "properties": { "REGION": 1.0, "STATE.NAME": "Maharashtra", "DISTRICT.NAME": "Gadchiroli", "DISTRICT.AREA": 14527.292838, "GRID_G0": "196568", "woodland": 0.43454436954954351, "maskWdl": 1.0, "cropland": 0.4073437484332243, "maskCrp": 0.0, "one": 0.1527440257591994, "maskOne": 0.0, "GRID.AREA": 23.473563959800121, "REGION.AREA": 32202.066020262951 }, "geometry": { "type": "Polygon", "coordinates": [ [ [ 80.201534259565875, 20.346115613591891 ], [ 80.246535515872452, 20.346115572848081 ], [ 80.246535515872466, 20.391116839893122 ], [ 80.201534259565875, 20.391116813249894 ], [ 80.201534259565875, 20.346115613591891 ] ] ] } },
{ "type": "Feature", "properties": { "REGION": 1.0, "STATE.NAME": "Maharashtra", "DISTRICT.NAME": "Gadchiroli", "DISTRICT.AREA": 14527.292838, "GRID_G0": "196569", "woodland": 0.71725258269156811, "maskWdl": 1.0, "cropland": 0.20488740546487094, "maskCrp": 0.0, "one": 0.07633665964437801, "maskOne": 0.0, "GRID.AREA": 23.473572834629344, "REGION.AREA": 32202.066020262951 }, "geometry": { "type": "Polygon", "coordinates": [ [ [ 80.246535515872452, 20.346115572848081 ], [ 80.291536732472025, 20.346115558672523 ], [ 80.291536732472025, 20.391116871773093 ], [ 80.246535515872466, 20.391116839893122 ], [ 80.246535515872452, 20.346115572848081 ] ] ] } },
{ "type": "Feature", "properties": { "REGION": 1.0, "STATE.NAME": "Maharashtra", "DISTRICT.NAME": "Gadchiroli", "DISTRICT.AREA": 14527.292838, "GRID_G0": "196570", "woodland": 0.85012022776474894, "maskWdl": 1.0, "cropland": 0.068028032723080056, "maskCrp": 0.0, "one": 0.08014090075349152, "maskOne": 0.0, "GRID.AREA": 23.471269036547671, "REGION.AREA": 32202.066020262951 }, "geometry": { "type": "Polygon", "coordinates": [ [ [ 80.291536732472025, 20.346115558672523 ], [ 80.336533542262686, 20.346115605296092 ], [ 80.336533542262686, 20.391116852735635 ], [ 80.291536732472025, 20.391116871773093 ], [ 80.291536732472025, 20.346115558672523 ] ] ] } },
{ "type": "Feature", "properties": { "REGION": 1.0, "STATE.NAME": "Maharashtra", "DISTRICT.NAME": "Gadchiroli", "DISTRICT.AREA": 14527.292838, "GRID_G0": "196571", "woodland": 0.64047791742904359, "maskWdl": 1.0, "cropland": 0.29562162498060279, "maskCrp": 0.0, "one": 0.059989167863019353, "maskOne": 0.0, "GRID.AREA": 23.473548531177119, "REGION.AREA": 32202.066020262951 }, "geometry": { "type": "Polygon", "coordinates": [ [ [ 80.336533542262686, 20.346115605296092 ], [ 80.381534753204193, 20.346115579842916 ], [ 80.381534753204193, 20.391116830684279 ], [ 80.336533542262686, 20.391116852735635 ], [ 80.336533542262686, 20.346115605296092 ] ] ] } },
{ "type": "Feature", "properties": { "REGION": 1.0, "STATE.NAME": "Maharashtra", "DISTRICT.NAME": "Gadchiroli", "DISTRICT.AREA": 14527.292838, "GRID_G0": "196572", "woodland": 0.96522323008366073, "maskWdl": 1.0, "cropland": 0.015770080640654782, "maskCrp": 0.0, "one": 0.01889484782153552, "maskOne": 0.0, "GRID.AREA": 23.47356087080696, "REGION.AREA": 32202.066020262951 }, "geometry": { "type": "Polygon", "coordinates": [ [ [ 80.381534753204193, 20.346115579842916 ], [ 80.426535995054564, 20.346115605020326 ], [ 80.426535995054564, 20.391116837952623 ], [ 80.381534753204193, 20.391116830684279 ], [ 80.381534753204193, 20.346115579842916 ] ] ] } },
{ "type": "Feature", "properties": { "REGION": 1.0, "STATE.NAME": "Maharashtra", "DISTRICT.NAME": "Gadchiroli", "DISTRICT.AREA": 14527.292838, "GRID_G0": "196573", "woodland": 0.95120906319162801, "maskWdl": 1.0, "cropland": 0.0068866528659943587, "maskCrp": 0.0, "one": 0.041848488009529755, "maskOne": 0.0, "GRID.AREA": 23.473567913566718, "REGION.AREA": 32202.066020262951 }, "geometry": { "type": "Polygon", "coordinates": [ [ [ 80.426535995054564, 20.346115605020326 ], [ 80.471537233983682, 20.34611559562013 ], [ 80.471537233983682, 20.391116879316815 ], [ 80.426535995054564, 20.391116837952623 ], [ 80.426535995054564, 20.346115605020326 ] ] ] } },
{ "type": "Feature", "properties": { "REGION": 1.0, "STATE.NAME": "Maharashtra", "DISTRICT.NAME": "Gadchiroli", "DISTRICT.AREA": 14527.292838, "GRID_G0": "196574", "woodland": 0.86501709191075604, "maskWdl": 1.0, "cropland": 0.052751681655955694, "maskCrp": 0.0, "one": 0.081845429041474488, "maskOne": 0.0, "GRID.AREA": 23.471245681614672, "REGION.AREA": 32202.066020262951 }, "geometry": { "type": "Polygon", "coordinates": [ [ [ 80.471537233983682, 20.34611559562013 ], [ 80.516534026046131, 20.346115586211443 ], [ 80.516534026046131, 20.391116808955648 ], [ 80.471537233983682, 20.391116879316815 ], [ 80.471537233983682, 20.34611559562013 ] ] ] } },
{ "type": "Feature", "properties": { "REGION": 1.0, "STATE.NAME": "Maharashtra", "DISTRICT.NAME": "Gadchiroli", "DISTRICT.AREA": 14527.292838, "GRID_G0": "196575", "woodland": 0.81690108633676217, "maskWdl": 1.0, "cropland": 0.10699769799138262, "maskCrp": 0.0, "one": 0.074506208638760549, "maskOne": 0.0, "GRID.AREA": 23.473584604011073, "REGION.AREA": 32202.066020262951 }, "geometry": { "type": "Polygon", "coordinates": [ [ [ 80.516534026046131, 20.346115586211443 ], [ 80.561535328445359, 20.346115622362483 ], [ 80.561535328445359, 20.391116853294797 ], [ 80.516534026046131, 20.391116808955648 ], [ 80.516534026046131, 20.346115586211443 ] ] ] } },
{ "type": "Feature", "properties": { "REGION": 1.0, "STATE.NAME": "Maharashtra", "DISTRICT.NAME": "Gadchiroli", "DISTRICT.AREA": 14527.292838, "GRID_G0": "196576", "woodland": 0.72795966644163845, "maskWdl": 1.0, "cropland": 0.10777154035598253, "maskCrp": 0.0, "one": 0.16404162215226692, "maskOne": 0.0, "GRID.AREA": 22.190045827730209, "REGION.AREA": 32202.066020262951 }, "geometry": { "type": "Polygon", "coordinates": [ [ [ 80.591927814121746, 20.391118120440019 ], [ 80.561535328445359, 20.391116853294797 ], [ 80.561535328445359, 20.346115622362483 ], [ 80.606536524577095, 20.346115638033762 ], [ 80.606536524577095, 20.379161944838177 ], [ 80.606224251048388, 20.379450475758915 ], [ 80.605237528389296, 20.38017749309688 ], [ 80.603800511584382, 20.381265716839437 ], [ 80.603393380400234, 20.381468889877397 ], [ 80.602411407960176, 20.381852654876184 ], [ 80.601932474903833, 20.382069352818402 ], [ 80.601247436120332, 20.382353818274169 ], [ 80.600457183852029, 20.382552454232439 ], [ 80.599882419937785, 20.382687798603058 ], [ 80.598680181944871, 20.382728281585003 ], [ 80.597952123191988, 20.382990099413636 ], [ 80.597224005083831, 20.383477719920908 ], [ 80.596582098684962, 20.383861554167421 ], [ 80.59645075270015, 20.384091922704098 ], [ 80.596646389419391, 20.384446044249614 ], [ 80.597163320630784, 20.385277094262563 ], [ 80.597287735540647, 20.385557123362616 ], [ 80.59728755387755, 20.385841603207496 ], [ 80.597285833474473, 20.385843687835973 ], [ 80.597119871684811, 20.386044826607534 ], [ 80.596947516614648, 20.38618481058057 ], [ 80.59609021629052, 20.386166619094244 ], [ 80.595573207737402, 20.385904610609316 ], [ 80.594974688231332, 20.385556771727696 ], [ 80.594629823407672, 20.385498101756014 ], [ 80.594265981989508, 20.38555673575479 ], [ 80.593988095973899, 20.385800572538415 ], [ 80.593974232924552, 20.385864538617625 ], [ 80.5938825281562, 20.386288393594555 ], [ 80.59362364211745, 20.387096697954291 ], [ 80.59311293601327, 20.387721743863434 ], [ 80.59298162690061, 20.387882431129356 ], [ 80.592377696173799, 20.389381875273383 ], [ 80.59214274289333, 20.390312283285311 ], [ 80.592080329043995, 20.390551586586525 ], [ 80.591927814121746, 20.391118120440019 ] ] ] } },
{ "type": "Feature", "properties": { "REGION": 1.0, "STATE.NAME": "Maharashtra", "DISTRICT.NAME": "Gadchiroli", "DISTRICT.AREA": 14527.292838, "GRID_G0": "196577", "woodland": 0.5419187357915165, "maskWdl": 1.0, "cropland": 0.24376817864773145, "maskCrp": 0.0, "one": 0.2116069592307003, "maskOne": 0.0, "GRID.AREA": 2.5830211667775855, "REGION.AREA": 32202.066020262951 }, "geometry": { "type": "Polygon", "coordinates": [ [ [ 80.606536524577095, 20.379161944838177 ], [ 80.606536524577095, 20.346115638033762 ], [ 80.618321968630269, 20.34611673166448 ], [ 80.618583366829, 20.346761108638304 ], [ 80.619095477674193, 20.347772924181125 ], [ 80.619138342060921, 20.348310422887781 ], [ 80.61912407701459, 20.348341739979386 ], [ 80.618817493632491, 20.349014920302352 ], [ 80.61817573112512, 20.349742166967477 ], [ 80.617380723241865, 20.350491924562732 ], [ 80.616288921096896, 20.350875776795704 ], [ 80.61585075790623, 20.351031573548312 ], [ 80.615412610004, 20.351187479118892 ], [ 80.615110910839917, 20.351675184162445 ], [ 80.614919071058353, 20.352583074049679 ], [ 80.614765602650493, 20.353757346724194 ], [ 80.614597559829576, 20.355152985721759 ], [ 80.614598135395681, 20.355256389770599 ], [ 80.614602229109664, 20.355993135974472 ], [ 80.614683447782966, 20.356964176255762 ], [ 80.614965760261668, 20.357528831790201 ], [ 80.615497010478691, 20.358355418467852 ], [ 80.615841660364367, 20.358843227832722 ], [ 80.616013958777216, 20.359186477473997 ], [ 80.615993736621704, 20.359297462807717 ], [ 80.616010499085348, 20.359330837548161 ], [ 80.615900318644833, 20.359936064198052 ], [ 80.615430923798158, 20.361200596430425 ], [ 80.615380988042219, 20.361166262113329 ], [ 80.614983772782921, 20.361986788259745 ], [ 80.614533482234492, 20.362835893062087 ], [ 80.613997035734656, 20.363418530540798 ], [ 80.613460513691791, 20.364028290673104 ], [ 80.61281869722518, 20.364786968643728 ], [ 80.612057113545006, 20.365685796062678 ], [ 80.611669206268914, 20.365988311811179 ], [ 80.611281152403308, 20.366534846006402 ], [ 80.610984164787467, 20.367040643610892 ], [ 80.610854639030435, 20.367686523214502 ], [ 80.610380338381958, 20.368476874408259 ], [ 80.60984871764424, 20.369100118975382 ], [ 80.609484558765416, 20.36973693341281 ], [ 80.609379063792801, 20.370161498854142 ], [ 80.60938621520171, 20.370266967746435 ], [ 80.609394417918111, 20.370387985017544 ], [ 80.609417339838444, 20.370726062657695 ], [ 80.609742584152968, 20.371656587581526 ], [ 80.60986693341232, 20.372365611284014 ], [ 80.61034064410552, 20.373458642802181 ], [ 80.610704461241937, 20.374145268889094 ], [ 80.610766620583149, 20.374601426614621 ], [ 80.610760500696585, 20.374710330917083 ], [ 80.610765215842093, 20.374744886467401 ], [ 80.61074602520894, 20.375088086645917 ], [ 80.610338849957998, 20.375571331052125 ], [ 80.609653879522966, 20.376158405785873 ], [ 80.609376120311765, 20.376501553803735 ], [ 80.608729434915574, 20.377210562217726 ], [ 80.608149888406672, 20.377635109672607 ], [ 80.607488875910974, 20.378262810380416 ], [ 80.607187107499044, 20.378560821424795 ], [ 80.606536524577095, 20.379161944838177 ] ] ] } },
{ "type": "Feature", "properties": { "REGION": 1.0, "STATE.NAME": "Maharashtra", "DISTRICT.NAME": "Gadchiroli", "DISTRICT.AREA": 14527.292838, "GRID_G0": "195913", "woodland": 0.40528384034990234, "maskWdl": 1.0, "cropland": 0.22353253167313575, "maskCrp": 0.0, "one": 0.36011269971852966, "maskOne": 1.0, "GRID.AREA": 23.475773696050265, "REGION.AREA": 32202.066020262951 }, "geometry": { "type": "Polygon", "coordinates": [ [ [ 79.976536957850627, 20.301118796466859 ], [ 80.021533747255191, 20.301118819427728 ], [ 80.021533747255191, 20.346115647844258 ], [ 79.976536957850627, 20.346115629291596 ], [ 79.976536957850627, 20.301118796466859 ] ] ] } },
{ "type": "Feature", "properties": { "REGION": 1.0, "STATE.NAME": "Maharashtra", "DISTRICT.NAME": "Gadchiroli", "DISTRICT.AREA": 14527.292838, "GRID_G0": "195914", "woodland": 0.56782769355878449, "maskWdl": 1.0, "cropland": 0.29253300506686736, "maskCrp": 0.0, "one": 0.13304916355216631, "maskOne": 0.0, "GRID.AREA": 23.47803127190927, "REGION.AREA": 32202.066020262951 }, "geometry": { "type": "Polygon", "coordinates": [ [ [ 80.021533747255191, 20.301118819427728 ], [ 80.066534923665401, 20.30111884109559 ], [ 80.066534923665401, 20.346115554255771 ], [ 80.021533747255191, 20.346115647844258 ], [ 80.021533747255191, 20.301118819427728 ] ] ] } },
{ "type": "Feature", "properties": { "REGION": 1.0, "STATE.NAME": "Maharashtra", "DISTRICT.NAME": "Gadchiroli", "DISTRICT.AREA": 14527.292838, "GRID_G0": "195916", "woodland": 0.58061102940695108, "maskWdl": 1.0, "cropland": 0.29564946787801422, "maskCrp": 0.0, "one": 0.11867185168252425, "maskOne": 0.0, "GRID.AREA": 23.47806067591107, "REGION.AREA": 32202.066020262951 }, "geometry": { "type": "Polygon", "coordinates": [ [ [ 80.111536188429895, 20.301118800797685 ], [ 80.156537424750198, 20.301118788626798 ], [ 80.156537424750198, 20.346115566754289 ], [ 80.111536188429895, 20.346115557125071 ], [ 80.111536188429895, 20.301118800797685 ] ] ] } },
{ "type": "Feature", "properties": { "REGION": 1.0, "STATE.NAME": "Maharashtra", "DISTRICT.NAME": "Gadchiroli", "DISTRICT.AREA": 14527.292838, "GRID_G0": "195917", "woodland": 0.40609706258144979, "maskWdl": 1.0, "cropland": 0.52715193069344812, "maskCrp": 0.0, "one": 0.055732977483531537, "maskOne": 0.0, "GRID.AREA": 23.475770005343097, "REGION.AREA": 32202.066020262951 }, "geometry": { "type": "Polygon", "coordinates": [ [ [ 80.156537424750198, 20.301118788626798 ], [ 80.201534259565875, 20.301118835461409 ], [ 80.201534259565875, 20.346115613591891 ], [ 80.156537424750198, 20.346115566754289 ], [ 80.156537424750198, 20.301118788626798 ] ] ] } },
{ "type": "Feature", "properties": { "REGION": 1.0, "STATE.NAME": "Maharashtra", "DISTRICT.NAME": "Gadchiroli", "DISTRICT.AREA": 14527.292838, "GRID_G0": "195918", "woodland": 0.61277185632510311, "maskWdl": 1.0, "cropland": 0.29690015878493409, "maskCrp": 0.0, "one": 0.085339929301274264, "maskOne": 0.0, "GRID.AREA": 23.478071330782033, "REGION.AREA": 32202.066020262951 }, "geometry": { "type": "Polygon", "coordinates": [ [ [ 80.201534259565875, 20.301118835461409 ], [ 80.246535515872452, 20.301118815633107 ], [ 80.246535515872452, 20.346115572848081 ], [ 80.201534259565875, 20.346115613591891 ], [ 80.201534259565875, 20.301118835461409 ] ] ] } },
{ "type": "Feature", "properties": { "REGION": 1.0, "STATE.NAME": "Maharashtra", "DISTRICT.NAME": "Gadchiroli", "DISTRICT.AREA": 14527.292838, "GRID_G0": "195919", "woodland": 0.77970481378551015, "maskWdl": 1.0, "cropland": 0.12197251579578805, "maskCrp": 0.0, "one": 0.094098598631925823, "maskOne": 0.0, "GRID.AREA": 23.478034132370901, "REGION.AREA": 32202.066020262951 }, "geometry": { "type": "Polygon", "coordinates": [ [ [ 80.246535515872452, 20.301118815633107 ], [ 80.291536732472025, 20.301118843727597 ], [ 80.291536732472025, 20.346115558672523 ], [ 80.246535515872452, 20.346115572848081 ], [ 80.246535515872452, 20.301118815633107 ] ] ] } },
{ "type": "Feature", "properties": { "REGION": 1.0, "STATE.NAME": "Maharashtra", "DISTRICT.NAME": "Gadchiroli", "DISTRICT.AREA": 14527.292838, "GRID_G0": "195920", "woodland": 0.75560405580953083, "maskWdl": 1.0, "cropland": 0.13318667123164368, "maskCrp": 0.0, "one": 0.10843979760409367, "maskOne": 0.0, "GRID.AREA": 23.47575420794983, "REGION.AREA": 32202.066020262951 }, "geometry": { "type": "Polygon", "coordinates": [ [ [ 80.291536732472025, 20.301118843727597 ], [ 80.336533542262686, 20.301118774495091 ], [ 80.336533542262686, 20.346115605296092 ], [ 80.291536732472025, 20.346115558672523 ], [ 80.291536732472025, 20.301118843727597 ] ] ] } },
{ "type": "Feature", "properties": { "REGION": 1.0, "STATE.NAME": "Maharashtra", "DISTRICT.NAME": "Gadchiroli", "DISTRICT.AREA": 14527.292838, "GRID_G0": "195921", "woodland": 0.76781325802344169, "maskWdl": 1.0, "cropland": 0.16621968472026194, "maskCrp": 0.0, "one": 0.057374391676675095, "maskOne": 0.0, "GRID.AREA": 23.478058442643775, "REGION.AREA": 32202.066020262951 }, "geometry": { "type": "Polygon", "coordinates": [ [ [ 80.336533542262686, 20.301118774495091 ], [ 80.381534753204193, 20.301118833985097 ], [ 80.381534753204193, 20.346115579842916 ], [ 80.336533542262686, 20.346115605296092 ], [ 80.336533542262686, 20.301118774495091 ] ] ] } },
{ "type": "Feature", "properties": { "REGION": 1.0, "STATE.NAME": "Maharashtra", "DISTRICT.NAME": "Gadchiroli", "DISTRICT.AREA": 14527.292838, "GRID_G0": "195922", "woodland": 0.9546288978674502, "maskWdl": 1.0, "cropland": 0.02360673468275043, "maskCrp": 0.0, "one": 0.021632881354262799, "maskOne": 0.0, "GRID.AREA": 23.478071624944338, "REGION.AREA": 32202.066020262951 }, "geometry": { "type": "Polygon", "coordinates": [ [ [ 80.381534753204193, 20.301118833985097 ], [ 80.426535995054564, 20.301118785500428 ], [ 80.426535995054564, 20.346115605020326 ], [ 80.381534753204193, 20.346115579842916 ], [ 80.381534753204193, 20.301118833985097 ] ] ] } },
{ "type": "Feature", "properties": { "REGION": 1.0, "STATE.NAME": "Maharashtra", "DISTRICT.NAME": "Gadchiroli", "DISTRICT.AREA": 14527.292838, "GRID_G0": "195923", "woodland": 0.58391761087067406, "maskWdl": 1.0, "cropland": 0.279250479131195, "maskCrp": 0.0, "one": 0.12864586720925411, "maskOne": 0.0, "GRID.AREA": 23.47807950421759, "REGION.AREA": 32202.066020262951 }, "geometry": { "type": "Polygon", "coordinates": [ [ [ 80.426535995054564, 20.301118785500428 ], [ 80.471537233983682, 20.301118813719039 ], [ 80.471537233983682, 20.34611559562013 ], [ 80.426535995054564, 20.346115605020326 ], [ 80.426535995054564, 20.301118785500428 ] ] ] } },
{ "type": "Feature", "properties": { "REGION": 1.0, "STATE.NAME": "Maharashtra", "DISTRICT.NAME": "Gadchiroli", "DISTRICT.AREA": 14527.292838, "GRID_G0": "195924", "woodland": 0.58716754926495573, "maskWdl": 1.0, "cropland": 0.24010068530176781, "maskCrp": 0.0, "one": 0.16839237365582976, "maskOne": 0.0, "GRID.AREA": 23.475757658390524, "REGION.AREA": 32202.066020262951 }, "geometry": { "type": "Polygon", "coordinates": [ [ [ 80.471537233983682, 20.301118813719039 ], [ 80.516534026046131, 20.301118773684923 ], [ 80.516534026046131, 20.346115586211443 ], [ 80.471537233983682, 20.34611559562013 ], [ 80.471537233983682, 20.301118813719039 ] ] ] } },
{ "type": "Feature", "properties": { "REGION": 1.0, "STATE.NAME": "Maharashtra", "DISTRICT.NAME": "Gadchiroli", "DISTRICT.AREA": 14527.292838, "GRID_G0": "195925", "woodland": 0.70872002026974878, "maskWdl": 1.0, "cropland": 0.14314414356585889, "maskCrp": 0.0, "one": 0.14721144126751434, "maskOne": 0.0, "GRID.AREA": 22.212034414465904, "REGION.AREA": 32202.066020262951 }, "geometry": { "type": "Polygon", "coordinates": [ [ [ 80.561535328445359, 20.308956590018592 ], [ 80.561535328445359, 20.346115622362483 ], [ 80.516534026046131, 20.346115586211443 ], [ 80.516534026046131, 20.301118773684923 ], [ 80.546215858260169, 20.301120082308685 ], [ 80.546167215444711, 20.30186204179984 ], [ 80.546060952451057, 20.303510775202145 ], [ 80.545911609233428, 20.305087223796367 ], [ 80.545930584928612, 20.305412522969622 ], [ 80.546059527025591, 20.305913940875712 ], [ 80.546274849904478, 20.306139873056736 ], [ 80.547107712051343, 20.306361435431938 ], [ 80.547581402959452, 20.306592029698436 ], [ 80.547988142938493, 20.306939997183179 ], [ 80.548332513135051, 20.307405321698297 ], [ 80.548629032204133, 20.307988130947539 ], [ 80.549145744880263, 20.308557448567456 ], [ 80.549590734824619, 20.308837643142795 ], [ 80.54959522244161, 20.308837535224143 ], [ 80.550409368797375, 20.308819903116103 ], [ 80.551711527764837, 20.308657719378289 ], [ 80.552635483141103, 20.308576722837529 ], [ 80.5535355174502, 20.30851826870321 ], [ 80.554521691522893, 20.308396578739178 ], [ 80.555507880884079, 20.308284015994616 ], [ 80.556278661930776, 20.308126111231104 ], [ 80.557116518012947, 20.308022438284922 ], [ 80.557887166859302, 20.308126613052821 ], [ 80.559213033754588, 20.308388983065189 ], [ 80.560500647087224, 20.30875075784127 ], [ 80.561529728714049, 20.308954250138587 ], [ 80.561535328445359, 20.308956590018592 ] ] ] } },
{ "type": "Feature", "properties": { "REGION": 1.0, "STATE.NAME": "Maharashtra", "DISTRICT.NAME": "Gadchiroli", "DISTRICT.AREA": 14527.292838, "GRID_G0": "195926", "woodland": 0.67905968894303226, "maskWdl": 1.0, "cropland": 0.12132204789551303, "maskCrp": 0.0, "one": 0.19868191488975126, "maskOne": 0.0, "GRID.AREA": 16.08608764684363, "REGION.AREA": 32202.066020262951 }, "geometry": { "type": "Polygon", "coordinates": [ [ [ 80.606536524577095, 20.31818630943577 ], [ 80.606536524577095, 20.346115638033762 ], [ 80.561535328445359, 20.346115622362483 ], [ 80.561535328445359, 20.308956590018592 ], [ 80.562817176571514, 20.30949221109671 ], [ 80.564166967231813, 20.309975903365284 ], [ 80.565406554069284, 20.310400850119208 ], [ 80.565966501652781, 20.310644857774037 ], [ 80.566349319665449, 20.311150905390033 ], [ 80.566583745043829, 20.31139034718683 ], [ 80.567076786664416, 20.311575757715104 ], [ 80.568469615280605, 20.311937398492205 ], [ 80.570422533573151, 20.3126154612346 ], [ 80.571556967180356, 20.312918392469896 ], [ 80.572370697150006, 20.312999863852667 ], [ 80.573548371060554, 20.3130001372466 ], [ 80.574831106470469, 20.313384394174481 ], [ 80.576439463010843, 20.313949330297419 ], [ 80.57860295756052, 20.314627393939134 ], [ 80.580359680654794, 20.315192449671883 ], [ 80.581987070446985, 20.315843127158644 ], [ 80.583422868670482, 20.316692659138937 ], [ 80.584475913632559, 20.31706770610981 ], [ 80.585610514513689, 20.317348005905785 ], [ 80.586979583940717, 20.31753350726558 ], [ 80.588094912350357, 20.317795659641998 ], [ 80.588927877919275, 20.3178770599784 ], [ 80.589593414004923, 20.3176965363661 ], [ 80.590340303662117, 20.317443703664026 ], [ 80.590708913285766, 20.317403083985198 ], [ 80.591738135206811, 20.317543271205071 ], [ 80.592891790024169, 20.317787400268347 ], [ 80.593921005649975, 20.31799082511651 ], [ 80.594758783491102, 20.317990897961636 ], [ 80.595234213688059, 20.317951589494331 ], [ 80.596448809265212, 20.317851137020398 ], [ 80.597521178859381, 20.317788019901229 ], [ 80.598033444388022, 20.31763905439891 ], [ 80.599201635846896, 20.317386147053075 ], [ 80.600163940113816, 20.317187564154832 ], [ 80.601064027482948, 20.317196640112911 ], [ 80.602155407845828, 20.31728722612462 ], [ 80.60367768937391, 20.317576401329916 ], [ 80.605058483262439, 20.31793233051269 ], [ 80.605132924644806, 20.317951518447842 ], [ 80.605999397154505, 20.318132257897449 ], [ 80.606536524577095, 20.31818630943577 ] ] ] } },
{ "type": "Feature", "properties": { "REGION": 1.0, "STATE.NAME": "Maharashtra", "DISTRICT.NAME": "Gadchiroli", "DISTRICT.AREA": 14527.292838, "GRID_G0": "195927", "woodland": 0.50313368003366743, "maskWdl": 1.0, "cropland": 0.29773676824742845, "maskCrp": 0.0, "one": 0.1941968063924952, "maskOne": 0.0, "GRID.AREA": 4.7667271340977262, "REGION.AREA": 32202.066020262951 }, "geometry": { "type": "Polygon", "coordinates": [ [ [ 80.618321968630269, 20.34611673166448 ], [ 80.606536524577095, 20.346115638033762 ], [ 80.606536524577095, 20.31818630943577 ], [ 80.607167518466269, 20.318249804684797 ], [ 80.608215832095027, 20.318340150577512 ], [ 80.609048792268027, 20.318331247289279 ], [ 80.609695109841482, 20.318236400289663 ], [ 80.61053289847456, 20.318281711731686 ], [ 80.611303559911391, 20.318543718417914 ], [ 80.612031077272434, 20.319171633164387 ], [ 80.612345559400126, 20.319588300759506 ], [ 80.612504908474818, 20.319799568595272 ], [ 80.612868604202788, 20.320468040967341 ], [ 80.613232295434159, 20.32105073330473 ], [ 80.613639112754925, 20.321516026343602 ], [ 80.614859610582641, 20.322265930528317 ], [ 80.61597020136378, 20.322893815597183 ], [ 80.617257939702199, 20.323530799107115 ], [ 80.618478576924815, 20.324176783032161 ], [ 80.619804655160749, 20.324461458929246 ], [ 80.620900823514262, 20.324705336182376 ], [ 80.621796006880288, 20.324967324882209 ], [ 80.622375287189811, 20.325288084277705 ], [ 80.623318141818856, 20.326485078323742 ], [ 80.62424196769274, 20.327528514929039 ], [ 80.624667925284612, 20.32809317945674 ], [ 80.624867230338452, 20.328565929673967 ], [ 80.624875621912452, 20.328585846059983 ], [ 80.62501252121092, 20.328910743236236 ], [ 80.625500521232141, 20.329981185583279 ], [ 80.625931344156243, 20.330830383015837 ], [ 80.626232713269133, 20.331738319667753 ], [ 80.626357102997986, 20.332506144642934 ], [ 80.626344415362567, 20.332621841524826 ], [ 80.626349445270762, 20.33265286723611 ], [ 80.626251576549066, 20.333546872490217 ], [ 80.626251384094132, 20.334457472034785 ], [ 80.626275207135166, 20.335044597130487 ], [ 80.626264551068232, 20.335103180767248 ], [ 80.626268133967244, 20.335191125470089 ], [ 80.626095794185645, 20.33613953521143 ], [ 80.625794132793033, 20.336948005046452 ], [ 80.624936990749575, 20.337738382320538 ], [ 80.624146966009732, 20.33825322170884 ], [ 80.623227561203066, 20.338637119807288 ], [ 80.62232735062679, 20.339124821253563 ], [ 80.621575575852205, 20.339590024360177 ], [ 80.621063255464946, 20.340235804139127 ], [ 80.620742365667695, 20.340962981556402 ], [ 80.6203353424022, 20.342096509546309 ], [ 80.619047194872223, 20.343912095067196 ], [ 80.618534818726971, 20.344761147708827 ], [ 80.618276218672634, 20.345411479855954 ], [ 80.618242269265352, 20.345920262310297 ], [ 80.618321968630269, 20.34611673166448 ] ] ] } },
{ "type": "Feature", "properties": { "REGION": 1.0, "STATE.NAME": "Maharashtra", "DISTRICT.NAME": "Gadchiroli", "DISTRICT.AREA": 14527.292838, "GRID_G0": "195264", "woodland": 0.7710068826995895, "maskWdl": 1.0, "cropland": 0.10348801074632666, "maskCrp": 0.0, "one": 0.12228741870008315, "maskOne": 0.0, "GRID.AREA": 23.487191218076653, "REGION.AREA": 32202.066020262951 }, "geometry": { "type": "Polygon", "coordinates": [ [ [ 80.021533747255191, 20.256117603228173 ], [ 80.066534923665401, 20.256117557777959 ], [ 80.066534923665401, 20.30111884109559 ], [ 80.021533747255191, 20.301118819427728 ], [ 80.021533747255191, 20.256117603228173 ] ] ] } },
{ "type": "Feature", "properties": { "REGION": 1.0, "STATE.NAME": "Maharashtra", "DISTRICT.NAME": "Gadchiroli", "DISTRICT.AREA": 14527.292838, "GRID_G0": "195267", "woodland": 0.54807920572977076, "maskWdl": 1.0, "cropland": 0.36981904182934827, "maskCrp": 0.0, "one": 0.076637182702209414, "maskOne": 0.0, "GRID.AREA": 23.484933086483789, "REGION.AREA": 32202.066020262951 }, "geometry": { "type": "Polygon", "coordinates": [ [ [ 80.156537424750198, 20.256117525108422 ], [ 80.201534259565875, 20.256117569391005 ], [ 80.201534259565875, 20.301118835461409 ], [ 80.156537424750198, 20.301118788626798 ], [ 80.156537424750198, 20.256117525108422 ] ] ] } },
{ "type": "Feature", "properties": { "REGION": 1.0, "STATE.NAME": "Maharashtra", "DISTRICT.NAME": "Gadchiroli", "DISTRICT.AREA": 14527.292838, "GRID_G0": "195268", "woodland": 0.76148472695169378, "maskWdl": 1.0, "cropland": 0.14386412357087802, "maskCrp": 0.0, "one": 0.092500112349944277, "maskOne": 0.0, "GRID.AREA": 23.487236637318976, "REGION.AREA": 32202.066020262951 }, "geometry": { "type": "Polygon", "coordinates": [ [ [ 80.201534259565875, 20.256117569391005 ], [ 80.246535515872466, 20.256117567938453 ], [ 80.246535515872452, 20.301118815633107 ], [ 80.201534259565875, 20.301118835461409 ], [ 80.201534259565875, 20.256117569391005 ] ] ] } },
{ "type": "Feature", "properties": { "REGION": 1.0, "STATE.NAME": "Maharashtra", "DISTRICT.NAME": "Gadchiroli", "DISTRICT.AREA": 14527.292838, "GRID_G0": "195269", "woodland": 0.753428125670485, "maskWdl": 1.0, "cropland": 0.10913520742099961, "maskCrp": 0.0, "one": 0.13445844857596781, "maskOne": 0.0, "GRID.AREA": 23.487224218283675, "REGION.AREA": 32202.066020262951 }, "geometry": { "type": "Polygon", "coordinates": [ [ [ 80.246535515872466, 20.256117567938453 ], [ 80.291536732472025, 20.256117545834769 ], [ 80.291536732472025, 20.301118843727597 ], [ 80.246535515872452, 20.301118815633107 ], [ 80.246535515872466, 20.256117567938453 ] ] ] } },
{ "type": "Feature", "properties": { "REGION": 1.0, "STATE.NAME": "Maharashtra", "DISTRICT.NAME": "Gadchiroli", "DISTRICT.AREA": 14527.292838, "GRID_G0": "195271", "woodland": 0.71302144321142058, "maskWdl": 1.0, "cropland": 0.19839465158592529, "maskCrp": 0.0, "one": 0.087094142894668755, "maskOne": 0.0, "GRID.AREA": 23.487204214574518, "REGION.AREA": 32202.066020262951 }, "geometry": { "type": "Polygon", "coordinates": [ [ [ 80.336533542262686, 20.2561175381305 ], [ 80.381534753204193, 20.256117590105177 ], [ 80.381534753204193, 20.301118833985097 ], [ 80.336533542262686, 20.301118774495091 ], [ 80.336533542262686, 20.2561175381305 ] ] ] } },
{ "type": "Feature", "properties": { "REGION": 1.0, "STATE.NAME": "Maharashtra", "DISTRICT.NAME": "Gadchiroli", "DISTRICT.AREA": 14527.292838, "GRID_G0": "195272", "woodland": 0.93021416586600469, "maskWdl": 1.0, "cropland": 0.026551021745232727, "maskCrp": 0.0, "one": 0.042967788905390283, "maskOne": 0.0, "GRID.AREA": 23.487218700151107, "REGION.AREA": 32202.066020262951 }, "geometry": { "type": "Polygon", "coordinates": [ [ [ 80.381534753204193, 20.256117590105177 ], [ 80.426535995054564, 20.256117555441065 ], [ 80.426535995054564, 20.301118785500428 ], [ 80.381534753204193, 20.301118833985097 ], [ 80.381534753204193, 20.256117590105177 ] ] ] } },
{ "type": "Feature", "properties": { "REGION": 1.0, "STATE.NAME": "Maharashtra", "DISTRICT.NAME": "Gadchiroli", "DISTRICT.AREA": 14527.292838, "GRID_G0": "195273", "woodland": 0.84058852899812764, "maskWdl": 1.0, "cropland": 0.077138173669193705, "maskCrp": 0.0, "one": 0.082059069530423828, "maskOne": 0.0, "GRID.AREA": 20.879686524414602, "REGION.AREA": 32202.066020262951 }, "geometry": { "type": "Polygon", "coordinates": [ [ [ 80.471537233983682, 20.272757317483855 ], [ 80.471537233983682, 20.301118813719039 ], [ 80.426535995054564, 20.301118785500428 ], [ 80.426535995054564, 20.256117555441065 ], [ 80.44431503441416, 20.256118916763217 ], [ 80.444428744291201, 20.256149645190021 ], [ 80.445658962890889, 20.256523366560145 ], [ 80.446878816804031, 20.256865822999373 ], [ 80.448225450843964, 20.257300144286258 ], [ 80.44951223859897, 20.257636555482694 ], [ 80.450465393163427, 20.25784513344621 ], [ 80.451239503500346, 20.257976526195762 ], [ 80.451639777353876, 20.258089374924737 ], [ 80.451945294140046, 20.258244786767538 ], [ 80.452265877268474, 20.258616423509181 ], [ 80.452969495146135, 20.25974160309255 ], [ 80.453486791482305, 20.26069499597736 ], [ 80.453840702586433, 20.261246239922059 ], [ 80.454093470537316, 20.261772729128211 ], [ 80.454244092590841, 20.262048919921771 ], [ 80.454503941803523, 20.262291119939277 ], [ 80.455007976736795, 20.262721763898355 ], [ 80.456116597103346, 20.263770094614244 ], [ 80.45691929239149, 20.264460060783225 ], [ 80.457552716384782, 20.265081692865866 ], [ 80.458377469344782, 20.265699069356629 ], [ 80.45911793874194, 20.266390352133097 ], [ 80.459812123630684, 20.266952004831186 ], [ 80.460830320762739, 20.267831051661744 ], [ 80.461509957318754, 20.268388465855082 ], [ 80.461743981599511, 20.268554593120029 ], [ 80.46186518233236, 20.268614927736788 ], [ 80.462394763407644, 20.268729344883411 ], [ 80.463372332766994, 20.268950845205385 ], [ 80.464159888867812, 20.269235245010577 ], [ 80.464650969067009, 20.269341469333373 ], [ 80.465603203624994, 20.269509398839716 ], [ 80.466065521706525, 20.269574675231127 ], [ 80.466732396882662, 20.269668828853412 ], [ 80.467187863029494, 20.269694662778534 ], [ 80.467487425404457, 20.269800622700643 ], [ 80.467779618734482, 20.269996958193133 ], [ 80.468314537286119, 20.270508046509178 ], [ 80.468644758448875, 20.270879462916927 ], [ 80.469388495083024, 20.271692416771657 ], [ 80.469847898461808, 20.272060895993604 ], [ 80.470234481935861, 20.272390413886569 ], [ 80.47063201825307, 20.272584376068153 ], [ 80.471171294020053, 20.272703002041968 ], [ 80.471537233983682, 20.272757317483855 ] ] ] } },
{ "type": "Feature", "properties": { "REGION": 1.0, "STATE.NAME": "Maharashtra", "DISTRICT.NAME": "Gadchiroli", "DISTRICT.AREA": 14527.292838, "GRID_G0": "195274", "woodland": 0.84514545622799986, "maskWdl": 1.0, "cropland": 0.067139555890822239, "maskCrp": 0.0, "one": 0.08715795787509549, "maskOne": 0.0, "GRID.AREA": 14.701207228821328, "REGION.AREA": 32202.066020262951 }, "geometry": { "type": "Polygon", "coordinates": [ [ [ 80.516534026046131, 20.266131976742543 ], [ 80.516534026046131, 20.301118773684923 ], [ 80.471537233983682, 20.301118813719039 ], [ 80.471537233983682, 20.272757317483855 ], [ 80.472041249604047, 20.272832125802044 ], [ 80.472719690961029, 20.272965698508244 ], [ 80.474067189249467, 20.273237449348873 ], [ 80.475118628022301, 20.273538330129899 ], [ 80.475119814228094, 20.273538586436647 ], [ 80.475119803436257, 20.273538624208186 ], [ 80.47663092437773, 20.273882695829798 ], [ 80.477161342721843, 20.274023874102568 ], [ 80.477989203738844, 20.274189840388885 ], [ 80.479081774804115, 20.274408370250114 ], [ 80.479645485151082, 20.274539777388835 ], [ 80.4798687247619, 20.274656372693471 ], [ 80.480795770208658, 20.274955218308719 ], [ 80.481776123869054, 20.275095117745536 ], [ 80.482845303567956, 20.275147385443518 ], [ 80.48387846991551, 20.275101207055116 ], [ 80.484467412541107, 20.275096728431322 ], [ 80.484842567430576, 20.275164832291242 ], [ 80.485567508233999, 20.275423302843194 ], [ 80.486348679148307, 20.275630837593155 ], [ 80.487234170520594, 20.275804380667697 ], [ 80.488128852064904, 20.275959777221999 ], [ 80.488800969389274, 20.276025523958825 ], [ 80.489909833472097, 20.276135439099278 ], [ 80.490840299939975, 20.27619076988816 ], [ 80.49175874067339, 20.276156128902301 ], [ 80.492354170108911, 20.276034288751475 ], [ 80.493332693648938, 20.275912747175596 ], [ 80.494407773799765, 20.275635601301985 ], [ 80.495241779884296, 20.27548124346464 ], [ 80.49605499274378, 20.275264250544755 ], [ 80.497121201082621, 20.275014328948146 ], [ 80.497948825577907, 20.274797001480465 ], [ 80.498520584857147, 20.274791515616016 ], [ 80.499272498127368, 20.274285968023037 ], [ 80.500493677641145, 20.273419315648933 ], [ 80.501264669129228, 20.272931819248129 ], [ 80.501894849267956, 20.272510016524112 ], [ 80.501925537733428, 20.272489476008559 ], [ 80.502164897691955, 20.27236768172321 ], [ 80.503256632387718, 20.271799058379887 ], [ 80.504946852415344, 20.270932623641727 ], [ 80.506426400857777, 20.27022419079384 ], [ 80.507862640648398, 20.269660272703447 ], [ 80.510476886199399, 20.268459946669282 ], [ 80.511678576505176, 20.267972685890811 ], [ 80.512468487930448, 20.267692969754819 ], [ 80.513748188128432, 20.267245350192809 ], [ 80.513748197121629, 20.26724541404468 ], [ 80.513861568356731, 20.267205691889217 ], [ 80.515340946827294, 20.266578579337992 ], [ 80.516534026046131, 20.266131976742543 ] ] ] } },
{ "type": "Feature", "properties": { "REGION": 1.0, "STATE.NAME": "Maharashtra", "DISTRICT.NAME": "Gadchiroli", "DISTRICT.AREA": 14527.292838, "GRID_G0": "195275", "woodland": 0.86064306248801636, "maskWdl": 1.0, "cropland": 0.025319754946648086, "maskCrp": 0.0, "one": 0.11381798254108473, "maskOne": 0.0, "GRID.AREA": 6.9371402603042709, "REGION.AREA": 32202.066020262951 }, "geometry": { "type": "Polygon", "coordinates": [ [ [ 80.546215858260169, 20.301120082308685 ], [ 80.516534026046131, 20.301118773684923 ], [ 80.516534026046131, 20.266131976742543 ], [ 80.516714948136382, 20.266064251663924 ], [ 80.517657950254261, 20.265902130878715 ], [ 80.518490656818415, 20.265961121908276 ], [ 80.518835169107831, 20.266042666136173 ], [ 80.518964402585141, 20.266205401158402 ], [ 80.518940110098086, 20.266670672613483 ], [ 80.519068785995728, 20.267438611802561 ], [ 80.519326591948698, 20.26849137527682 ], [ 80.519579649481273, 20.26929997821145 ], [ 80.519942906340134, 20.26998684531668 ], [ 80.520267987877389, 20.27045228314643 ], [ 80.520588285920724, 20.270940352415384 ], [ 80.521506366026017, 20.272214585634689 ], [ 80.521874616820185, 20.272630410565057 ], [ 80.522577728379531, 20.273416757077712 ], [ 80.523754285332075, 20.274632343707768 ], [ 80.524395244744838, 20.275341858440072 ], [ 80.524930900740515, 20.275807377208764 ], [ 80.525275275433685, 20.276191561291565 ], [ 80.526150772640108, 20.276878549805303 ], [ 80.527375667253295, 20.277516038734237 ], [ 80.528313408337169, 20.278022326469227 ], [ 80.52916980034604, 20.278528622298154 ], [ 80.52987803894041, 20.278872252352642 ], [ 80.530949712459346, 20.279681347216471 ], [ 80.53221256385882, 20.280734395775767 ], [ 80.533389323158815, 20.281864136720568 ], [ 80.534011087441812, 20.282600806482094 ], [ 80.534632946153579, 20.283310167430333 ], [ 80.535402871945053, 20.284444384300969 ], [ 80.536302078877895, 20.285474616160684 ], [ 80.536794753575066, 20.286061975080141 ], [ 80.537349575922235, 20.286667589337807 ], [ 80.53876551621569, 20.288054960867786 ], [ 80.539856356086034, 20.288945200660521 ], [ 80.540263009730154, 20.289266153410328 ], [ 80.541119042909557, 20.290540333569595 ], [ 80.542123481313695, 20.291715138642758 ], [ 80.543261914206028, 20.293079760922296 ], [ 80.543515425896274, 20.293405033115846 ], [ 80.544161140024642, 20.29439449870722 ], [ 80.545036257717186, 20.295790684492541 ], [ 80.545911510308031, 20.297001520903507 ], [ 80.546193585365756, 20.297539243541276 ], [ 80.546212227412425, 20.298447143321084 ], [ 80.546278260133647, 20.300168242470477 ], [ 80.546215858260169, 20.301120082308685 ] ] ] } },
{ "type": "Feature", "properties": { "REGION": 1.0, "STATE.NAME": "Maharashtra", "DISTRICT.NAME": "Gadchiroli", "DISTRICT.AREA": 14527.292838, "GRID_G0": "194616", "woodland": 0.4229690128041742, "maskWdl": 1.0, "cropland": 0.4416323401962155, "maskCrp": 0.0, "one": 0.13313036739007009, "maskOne": 0.0, "GRID.AREA": 23.494005946621986, "REGION.AREA": 32202.066020262951 }, "geometry": { "type": "Polygon", "coordinates": [ [ [ 80.111536188429895, 20.211116328720752 ], [ 80.156537424750198, 20.211116355618572 ], [ 80.156537424750198, 20.256117525108422 ], [ 80.111536188429895, 20.256117561637858 ], [ 80.111536188429895, 20.211116328720752 ] ] ] } },
{ "type": "Feature", "properties": { "REGION": 1.0, "STATE.NAME": "Maharashtra", "DISTRICT.NAME": "Gadchiroli", "DISTRICT.AREA": 14527.292838, "GRID_G0": "194617", "woodland": 0.66977392675303249, "maskWdl": 1.0, "cropland": 0.21536132717377224, "maskCrp": 0.0, "one": 0.10852650421508879, "maskOne": 0.0, "GRID.AREA": 23.491716161495511, "REGION.AREA": 32202.066020262951 }, "geometry": { "type": "Polygon", "coordinates": [ [ [ 80.156537424750198, 20.211116355618572 ], [ 80.201534259565875, 20.21111630533148 ], [ 80.201534259565875, 20.256117569391005 ], [ 80.156537424750198, 20.256117525108422 ], [ 80.156537424750198, 20.211116355618572 ] ] ] } },
{ "type": "Feature", "properties": { "REGION": 1.0, "STATE.NAME": "Maharashtra", "DISTRICT.NAME": "Gadchiroli", "DISTRICT.AREA": 14527.292838, "GRID_G0": "194618", "woodland": 0.61209291417353162, "maskWdl": 1.0, "cropland": 0.23090142225667118, "maskCrp": 0.0, "one": 0.152471018484892, "maskOne": 0.0, "GRID.AREA": 23.4940449496147, "REGION.AREA": 32202.066020262951 }, "geometry": { "type": "Polygon", "coordinates": [ [ [ 80.201534259565875, 20.21111630533148 ], [ 80.246535515872466, 20.211116320149547 ], [ 80.246535515872466, 20.256117567938453 ], [ 80.201534259565875, 20.256117569391005 ], [ 80.201534259565875, 20.21111630533148 ] ] ] } },
{ "type": "Feature", "properties": { "REGION": 1.0, "STATE.NAME": "Maharashtra", "DISTRICT.NAME": "Gadchiroli", "DISTRICT.AREA": 14527.292838, "GRID_G0": "194619", "woodland": 0.65963696199870647, "maskWdl": 1.0, "cropland": 0.18111776695079884, "maskCrp": 0.0, "one": 0.15523293409053213, "maskOne": 0.0, "GRID.AREA": 23.494010144774258, "REGION.AREA": 32202.066020262951 }, "geometry": { "type": "Polygon", "coordinates": [ [ [ 80.246535515872466, 20.211116320149547 ], [ 80.291536732472025, 20.211116335692878 ], [ 80.291536732472025, 20.256117545834769 ], [ 80.246535515872466, 20.256117567938453 ], [ 80.246535515872466, 20.211116320149547 ] ] ] } },
{ "type": "Feature", "properties": { "REGION": 1.0, "STATE.NAME": "Maharashtra", "DISTRICT.NAME": "Gadchiroli", "DISTRICT.AREA": 14527.292838, "GRID_G0": "194620", "woodland": 0.67446200750323448, "maskWdl": 1.0, "cropland": 0.19869524181789733, "maskCrp": 0.0, "one": 0.12406194178168246, "maskOne": 0.0, "GRID.AREA": 23.491707594934081, "REGION.AREA": 32202.066020262951 }, "geometry": { "type": "Polygon", "coordinates": [ [ [ 80.291536732472025, 20.211116335692878 ], [ 80.336533542262686, 20.211116297494215 ], [ 80.336533542262686, 20.2561175381305 ], [ 80.291536732472025, 20.256117545834769 ], [ 80.291536732472025, 20.211116335692878 ] ] ] } },
{ "type": "Feature", "properties": { "REGION": 1.0, "STATE.NAME": "Maharashtra", "DISTRICT.NAME": "Gadchiroli", "DISTRICT.AREA": 14527.292838, "GRID_G0": "194621", "woodland": 0.87248600553301903, "maskWdl": 1.0, "cropland": 0.058772703125136404, "maskCrp": 0.0, "one": 0.067254609391209683, "maskOne": 0.0, "GRID.AREA": 23.494015786891872, "REGION.AREA": 32202.066020262951 }, "geometry": { "type": "Polygon", "coordinates": [ [ [ 80.336533542262686, 20.211116297494215 ], [ 80.381534753204193, 20.211116339880935 ], [ 80.381534753204193, 20.256117590105177 ], [ 80.336533542262686, 20.2561175381305 ], [ 80.336533542262686, 20.211116297494215 ] ] ] } },
{ "type": "Feature", "properties": { "REGION": 1.0, "STATE.NAME": "Maharashtra", "DISTRICT.NAME": "Gadchiroli", "DISTRICT.AREA": 14527.292838, "GRID_G0": "194622", "woodland": 0.92819455242149407, "maskWdl": 1.0, "cropland": 0.016031929758725635, "maskCrp": 0.0, "one": 0.055510543840111247, "maskOne": 0.0, "GRID.AREA": 12.476633150559211, "REGION.AREA": 32202.066020262951 }, "geometry": { "type": "Polygon", "coordinates": [ [ [ 80.426535995054564, 20.25294117740653 ], [ 80.426535995054564, 20.256117555441065 ], [ 80.381534753204193, 20.256117590105177 ], [ 80.381534753204193, 20.211116339880935 ], [ 80.415676104383522, 20.211117371503882 ], [ 80.415479653962905, 20.211367572055849 ], [ 80.41472848173413, 20.211566382482605 ], [ 80.414231044227392, 20.211719993882639 ], [ 80.413853053775483, 20.211923190303029 ], [ 80.413341145277684, 20.211995574036564 ], [ 80.412733453586114, 20.212176327875284 ], [ 80.411891504689265, 20.212718361862986 ], [ 80.411355821713869, 20.21329190719581 ], [ 80.41049494568523, 20.21436239360963 ], [ 80.410016680825208, 20.214926952017269 ], [ 80.409428419885728, 20.215541178182889 ], [ 80.408749072911462, 20.215988338191323 ], [ 80.408002760618956, 20.21644900871485 ], [ 80.407141732604956, 20.217009181128848 ], [ 80.406337922157434, 20.217492430930978 ], [ 80.405610823880465, 20.217840240135047 ], [ 80.405247158729424, 20.218120322295078 ], [ 80.40484533714266, 20.218599073688324 ], [ 80.404467703721593, 20.219475171641935 ], [ 80.403908218389645, 20.220599692022233 ], [ 80.403310369777785, 20.221633949247405 ], [ 80.402703015331952, 20.222555249824946 ], [ 80.401693808722371, 20.223860422420614 ], [ 80.401512106998211, 20.224515267365749 ], [ 80.401413768830423, 20.224814487098964 ], [ 80.401411356848712, 20.224822031511625 ], [ 80.401096263182069, 20.225779776215745 ], [ 80.400575233760094, 20.227531979317462 ], [ 80.400283553942927, 20.228313248257848 ], [ 80.39984843945399, 20.229266165401267 ], [ 80.399518487188516, 20.230083571799469 ], [ 80.399202922277084, 20.231022933461645 ], [ 80.398863448889131, 20.231591875164952 ], [ 80.398217594466487, 20.232269376730411 ], [ 80.39727993432156, 20.233177107437598 ], [ 80.396634150046054, 20.233981009615945 ], [ 80.396261041114201, 20.234414532304871 ], [ 80.396031475672146, 20.23506931789473 ], [ 80.395620243579458, 20.235850623707393 ], [ 80.395462390976618, 20.236320349504577 ], [ 80.395204178530093, 20.236875742921253 ], [ 80.39506091562879, 20.2376659924916 ], [ 80.395050590512426, 20.237808149226737 ], [ 80.394936932393591, 20.239373022646934 ], [ 80.394929898795866, 20.239442672441438 ], [ 80.394812888004424, 20.240601369757481 ], [ 80.394811357358321, 20.240639939881362 ], [ 80.394765402901101, 20.241797982490937 ], [ 80.394947637923224, 20.243170776909896 ], [ 80.395153695986323, 20.244168795053895 ], [ 80.395273555829988, 20.244873228616655 ], [ 80.395508152079628, 20.245148587537361 ], [ 80.395785737721667, 20.24540149488314 ], [ 80.396264365008506, 20.245424038188844 ], [ 80.396895993055693, 20.24530662540047 ], [ 80.397431872982622, 20.244963309209421 ], [ 80.397795447302087, 20.244525208071934 ], [ 80.398149526579459, 20.244136866423272 ], [ 80.399125874659433, 20.244443800541031 ], [ 80.400169100823405, 20.244606310732703 ], [ 80.40145186051501, 20.245062260714807 ], [ 80.402940296057864, 20.245337553085676 ], [ 80.404218185920627, 20.245531669950651 ], [ 80.405338138644254, 20.245775295393631 ], [ 80.406840963339846, 20.246068711801684 ], [ 80.408133033712602, 20.246181488584853 ], [ 80.408970517475439, 20.24617231100342 ], [ 80.40963103984069, 20.246425063665811 ], [ 80.410373067762919, 20.246858514408988 ], [ 80.410880356443329, 20.246948687631861 ], [ 80.41136853902691, 20.246971248924066 ], [ 80.411851882358519, 20.247097613564051 ], [ 80.412292285760429, 20.247386539657157 ], [ 80.412694280017092, 20.2474768127048 ], [ 80.412981514485352, 20.247625778207123 ], [ 80.413211278677636, 20.24777481025933 ], [ 80.413847827815061, 20.248081760564844 ], [ 80.414345751855024, 20.248384219656085 ], [ 80.41478607611657, 20.248519704320923 ], [ 80.415513573692522, 20.248564664128025 ], [ 80.41619791730011, 20.248578116187161 ], [ 80.416796143627209, 20.248681897951254 ], [ 80.417399291943809, 20.248957300938738 ], [ 80.418103002451687, 20.24952164171043 ], [ 80.418529085049272, 20.249864738466954 ], [ 80.418773274367197, 20.250198779949816 ], [ 80.418763913323971, 20.250659387520781 ], [ 80.419252847740779, 20.250655863976988 ], [ 80.419841677951126, 20.250850150813847 ], [ 80.420325776713298, 20.251060415006179 ], [ 80.420728491326884, 20.251276889916596 ], [ 80.421492053515522, 20.251562028065166 ], [ 80.421926891912562, 20.251719193585984 ], [ 80.422699338503719, 20.251977031015201 ], [ 80.423371644685687, 20.252250666834868 ], [ 80.42423116363733, 20.252542675803912 ], [ 80.424806039966825, 20.252750781623316 ], [ 80.425312703618431, 20.252910864544788 ], [ 80.425620294241256, 20.252958060066476 ], [ 80.426084293155668, 20.252943229346609 ], [ 80.426535995054564, 20.25294117740653 ] ] ] } },
{ "type": "Feature", "properties": { "REGION": 1.0, "STATE.NAME": "Maharashtra", "DISTRICT.NAME": "Gadchiroli", "DISTRICT.AREA": 14527.292838, "GRID_G0": "193965", "woodland": 0.52095008388623121, "maskWdl": 1.0, "cropland": 0.33207513950203976, "maskCrp": 0.0, "one": 0.14069777268461398, "maskOne": 0.0, "GRID.AREA": 23.500818732715196, "REGION.AREA": 32202.066020262951 }, "geometry": { "type": "Polygon", "coordinates": [ [ [ 80.066534923665401, 20.16611509969983 ], [ 80.111536188429895, 20.1661150955678 ], [ 80.111536188429895, 20.211116328720752 ], [ 80.066534923665401, 20.211116282840756 ], [ 80.066534923665401, 20.16611509969983 ] ] ] } },
{ "type": "Feature", "properties": { "REGION": 1.0, "STATE.NAME": "Maharashtra", "DISTRICT.NAME": "Gadchiroli", "DISTRICT.AREA": 14527.292838, "GRID_G0": "193966", "woodland": 0.85453314046478912, "maskWdl": 1.0, "cropland": 0.064466913359268643, "maskCrp": 0.0, "one": 0.078794156177966618, "maskOne": 0.0, "GRID.AREA": 23.500824406625629, "REGION.AREA": 32202.066020262951 }, "geometry": { "type": "Polygon", "coordinates": [ [ [ 80.111536188429895, 20.1661150955678 ], [ 80.156537424750198, 20.166115093849911 ], [ 80.156537424750198, 20.211116355618572 ], [ 80.111536188429895, 20.211116328720752 ], [ 80.111536188429895, 20.1661150955678 ] ] ] } },
{ "type": "Feature", "properties": { "REGION": 1.0, "STATE.NAME": "Maharashtra", "DISTRICT.NAME": "Gadchiroli", "DISTRICT.AREA": 14527.292838, "GRID_G0": "193967", "woodland": 0.58617539855923306, "maskWdl": 1.0, "cropland": 0.31258888077196617, "maskCrp": 0.0, "one": 0.090637578266546656, "maskOne": 0.0, "GRID.AREA": 23.498535070836667, "REGION.AREA": 32202.066020262951 }, "geometry": { "type": "Polygon", "coordinates": [ [ [ 80.156537424750198, 20.166115093849911 ], [ 80.201534259565875, 20.166115036779377 ], [ 80.201534259565875, 20.21111630533148 ], [ 80.156537424750198, 20.211116355618572 ], [ 80.156537424750198, 20.166115093849911 ] ] ] } },
{ "type": "Feature", "properties": { "REGION": 1.0, "STATE.NAME": "Maharashtra", "DISTRICT.NAME": "Gadchiroli", "DISTRICT.AREA": 14527.292838, "GRID_G0": "193968", "woodland": 0.57369377427074564, "maskWdl": 1.0, "cropland": 0.29001494447053888, "maskCrp": 0.0, "one": 0.12884254437401541, "maskOne": 0.0, "GRID.AREA": 23.500842168380444, "REGION.AREA": 32202.066020262951 }, "geometry": { "type": "Polygon", "coordinates": [ [ [ 80.201534259565875, 20.166115036779377 ], [ 80.246535515872466, 20.16611506575045 ], [ 80.246535515872466, 20.211116320149547 ], [ 80.201534259565875, 20.21111630533148 ], [ 80.201534259565875, 20.166115036779377 ] ] ] } },
{ "type": "Feature", "properties": { "REGION": 1.0, "STATE.NAME": "Maharashtra", "DISTRICT.NAME": "Gadchiroli", "DISTRICT.AREA": 14527.292838, "GRID_G0": "193969", "woodland": 0.9884501838822628, "maskWdl": 1.0, "cropland": 0.0015293946568308325, "maskCrp": 0.0, "one": 0.010020421460906455, "maskOne": 0.0, "GRID.AREA": 23.500831937925717, "REGION.AREA": 32202.066020262951 }, "geometry": { "type": "Polygon", "coordinates": [ [ [ 80.246535515872466, 20.16611506575045 ], [ 80.291536732472025, 20.166115026903842 ], [ 80.291536732472025, 20.211116335692878 ], [ 80.246535515872466, 20.211116320149547 ], [ 80.246535515872466, 20.16611506575045 ] ] ] } },
{ "type": "Feature", "properties": { "REGION": 1.0, "STATE.NAME": "Maharashtra", "DISTRICT.NAME": "Gadchiroli", "DISTRICT.AREA": 14527.292838, "GRID_G0": "193970", "woodland": 0.98812209537574625, "maskWdl": 1.0, "cropland": 0.00059017403419831069, "maskCrp": 0.0, "one": 0.011263815442148115, "maskOne": 0.0, "GRID.AREA": 23.498529816266373, "REGION.AREA": 32202.066020262951 }, "geometry": { "type": "Polygon", "coordinates": [ [ [ 80.291536732472025, 20.166115026903842 ], [ 80.336533542262686, 20.166115046045562 ], [ 80.336533542262686, 20.211116297494215 ], [ 80.291536732472025, 20.211116335692878 ], [ 80.291536732472025, 20.166115026903842 ] ] ] } },
{ "type": "Feature", "properties": { "REGION": 1.0, "STATE.NAME": "Maharashtra", "DISTRICT.NAME": "Gadchiroli", "DISTRICT.AREA": 14527.292838, "GRID_G0": "193971", "woodland": 0.97167519731349583, "maskWdl": 1.0, "cropland": 0.0078379981872512897, "maskCrp": 0.0, "one": 0.020431007823388622, "maskOne": 0.0, "GRID.AREA": 23.500816287916372, "REGION.AREA": 32202.066020262951 }, "geometry": { "type": "Polygon", "coordinates": [ [ [ 80.336533542262686, 20.166115046045562 ], [ 80.381534753204193, 20.166115076759475 ], [ 80.381534753204193, 20.211116339880935 ], [ 80.336533542262686, 20.211116297494215 ], [ 80.336533542262686, 20.166115046045562 ] ] ] } },
{ "type": "Feature", "properties": { "REGION": 1.0, "STATE.NAME": "Maharashtra", "DISTRICT.NAME": "Gadchiroli", "DISTRICT.AREA": 14527.292838, "GRID_G0": "193972", "woodland": 0.82235407211631406, "maskWdl": 1.0, "cropland": 0.084792074333516348, "maskCrp": 0.0, "one": 0.091602421786690508, "maskOne": 0.0, "GRID.AREA": 12.910089232771153, "REGION.AREA": 32202.066020262951 }, "geometry": { "type": "Polygon", "coordinates": [ [ [ 80.415676104383522, 20.211117371503882 ], [ 80.381534753204193, 20.211116339880935 ], [ 80.381534753204193, 20.166115076759475 ], [ 80.389223902192356, 20.166115884706421 ], [ 80.389744188443615, 20.167034829893513 ], [ 80.39017011006257, 20.167621935204181 ], [ 80.390533854353976, 20.168245171677373 ], [ 80.391266043693008, 20.169143881285152 ], [ 80.391715933143871, 20.169866471260718 ], [ 80.392031796630192, 20.170304536425249 ], [ 80.392529422095208, 20.170638712806408 ], [ 80.393347571333379, 20.17096835480578 ], [ 80.393773380537141, 20.171094782398313 ], [ 80.394802138408011, 20.17179022363996 ], [ 80.395519956580813, 20.172526331325173 ], [ 80.396180319766017, 20.173104368771646 ], [ 80.39659194666109, 20.173768232118277 ], [ 80.396898451802144, 20.174838571043267 ], [ 80.397018167754311, 20.175222447557985 ], [ 80.397109734027097, 20.17577676088888 ], [ 80.397109751114158, 20.175776799559685 ], [ 80.397131741336864, 20.175909568272004 ], [ 80.397296200359392, 20.176902487260008 ], [ 80.397406649697189, 20.178397352056209 ], [ 80.397483702710758, 20.180050276299255 ], [ 80.397699376325193, 20.181396164801242 ], [ 80.397967796077012, 20.18284580808762 ], [ 80.398274269741819, 20.183956750503683 ], [ 80.398772278318063, 20.185338704517676 ], [ 80.3994284083944, 20.187262557621011 ], [ 80.399964621070467, 20.188490875953221 ], [ 80.400318008769162, 20.189023895136703 ], [ 80.400692214873857, 20.189588199036223 ], [ 80.401314298416196, 20.190107571906996 ], [ 80.40248190981238, 20.190554511581471 ], [ 80.403663785355491, 20.191046722228521 ], [ 80.405266776540543, 20.191791686437227 ], [ 80.40604675495382, 20.192161877068997 ], [ 80.40705638604345, 20.192518571574851 ], [ 80.409142644117765, 20.193132469487921 ], [ 80.410372473311043, 20.193751082546498 ], [ 80.411095039904239, 20.193936078487297 ], [ 80.412114284746508, 20.194337847014083 ], [ 80.413123932923213, 20.194626747926122 ], [ 80.41410001750188, 20.194798162305407 ], [ 80.415434969348439, 20.194956068867555 ], [ 80.416664637563031, 20.195104975913978 ], [ 80.418124006118035, 20.195253689606147 ], [ 80.419530801205553, 20.195434158359774 ], [ 80.420478200108903, 20.195736514928285 ], [ 80.421014225725969, 20.196043516495138 ], [ 80.421234466997134, 20.196377695574256 ], [ 80.421378298269929, 20.197149848986385 ], [ 80.421464922768052, 20.198274429621279 ], [ 80.421426911123092, 20.199091773066929 ], [ 80.421575486319696, 20.199701385710455 ], [ 80.421719904849795, 20.201760713586111 ], [ 80.421892661017523, 20.203083895105749 ], [ 80.422147121492515, 20.204989675433243 ], [ 80.422195290979985, 20.205807056650372 ], [ 80.422182369520783, 20.205926569355764 ], [ 80.422138153453091, 20.206335528861644 ], [ 80.422061701186635, 20.206669720531238 ], [ 80.421722114484055, 20.206967881762409 ], [ 80.421018830254866, 20.207302090519136 ], [ 80.420200750264485, 20.207519042070199 ], [ 80.41919132961624, 20.207894089940343 ], [ 80.418277691262517, 20.208413466408388 ], [ 80.417435816110071, 20.209149865473989 ], [ 80.416694406022103, 20.209723544805797 ], [ 80.416087018301312, 20.210401001405163 ], [ 80.415685381974868, 20.211105555477051 ], [ 80.415676104383522, 20.211117371503882 ] ] ] } },
{ "type": "Feature", "properties": { "REGION": 1.0, "STATE.NAME": "Maharashtra", "DISTRICT.NAME": "Gadchiroli", "DISTRICT.AREA": 14527.292838, "GRID_G0": "193314", "woodland": 0.63877950413064022, "maskWdl": 1.0, "cropland": 0.19160436610454903, "maskCrp": 0.0, "one": 0.16612532092277985, "maskOne": 0.0, "GRID.AREA": 23.505245220710599, "REGION.AREA": 32202.066020262951 }, "geometry": { "type": "Polygon", "coordinates": [ [ [ 80.021533747255191, 20.12111830556313 ], [ 80.066534923665401, 20.12111831597047 ], [ 80.066534923665401, 20.16611509969983 ], [ 80.021533747255191, 20.166115106046583 ], [ 80.021533747255191, 20.12111830556313 ] ] ] } },
{ "type": "Feature", "properties": { "REGION": 1.0, "STATE.NAME": "Maharashtra", "DISTRICT.NAME": "Gadchiroli", "DISTRICT.AREA": 14527.292838, "GRID_G0": "193315", "woodland": 0.51336434743577819, "maskWdl": 1.0, "cropland": 0.36846881433116907, "maskCrp": 0.0, "one": 0.11380379911133461, "maskOne": 0.0, "GRID.AREA": 23.505300504848385, "REGION.AREA": 32202.066020262951 }, "geometry": { "type": "Polygon", "coordinates": [ [ [ 80.066534923665401, 20.12111831597047 ], [ 80.111536188429895, 20.121118260119712 ], [ 80.111536188429895, 20.1661150955678 ], [ 80.066534923665401, 20.16611509969983 ], [ 80.066534923665401, 20.12111831597047 ] ] ] } },
{ "type": "Feature", "properties": { "REGION": 1.0, "STATE.NAME": "Maharashtra", "DISTRICT.NAME": "Gadchiroli", "DISTRICT.AREA": 14527.292838, "GRID_G0": "193316", "woodland": 0.6097349724606802, "maskWdl": 1.0, "cropland": 0.26751525736984227, "maskCrp": 0.0, "one": 0.11896268911025179, "maskOne": 0.0, "GRID.AREA": 23.50528359546038, "REGION.AREA": 32202.066020262951 }, "geometry": { "type": "Polygon", "coordinates": [ [ [ 80.111536188429895, 20.121118260119712 ], [ 80.156537424750198, 20.121118317978517 ], [ 80.156537424750198, 20.166115093849911 ], [ 80.111536188429895, 20.1661150955678 ], [ 80.111536188429895, 20.121118260119712 ] ] ] } },
{ "type": "Feature", "properties": { "REGION": 1.0, "STATE.NAME": "Maharashtra", "DISTRICT.NAME": "Gadchiroli", "DISTRICT.AREA": 14527.292838, "GRID_G0": "193317", "woodland": 0.5990319183231394, "maskWdl": 1.0, "cropland": 0.2719813795502608, "maskCrp": 0.0, "one": 0.12640088718903655, "maskOne": 0.0, "GRID.AREA": 23.502971233610403, "REGION.AREA": 32202.066020262951 }, "geometry": { "type": "Polygon", "coordinates": [ [ [ 80.156537424750198, 20.121118317978517 ], [ 80.201534259565875, 20.121118252437473 ], [ 80.201534259565875, 20.166115036779377 ], [ 80.156537424750198, 20.166115093849911 ], [ 80.156537424750198, 20.121118317978517 ] ] ] } },
{ "type": "Feature", "properties": { "REGION": 1.0, "STATE.NAME": "Maharashtra", "DISTRICT.NAME": "Gadchiroli", "DISTRICT.AREA": 14527.292838, "GRID_G0": "193318", "woodland": 0.79407736861493528, "maskWdl": 1.0, "cropland": 0.1096922663353042, "maskCrp": 0.0, "one": 0.093333544176709068, "maskOne": 0.0, "GRID.AREA": 23.505279646083579, "REGION.AREA": 32202.066020262951 }, "geometry": { "type": "Polygon", "coordinates": [ [ [ 80.201534259565875, 20.121118252437473 ], [ 80.246535515872466, 20.121118293879373 ], [ 80.246535515872466, 20.16611506575045 ], [ 80.201534259565875, 20.166115036779377 ], [ 80.201534259565875, 20.121118252437473 ] ] ] } },
{ "type": "Feature", "properties": { "REGION": 1.0, "STATE.NAME": "Maharashtra", "DISTRICT.NAME": "Gadchiroli", "DISTRICT.AREA": 14527.292838, "GRID_G0": "193319", "woodland": 0.85966888427843802, "maskWdl": 1.0, "cropland": 0.051228465544672253, "maskCrp": 0.0, "one": 0.08854243657852133, "maskOne": 0.0, "GRID.AREA": 23.505246802631195, "REGION.AREA": 32202.066020262951 }, "geometry": { "type": "Polygon", "coordinates": [ [ [ 80.246535515872466, 20.121118293879373 ], [ 80.291536732472025, 20.12111828889816 ], [ 80.291536732472025, 20.166115026903842 ], [ 80.246535515872466, 20.16611506575045 ], [ 80.246535515872466, 20.121118293879373 ] ] ] } },
{ "type": "Feature", "properties": { "REGION": 1.0, "STATE.NAME": "Maharashtra", "DISTRICT.NAME": "Gadchiroli", "DISTRICT.AREA": 14527.292838, "GRID_G0": "193320", "woodland": 0.85005548925182162, "maskWdl": 1.0, "cropland": 0.045148127412088887, "maskCrp": 0.0, "one": 0.10333632862388648, "maskOne": 0.0, "GRID.AREA": 23.502945119852683, "REGION.AREA": 32202.066020262951 }, "geometry": { "type": "Polygon", "coordinates": [ [ [ 80.291536732472025, 20.12111828889816 ], [ 80.336533542262686, 20.121118273787783 ], [ 80.336533542262686, 20.166115046045562 ], [ 80.291536732472025, 20.166115026903842 ], [ 80.291536732472025, 20.12111828889816 ] ] ] } },
{ "type": "Feature", "properties": { "REGION": 1.0, "STATE.NAME": "Maharashtra", "DISTRICT.NAME": "Gadchiroli", "DISTRICT.AREA": 14527.292838, "GRID_G0": "193321", "woodland": 0.95443861430745069, "maskWdl": 1.0, "cropland": 0.010769614076311019, "maskCrp": 0.0, "one": 0.034783802654070814, "maskOne": 0.0, "GRID.AREA": 23.505256375195181, "REGION.AREA": 32202.066020262951 }, "geometry": { "type": "Polygon", "coordinates": [ [ [ 80.336533542262686, 20.121118273787783 ], [ 80.381534753204193, 20.121118291173683 ], [ 80.381534753204193, 20.166115076759475 ], [ 80.336533542262686, 20.166115046045562 ], [ 80.336533542262686, 20.121118273787783 ] ] ] } },
{ "type": "Feature", "properties": { "REGION": 1.0, "STATE.NAME": "Maharashtra", "DISTRICT.NAME": "Gadchiroli", "DISTRICT.AREA": 14527.292838, "GRID_G0": "193322", "woodland": 0.81460958889045076, "maskWdl": 1.0, "cropland": 0.074273403007083086, "maskCrp": 0.0, "one": 0.11076239173044183, "maskOne": 0.0, "GRID.AREA": 15.395249972478307, "REGION.AREA": 32202.066020262951 }, "geometry": { "type": "Polygon", "coordinates": [ [ [ 80.389223902192356, 20.166115884706421 ], [ 80.381534753204193, 20.166115076759475 ], [ 80.381534753204193, 20.121118291173683 ], [ 80.426535995054564, 20.121118285970656 ], [ 80.426535995054564, 20.139377735560036 ], [ 80.42641571401407, 20.139540419954471 ], [ 80.425928082714904, 20.139956085704853 ], [ 80.424675215588763, 20.140417125849751 ], [ 80.423666260789389, 20.140670280509084 ], [ 80.422499554111198, 20.140991245849364 ], [ 80.421265823658871, 20.141416173717516 ], [ 80.419965202532126, 20.141990090470358 ], [ 80.41896590465285, 20.142473537224021 ], [ 80.418019002175242, 20.142690536439147 ], [ 80.416660888289414, 20.142907669653255 ], [ 80.41573803458266, 20.14316080452755 ], [ 80.414752872247334, 20.143472659735494 ], [ 80.413753496127015, 20.14378455091634 ], [ 80.413012279393229, 20.144046634944289 ], [ 80.411644640787586, 20.144308879950923 ], [ 80.410559044864101, 20.144471618570378 ], [ 80.409683947855967, 20.14468864746317 ], [ 80.409076648268751, 20.144828736656905 ], [ 80.408139326268952, 20.144941785035428 ], [ 80.407168486536477, 20.145077523309109 ], [ 80.406025524658276, 20.145168048166965 ], [ 80.405236472984882, 20.145263024668907 ], [ 80.404323040575946, 20.145619929616092 ], [ 80.403371533569498, 20.146162063428559 ], [ 80.402462947606978, 20.146740293329909 ], [ 80.401956137365914, 20.147155221636236 ], [ 80.401817394457225, 20.147268810507228 ], [ 80.401047594570912, 20.148235474687453 ], [ 80.400129585511991, 20.149667277223106 ], [ 80.399704070386576, 20.150679064886958 ], [ 80.398829032733715, 20.151424380730642 ], [ 80.398317372448844, 20.151758677620933 ], [ 80.397982566542282, 20.151993597626472 ], [ 80.396739273598655, 20.152960215041954 ], [ 80.395926317945282, 20.153741659350146 ], [ 80.395256870708067, 20.154636057607998 ], [ 80.394429619431435, 20.155986524558504 ], [ 80.393702794548403, 20.157332485006233 ], [ 80.392497785744311, 20.15939217710735 ], [ 80.391756585198323, 20.160729074187486 ], [ 80.390809804129219, 20.162237666235342 ], [ 80.389604605568138, 20.163466292135755 ], [ 80.388526814860654, 20.16454270058523 ], [ 80.388538131029975, 20.165070269877106 ], [ 80.389184207585174, 20.166045774393012 ], [ 80.389223902192356, 20.166115884706421 ] ] ] } },
{ "type": "Feature", "properties": { "REGION": 1.0, "STATE.NAME": "Maharashtra", "DISTRICT.NAME": "Gadchiroli", "DISTRICT.AREA": 14527.292838, "GRID_G0": "193323", "woodland": 0.5751957243306357, "maskWdl": 1.0, "cropland": 0.28616943554317503, "maskCrp": 0.0, "one": 0.13472609112668557, "maskOne": 0.0, "GRID.AREA": 10.636625434888145, "REGION.AREA": 32202.066020262951 }, "geometry": { "type": "Polygon", "coordinates": [ [ [ 80.426535995054564, 20.139377735560036 ], [ 80.426535995054564, 20.121118285970656 ], [ 80.471537233983682, 20.121118262895916 ], [ 80.471537233983682, 20.14846577996455 ], [ 80.470977057545213, 20.148717772107545 ], [ 80.470149906093368, 20.149097608867578 ], [ 80.468782396990093, 20.149626761865591 ], [ 80.467567955197012, 20.150038404049152 ], [ 80.466922429026923, 20.150201284761525 ], [ 80.466157363171817, 20.150445599984497 ], [ 80.464765718063518, 20.150649489782154 ], [ 80.463000994600293, 20.15071810895364 ], [ 80.461604603769501, 20.150903963747002 ], [ 80.460595549145353, 20.15096324076103 ], [ 80.460145965463994, 20.150963426021349 ], [ 80.459610201549594, 20.150755866989698 ], [ 80.459208409640439, 20.150616097055266 ], [ 80.458830522610597, 20.150548499513718 ], [ 80.457964856792799, 20.150386339158274 ], [ 80.457569636229778, 20.150089453165776 ], [ 80.457448143217277, 20.149998184568634 ], [ 80.456644304890801, 20.149330087213798 ], [ 80.456318725129108, 20.148734063326401 ], [ 80.456131932342885, 20.148079252555533 ], [ 80.455839473712786, 20.146724425691733 ], [ 80.455772101001742, 20.145866295293331 ], [ 80.455030713396752, 20.145717618473384 ], [ 80.454652741830614, 20.145279670220646 ], [ 80.454590115741325, 20.144385399666536 ], [ 80.454601803330604, 20.144258231931932 ], [ 80.454600327543119, 20.144237148225837 ], [ 80.454695333722725, 20.143202833444036 ], [ 80.454771227510207, 20.142109854985851 ], [ 80.454999936797719, 20.140601195488841 ], [ 80.45520483923201, 20.1392100926717 ], [ 80.455431400938437, 20.137950616427872 ], [ 80.454051054912327, 20.137701251511601 ], [ 80.452941515438624, 20.137403675739108 ], [ 80.450990091819335, 20.136867071857921 ], [ 80.449215767193948, 20.136488376337521 ], [ 80.447537088166143, 20.136100644429234 ], [ 80.446800577584668, 20.136024163384487 ], [ 80.446169409090999, 20.136159879175125 ], [ 80.4455573772712, 20.13634535625323 ], [ 80.444840144557077, 20.136503660315725 ], [ 80.44416111954007, 20.136503929213006 ], [ 80.443577665476937, 20.136562928336502 ], [ 80.442061806007587, 20.136608590514072 ], [ 80.441368343274462, 20.136599886875331 ], [ 80.441210562617414, 20.13644629795834 ], [ 80.440794535339592, 20.136572992649523 ], [ 80.439981568894325, 20.136654526984895 ], [ 80.439273975113906, 20.136876105547859 ], [ 80.438661855160547, 20.136831115163886 ], [ 80.437786575590053, 20.136610132851388 ], [ 80.436629170599815, 20.136244744599306 ], [ 80.435548268238051, 20.135910831719574 ], [ 80.434912198439235, 20.135622035128847 ], [ 80.433840837884418, 20.135256557843945 ], [ 80.433596949839398, 20.135256618098481 ], [ 80.433085389379301, 20.135487070272124 ], [ 80.432133789742636, 20.135672555444103 ], [ 80.431368746370595, 20.1358580478107 ], [ 80.43038841339461, 20.13594865270818 ], [ 80.430001090677877, 20.135984876500913 ], [ 80.42958507778917, 20.136120549124087 ], [ 80.429150098198534, 20.136500037846528 ], [ 80.428017048647916, 20.137615956211445 ], [ 80.426936772214333, 20.138835667132355 ], [ 80.426535995054564, 20.139377735560036 ] ] ] } },
{ "type": "Feature", "properties": { "REGION": 1.0, "STATE.NAME": "Maharashtra", "DISTRICT.NAME": "Gadchiroli", "DISTRICT.AREA": 14527.292838, "GRID_G0": "193324", "woodland": 0.74349474376552283, "maskWdl": 1.0, "cropland": 0.13977844637667891, "maskCrp": 0.0, "one": 0.11597765661614366, "maskOne": 0.0, "GRID.AREA": 11.756894193150613, "REGION.AREA": 32202.066020262951 }, "geometry": { "type": "Polygon", "coordinates": [ [ [ 80.471537233983682, 20.14846577996455 ], [ 80.471537233983682, 20.121118262895916 ], [ 80.516534026046131, 20.121118258605978 ], [ 80.516534026046131, 20.135665191284644 ], [ 80.515938805331643, 20.13574143451962 ], [ 80.514977708854246, 20.13565953685821 ], [ 80.513710584775708, 20.135464524268457 ], [ 80.513232339700778, 20.135513872767088 ], [ 80.512409577839776, 20.135870213839326 ], [ 80.511959816992032, 20.136190526271832 ], [ 80.511222715555959, 20.137084376842555 ], [ 80.510690794444656, 20.138669302446374 ], [ 80.51034533696776, 20.140177576134306 ], [ 80.509933276599497, 20.141324473445763 ], [ 80.509574311305485, 20.141649435373207 ], [ 80.506177211309307, 20.143982195821707 ], [ 80.505593320175649, 20.144465001358753 ], [ 80.505162842591176, 20.144595691737834 ], [ 80.50470384570599, 20.144496040559886 ], [ 80.504359713829786, 20.144220248165993 ], [ 80.504120686620467, 20.144043925286951 ], [ 80.503757346124701, 20.143912696213985 ], [ 80.503384351406737, 20.143930498293912 ], [ 80.50315940218475, 20.144156181362746 ], [ 80.50293437292305, 20.14441348189672 ], [ 80.502642554610247, 20.144639111905519 ], [ 80.50201103897831, 20.14496386698892 ], [ 80.501408389785411, 20.145044757409664 ], [ 80.500810586139721, 20.145044280769014 ], [ 80.499968723577808, 20.145237918295326 ], [ 80.499543036681871, 20.145350471147367 ], [ 80.499112560896037, 20.145431509056948 ], [ 80.498753865398612, 20.14544925088228 ], [ 80.498446334131074, 20.145483185900332 ], [ 80.49695296580677, 20.145553967941339 ], [ 80.495518249467693, 20.145509738383794 ], [ 80.494762535662574, 20.145419952768634 ], [ 80.494035531814404, 20.145226201927699 ], [ 80.493026153434315, 20.144892646078805 ], [ 80.492361234283578, 20.144640223467604 ], [ 80.491839871213131, 20.144491463909958 ], [ 80.49108416010597, 20.144374550245349 ], [ 80.490294921373561, 20.144217014203885 ], [ 80.489768881828468, 20.144145113406296 ], [ 80.488989186701644, 20.143910696121793 ], [ 80.488066076688142, 20.143793849906274 ], [ 80.487563876371851, 20.1437715889877 ], [ 80.486884800093492, 20.143794572961212 ], [ 80.486334902433839, 20.143772372297182 ], [ 80.485751488840208, 20.143817930153432 ], [ 80.48508196246263, 20.143899611078215 ], [ 80.48442688459312, 20.144017460937107 ], [ 80.482882480642047, 20.144451991766061 ], [ 80.481754023929113, 20.144741684081509 ], [ 80.480094852095817, 20.145203393321992 ], [ 80.479764958286239, 20.145271280445286 ], [ 80.478024294385762, 20.145457472484399 ], [ 80.476886244604543, 20.145765263656017 ], [ 80.475389807793476, 20.146398386376461 ], [ 80.474280664920798, 20.147008757148456 ], [ 80.472253580438462, 20.148143476740131 ], [ 80.471890916232837, 20.148306676711798 ], [ 80.471537233983682, 20.14846577996455 ] ] ] } },
{ "type": "Feature", "properties": { "REGION": 1.0, "STATE.NAME": "Maharashtra", "DISTRICT.NAME": "Gadchiroli", "DISTRICT.AREA": 14527.292838, "GRID_G0": "193325", "woodland": 0.83010830204886044, "maskWdl": 1.0, "cropland": 0.077180328952633201, "maskCrp": 0.0, "one": 0.091645558310359712, "maskOne": 0.0, "GRID.AREA": 2.8226876913033778, "REGION.AREA": 32202.066020262951 }, "geometry": { "type": "Polygon", "coordinates": [ [ [ 80.516534026046131, 20.135665191284644 ], [ 80.516534026046131, 20.121118258605978 ], [ 80.543300398439399, 20.121119667524809 ], [ 80.542807374360919, 20.121303505252627 ], [ 80.542171127395648, 20.121727799998038 ], [ 80.541367423967472, 20.122422938168086 ], [ 80.540339192200008, 20.122874108253541 ], [ 80.539310633079324, 20.123749746653516 ], [ 80.538932551795881, 20.124250862387445 ], [ 80.538540260324794, 20.124752030282025 ], [ 80.537631268768109, 20.125578147513522 ], [ 80.536444669985599, 20.126873754020608 ], [ 80.535640722841151, 20.127812724477675 ], [ 80.534971014800533, 20.12823242368745 ], [ 80.533631576236303, 20.129139568936015 ], [ 80.532588680123524, 20.129983595266765 ], [ 80.530976281130506, 20.131441540194999 ], [ 80.530670072765702, 20.13174852467472 ], [ 80.529469579457611, 20.132054915601945 ], [ 80.5274943085156, 20.132654581743623 ], [ 80.525126631888611, 20.133479702526305 ], [ 80.523141801153258, 20.134011509423662 ], [ 80.52291705877532, 20.13402948687138 ], [ 80.521252575545986, 20.134480087685972 ], [ 80.51814855651071, 20.135124096699769 ], [ 80.517273203195828, 20.135516495190132 ], [ 80.516570115918171, 20.135660568380562 ], [ 80.516534026046131, 20.135665191284644 ] ] ] } },
{ "type": "Feature", "properties": { "REGION": 1.0, "STATE.NAME": "Maharashtra", "DISTRICT.NAME": "Gadchiroli", "DISTRICT.AREA": 14527.292838, "GRID_G0": "192664", "woodland": 0.42845449246077277, "maskWdl": 1.0, "cropland": 0.43377510143750975, "maskCrp": 0.0, "one": 0.12193611436795261, "maskOne": 0.0, "GRID.AREA": 23.514362776968795, "REGION.AREA": 32202.066020262951 }, "geometry": { "type": "Polygon", "coordinates": [ [ [ 80.021533747255191, 20.076117002797812 ], [ 80.066534923665401, 20.076117027320095 ], [ 80.066534923665401, 20.12111831597047 ], [ 80.021533747255191, 20.12111830556313 ], [ 80.021533747255191, 20.076117002797812 ] ] ] } },
{ "type": "Feature", "properties": { "REGION": 1.0, "STATE.NAME": "Maharashtra", "DISTRICT.NAME": "Gadchiroli", "DISTRICT.AREA": 14527.292838, "GRID_G0": "192665", "woodland": 0.88772200757181996, "maskWdl": 1.0, "cropland": 0.012454460341664865, "maskCrp": 0.0, "one": 0.099823532086515218, "maskOne": 0.0, "GRID.AREA": 23.514395972498345, "REGION.AREA": 32202.066020262951 }, "geometry": { "type": "Polygon", "coordinates": [ [ [ 80.066534923665401, 20.076117027320095 ], [ 80.111536188429895, 20.076117007011479 ], [ 80.111536188429895, 20.121118260119712 ], [ 80.066534923665401, 20.12111831597047 ], [ 80.066534923665401, 20.076117027320095 ] ] ] } },
{ "type": "Feature", "properties": { "REGION": 1.0, "STATE.NAME": "Maharashtra", "DISTRICT.NAME": "Gadchiroli", "DISTRICT.AREA": 14527.292838, "GRID_G0": "192666", "woodland": 0.87680578599993275, "maskWdl": 1.0, "cropland": 0.05395424404150586, "maskCrp": 0.0, "one": 0.069020768512061334, "maskOne": 0.0, "GRID.AREA": 23.514380425082585, "REGION.AREA": 32202.066020262951 }, "geometry": { "type": "Polygon", "coordinates": [ [ [ 80.111536188429895, 20.076117007011479 ], [ 80.156537424750198, 20.076117031947312 ], [ 80.156537424750198, 20.121118317978517 ], [ 80.111536188429895, 20.121118260119712 ], [ 80.111536188429895, 20.076117007011479 ] ] ] } },
{ "type": "Feature", "properties": { "REGION": 1.0, "STATE.NAME": "Maharashtra", "DISTRICT.NAME": "Gadchiroli", "DISTRICT.AREA": 14527.292838, "GRID_G0": "192667", "woodland": 0.5982602860643641, "maskWdl": 1.0, "cropland": 0.25663499299570397, "maskCrp": 0.0, "one": 0.13981956228070294, "maskOne": 0.0, "GRID.AREA": 23.512068524975327, "REGION.AREA": 32202.066020262951 }, "geometry": { "type": "Polygon", "coordinates": [ [ [ 80.156537424750198, 20.076117031947312 ], [ 80.201534259565875, 20.076117045233364 ], [ 80.201534259565875, 20.121118252437473 ], [ 80.156537424750198, 20.121118317978517 ], [ 80.156537424750198, 20.076117031947312 ] ] ] } },
{ "type": "Feature", "properties": { "REGION": 1.0, "STATE.NAME": "Maharashtra", "DISTRICT.NAME": "Gadchiroli", "DISTRICT.AREA": 14527.292838, "GRID_G0": "192668", "woodland": 0.65214809406370711, "maskWdl": 1.0, "cropland": 0.1975658281747936, "maskCrp": 0.0, "one": 0.14860686347498794, "maskOne": 0.0, "GRID.AREA": 23.514379186862069, "REGION.AREA": 32202.066020262951 }, "geometry": { "type": "Polygon", "coordinates": [ [ [ 80.201534259565875, 20.076117045233364 ], [ 80.246535515872466, 20.076117006658695 ], [ 80.246535515872466, 20.121118293879373 ], [ 80.201534259565875, 20.121118252437473 ], [ 80.201534259565875, 20.076117045233364 ] ] ] } },
{ "type": "Feature", "properties": { "REGION": 1.0, "STATE.NAME": "Maharashtra", "DISTRICT.NAME": "Gadchiroli", "DISTRICT.AREA": 14527.292838, "GRID_G0": "192669", "woodland": 0.823431682169672, "maskWdl": 1.0, "cropland": 0.062278773826040398, "maskCrp": 0.0, "one": 0.11394865455077617, "maskOne": 0.0, "GRID.AREA": 23.514371169914231, "REGION.AREA": 32202.066020262951 }, "geometry": { "type": "Polygon", "coordinates": [ [ [ 80.246535515872466, 20.076117006658695 ], [ 80.291536732472025, 20.076117032961744 ], [ 80.291536732472025, 20.12111828889816 ], [ 80.246535515872466, 20.121118293879373 ], [ 80.246535515872466, 20.076117006658695 ] ] ] } },
{ "type": "Feature", "properties": { "REGION": 1.0, "STATE.NAME": "Maharashtra", "DISTRICT.NAME": "Gadchiroli", "DISTRICT.AREA": 14527.292838, "GRID_G0": "192670", "woodland": 0.81102087589058847, "maskWdl": 1.0, "cropland": 0.084749937721090143, "maskCrp": 0.0, "one": 0.10352155049574013, "maskOne": 0.0, "GRID.AREA": 23.512046442052966, "REGION.AREA": 32202.066020262951 }, "geometry": { "type": "Polygon", "coordinates": [ [ [ 80.291536732472025, 20.076117032961744 ], [ 80.336533542262686, 20.076117070963068 ], [ 80.336533542262686, 20.121118273787783 ], [ 80.291536732472025, 20.12111828889816 ], [ 80.291536732472025, 20.076117032961744 ] ] ] } },
{ "type": "Feature", "properties": { "REGION": 1.0, "STATE.NAME": "Maharashtra", "DISTRICT.NAME": "Gadchiroli", "DISTRICT.AREA": 14527.292838, "GRID_G0": "192671", "woodland": 0.93096391641386378, "maskWdl": 1.0, "cropland": 0.034780791830410759, "maskCrp": 0.0, "one": 0.033888909116741729, "maskOne": 0.0, "GRID.AREA": 23.514336430761826, "REGION.AREA": 32202.066020262951 }, "geometry": { "type": "Polygon", "coordinates": [ [ [ 80.336533542262686, 20.076117070963068 ], [ 80.381534753204193, 20.076117072478876 ], [ 80.381534753204193, 20.121118291173683 ], [ 80.336533542262686, 20.121118273787783 ], [ 80.336533542262686, 20.076117070963068 ] ] ] } },
{ "type": "Feature", "properties": { "REGION": 1.0, "STATE.NAME": "Maharashtra", "DISTRICT.NAME": "Gadchiroli", "DISTRICT.AREA": 14527.292838, "GRID_G0": "192672", "woodland": 0.82366886404956585, "maskWdl": 1.0, "cropland": 0.080567057407841466, "maskCrp": 0.0, "one": 0.095382475737798955, "maskOne": 0.0, "GRID.AREA": 23.514355291568705, "REGION.AREA": 32202.066020262951 }, "geometry": { "type": "Polygon", "coordinates": [ [ [ 80.381534753204193, 20.076117072478876 ], [ 80.426535995054564, 20.076117072770884 ], [ 80.426535995054564, 20.121118285970656 ], [ 80.381534753204193, 20.121118291173683 ], [ 80.381534753204193, 20.076117072478876 ] ] ] } },
{ "type": "Feature", "properties": { "REGION": 1.0, "STATE.NAME": "Maharashtra", "DISTRICT.NAME": "Gadchiroli", "DISTRICT.AREA": 14527.292838, "GRID_G0": "192673", "woodland": 0.55704178145348537, "maskWdl": 1.0, "cropland": 0.31768945402723642, "maskCrp": 0.0, "one": 0.12294425322540938, "maskOne": 0.0, "GRID.AREA": 23.514368817128901, "REGION.AREA": 32202.066020262951 }, "geometry": { "type": "Polygon", "coordinates": [ [ [ 80.426535995054564, 20.076117072770884 ], [ 80.471537233983682, 20.076116986605189 ], [ 80.471537233983682, 20.121118262895916 ], [ 80.426535995054564, 20.121118285970656 ], [ 80.426535995054564, 20.076117072770884 ] ] ] } },
{ "type": "Feature", "properties": { "REGION": 1.0, "STATE.NAME": "Maharashtra", "DISTRICT.NAME": "Gadchiroli", "DISTRICT.AREA": 14527.292838, "GRID_G0": "192674", "woodland": 0.76391399980740327, "maskWdl": 1.0, "cropland": 0.12114782566549515, "maskCrp": 0.0, "one": 0.11404534186881354, "maskOne": 0.0, "GRID.AREA": 23.512048986849386, "REGION.AREA": 32202.066020262951 }, "geometry": { "type": "Polygon", "coordinates": [ [ [ 80.471537233983682, 20.076116986605189 ], [ 80.516534026046131, 20.076117030952684 ], [ 80.516534026046131, 20.121118258605978 ], [ 80.471537233983682, 20.121118262895916 ], [ 80.471537233983682, 20.076116986605189 ] ] ] } },
{ "type": "Feature", "properties": { "REGION": 1.0, "STATE.NAME": "Maharashtra", "DISTRICT.NAME": "Gadchiroli", "DISTRICT.AREA": 14527.292838, "GRID_G0": "192675", "woodland": 0.62140925749939346, "maskWdl": 1.0, "cropland": 0.28203223377091213, "maskCrp": 0.0, "one": 0.094428305455916933, "maskOne": 0.0, "GRID.AREA": 17.103875350396038, "REGION.AREA": 32202.066020262951 }, "geometry": { "type": "Polygon", "coordinates": [ [ [ 80.543300398439399, 20.121119667524809 ], [ 80.516534026046131, 20.121118258605978 ], [ 80.516534026046131, 20.076117030952684 ], [ 80.555691017922541, 20.076117705498582 ], [ 80.555249129743572, 20.078189864270882 ], [ 80.555109980341399, 20.079323482192994 ], [ 80.554904198370139, 20.07971184272742 ], [ 80.553962252955685, 20.080375364331644 ], [ 80.553020105193752, 20.081251197884512 ], [ 80.552077894479282, 20.082253405969936 ], [ 80.551475088804352, 20.083160975698547 ], [ 80.550566286105266, 20.084343939421331 ], [ 80.54996080764522, 20.085378263196333 ], [ 80.54895385653532, 20.087098357803033 ], [ 80.546779186110598, 20.090552306643705 ], [ 80.546705225865537, 20.090540861871322 ], [ 80.544786258778856, 20.094072361050674 ], [ 80.544015722347766, 20.095513038096271 ], [ 80.544021519377679, 20.095626533437837 ], [ 80.544081934034068, 20.096809302907047 ], [ 80.5443726974421, 20.098363314315577 ], [ 80.544611167971084, 20.099144854851207 ], [ 80.545160259838156, 20.10014770595194 ], [ 80.545465864757887, 20.10078340792796 ], [ 80.54653068634218, 20.102998335604756 ], [ 80.547729300067203, 20.105297894881971 ], [ 80.548670674412165, 20.105898901912838 ], [ 80.549148728830801, 20.106061773632007 ], [ 80.550094811126712, 20.106856979366171 ], [ 80.551155345642769, 20.108311645366197 ], [ 80.551633093392581, 20.108750085548085 ], [ 80.551943627496485, 20.10920182490435 ], [ 80.552157748881086, 20.109866562391971 ], [ 80.552215704791024, 20.110046478961863 ], [ 80.552334583474305, 20.111117085884867 ], [ 80.552281536064072, 20.111957149802667 ], [ 80.552279299450163, 20.112061557494936 ], [ 80.552212819765899, 20.11516402519965 ], [ 80.552082329935615, 20.11783791019144 ], [ 80.552078194852868, 20.117838940814522 ], [ 80.55207092743143, 20.117988065496888 ], [ 80.55064106653208, 20.118344276167473 ], [ 80.548240378490732, 20.119138068167388 ], [ 80.546528079207519, 20.119963866139585 ], [ 80.544452568930978, 20.120690041712127 ], [ 80.543300398439399, 20.121119667524809 ] ] ] } },
{ "type": "Feature", "properties": { "REGION": 1.0, "STATE.NAME": "Maharashtra", "DISTRICT.NAME": "Gadchiroli", "DISTRICT.AREA": 14527.292838, "GRID_G0": "192015", "woodland": 0.83987253082341029, "maskWdl": 1.0, "cropland": 0.10991769588678819, "maskCrp": 0.0, "one": 0.048966603838529528, "maskOne": 0.0, "GRID.AREA": 23.521109337733179, "REGION.AREA": 32202.066020262951 }, "geometry": { "type": "Polygon", "coordinates": [ [ [ 80.066534923665401, 20.031115811412498 ], [ 80.111536188429895, 20.031115824466436 ], [ 80.111536188429895, 20.076117007011479 ], [ 80.066534923665401, 20.076117027320095 ], [ 80.066534923665401, 20.031115811412498 ] ] ] } },
{ "type": "Feature", "properties": { "REGION": 1.0, "STATE.NAME": "Maharashtra", "DISTRICT.NAME": "Gadchiroli", "DISTRICT.AREA": 14527.292838, "GRID_G0": "192016", "woodland": 0.79997567874393949, "maskWdl": 1.0, "cropland": 0.11237743146816713, "maskCrp": 0.0, "one": 0.085308000976037843, "maskOne": 0.0, "GRID.AREA": 23.52109492005302, "REGION.AREA": 32202.066020262951 }, "geometry": { "type": "Polygon", "coordinates": [ [ [ 80.111536188429895, 20.031115824466436 ], [ 80.156537424750198, 20.031115814318884 ], [ 80.156537424750198, 20.076117031947312 ], [ 80.111536188429895, 20.076117007011479 ], [ 80.111536188429895, 20.031115824466436 ] ] ] } },
{ "type": "Feature", "properties": { "REGION": 1.0, "STATE.NAME": "Maharashtra", "DISTRICT.NAME": "Gadchiroli", "DISTRICT.AREA": 14527.292838, "GRID_G0": "192017", "woodland": 0.85966131793963685, "maskWdl": 1.0, "cropland": 0.077503888015680381, "maskCrp": 0.0, "one": 0.062440293133941574, "maskOne": 0.0, "GRID.AREA": 23.518806979836409, "REGION.AREA": 32202.066020262951 }, "geometry": { "type": "Polygon", "coordinates": [ [ [ 80.156537424750198, 20.031115814318884 ], [ 80.201534259565875, 20.031115814376008 ], [ 80.201534259565875, 20.076117045233364 ], [ 80.156537424750198, 20.076117031947312 ], [ 80.156537424750198, 20.031115814318884 ] ] ] } },
{ "type": "Feature", "properties": { "REGION": 1.0, "STATE.NAME": "Maharashtra", "DISTRICT.NAME": "Gadchiroli", "DISTRICT.AREA": 14527.292838, "GRID_G0": "192018", "woodland": 0.74123419441997951, "maskWdl": 1.0, "cropland": 0.15121568045934572, "maskCrp": 0.0, "one": 0.10577458971324644, "maskOne": 0.0, "GRID.AREA": 23.521119427725882, "REGION.AREA": 32202.066020262951 }, "geometry": { "type": "Polygon", "coordinates": [ [ [ 80.201534259565875, 20.031115814376008 ], [ 80.246535515872452, 20.031115783541633 ], [ 80.246535515872466, 20.076117006658695 ], [ 80.201534259565875, 20.076117045233364 ], [ 80.201534259565875, 20.031115814376008 ] ] ] } },
{ "type": "Feature", "properties": { "REGION": 1.0, "STATE.NAME": "Maharashtra", "DISTRICT.NAME": "Gadchiroli", "DISTRICT.AREA": 14527.292838, "GRID_G0": "192019", "woodland": 0.93110842017539208, "maskWdl": 1.0, "cropland": 0.035023797523091829, "maskCrp": 0.0, "one": 0.033640668109548362, "maskOne": 0.0, "GRID.AREA": 23.521112533667864, "REGION.AREA": 32202.066020262951 }, "geometry": { "type": "Polygon", "coordinates": [ [ [ 80.246535515872452, 20.031115783541633 ], [ 80.291536732472025, 20.031115749081252 ], [ 80.291536732472025, 20.076117032961744 ], [ 80.246535515872466, 20.076117006658695 ], [ 80.246535515872452, 20.031115783541633 ] ] ] } },
{ "type": "Feature", "properties": { "REGION": 1.0, "STATE.NAME": "Maharashtra", "DISTRICT.NAME": "Gadchiroli", "DISTRICT.AREA": 14527.292838, "GRID_G0": "192020", "woodland": 0.82048814703235584, "maskWdl": 1.0, "cropland": 0.11407877899205095, "maskCrp": 0.0, "one": 0.063779354076134637, "maskOne": 0.0, "GRID.AREA": 23.518835249122525, "REGION.AREA": 32202.066020262951 }, "geometry": { "type": "Polygon", "coordinates": [ [ [ 80.291536732472025, 20.031115749081252 ], [ 80.336533542262686, 20.031115748136077 ], [ 80.336533542262686, 20.076117070963068 ], [ 80.291536732472025, 20.076117032961744 ], [ 80.291536732472025, 20.031115749081252 ] ] ] } },
{ "type": "Feature", "properties": { "REGION": 1.0, "STATE.NAME": "Maharashtra", "DISTRICT.NAME": "Gadchiroli", "DISTRICT.AREA": 14527.292838, "GRID_G0": "192021", "woodland": 0.84267894525874054, "maskWdl": 1.0, "cropland": 0.095424455340685513, "maskCrp": 0.0, "one": 0.06154596463210843, "maskOne": 0.0, "GRID.AREA": 23.521127010272487, "REGION.AREA": 32202.066020262951 }, "geometry": { "type": "Polygon", "coordinates": [ [ [ 80.336533542262686, 20.031115748136077 ], [ 80.381534753204193, 20.031115821577902 ], [ 80.381534753204193, 20.076117072478876 ], [ 80.336533542262686, 20.076117070963068 ], [ 80.336533542262686, 20.031115748136077 ] ] ] } },
{ "type": "Feature", "properties": { "REGION": 1.0, "STATE.NAME": "Maharashtra", "DISTRICT.NAME": "Gadchiroli", "DISTRICT.AREA": 14527.292838, "GRID_G0": "192022", "woodland": 0.84296407997384704, "maskWdl": 1.0, "cropland": 0.070692668393357957, "maskCrp": 0.0, "one": 0.085881804274622192, "maskOne": 0.0, "GRID.AREA": 23.521123482113879, "REGION.AREA": 32202.066020262951 }, "geometry": { "type": "Polygon", "coordinates": [ [ [ 80.381534753204193, 20.031115821577902 ], [ 80.426535995054564, 20.031115825250708 ], [ 80.426535995054564, 20.076117072770884 ], [ 80.381534753204193, 20.076117072478876 ], [ 80.381534753204193, 20.031115821577902 ] ] ] } },
{ "type": "Feature", "properties": { "REGION": 1.0, "STATE.NAME": "Maharashtra", "DISTRICT.NAME": "Gadchiroli", "DISTRICT.AREA": 14527.292838, "GRID_G0": "192023", "woodland": 0.46016306507154781, "maskWdl": 1.0, "cropland": 0.41431012063615624, "maskCrp": 0.0, "one": 0.11898794056803357, "maskOne": 0.0, "GRID.AREA": 23.521114606822636, "REGION.AREA": 32202.066020262951 }, "geometry": { "type": "Polygon", "coordinates": [ [ [ 80.426535995054564, 20.031115825250708 ], [ 80.471537233983682, 20.031115763843168 ], [ 80.471537233983682, 20.076116986605189 ], [ 80.426535995054564, 20.076117072770884 ], [ 80.426535995054564, 20.031115825250708 ] ] ] } },
{ "type": "Feature", "properties": { "REGION": 1.0, "STATE.NAME": "Maharashtra", "DISTRICT.NAME": "Gadchiroli", "DISTRICT.AREA": 14527.292838, "GRID_G0": "192024", "woodland": 0.62544052435150888, "maskWdl": 1.0, "cropland": 0.22767287927997279, "maskCrp": 0.0, "one": 0.14396136265189366, "maskOne": 0.0, "GRID.AREA": 23.518795208385693, "REGION.AREA": 32202.066020262951 }, "geometry": { "type": "Polygon", "coordinates": [ [ [ 80.471537233983682, 20.031115763843168 ], [ 80.516534026046131, 20.031115764784314 ], [ 80.516534026046131, 20.076117030952684 ], [ 80.471537233983682, 20.076116986605189 ], [ 80.471537233983682, 20.031115763843168 ] ] ] } },
{ "type": "Feature", "properties": { "REGION": 1.0, "STATE.NAME": "Maharashtra", "DISTRICT.NAME": "Gadchiroli", "DISTRICT.AREA": 14527.292838, "GRID_G0": "192025", "woodland": 0.62355634549347105, "maskWdl": 1.0, "cropland": 0.28774533833896521, "maskCrp": 0.0, "one": 0.086813653611214681, "maskOne": 0.0, "GRID.AREA": 18.305685488077703, "REGION.AREA": 32202.066020262951 }, "geometry": { "type": "Polygon", "coordinates": [ [ [ 80.555691017922541, 20.076117705498582 ], [ 80.516534026046131, 20.076117030952684 ], [ 80.516534026046131, 20.031115764784314 ], [ 80.547318032680792, 20.031117002613339 ], [ 80.547646189220302, 20.032865898342603 ], [ 80.547817816738927, 20.033498359161968 ], [ 80.548161497155434, 20.034180647818687 ], [ 80.548519621583353, 20.034826761246112 ], [ 80.54908299918111, 20.03576660764287 ], [ 80.549407334281113, 20.037013399848544 ], [ 80.549750851021031, 20.03784017268589 ], [ 80.550075229288439, 20.039023824390032 ], [ 80.55041877031006, 20.039995269366216 ], [ 80.550724257418622, 20.040677422225318 ], [ 80.550929506991224, 20.041178876104315 ], [ 80.550946966429422, 20.041258340200272 ], [ 80.551000977013544, 20.041504168082952 ], [ 80.550981274666128, 20.041654919638859 ], [ 80.550928953008849, 20.04205526633751 ], [ 80.550550717941348, 20.043301896665241 ], [ 80.550071608617884, 20.045605622501512 ], [ 80.549965930183589, 20.046463837436196 ], [ 80.549967093906332, 20.046469011235956 ], [ 80.55008988374118, 20.047015045408045 ], [ 80.550380836906129, 20.048036050223573 ], [ 80.550461528576761, 20.048943948204681 ], [ 80.550408715889603, 20.049626141533281 ], [ 80.550402933248847, 20.049634173378422 ], [ 80.550236477731346, 20.049865383680586 ], [ 80.549983008309255, 20.050077718112277 ], [ 80.549989056250013, 20.050215417807355 ], [ 80.549997288644022, 20.050402855407526 ], [ 80.550083028209258, 20.050791335551764 ], [ 80.55005247464203, 20.050888213220507 ], [ 80.550016016126278, 20.051003810277678 ], [ 80.5498102737252, 20.05137406026472 ], [ 80.549528087151543, 20.051699231734236 ], [ 80.549245901477207, 20.052024403203689 ], [ 80.54909224061447, 20.05320780669496 ], [ 80.54909339174668, 20.05322455207147 ], [ 80.549125458872879, 20.053691152724582 ], [ 80.549177632142062, 20.054454581813562 ], [ 80.549330265079732, 20.055118743735079 ], [ 80.549979606173963, 20.056478613996887 ], [ 80.550595439428051, 20.057517735655043 ], [ 80.550666864484242, 20.057924375809364 ], [ 80.550683824798739, 20.058121431658776 ], [ 80.550923455453187, 20.060905779478219 ], [ 80.551109499104143, 20.061506584161577 ], [ 80.551625208136898, 20.062202406715755 ], [ 80.552088570331307, 20.062753563426266 ], [ 80.553951604982615, 20.064633405507323 ], [ 80.554381412572184, 20.065297552140354 ], [ 80.555455690527765, 20.067339595945668 ], [ 80.555814554198378, 20.068086452327979 ], [ 80.556234310964726, 20.06895992516047 ], [ 80.556654074026369, 20.069833397992966 ], [ 80.556773191030004, 20.070565245589648 ], [ 80.556825132274071, 20.071748742610453 ], [ 80.556805639468735, 20.072670269817138 ], [ 80.556793405091639, 20.072695613611756 ], [ 80.556790670253292, 20.072824904645699 ], [ 80.556226094758529, 20.073994472067284 ], [ 80.555795175606931, 20.075629267776552 ], [ 80.555691017922541, 20.076117705498582 ] ] ] } },
{ "type": "Feature", "properties": { "REGION": 1.0, "STATE.NAME": "Maharashtra", "DISTRICT.NAME": "Gadchiroli", "DISTRICT.AREA": 14527.292838, "GRID_G0": "192014", "woodland": 0.82676118061663939, "maskWdl": 1.0, "cropland": 0.070134944462344084, "maskCrp": 0.0, "one": 0.10309989043377288, "maskOne": 0.0, "GRID.AREA": 23.521074995197527, "REGION.AREA": 32202.066020262951 }, "geometry": { "type": "Polygon", "coordinates": [ [ [ 80.021533747255191, 20.031115774962103 ], [ 80.066534923665401, 20.031115811412498 ], [ 80.066534923665401, 20.076117027320095 ], [ 80.021533747255191, 20.076117002797812 ], [ 80.021533747255191, 20.031115774962103 ] ] ] } },
{ "type": "Feature", "properties": { "REGION": 1.0, "STATE.NAME": "Maharashtra", "DISTRICT.NAME": "Gadchiroli", "DISTRICT.AREA": 14527.292838, "GRID_G0": "191365", "woodland": 0.72203692261521046, "maskWdl": 1.0, "cropland": 0.19325985977794413, "maskCrp": 0.0, "one": 0.0843207047098853, "maskOne": 0.0, "GRID.AREA": 23.527881909148711, "REGION.AREA": 32202.066020262951 }, "geometry": { "type": "Polygon", "coordinates": [ [ [ 80.066534923665401, 19.986114572155483 ], [ 80.111536188429895, 19.98611452650405 ], [ 80.111536188429895, 20.031115824466436 ], [ 80.066534923665401, 20.031115811412498 ], [ 80.066534923665401, 19.986114572155483 ] ] ] } },
{ "type": "Feature", "properties": { "REGION": 1.0, "STATE.NAME": "Maharashtra", "DISTRICT.NAME": "Gadchiroli", "DISTRICT.AREA": 14527.292838, "GRID_G0": "191366", "woodland": 0.69482243093617757, "maskWdl": 1.0, "cropland": 0.19966612009496224, "maskCrp": 0.0, "one": 0.1017072820145635, "maskOne": 0.0, "GRID.AREA": 23.527868633477595, "REGION.AREA": 32202.066020262951 }, "geometry": { "type": "Polygon", "coordinates": [ [ [ 80.111536188429895, 19.98611452650405 ], [ 80.156537424750198, 19.986114568957685 ], [ 80.156537424750198, 20.031115814318884 ], [ 80.111536188429895, 20.031115824466436 ], [ 80.111536188429895, 19.98611452650405 ] ] ] } },
{ "type": "Feature", "properties": { "REGION": 1.0, "STATE.NAME": "Maharashtra", "DISTRICT.NAME": "Gadchiroli", "DISTRICT.AREA": 14527.292838, "GRID_G0": "191367", "woodland": 0.70131884531874433, "maskWdl": 1.0, "cropland": 0.2023725430524021, "maskCrp": 0.0, "one": 0.094463622962164678, "maskOne": 0.0, "GRID.AREA": 23.525557683490455, "REGION.AREA": 32202.066020262951 }, "geometry": { "type": "Polygon", "coordinates": [ [ [ 80.156537424750198, 19.986114568957685 ], [ 80.201534259565875, 19.986114553611337 ], [ 80.201534259565875, 20.031115814376008 ], [ 80.156537424750198, 20.031115814318884 ], [ 80.156537424750198, 19.986114568957685 ] ] ] } },
{ "type": "Feature", "properties": { "REGION": 1.0, "STATE.NAME": "Maharashtra", "DISTRICT.NAME": "Gadchiroli", "DISTRICT.AREA": 14527.292838, "GRID_G0": "191368", "woodland": 0.92366606206177204, "maskWdl": 1.0, "cropland": 0.044604253941705953, "maskCrp": 0.0, "one": 0.031538428988330335, "maskOne": 0.0, "GRID.AREA": 23.527871930772974, "REGION.AREA": 32202.066020262951 }, "geometry": { "type": "Polygon", "coordinates": [ [ [ 80.201534259565875, 19.986114553611337 ], [ 80.246535515872466, 19.986114528349738 ], [ 80.246535515872452, 20.031115783541633 ], [ 80.201534259565875, 20.031115814376008 ], [ 80.201534259565875, 19.986114553611337 ] ] ] } },
{ "type": "Feature", "properties": { "REGION": 1.0, "STATE.NAME": "Maharashtra", "DISTRICT.NAME": "Gadchiroli", "DISTRICT.AREA": 14527.292838, "GRID_G0": "191369", "woodland": 0.98406473049784648, "maskWdl": 1.0, "cropland": 0.0046601785928307863, "maskCrp": 0.0, "one": 0.01125516863488113, "maskOne": 0.0, "GRID.AREA": 23.527842661918505, "REGION.AREA": 32202.066020262951 }, "geometry": { "type": "Polygon", "coordinates": [ [ [ 80.246535515872466, 19.986114528349738 ], [ 80.291536732472025, 19.986114520880403 ], [ 80.291536732472025, 20.031115749081252 ], [ 80.246535515872452, 20.031115783541633 ], [ 80.246535515872466, 19.986114528349738 ] ] ] } },
{ "type": "Feature", "properties": { "REGION": 1.0, "STATE.NAME": "Maharashtra", "DISTRICT.NAME": "Gadchiroli", "DISTRICT.AREA": 14527.292838, "GRID_G0": "191370", "woodland": 0.8833660641139478, "maskWdl": 1.0, "cropland": 0.05410632584000967, "maskCrp": 0.0, "one": 0.0624279887361293, "maskOne": 0.0, "GRID.AREA": 23.525518844263814, "REGION.AREA": 32202.066020262951 }, "geometry": { "type": "Polygon", "coordinates": [ [ [ 80.291536732472025, 19.986114520880403 ], [ 80.336533542262686, 19.986114568768201 ], [ 80.336533542262686, 20.031115748136077 ], [ 80.291536732472025, 20.031115749081252 ], [ 80.291536732472025, 19.986114520880403 ] ] ] } },
{ "type": "Feature", "properties": { "REGION": 1.0, "STATE.NAME": "Maharashtra", "DISTRICT.NAME": "Gadchiroli", "DISTRICT.AREA": 14527.292838, "GRID_G0": "191371", "woodland": 0.62897508049230255, "maskWdl": 1.0, "cropland": 0.25678540397533878, "maskCrp": 0.0, "one": 0.11356626085483162, "maskOne": 0.0, "GRID.AREA": 23.527835880054727, "REGION.AREA": 32202.066020262951 }, "geometry": { "type": "Polygon", "coordinates": [ [ [ 80.336533542262686, 19.986114568768201 ], [ 80.381534753204193, 19.986114532167303 ], [ 80.381534753204193, 20.031115821577902 ], [ 80.336533542262686, 20.031115748136077 ], [ 80.336533542262686, 19.986114568768201 ] ] ] } },
{ "type": "Feature", "properties": { "REGION": 1.0, "STATE.NAME": "Maharashtra", "DISTRICT.NAME": "Gadchiroli", "DISTRICT.AREA": 14527.292838, "GRID_G0": "191372", "woodland": 0.7594795054189899, "maskWdl": 1.0, "cropland": 0.13242789103465502, "maskCrp": 0.0, "one": 0.10634330761514642, "maskOne": 0.0, "GRID.AREA": 23.52788047709824, "REGION.AREA": 32202.066020262951 }, "geometry": { "type": "Polygon", "coordinates": [ [ [ 80.381534753204193, 19.986114532167303 ], [ 80.426535995054564, 19.986114537094373 ], [ 80.426535995054564, 20.031115825250708 ], [ 80.381534753204193, 20.031115821577902 ], [ 80.381534753204193, 19.986114532167303 ] ] ] } },
{ "type": "Feature", "properties": { "REGION": 1.0, "STATE.NAME": "Maharashtra", "DISTRICT.NAME": "Gadchiroli", "DISTRICT.AREA": 14527.292838, "GRID_G0": "191373", "woodland": 0.6073544842211851, "maskWdl": 1.0, "cropland": 0.29181790977769478, "maskCrp": 0.0, "one": 0.093500192965171092, "maskOne": 0.0, "GRID.AREA": 23.527872707198448, "REGION.AREA": 32202.066020262951 }, "geometry": { "type": "Polygon", "coordinates": [ [ [ 80.426535995054564, 19.986114537094373 ], [ 80.471537233983682, 19.986114498325779 ], [ 80.471537233983682, 20.031115763843168 ], [ 80.426535995054564, 20.031115825250708 ], [ 80.426535995054564, 19.986114537094373 ] ] ] } },
{ "type": "Feature", "properties": { "REGION": 1.0, "STATE.NAME": "Maharashtra", "DISTRICT.NAME": "Gadchiroli", "DISTRICT.AREA": 14527.292838, "GRID_G0": "191374", "woodland": 0.7106969237513403, "maskWdl": 1.0, "cropland": 0.17509383075070095, "maskCrp": 0.0, "one": 0.11088985185131731, "maskOne": 0.0, "GRID.AREA": 23.525530232416077, "REGION.AREA": 32202.066020262951 }, "geometry": { "type": "Polygon", "coordinates": [ [ [ 80.471537233983682, 19.986114498325779 ], [ 80.516534026046131, 19.98611454370732 ], [ 80.516534026046131, 20.031115764784314 ], [ 80.471537233983682, 20.031115763843168 ], [ 80.471537233983682, 19.986114498325779 ] ] ] } },
{ "type": "Feature", "properties": { "REGION": 1.0, "STATE.NAME": "Maharashtra", "DISTRICT.NAME": "Gadchiroli", "DISTRICT.AREA": 14527.292838, "GRID_G0": "191375", "woodland": 0.73058206432567152, "maskWdl": 1.0, "cropland": 0.19713806129904549, "maskCrp": 0.0, "one": 0.071140313461889287, "maskOne": 0.0, "GRID.AREA": 16.03209266617381, "REGION.AREA": 32202.066020262951 }, "geometry": { "type": "Polygon", "coordinates": [ [ [ 80.547318032680792, 20.031117002613339 ], [ 80.516534026046131, 20.031115764784314 ], [ 80.516534026046131, 19.98611454370732 ], [ 80.549662733113607, 19.986115637514207 ], [ 80.549810576796744, 19.987142879840068 ], [ 80.549902317537999, 19.987646652171293 ], [ 80.55011143779268, 19.988650324353049 ], [ 80.550182263001091, 19.990094640954965 ], [ 80.550202807113919, 19.991708074168347 ], [ 80.550247348736207, 19.993232763181538 ], [ 80.550213070177108, 19.994765931002974 ], [ 80.550233652061479, 19.996276096864452 ], [ 80.550175509991846, 19.997677191149478 ], [ 80.550129188611209, 19.998342643598164 ], [ 80.550116237474413, 19.999041325097156 ], [ 80.550037006302844, 19.999706721787842 ], [ 80.550028811680363, 19.999762925818402 ], [ 80.54989952064642, 20.00064977067041 ], [ 80.549288435812741, 20.001709062323414 ], [ 80.548327242208529, 20.002987277740715 ], [ 80.547041289024321, 20.004007862572848 ], [ 80.545583285640191, 20.005353504660551 ], [ 80.544832402993052, 20.006455663398185 ], [ 80.543971663661409, 20.007589284018305 ], [ 80.543235178260957, 20.008627968605939 ], [ 80.542838131174847, 20.009404943283528 ], [ 80.542617876413942, 20.010163721078925 ], [ 80.542608920964994, 20.010288362617874 ], [ 80.542584106871118, 20.010633687894426 ], [ 80.542808556070042, 20.011022109582768 ], [ 80.543696391974962, 20.012562965708355 ], [ 80.544450585925858, 20.013922967271185 ], [ 80.54477506581668, 20.014587212829667 ], [ 80.544860841354819, 20.015088637030999 ], [ 80.545099543908862, 20.015463771236117 ], [ 80.545595952591214, 20.016222883579246 ], [ 80.546078370520434, 20.016841975077114 ], [ 80.546254912834002, 20.017022374582954 ], [ 80.546555977976084, 20.017330018265795 ], [ 80.54698572800902, 20.01781354865642 ], [ 80.546962888826329, 20.017862057188211 ], [ 80.546928726279759, 20.017934725107523 ], [ 80.546626833761422, 20.018576890511156 ], [ 80.546095783193891, 20.019805470546089 ], [ 80.545942519831499, 20.020419719194766 ], [ 80.545931206360152, 20.020548065940545 ], [ 80.545889556957547, 20.021020548159811 ], [ 80.546074811903111, 20.023012865751184 ], [ 80.546431748326597, 20.025605934066672 ], [ 80.546715235319937, 20.027946039278337 ], [ 80.546860011780154, 20.028845160775575 ], [ 80.547031608721795, 20.029590486511779 ], [ 80.547318032680792, 20.031117002613339 ] ] ] } },
{ "type": "Feature", "properties": { "REGION": 1.0, "STATE.NAME": "Maharashtra", "DISTRICT.NAME": "Gadchiroli", "DISTRICT.AREA": 14527.292838, "GRID_G0": "190715", "woodland": 0.74429375847962265, "maskWdl": 1.0, "cropland": 0.14552050744501002, "maskCrp": 0.0, "one": 0.10950820121641859, "maskOne": 0.0, "GRID.AREA": 23.532269762857485, "REGION.AREA": 32202.066020262951 }, "geometry": { "type": "Polygon", "coordinates": [ [ [ 80.066534923665401, 19.941117706088718 ], [ 80.111536188429895, 19.941117779696061 ], [ 80.111536188429895, 19.98611452650405 ], [ 80.066534923665401, 19.986114572155483 ], [ 80.066534923665401, 19.941117706088718 ] ] ] } },
{ "type": "Feature", "properties": { "REGION": 1.0, "STATE.NAME": "Maharashtra", "DISTRICT.NAME": "Gadchiroli", "DISTRICT.AREA": 14527.292838, "GRID_G0": "190716", "woodland": 0.89553124611521717, "maskWdl": 1.0, "cropland": 0.05755910509910904, "maskCrp": 0.0, "one": 0.046653595000527792, "maskOne": 0.0, "GRID.AREA": 23.532233902688745, "REGION.AREA": 32202.066020262951 }, "geometry": { "type": "Polygon", "coordinates": [ [ [ 80.111536188429895, 19.941117779696061 ], [ 80.156537424750198, 19.941117783136441 ], [ 80.156537424750198, 19.986114568957685 ], [ 80.111536188429895, 19.98611452650405 ], [ 80.111536188429895, 19.941117779696061 ] ] ] } },
{ "type": "Feature", "properties": { "REGION": 1.0, "STATE.NAME": "Maharashtra", "DISTRICT.NAME": "Gadchiroli", "DISTRICT.AREA": 14527.292838, "GRID_G0": "190717", "woodland": 0.73283905907468172, "maskWdl": 1.0, "cropland": 0.17753174777972314, "maskCrp": 0.0, "one": 0.088604834319187031, "maskOne": 0.0, "GRID.AREA": 23.529946931423922, "REGION.AREA": 32202.066020262951 }, "geometry": { "type": "Polygon", "coordinates": [ [ [ 80.156537424750198, 19.941117783136441 ], [ 80.201534259565875, 19.941117750650175 ], [ 80.201534259565875, 19.986114553611337 ], [ 80.156537424750198, 19.986114568957685 ], [ 80.156537424750198, 19.941117783136441 ] ] ] } },
{ "type": "Feature", "properties": { "REGION": 1.0, "STATE.NAME": "Maharashtra", "DISTRICT.NAME": "Gadchiroli", "DISTRICT.AREA": 14527.292838, "GRID_G0": "190718", "woodland": 0.93821949882927314, "maskWdl": 1.0, "cropland": 0.022020784137896678, "maskCrp": 0.0, "one": 0.03954450256563543, "maskOne": 0.0, "GRID.AREA": 23.532262518401723, "REGION.AREA": 32202.066020262951 }, "geometry": { "type": "Polygon", "coordinates": [ [ [ 80.201534259565875, 19.941117750650175 ], [ 80.246535515872466, 19.941117729229944 ], [ 80.246535515872466, 19.986114528349738 ], [ 80.201534259565875, 19.986114553611337 ], [ 80.201534259565875, 19.941117750650175 ] ] ] } },
{ "type": "Feature", "properties": { "REGION": 1.0, "STATE.NAME": "Maharashtra", "DISTRICT.NAME": "Gadchiroli", "DISTRICT.AREA": 14527.292838, "GRID_G0": "190719", "woodland": 0.98090666632657775, "maskWdl": 1.0, "cropland": 0.0049273697685429472, "maskCrp": 0.0, "one": 0.014138065988933295, "maskOne": 0.0, "GRID.AREA": 23.53223414510062, "REGION.AREA": 32202.066020262951 }, "geometry": { "type": "Polygon", "coordinates": [ [ [ 80.246535515872466, 19.941117729229944 ], [ 80.291536732472025, 19.941117747025256 ], [ 80.291536732472025, 19.986114520880403 ], [ 80.246535515872466, 19.986114528349738 ], [ 80.246535515872466, 19.941117729229944 ] ] ] } },
{ "type": "Feature", "properties": { "REGION": 1.0, "STATE.NAME": "Maharashtra", "DISTRICT.NAME": "Gadchiroli", "DISTRICT.AREA": 14527.292838, "GRID_G0": "190720", "woodland": 0.9355321404128506, "maskWdl": 1.0, "cropland": 0.02612821713451188, "maskCrp": 0.0, "one": 0.03786931549198868, "maskOne": 0.0, "GRID.AREA": 23.529934297723077, "REGION.AREA": 32202.066020262951 }, "geometry": { "type": "Polygon", "coordinates": [ [ [ 80.291536732472025, 19.941117747025256 ], [ 80.336533542262686, 19.941117752119961 ], [ 80.336533542262686, 19.986114568768201 ], [ 80.291536732472025, 19.986114520880403 ], [ 80.291536732472025, 19.941117747025256 ] ] ] } },
{ "type": "Feature", "properties": { "REGION": 1.0, "STATE.NAME": "Maharashtra", "DISTRICT.NAME": "Gadchiroli", "DISTRICT.AREA": 14527.292838, "GRID_G0": "190721", "woodland": 0.71178087802853207, "maskWdl": 1.0, "cropland": 0.12088298658736923, "maskCrp": 0.0, "one": 0.16643940984555383, "maskOne": 0.0, "GRID.AREA": 23.532229152156376, "REGION.AREA": 32202.066020262951 }, "geometry": { "type": "Polygon", "coordinates": [ [ [ 80.336533542262686, 19.941117752119961 ], [ 80.381534753204193, 19.94111778360412 ], [ 80.381534753204193, 19.986114532167303 ], [ 80.336533542262686, 19.986114568768201 ], [ 80.336533542262686, 19.941117752119961 ] ] ] } },
{ "type": "Feature", "properties": { "REGION": 1.0, "STATE.NAME": "Maharashtra", "DISTRICT.NAME": "Gadchiroli", "DISTRICT.AREA": 14527.292838, "GRID_G0": "190722", "woodland": 0.81189124173304394, "maskWdl": 1.0, "cropland": 0.075663728313703021, "maskCrp": 0.0, "one": 0.11228959830399998, "maskOne": 0.0, "GRID.AREA": 23.53222762538951, "REGION.AREA": 32202.066020262951 }, "geometry": { "type": "Polygon", "coordinates": [ [ [ 80.381534753204193, 19.94111778360412 ], [ 80.426535995054564, 19.941117788095895 ], [ 80.426535995054564, 19.986114537094373 ], [ 80.381534753204193, 19.986114532167303 ], [ 80.381534753204193, 19.94111778360412 ] ] ] } },
{ "type": "Feature", "properties": { "REGION": 1.0, "STATE.NAME": "Maharashtra", "DISTRICT.NAME": "Gadchiroli", "DISTRICT.AREA": 14527.292838, "GRID_G0": "190723", "woodland": 0.64184344349278444, "maskWdl": 1.0, "cropland": 0.22961940423036875, "maskCrp": 0.0, "one": 0.12679994884318688, "maskOne": 0.0, "GRID.AREA": 19.181372650995755, "REGION.AREA": 32202.066020262951 }, "geometry": { "type": "Polygon", "coordinates": [ [ [ 80.471537233983682, 19.950342344954425 ], [ 80.471537233983682, 19.986114498325779 ], [ 80.426535995054564, 19.986114537094373 ], [ 80.426535995054564, 19.941117788095895 ], [ 80.431270489794514, 19.94111831960452 ], [ 80.431568370683806, 19.941255326771966 ], [ 80.432009264216219, 19.941458114000795 ], [ 80.432131868790748, 19.941532460055043 ], [ 80.433105322852441, 19.942122222862338 ], [ 80.433597961576709, 19.942420554964716 ], [ 80.434315794138627, 19.943073505038285 ], [ 80.434901817564878, 19.943534107213342 ], [ 80.435395823258716, 19.94389380635414 ], [ 80.437858362173756, 19.945590432252686 ], [ 80.438318869020634, 19.945896353733819 ], [ 80.438683475761877, 19.946155250564402 ], [ 80.439237571456829, 19.946852746756921 ], [ 80.440002720049563, 19.948180647019285 ], [ 80.440290950966698, 19.948613039260412 ], [ 80.442427046770831, 19.949429743288078 ], [ 80.44364052898726, 19.950003119548398 ], [ 80.444284564980762, 19.950593656671966 ], [ 80.444925000988064, 19.951732945718902 ], [ 80.446069144575404, 19.952597936145875 ], [ 80.447540620703137, 19.953681941168728 ], [ 80.449672598511654, 19.955428010894021 ], [ 80.451687799352499, 19.957162811214797 ], [ 80.452171095919425, 19.957471769706444 ], [ 80.452917954100371, 19.957138091549727 ], [ 80.454905745403892, 19.955897879683448 ], [ 80.456698464762383, 19.954798376643794 ], [ 80.457432796286596, 19.954437502988416 ], [ 80.457538916288001, 19.954385352202284 ], [ 80.458861042902868, 19.953520149535336 ], [ 80.459730932836351, 19.952647799956029 ], [ 80.460803055116969, 19.951367318247208 ], [ 80.461573744432826, 19.950471038607592 ], [ 80.461930719527118, 19.949993955456705 ], [ 80.462320895792743, 19.949870831973385 ], [ 80.46266469132253, 19.949879490646026 ], [ 80.463231572678978, 19.950037399006817 ], [ 80.464040163922505, 19.950406040106717 ], [ 80.464290903002848, 19.950177553851063 ], [ 80.465052217785683, 19.949175851184634 ], [ 80.465351873690054, 19.948766781062147 ], [ 80.465769650149298, 19.948186855938673 ], [ 80.466048316776437, 19.948054983850454 ], [ 80.466512876867853, 19.94802845115214 ], [ 80.466782375806076, 19.948098622553456 ], [ 80.467674790159492, 19.948801028144999 ], [ 80.468214018262415, 19.94931909430079 ], [ 80.46991793406545, 19.949875807022917 ], [ 80.471537233983682, 19.950342344954425 ] ] ] } },
{ "type": "Feature", "properties": { "REGION": 1.0, "STATE.NAME": "Maharashtra", "DISTRICT.NAME": "Gadchiroli", "DISTRICT.AREA": 14527.292838, "GRID_G0": "190724", "woodland": 0.82571835896923695, "maskWdl": 1.0, "cropland": 0.097874992176134795, "maskCrp": 0.0, "one": 0.07601560087788127, "maskOne": 0.0, "GRID.AREA": 22.898920858368413, "REGION.AREA": 32202.066020262951 }, "geometry": { "type": "Polygon", "coordinates": [ [ [ 80.479945333570782, 19.94111863066929 ], [ 80.516534026046131, 19.941117768484318 ], [ 80.516534026046131, 19.98611454370732 ], [ 80.471537233983682, 19.986114498325779 ], [ 80.471537233983682, 19.950342344954425 ], [ 80.473181578267258, 19.95081608059769 ], [ 80.474214469422293, 19.949666872927878 ], [ 80.475245052916932, 19.948436597670877 ], [ 80.47614900647153, 19.947402624631479 ], [ 80.477021735564676, 19.946409600422783 ], [ 80.478119699864308, 19.945290626161519 ], [ 80.479141657061859, 19.943873865686385 ], [ 80.47914174519542, 19.943873683124025 ], [ 80.479405708806496, 19.943132444806512 ], [ 80.479637500969943, 19.942368158663665 ], [ 80.479745729881586, 19.941897779059332 ], [ 80.479940335078481, 19.941151055776633 ], [ 80.479945333570782, 19.94111863066929 ] ] ] } },
{ "type": "Feature", "properties": { "REGION": 1.0, "STATE.NAME": "Maharashtra", "DISTRICT.NAME": "Gadchiroli", "DISTRICT.AREA": 14527.292838, "GRID_G0": "190725", "woodland": 0.69079842823490101, "maskWdl": 1.0, "cropland": 0.19935112294917945, "maskCrp": 0.0, "one": 0.10775985197105938, "maskOne": 0.0, "GRID.AREA": 11.441483732038007, "REGION.AREA": 32202.066020262951 }, "geometry": { "type": "Polygon", "coordinates": [ [ [ 80.549662733113607, 19.986115637514207 ], [ 80.516534026046131, 19.98611454370732 ], [ 80.516534026046131, 19.941117768484318 ], [ 80.530357509668491, 19.941118962605877 ], [ 80.53044474672771, 19.941669215461957 ], [ 80.530580333915339, 19.943350523208153 ], [ 80.530632382178737, 19.944177750203039 ], [ 80.530776675703066, 19.945324021586373 ], [ 80.530949134195225, 19.946320525272085 ], [ 80.530949898618985, 19.946324848313168 ], [ 80.530976379156641, 19.946477820295229 ], [ 80.531021650129105, 19.946739342246872 ], [ 80.531087067714068, 19.947106311507131 ], [ 80.531316534230712, 19.947846478732064 ], [ 80.531551689858645, 19.948196802440524 ], [ 80.531663202195091, 19.948433170354576 ], [ 80.533095097360899, 19.949511361260363 ], [ 80.534040738089629, 19.950370001574356 ], [ 80.534629326382344, 19.950799684158138 ], [ 80.534970698239192, 19.950967362753662 ], [ 80.53521030910855, 19.951054367664998 ], [ 80.535811059832611, 19.951253130427688 ], [ 80.536231309427421, 19.951340174009886 ], [ 80.536585909412224, 19.951433431907386 ], [ 80.536932537806422, 19.951592319629924 ], [ 80.537116425782472, 19.951663726699682 ], [ 80.537300220229056, 19.951735135568128 ], [ 80.537549748821903, 19.951778714016481 ], [ 80.537645014006273, 19.951788083153588 ], [ 80.537740182963148, 19.951797361459114 ], [ 80.53785511542128, 19.951775766038853 ], [ 80.538167050668903, 19.9517168928204 ], [ 80.538364155081752, 19.951679703155833 ], [ 80.538498754813759, 19.951673531108611 ], [ 80.538633353646389, 19.951667449892962 ], [ 80.538758113895881, 19.951695389130975 ], [ 80.538882874145372, 19.951723325670969 ], [ 80.538925848249349, 19.95175862046403 ], [ 80.538932378226718, 19.95185234780763 ], [ 80.538906225042297, 19.951998119817404 ], [ 80.538907253866739, 19.952012726606082 ], [ 80.538886815873923, 19.952126516925262 ], [ 80.538886884222393, 19.952126714776114 ], [ 80.53888648222545, 19.952128366830724 ], [ 80.538859253451847, 19.95227996464871 ], [ 80.538861713097617, 19.952287119654898 ], [ 80.538483882725075, 19.95384498735632 ], [ 80.538459733230184, 19.954007525427016 ], [ 80.538413140254249, 19.955222045461085 ], [ 80.538390520506198, 19.955326631219126 ], [ 80.538388383717006, 19.955382563654439 ], [ 80.538058939568501, 19.956906266111332 ], [ 80.53797004518151, 19.957228605615683 ], [ 80.537805612239254, 19.957545702971856 ], [ 80.537344243841872, 19.958631422102485 ], [ 80.537241713934009, 19.959066997044321 ], [ 80.537223642057484, 19.95926670859177 ], [ 80.53731325590212, 19.959536158067291 ], [ 80.53735950893423, 19.959576902751905 ], [ 80.537405862690491, 19.95960507671299 ], [ 80.537485233256973, 19.959642709743321 ], [ 80.53768727764583, 19.959788889145955 ], [ 80.537915351112645, 19.959969350705023 ], [ 80.538247995049005, 19.960357832647901 ], [ 80.538441982411598, 19.960641528283929 ], [ 80.538771183743165, 19.961118240914114 ], [ 80.538955385582653, 19.961333323674008 ], [ 80.539183230621632, 19.961709646782822 ], [ 80.539314774457353, 19.961980866124119 ], [ 80.539414548842402, 19.962234464149276 ], [ 80.539420395335014, 19.962277115396603 ], [ 80.539420416019425, 19.962298999499296 ], [ 80.539420359362168, 19.962355332132919 ], [ 80.539413725962731, 19.962421113943321 ], [ 80.539403785756178, 19.962450793369442 ], [ 80.539396056083206, 19.962473727880308 ], [ 80.53939600572113, 19.962516677702578 ], [ 80.53938937322107, 19.962582410050235 ], [ 80.539379420423984, 19.962612172214051 ], [ 80.539369491009282, 19.962641855237511 ], [ 80.539320995067953, 19.96278677289132 ], [ 80.53854597281844, 19.963562364411644 ], [ 80.537358993622718, 19.964549063688366 ], [ 80.535871556327322, 19.965510439854938 ], [ 80.536145474534067, 19.966188613214001 ], [ 80.536953067530078, 19.967680016519576 ], [ 80.537550268630085, 19.968855681344674 ], [ 80.537827264316832, 19.969429123255509 ], [ 80.53776780653908, 19.969914181594277 ], [ 80.537758170303391, 19.969962577710817 ], [ 80.537744262287958, 19.970076027186966 ], [ 80.537564779191257, 19.970978025615466 ], [ 80.537473371199155, 19.971720301750569 ], [ 80.537446717991713, 19.972205416746647 ], [ 80.5374974847212, 19.972818809240721 ], [ 80.53753678689327, 19.973117307717644 ], [ 80.537661276446784, 19.973658490946661 ], [ 80.537957437585774, 19.97430885457004 ], [ 80.538259386761354, 19.974856196356427 ], [ 80.539337111818327, 19.974887740976495 ], [ 80.540224319996412, 19.974919169584041 ], [ 80.540420508000125, 19.975008679107308 ], [ 80.540788426045083, 19.9752015764916 ], [ 80.541688442367786, 19.975724276853953 ], [ 80.542158379505679, 19.976064624382957 ], [ 80.542158424471779, 19.976064654959888 ], [ 80.542626558468953, 19.976403623828219 ], [ 80.542630735819841, 19.976406523242531 ], [ 80.542759593380595, 19.976496526493577 ], [ 80.543152145655029, 19.976770718993521 ], [ 80.543802325816728, 19.977405279729908 ], [ 80.544172130639367, 19.977936675637125 ], [ 80.544592257926411, 19.978708022357406 ], [ 80.545038166977861, 19.979515100041908 ], [ 80.545615934627733, 19.980417059799493 ], [ 80.546249308259007, 19.98126580307439 ], [ 80.546919234834888, 19.982018491560208 ], [ 80.547813810259186, 19.982790931856073 ], [ 80.548851710638019, 19.983686763633276 ], [ 80.549070581342335, 19.984044808920828 ], [ 80.549359280806243, 19.984822346574106 ], [ 80.549622130157218, 19.985833519101675 ], [ 80.549662733113607, 19.986115637514207 ] ] ] } },
{ "type": "Feature", "properties": { "REGION": 1.0, "STATE.NAME": "Maharashtra", "DISTRICT.NAME": "Gadchiroli", "DISTRICT.AREA": 14527.292838, "GRID_G0": "190064", "woodland": 0.64244195872258303, "maskWdl": 1.0, "cropland": 0.27053447411095849, "maskCrp": 0.0, "one": 0.085325767117972337, "maskOne": 0.0, "GRID.AREA": 23.541237346080997, "REGION.AREA": 32202.066020262951 }, "geometry": { "type": "Polygon", "coordinates": [ [ [ 80.021533747255191, 19.896116521708525 ], [ 80.066534923665401, 19.896116491261921 ], [ 80.066534923665401, 19.941117706088718 ], [ 80.021533747255191, 19.941117741815027 ], [ 80.021533747255191, 19.896116521708525 ] ] ] } },
{ "type": "Feature", "properties": { "REGION": 1.0, "STATE.NAME": "Maharashtra", "DISTRICT.NAME": "Gadchiroli", "DISTRICT.AREA": 14527.292838, "GRID_G0": "190065", "woodland": 0.68066155337069689, "maskWdl": 1.0, "cropland": 0.21963505779921963, "maskCrp": 0.0, "one": 0.09706101034318608, "maskOne": 0.0, "GRID.AREA": 23.541298695786676, "REGION.AREA": 32202.066020262951 }, "geometry": { "type": "Polygon", "coordinates": [ [ [ 80.066534923665401, 19.896116491261921 ], [ 80.111536188429895, 19.896116501744793 ], [ 80.111536188429895, 19.941117779696061 ], [ 80.066534923665401, 19.941117706088718 ], [ 80.066534923665401, 19.896116491261921 ] ] ] } },
{ "type": "Feature", "properties": { "REGION": 1.0, "STATE.NAME": "Maharashtra", "DISTRICT.NAME": "Gadchiroli", "DISTRICT.AREA": 14527.292838, "GRID_G0": "190066", "woodland": 0.81184745782301349, "maskWdl": 1.0, "cropland": 0.094502514617622296, "maskCrp": 0.0, "one": 0.093131919482816558, "maskOne": 0.0, "GRID.AREA": 23.541311225055981, "REGION.AREA": 32202.066020262951 }, "geometry": { "type": "Polygon", "coordinates": [ [ [ 80.111536188429895, 19.896116501744793 ], [ 80.156537424750198, 19.896116463512602 ], [ 80.156537424750198, 19.941117783136441 ], [ 80.111536188429895, 19.941117779696061 ], [ 80.111536188429895, 19.896116501744793 ] ] ] } },
{ "type": "Feature", "properties": { "REGION": 1.0, "STATE.NAME": "Maharashtra", "DISTRICT.NAME": "Gadchiroli", "DISTRICT.AREA": 14527.292838, "GRID_G0": "190067", "woodland": 0.99628879057488906, "maskWdl": 1.0, "cropland": 0.00081401303752125513, "maskCrp": 0.0, "one": 0.0028971963875896053, "maskOne": 0.0, "GRID.AREA": 23.539001255035089, "REGION.AREA": 32202.066020262951 }, "geometry": { "type": "Polygon", "coordinates": [ [ [ 80.156537424750198, 19.896116463512602 ], [ 80.201534259565875, 19.896116501107898 ], [ 80.201534259565875, 19.941117750650175 ], [ 80.156537424750198, 19.941117783136441 ], [ 80.156537424750198, 19.896116463512602 ] ] ] } },
{ "type": "Feature", "properties": { "REGION": 1.0, "STATE.NAME": "Maharashtra", "DISTRICT.NAME": "Gadchiroli", "DISTRICT.AREA": 14527.292838, "GRID_G0": "190068", "woodland": 0.93309111320427307, "maskWdl": 1.0, "cropland": 0.033857333236725851, "maskCrp": 0.0, "one": 0.032947931679384659, "maskOne": 0.0, "GRID.AREA": 23.541295605082556, "REGION.AREA": 32202.066020262951 }, "geometry": { "type": "Polygon", "coordinates": [ [ [ 80.201534259565875, 19.896116501107898 ], [ 80.246535515872452, 19.896116480897028 ], [ 80.246535515872466, 19.941117729229944 ], [ 80.201534259565875, 19.941117750650175 ], [ 80.201534259565875, 19.896116501107898 ] ] ] } },
{ "type": "Feature", "properties": { "REGION": 1.0, "STATE.NAME": "Maharashtra", "DISTRICT.NAME": "Gadchiroli", "DISTRICT.AREA": 14527.292838, "GRID_G0": "190069", "woodland": 0.97548684969486243, "maskWdl": 1.0, "cropland": 0.011098592027545935, "maskCrp": 0.0, "one": 0.013414558277591618, "maskOne": 0.0, "GRID.AREA": 23.541268594166109, "REGION.AREA": 32202.066020262951 }, "geometry": { "type": "Polygon", "coordinates": [ [ [ 80.246535515872452, 19.896116480897028 ], [ 80.291536732472025, 19.896116521334072 ], [ 80.291536732472025, 19.941117747025256 ], [ 80.246535515872466, 19.941117729229944 ], [ 80.246535515872452, 19.896116480897028 ] ] ] } },
{ "type": "Feature", "properties": { "REGION": 1.0, "STATE.NAME": "Maharashtra", "DISTRICT.NAME": "Gadchiroli", "DISTRICT.AREA": 14527.292838, "GRID_G0": "190070", "woodland": 0.78105856511515326, "maskWdl": 1.0, "cropland": 0.12625344426722707, "maskCrp": 0.0, "one": 0.091941640629222166, "maskOne": 0.0, "GRID.AREA": 23.53896923100271, "REGION.AREA": 32202.066020262951 }, "geometry": { "type": "Polygon", "coordinates": [ [ [ 80.291536732472025, 19.896116521334072 ], [ 80.336533542262686, 19.896116481035179 ], [ 80.336533542262686, 19.941117752119961 ], [ 80.291536732472025, 19.941117747025256 ], [ 80.291536732472025, 19.896116521334072 ] ] ] } },
{ "type": "Feature", "properties": { "REGION": 1.0, "STATE.NAME": "Maharashtra", "DISTRICT.NAME": "Gadchiroli", "DISTRICT.AREA": 14527.292838, "GRID_G0": "190071", "woodland": 0.84247967535568258, "maskWdl": 1.0, "cropland": 0.07317241006657299, "maskCrp": 0.0, "one": 0.083428260704896937, "maskOne": 0.0, "GRID.AREA": 23.541289846698373, "REGION.AREA": 32202.066020262951 }, "geometry": { "type": "Polygon", "coordinates": [ [ [ 80.336533542262686, 19.896116481035179 ], [ 80.381534753204193, 19.896116488092705 ], [ 80.381534753204193, 19.94111778360412 ], [ 80.336533542262686, 19.941117752119961 ], [ 80.336533542262686, 19.896116481035179 ] ] ] } },
{ "type": "Feature", "properties": { "REGION": 1.0, "STATE.NAME": "Maharashtra", "DISTRICT.NAME": "Gadchiroli", "DISTRICT.AREA": 14527.292838, "GRID_G0": "190072", "woodland": 0.82521077852961899, "maskWdl": 1.0, "cropland": 0.069426953950562739, "maskCrp": 0.0, "one": 0.10411881396402807, "maskOne": 0.0, "GRID.AREA": 17.389126879766472, "REGION.AREA": 32202.066020262951 }, "geometry": { "type": "Polygon", "coordinates": [ [ [ 80.426535995054564, 19.939729407266825 ], [ 80.426535995054564, 19.941117788095895 ], [ 80.381534753204193, 19.94111778360412 ], [ 80.381534753204193, 19.896116488092705 ], [ 80.426535995054564, 19.896116489557944 ], [ 80.426535995054564, 19.902996011788382 ], [ 80.425701038971852, 19.902883333399192 ], [ 80.423721682409791, 19.902459221216134 ], [ 80.422207430928268, 19.903045912838653 ], [ 80.421743358269453, 19.903117995299283 ], [ 80.418879010358125, 19.904284753238812 ], [ 80.415152476105959, 19.906588697610346 ], [ 80.413889758705466, 19.907317762704622 ], [ 80.411565244140775, 19.910041382004234 ], [ 80.411563475174319, 19.910043496310379 ], [ 80.410023410452084, 19.910830883338633 ], [ 80.408853155049144, 19.911589108950292 ], [ 80.407960098579736, 19.912580516177911 ], [ 80.40800065170879, 19.912688019336652 ], [ 80.408405241408843, 19.913760579587116 ], [ 80.410440229133314, 19.919183023877508 ], [ 80.411811194331221, 19.92222913286821 ], [ 80.412458575802702, 19.923599258099326 ], [ 80.412582094088407, 19.924503055171897 ], [ 80.412569514371626, 19.924630880310925 ], [ 80.412573823922912, 19.924662435722894 ], [ 80.412330233553519, 19.927134399532978 ], [ 80.412634325813542, 19.928799856728062 ], [ 80.412681775843339, 19.930561818373288 ], [ 80.412670483955722, 19.930636185111894 ], [ 80.412672769133053, 19.930721418358814 ], [ 80.412119088025591, 19.934365874185797 ], [ 80.41120887159218, 19.938203292148273 ], [ 80.411262562017669, 19.938359499891078 ], [ 80.412640380049538, 19.938679192690646 ], [ 80.415074596615398, 19.939320170989163 ], [ 80.418541062220299, 19.940005356362182 ], [ 80.41952708700552, 19.94020919579782 ], [ 80.422176379136658, 19.939509032216108 ], [ 80.42303903582291, 19.939421409470526 ], [ 80.424209706712645, 19.939304561456424 ], [ 80.426535995054564, 19.939729407266825 ] ] ] } },
{ "type": "Feature", "properties": { "REGION": 1.0, "STATE.NAME": "Maharashtra", "DISTRICT.NAME": "Gadchiroli", "DISTRICT.AREA": 14527.292838, "GRID_G0": "190073", "woodland": 0.77804106682023377, "maskWdl": 1.0, "cropland": 0.12691560261082432, "maskCrp": 0.0, "one": 0.094848045138641021, "maskOne": 0.0, "GRID.AREA": 3.3653007463201492, "REGION.AREA": 32202.066020262951 }, "geometry": { "type": "MultiPolygon", "coordinates": [ [ [ [ 80.431270489794514, 19.94111831960452 ], [ 80.426535995054564, 19.941117788095895 ], [ 80.426535995054564, 19.939729407266825 ], [ 80.427643374042532, 19.939931634437418 ], [ 80.42992348278257, 19.940514156802919 ], [ 80.430446618416738, 19.940743446153192 ], [ 80.430474793277142, 19.94075578575098 ], [ 80.430631520828058, 19.940824430103419 ], [ 80.431270489794514, 19.94111831960452 ] ] ], [ [ [ 80.426535995054564, 19.902996011788382 ], [ 80.426535995054564, 19.896116489557944 ], [ 80.471537233983682, 19.896116490116238 ], [ 80.471537233983682, 19.905543480502331 ], [ 80.470232635627667, 19.906485002181171 ], [ 80.468623356382864, 19.907590876018162 ], [ 80.468062405155948, 19.907378888724793 ], [ 80.467199103655787, 19.90694453506228 ], [ 80.46559428235031, 19.90619527209418 ], [ 80.463698988117869, 19.905333767439458 ], [ 80.462182513512232, 19.904667449842975 ], [ 80.460917698892729, 19.905492346694473 ], [ 80.459268556298866, 19.906102649117994 ], [ 80.455845619679678, 19.905063970825665 ], [ 80.452920773475, 19.904378321402479 ], [ 80.452934051964974, 19.90422200214374 ], [ 80.45270518889339, 19.902652646502474 ], [ 80.452551870672323, 19.901430278984265 ], [ 80.451849597281125, 19.899551071824536 ], [ 80.45109877039198, 19.898001224277152 ], [ 80.449848473528277, 19.896318344516033 ], [ 80.449333581979261, 19.896695754005922 ], [ 80.448390239917671, 19.897189621204117 ], [ 80.4471945723717, 19.897378432069051 ], [ 80.444977533086728, 19.897816119518325 ], [ 80.442465509875433, 19.898666600283434 ], [ 80.439602062185486, 19.899778689335108 ], [ 80.435883685683621, 19.90095313108219 ], [ 80.43580244182931, 19.900991147223696 ], [ 80.435019412016288, 19.90135752922663 ], [ 80.43406952378956, 19.902207313017129 ], [ 80.43322686622696, 19.90271167260568 ], [ 80.43189387760043, 19.902799446437371 ], [ 80.430841185172596, 19.902855878895767 ], [ 80.429474149112764, 19.903298333651207 ], [ 80.428988312860383, 19.903317046744348 ], [ 80.428010125666844, 19.903194937696245 ], [ 80.426535995054564, 19.902996011788382 ] ] ] ] } },
{ "type": "Feature", "properties": { "REGION": 1.0, "STATE.NAME": "Maharashtra", "DISTRICT.NAME": "Gadchiroli", "DISTRICT.AREA": 14527.292838, "GRID_G0": "190074", "woodland": 0.5227643807237391, "maskWdl": 1.0, "cropland": 0.35266746308691016, "maskCrp": 0.0, "one": 0.11837020404057055, "maskOne": 0.0, "GRID.AREA": 6.2786140712484686, "REGION.AREA": 32202.066020262951 }, "geometry": { "type": "MultiPolygon", "coordinates": [ [ [ [ 80.516534026046131, 19.932356505475717 ], [ 80.516534026046131, 19.941117768484318 ], [ 80.479945333570782, 19.94111863066929 ], [ 80.47997405605787, 19.940932308279457 ], [ 80.479995857422921, 19.940790873699935 ], [ 80.479828242679332, 19.940184773808312 ], [ 80.479452003207427, 19.939391509710447 ], [ 80.478866199215759, 19.938697836535994 ], [ 80.478482442310906, 19.938353258596067 ], [ 80.478442310064622, 19.938317223660988 ], [ 80.479716766315789, 19.935742590548159 ], [ 80.480750961487729, 19.934244068209239 ], [ 80.482562102559029, 19.933373585622519 ], [ 80.48444789995068, 19.932602062635112 ], [ 80.484538257534609, 19.932565094203767 ], [ 80.48592411820357, 19.931844784009627 ], [ 80.488766151236973, 19.930481829073187 ], [ 80.489121705402454, 19.93040620328372 ], [ 80.493674447717638, 19.930764153243107 ], [ 80.495824849936923, 19.930924303613779 ], [ 80.495946282694831, 19.930933345397644 ], [ 80.498469221877144, 19.929677784801981 ], [ 80.49864362830084, 19.929517593961862 ], [ 80.498811793429581, 19.929303394336216 ], [ 80.499068811576478, 19.928966930979129 ], [ 80.49923680493464, 19.928814305236074 ], [ 80.499450855272812, 19.92869286888083 ], [ 80.499788970684506, 19.928570844369005 ], [ 80.500111632146172, 19.928461934670622 ], [ 80.500990728439433, 19.928370172345637 ], [ 80.501438401960741, 19.928342357214092 ], [ 80.502445941227279, 19.928318776990011 ], [ 80.502799938666271, 19.928282119724088 ], [ 80.503616522184814, 19.92811984605413 ], [ 80.503909525804033, 19.928048314877856 ], [ 80.504211574804401, 19.928032962551242 ], [ 80.504834804082975, 19.928138058224878 ], [ 80.505302193441537, 19.928153883594916 ], [ 80.505711408354841, 19.928206103628838 ], [ 80.505795868184805, 19.928225818566716 ], [ 80.506049236882859, 19.928331916085085 ], [ 80.506251374801138, 19.928455713160698 ], [ 80.506378773661538, 19.928584728102749 ], [ 80.506582622989697, 19.928874682120924 ], [ 80.50673831272303, 19.929129162381003 ], [ 80.506799098799434, 19.929205854766451 ], [ 80.507095095362445, 19.929520790152367 ], [ 80.507309678099205, 19.929787856424468 ], [ 80.507454400600182, 19.92992506329108 ], [ 80.507849146321121, 19.930240045441792 ], [ 80.508039973466055, 19.930349224936833 ], [ 80.508344567547795, 19.930501306590092 ], [ 80.508773629599375, 19.930639984747529 ], [ 80.509831086635415, 19.930915300500772 ], [ 80.510278684613638, 19.930990321945842 ], [ 80.510782251000151, 19.931052903069087 ], [ 80.511168859655186, 19.931077782813475 ], [ 80.511382793081509, 19.931102821737909 ], [ 80.511814009009356, 19.931081214626428 ], [ 80.512113525518828, 19.931106292221671 ], [ 80.512442228626014, 19.931217609405227 ], [ 80.512619911279955, 19.931301846203269 ], [ 80.512889773544259, 19.93136742566622 ], [ 80.513629661979394, 19.931646757791668 ], [ 80.514248311910137, 19.931877684807379 ], [ 80.514715612235776, 19.932024391212739 ], [ 80.515034788824494, 19.932174140024589 ], [ 80.515228886803754, 19.932317598078725 ], [ 80.516118092376132, 19.932352304715153 ], [ 80.516506502373261, 19.932352487277509 ], [ 80.516534026046131, 19.932356505475717 ] ] ], [ [ [ 80.471537233983682, 19.905543480502331 ], [ 80.471537233983682, 19.896116490116238 ], [ 80.496321879828727, 19.896117910196761 ], [ 80.493741123454129, 19.900142894079352 ], [ 80.492504942349285, 19.901422662625805 ], [ 80.491426021194002, 19.902040076888113 ], [ 80.490166014350166, 19.902321829089207 ], [ 80.48808256575785, 19.902503990366938 ], [ 80.486433207326741, 19.902586104764968 ], [ 80.484503737957198, 19.902770561112561 ], [ 80.482788391770896, 19.902846507060701 ], [ 80.478333700739768, 19.903273084285441 ], [ 80.475719078372833, 19.903536171057514 ], [ 80.474142275445729, 19.903836717290744 ], [ 80.472597456907181, 19.90482884487534 ], [ 80.47157510850451, 19.90551614635314 ], [ 80.471537233983682, 19.905543480502331 ] ] ] ] } },
{ "type": "Feature", "properties": { "REGION": 1.0, "STATE.NAME": "Maharashtra", "DISTRICT.NAME": "Gadchiroli", "DISTRICT.AREA": 14527.292838, "GRID_G0": "190075", "woodland": 0.44589295444494859, "maskWdl": 1.0, "cropland": 0.40418913003207818, "maskCrp": 0.0, "one": 0.1338029583570734, "maskOne": 0.0, "GRID.AREA": 0.94646813829937848, "REGION.AREA": 32202.066020262951 }, "geometry": { "type": "Polygon", "coordinates": [ [ [ 80.530357509668491, 19.941118962605877 ], [ 80.516534026046131, 19.941117768484318 ], [ 80.516534026046131, 19.932356505475717 ], [ 80.516763221045892, 19.932389965624456 ], [ 80.517138388525893, 19.932495988499117 ], [ 80.517526698698248, 19.932633150399624 ], [ 80.518092751779136, 19.932776618346285 ], [ 80.518467939044228, 19.932857734496906 ], [ 80.519062089643811, 19.932964647700373 ], [ 80.519542660365516, 19.932971092242159 ], [ 80.519957400713508, 19.93297750620701 ], [ 80.520391888375002, 19.932990154272261 ], [ 80.52087902055041, 19.933027731544602 ], [ 80.521461041094256, 19.933101701682236 ], [ 80.521895451414025, 19.933220198153666 ], [ 80.522031271526032, 19.933262307109828 ], [ 80.522313881680361, 19.933340442907138 ], [ 80.522660880595197, 19.933400610250033 ], [ 80.522929527875476, 19.933446623163206 ], [ 80.523172052548261, 19.933492627083126 ], [ 80.5236430661746, 19.933655190334836 ], [ 80.523683464620262, 19.933699561985236 ], [ 80.523945079202122, 19.933986902573565 ], [ 80.524168195605796, 19.93436017787997 ], [ 80.524299395900485, 19.934677353477127 ], [ 80.52442402664758, 19.935050632380808 ], [ 80.524517273753247, 19.93534696529025 ], [ 80.525035653772477, 19.936336108024989 ], [ 80.525299138044829, 19.936785876966727 ], [ 80.525633986219532, 19.937177866265589 ], [ 80.526008313732746, 19.937489030794211 ], [ 80.526533715658502, 19.937800208812629 ], [ 80.527343585737924, 19.938153271856038 ], [ 80.529668954658575, 19.939118257002008 ], [ 80.529918489546731, 19.939336003553759 ], [ 80.530031594582454, 19.939723168889202 ], [ 80.53019706354371, 19.940370051236926 ], [ 80.530244284246351, 19.940554702737412 ], [ 80.530306821302815, 19.940799240992249 ], [ 80.530357509668491, 19.941118962605877 ] ] ] } },
{ "type": "Feature", "properties": { "REGION": 1.0, "STATE.NAME": "Maharashtra", "DISTRICT.NAME": "Gadchiroli", "DISTRICT.AREA": 14527.292838, "GRID_G0": "189409", "woodland": 0.53418615672085812, "maskWdl": 1.0, "cropland": 0.26080262841824453, "maskCrp": 0.0, "one": 0.17712085572179223, "maskOne": 0.0, "GRID.AREA": 22.864835779520039, "REGION.AREA": 32202.066020262951 }, "geometry": { "type": "Polygon", "coordinates": [ [ [ 79.796536350520469, 19.885071385949267 ], [ 79.796536350520469, 19.851115253216626 ], [ 79.841533198038874, 19.851115239922713 ], [ 79.841533198038874, 19.896116476710514 ], [ 79.803257396219053, 19.896117194341127 ], [ 79.803267490402391, 19.896006563052484 ], [ 79.803227123433032, 19.894062976125497 ], [ 79.803213993331212, 19.893896618634077 ], [ 79.80308455031178, 19.892256816399026 ], [ 79.802555817297161, 19.890254594573946 ], [ 79.802372802562843, 19.889721164400271 ], [ 79.801302678575837, 19.888320050330094 ], [ 79.800035196567137, 19.886841286995828 ], [ 79.799107607030521, 19.886100632338355 ], [ 79.797100034239236, 19.885325686531246 ], [ 79.796536350520469, 19.885071385949267 ] ] ] } },
{ "type": "Feature", "properties": { "REGION": 1.0, "STATE.NAME": "Maharashtra", "DISTRICT.NAME": "Gadchiroli", "DISTRICT.AREA": 14527.292838, "GRID_G0": "189410", "woodland": 0.56708765269743999, "maskWdl": 1.0, "cropland": 0.30290230420314129, "maskCrp": 0.0, "one": 0.12716111346904557, "maskOne": 0.0, "GRID.AREA": 23.547947727594309, "REGION.AREA": 32202.066020262951 }, "geometry": { "type": "Polygon", "coordinates": [ [ [ 79.841533198038874, 19.851115239922713 ], [ 79.886534392283508, 19.851115230369267 ], [ 79.886534392283508, 19.896116460284951 ], [ 79.841533198038874, 19.896116476710514 ], [ 79.841533198038874, 19.851115239922713 ] ] ] } },
{ "type": "Feature", "properties": { "REGION": 1.0, "STATE.NAME": "Maharashtra", "DISTRICT.NAME": "Gadchiroli", "DISTRICT.AREA": 14527.292838, "GRID_G0": "189412", "woodland": 0.70755825296655483, "maskWdl": 1.0, "cropland": 0.1130371923266132, "maskCrp": 0.0, "one": 0.17869969790952195, "maskOne": 0.0, "GRID.AREA": 23.548012909375213, "REGION.AREA": 32202.066020262951 }, "geometry": { "type": "Polygon", "coordinates": [ [ [ 79.931535627200489, 19.851115253243435 ], [ 79.976536957850627, 19.851115228694781 ], [ 79.976536957850627, 19.896116470179745 ], [ 79.931535627200489, 19.896116454781591 ], [ 79.931535627200489, 19.851115253243435 ] ] ] } },
{ "type": "Feature", "properties": { "REGION": 1.0, "STATE.NAME": "Maharashtra", "DISTRICT.NAME": "Gadchiroli", "DISTRICT.AREA": 14527.292838, "GRID_G0": "189414", "woodland": 0.7026421358048196, "maskWdl": 1.0, "cropland": 0.2306109055122918, "maskCrp": 0.0, "one": 0.065017706604932099, "maskOne": 0.0, "GRID.AREA": 23.547951274360042, "REGION.AREA": 32202.066020262951 }, "geometry": { "type": "Polygon", "coordinates": [ [ [ 80.021533747255191, 19.851115262220556 ], [ 80.066534923665401, 19.851115234806841 ], [ 80.066534923665401, 19.896116491261921 ], [ 80.021533747255191, 19.896116521708525 ], [ 80.021533747255191, 19.851115262220556 ] ] ] } },
{ "type": "Feature", "properties": { "REGION": 1.0, "STATE.NAME": "Maharashtra", "DISTRICT.NAME": "Gadchiroli", "DISTRICT.AREA": 14527.292838, "GRID_G0": "189415", "woodland": 0.89242443518866887, "maskWdl": 1.0, "cropland": 0.052540181213460546, "maskCrp": 0.0, "one": 0.054947724986087174, "maskOne": 0.0, "GRID.AREA": 23.547990305847986, "REGION.AREA": 32202.066020262951 }, "geometry": { "type": "Polygon", "coordinates": [ [ [ 80.066534923665401, 19.851115234806841 ], [ 80.111536188429895, 19.851115269785385 ], [ 80.111536188429895, 19.896116501744793 ], [ 80.066534923665401, 19.896116491261921 ], [ 80.066534923665401, 19.851115234806841 ] ] ] } },
{ "type": "Feature", "properties": { "REGION": 1.0, "STATE.NAME": "Maharashtra", "DISTRICT.NAME": "Gadchiroli", "DISTRICT.AREA": 14527.292838, "GRID_G0": "189416", "woodland": 0.99698531664502932, "maskWdl": 1.0, "cropland": 0.00046618075384950155, "maskCrp": 0.0, "one": 0.0025445181502336571, "maskOne": 0.0, "GRID.AREA": 23.547956984012142, "REGION.AREA": 32202.066020262951 }, "geometry": { "type": "Polygon", "coordinates": [ [ [ 80.111536188429895, 19.851115269785385 ], [ 80.156537424750198, 19.851115277526059 ], [ 80.156537424750198, 19.896116463512602 ], [ 80.111536188429895, 19.896116501744793 ], [ 80.111536188429895, 19.851115269785385 ] ] ] } },
{ "type": "Feature", "properties": { "REGION": 1.0, "STATE.NAME": "Maharashtra", "DISTRICT.NAME": "Gadchiroli", "DISTRICT.AREA": 14527.292838, "GRID_G0": "189417", "woodland": 0.99912333832764832, "maskWdl": 1.0, "cropland": 4.3833083617584237e-05, "maskCrp": 0.0, "one": 0.00083282858873410051, "maskOne": 0.0, "GRID.AREA": 23.545647517969496, "REGION.AREA": 32202.066020262951 }, "geometry": { "type": "Polygon", "coordinates": [ [ [ 80.156537424750198, 19.851115277526059 ], [ 80.201534259565875, 19.851115293130881 ], [ 80.201534259565875, 19.896116501107898 ], [ 80.156537424750198, 19.896116463512602 ], [ 80.156537424750198, 19.851115277526059 ] ] ] } },
{ "type": "Feature", "properties": { "REGION": 1.0, "STATE.NAME": "Maharashtra", "DISTRICT.NAME": "Gadchiroli", "DISTRICT.AREA": 14527.292838, "GRID_G0": "189418", "woodland": 0.89155659838074419, "maskWdl": 1.0, "cropland": 0.070448666021523609, "maskCrp": 0.0, "one": 0.03779662235731697, "maskOne": 0.0, "GRID.AREA": 23.547967178014147, "REGION.AREA": 32202.066020262951 }, "geometry": { "type": "Polygon", "coordinates": [ [ [ 80.201534259565875, 19.851115293130881 ], [ 80.246535515872466, 19.851115271933345 ], [ 80.246535515872452, 19.896116480897028 ], [ 80.201534259565875, 19.896116501107898 ], [ 80.201534259565875, 19.851115293130881 ] ] ] } },
{ "type": "Feature", "properties": { "REGION": 1.0, "STATE.NAME": "Maharashtra", "DISTRICT.NAME": "Gadchiroli", "DISTRICT.AREA": 14527.292838, "GRID_G0": "189419", "woodland": 0.69632412763341311, "maskWdl": 1.0, "cropland": 0.19698105188500883, "maskCrp": 0.0, "one": 0.10543862246191693, "maskOne": 0.0, "GRID.AREA": 23.547964825040598, "REGION.AREA": 32202.066020262951 }, "geometry": { "type": "Polygon", "coordinates": [ [ [ 80.246535515872466, 19.851115271933345 ], [ 80.291536732472025, 19.851115242940548 ], [ 80.291536732472025, 19.896116521334072 ], [ 80.246535515872452, 19.896116480897028 ], [ 80.246535515872466, 19.851115271933345 ] ] ] } },
{ "type": "Feature", "properties": { "REGION": 1.0, "STATE.NAME": "Maharashtra", "DISTRICT.NAME": "Gadchiroli", "DISTRICT.AREA": 14527.292838, "GRID_G0": "189420", "woodland": 0.67594958112910997, "maskWdl": 1.0, "cropland": 0.18023794647799568, "maskCrp": 0.0, "one": 0.14228330039126302, "maskOne": 0.0, "GRID.AREA": 23.545665949631839, "REGION.AREA": 32202.066020262951 }, "geometry": { "type": "Polygon", "coordinates": [ [ [ 80.291536732472025, 19.851115242940548 ], [ 80.336533542262686, 19.851115244962212 ], [ 80.336533542262686, 19.896116481035179 ], [ 80.291536732472025, 19.896116521334072 ], [ 80.291536732472025, 19.851115242940548 ] ] ] } },
{ "type": "Feature", "properties": { "REGION": 1.0, "STATE.NAME": "Maharashtra", "DISTRICT.NAME": "Gadchiroli", "DISTRICT.AREA": 14527.292838, "GRID_G0": "189421", "woodland": 0.81383536618120922, "maskWdl": 1.0, "cropland": 0.081550086525864623, "maskCrp": 0.0, "one": 0.10405175602931184, "maskOne": 0.0, "GRID.AREA": 23.547964843819354, "REGION.AREA": 32202.066020262951 }, "geometry": { "type": "Polygon", "coordinates": [ [ [ 80.336533542262686, 19.851115244962212 ], [ 80.381534753204193, 19.851115225431588 ], [ 80.381534753204193, 19.896116488092705 ], [ 80.336533542262686, 19.896116481035179 ], [ 80.336533542262686, 19.851115244962212 ] ] ] } },
{ "type": "Feature", "properties": { "REGION": 1.0, "STATE.NAME": "Maharashtra", "DISTRICT.NAME": "Gadchiroli", "DISTRICT.AREA": 14527.292838, "GRID_G0": "189422", "woodland": 0.82765729843151747, "maskWdl": 1.0, "cropland": 0.096754657448969175, "maskCrp": 0.0, "one": 0.073408062060555085, "maskOne": 0.0, "GRID.AREA": 23.54798933016032, "REGION.AREA": 32202.066020262951 }, "geometry": { "type": "Polygon", "coordinates": [ [ [ 80.381534753204193, 19.851115225431588 ], [ 80.426535995054564, 19.851115221715805 ], [ 80.426535995054564, 19.896116489557944 ], [ 80.381534753204193, 19.896116488092705 ], [ 80.381534753204193, 19.851115225431588 ] ] ] } },
{ "type": "Feature", "properties": { "REGION": 1.0, "STATE.NAME": "Maharashtra", "DISTRICT.NAME": "Gadchiroli", "DISTRICT.AREA": 14527.292838, "GRID_G0": "189423", "woodland": 0.73289180605373205, "maskWdl": 1.0, "cropland": 0.15488310567145236, "maskCrp": 0.0, "one": 0.11147203127578797, "maskOne": 0.0, "GRID.AREA": 23.547984911456702, "REGION.AREA": 32202.066020262951 }, "geometry": { "type": "Polygon", "coordinates": [ [ [ 80.426535995054564, 19.851115221715805 ], [ 80.471537233983682, 19.851115238499137 ], [ 80.471537233983682, 19.896116490116238 ], [ 80.426535995054564, 19.896116489557944 ], [ 80.426535995054564, 19.851115221715805 ] ] ] } },
{ "type": "Feature", "properties": { "REGION": 1.0, "STATE.NAME": "Maharashtra", "DISTRICT.NAME": "Gadchiroli", "DISTRICT.AREA": 14527.292838, "GRID_G0": "189424", "woodland": 0.63252068194633226, "maskWdl": 1.0, "cropland": 0.27424982928373109, "maskCrp": 0.0, "one": 0.091732848849768484, "maskOne": 0.0, "GRID.AREA": 12.52933630107292, "REGION.AREA": 32202.066020262951 }, "geometry": { "type": "Polygon", "coordinates": [ [ [ 80.496321879828727, 19.896117910196761 ], [ 80.471537233983682, 19.896116490116238 ], [ 80.471537233983682, 19.851115238499137 ], [ 80.483212049904665, 19.851116319333229 ], [ 80.483436989125778, 19.851313735940213 ], [ 80.483458698759989, 19.851433842198109 ], [ 80.483486131679683, 19.851585938240532 ], [ 80.483493833473688, 19.851628640749198 ], [ 80.483525677568025, 19.851778838322787 ], [ 80.483519947087927, 19.851906997110291 ], [ 80.483505663155881, 19.851928766999038 ], [ 80.483506763026753, 19.851933956986556 ], [ 80.48350110719042, 19.852062160740161 ], [ 80.483454561878602, 19.852133142430603 ], [ 80.483822144476449, 19.853033455529612 ], [ 80.484140077302754, 19.853889489608321 ], [ 80.48418779533057, 19.854099769089146 ], [ 80.484171996940177, 19.854235005541113 ], [ 80.484158321849137, 19.854344589731056 ], [ 80.484153059016535, 19.854389827428633 ], [ 80.484150218957495, 19.854409523480797 ], [ 80.48410393714704, 19.854780381409512 ], [ 80.484091198250269, 19.85481867364291 ], [ 80.484066305016043, 19.85499124185236 ], [ 80.483772708743572, 19.855876002075888 ], [ 80.483336887387509, 19.856854023794199 ], [ 80.483014396797046, 19.857642200427279 ], [ 80.482572605741211, 19.85874286269302 ], [ 80.482611052658001, 19.858866961041485 ], [ 80.483226393982932, 19.859730329990786 ], [ 80.483758190987771, 19.860503313477185 ], [ 80.484579522926708, 19.861542227391908 ], [ 80.485461067174583, 19.862584811439945 ], [ 80.486306237442989, 19.863466708222063 ], [ 80.487538612616959, 19.863952720741509 ], [ 80.488189168695214, 19.864270631084821 ], [ 80.489658710381264, 19.865013474692152 ], [ 80.491334224694754, 19.86601974681389 ], [ 80.493223415228499, 19.866916905990479 ], [ 80.495271770475881, 19.867822784094241 ], [ 80.497435440393303, 19.86857241218712 ], [ 80.498472890211758, 19.868909180414388 ], [ 80.499006783536288, 19.869244050172824 ], [ 80.499306309938333, 19.869442750882286 ], [ 80.499538450139426, 19.869556355041819 ], [ 80.499815672455384, 19.869613262342227 ], [ 80.500197717051037, 19.869698621494255 ], [ 80.500662215988541, 19.869791002552798 ], [ 80.50126894720421, 19.869926094213955 ], [ 80.501905781426728, 19.870018619163996 ], [ 80.502572566670665, 19.870104116811603 ], [ 80.503504785017867, 19.870219352341284 ], [ 80.504268904786159, 19.870297730056222 ], [ 80.504688481688163, 19.8703687603101 ], [ 80.505063105078307, 19.87040443641564 ], [ 80.505535029717919, 19.870482547931321 ], [ 80.505848086420087, 19.870522083027769 ], [ 80.505801004213026, 19.870673953340315 ], [ 80.505823912643507, 19.870676849157292 ], [ 80.505681225308365, 19.871137253481493 ], [ 80.505350764925936, 19.872256508331247 ], [ 80.505075656916119, 19.872888465530309 ], [ 80.504850521534422, 19.873327550526085 ], [ 80.504333040837196, 19.874184446155311 ], [ 80.503959754738958, 19.875028816926431 ], [ 80.503614608427483, 19.875765399453655 ], [ 80.503069926835735, 19.87688271536507 ], [ 80.502762158147164, 19.877718595636736 ], [ 80.502413609700398, 19.878457939082693 ], [ 80.502203878806029, 19.879564225708521 ], [ 80.502146988592699, 19.880126365839146 ], [ 80.50213356800981, 19.880184969260995 ], [ 80.502123923680188, 19.880280134620588 ], [ 80.501875939223282, 19.881363923806077 ], [ 80.501692154669286, 19.882421218064792 ], [ 80.501541184578059, 19.883389317563001 ], [ 80.501454779514518, 19.884021948354302 ], [ 80.50131909879741, 19.885056353967627 ], [ 80.501310157737635, 19.885105580158438 ], [ 80.501296511424925, 19.885209664994079 ], [ 80.501194207246897, 19.885773037195975 ], [ 80.500945835182222, 19.887274860046833 ], [ 80.500814198716341, 19.887659783372328 ], [ 80.500746709992725, 19.887822660487419 ], [ 80.500701650360952, 19.887928856931239 ], [ 80.500615352316686, 19.888049156543389 ], [ 80.500499192283939, 19.888183806637414 ], [ 80.500418099515741, 19.88826770169311 ], [ 80.500109257036627, 19.888622801700993 ], [ 80.499989090524153, 19.888984071957395 ], [ 80.499910290127843, 19.889498476073868 ], [ 80.499677248806051, 19.890560998091644 ], [ 80.499583881191199, 19.890869061757826 ], [ 80.499471340030368, 19.891088608752341 ], [ 80.499163843836357, 19.891520526151396 ], [ 80.498961192405147, 19.891959630932259 ], [ 80.498683677809538, 19.892434177095648 ], [ 80.498683569890886, 19.89243436505393 ], [ 80.498194171423904, 19.893197706009406 ], [ 80.498066315707945, 19.893431064791855 ], [ 80.497871061200556, 19.893701668996869 ], [ 80.496321879828727, 19.896117910196761 ] ] ] } },
{ "type": "Feature", "properties": { "REGION": 1.0, "STATE.NAME": "Maharashtra", "DISTRICT.NAME": "Gadchiroli", "DISTRICT.AREA": 14527.292838, "GRID_G0": "188761", "woodland": 0.76765051411733243, "maskWdl": 1.0, "cropland": 0.091577471721830617, "maskCrp": 0.0, "one": 0.14071731142951954, "maskOne": 0.0, "GRID.AREA": 23.552308296499913, "REGION.AREA": 32202.066020262951 }, "geometry": { "type": "Polygon", "coordinates": [ [ [ 79.886534392283508, 19.806118451645851 ], [ 79.931535627200489, 19.806118501066301 ], [ 79.931535627200489, 19.851115253243435 ], [ 79.886534392283508, 19.851115230369267 ], [ 79.886534392283508, 19.806118451645851 ] ] ] } },
{ "type": "Feature", "properties": { "REGION": 1.0, "STATE.NAME": "Maharashtra", "DISTRICT.NAME": "Gadchiroli", "DISTRICT.AREA": 14527.292838, "GRID_G0": "188762", "woodland": 0.73197069662179792, "maskWdl": 1.0, "cropland": 0.10606901474435068, "maskCrp": 0.0, "one": 0.16187260885792906, "maskOne": 0.0, "GRID.AREA": 23.55236238247069, "REGION.AREA": 32202.066020262951 }, "geometry": { "type": "Polygon", "coordinates": [ [ [ 79.931535627200489, 19.806118501066301 ], [ 79.976536957850627, 19.806118434758481 ], [ 79.976536957850627, 19.851115228694781 ], [ 79.931535627200489, 19.851115253243435 ], [ 79.931535627200489, 19.806118501066301 ] ] ] } },
{ "type": "Feature", "properties": { "REGION": 1.0, "STATE.NAME": "Maharashtra", "DISTRICT.NAME": "Gadchiroli", "DISTRICT.AREA": 14527.292838, "GRID_G0": "188765", "woodland": 0.46392315271179413, "maskWdl": 1.0, "cropland": 0.39451502328981675, "maskCrp": 0.0, "one": 0.13609372982967724, "maskOne": 0.0, "GRID.AREA": 23.552342613787719, "REGION.AREA": 32202.066020262951 }, "geometry": { "type": "Polygon", "coordinates": [ [ [ 80.066534923665401, 19.806118422290801 ], [ 80.111536188429895, 19.806118479967619 ], [ 80.111536188429895, 19.851115269785385 ], [ 80.066534923665401, 19.851115234806841 ], [ 80.066534923665401, 19.806118422290801 ] ] ] } },
{ "type": "Feature", "properties": { "REGION": 1.0, "STATE.NAME": "Maharashtra", "DISTRICT.NAME": "Gadchiroli", "DISTRICT.AREA": 14527.292838, "GRID_G0": "188766", "woodland": 0.88576994762881345, "maskWdl": 1.0, "cropland": 0.077878057865366598, "maskCrp": 0.0, "one": 0.035523021186884142, "maskOne": 0.0, "GRID.AREA": 23.552333736054305, "REGION.AREA": 32202.066020262951 }, "geometry": { "type": "Polygon", "coordinates": [ [ [ 80.111536188429895, 19.806118479967619 ], [ 80.156537424750198, 19.806118442040265 ], [ 80.156537424750198, 19.851115277526059 ], [ 80.111536188429895, 19.851115269785385 ], [ 80.111536188429895, 19.806118479967619 ] ] ] } },
{ "type": "Feature", "properties": { "REGION": 1.0, "STATE.NAME": "Maharashtra", "DISTRICT.NAME": "Gadchiroli", "DISTRICT.AREA": 14527.292838, "GRID_G0": "188767", "woodland": 0.9326275763385401, "maskWdl": 1.0, "cropland": 0.031396354563173356, "maskCrp": 0.0, "one": 0.035928239181470693, "maskOne": 0.0, "GRID.AREA": 23.550048289377031, "REGION.AREA": 32202.066020262951 }, "geometry": { "type": "Polygon", "coordinates": [ [ [ 80.156537424750198, 19.806118442040265 ], [ 80.201534259565875, 19.806118433872133 ], [ 80.201534259565875, 19.851115293130881 ], [ 80.156537424750198, 19.851115277526059 ], [ 80.156537424750198, 19.806118442040265 ] ] ] } },
{ "type": "Feature", "properties": { "REGION": 1.0, "STATE.NAME": "Maharashtra", "DISTRICT.NAME": "Gadchiroli", "DISTRICT.AREA": 14527.292838, "GRID_G0": "188768", "woodland": 0.89027862546164505, "maskWdl": 1.0, "cropland": 0.070758941186101321, "maskCrp": 0.0, "one": 0.037818608131298059, "maskOne": 0.0, "GRID.AREA": 23.552345794647835, "REGION.AREA": 32202.066020262951 }, "geometry": { "type": "Polygon", "coordinates": [ [ [ 80.201534259565875, 19.806118433872133 ], [ 80.246535515872452, 19.806118499777039 ], [ 80.246535515872466, 19.851115271933345 ], [ 80.201534259565875, 19.851115293130881 ], [ 80.201534259565875, 19.806118433872133 ] ] ] } },
{ "type": "Feature", "properties": { "REGION": 1.0, "STATE.NAME": "Maharashtra", "DISTRICT.NAME": "Gadchiroli", "DISTRICT.AREA": 14527.292838, "GRID_G0": "188769", "woodland": 0.79719506326351874, "maskWdl": 1.0, "cropland": 0.10342676147974561, "maskCrp": 0.0, "one": 0.099178904388841235, "maskOne": 0.0, "GRID.AREA": 23.552297324336344, "REGION.AREA": 32202.066020262951 }, "geometry": { "type": "Polygon", "coordinates": [ [ [ 80.246535515872452, 19.806118499777039 ], [ 80.291536732472025, 19.806118489480216 ], [ 80.291536732472025, 19.851115242940548 ], [ 80.246535515872466, 19.851115271933345 ], [ 80.246535515872452, 19.806118499777039 ] ] ] } },
{ "type": "Feature", "properties": { "REGION": 1.0, "STATE.NAME": "Maharashtra", "DISTRICT.NAME": "Gadchiroli", "DISTRICT.AREA": 14527.292838, "GRID_G0": "188770", "woodland": 0.69338714736853435, "maskWdl": 1.0, "cropland": 0.18533397478642918, "maskCrp": 0.0, "one": 0.11999145437797717, "maskOne": 0.0, "GRID.AREA": 23.54999894681881, "REGION.AREA": 32202.066020262951 }, "geometry": { "type": "Polygon", "coordinates": [ [ [ 80.291536732472025, 19.806118489480216 ], [ 80.336533542262686, 19.806118442188556 ], [ 80.336533542262686, 19.851115244962212 ], [ 80.291536732472025, 19.851115242940548 ], [ 80.291536732472025, 19.806118489480216 ] ] ] } },
{ "type": "Feature", "properties": { "REGION": 1.0, "STATE.NAME": "Maharashtra", "DISTRICT.NAME": "Gadchiroli", "DISTRICT.AREA": 14527.292838, "GRID_G0": "188771", "woodland": 0.73172889683499354, "maskWdl": 1.0, "cropland": 0.15043365697856542, "maskCrp": 0.0, "one": 0.11568131692071262, "maskOne": 0.0, "GRID.AREA": 23.552299173446134, "REGION.AREA": 32202.066020262951 }, "geometry": { "type": "Polygon", "coordinates": [ [ [ 80.336533542262686, 19.806118442188556 ], [ 80.381534753204193, 19.806118484223362 ], [ 80.381534753204193, 19.851115225431588 ], [ 80.336533542262686, 19.851115244962212 ], [ 80.336533542262686, 19.806118442188556 ] ] ] } },
{ "type": "Feature", "properties": { "REGION": 1.0, "STATE.NAME": "Maharashtra", "DISTRICT.NAME": "Gadchiroli", "DISTRICT.AREA": 14527.292838, "GRID_G0": "188772", "woodland": 0.69331533667184386, "maskWdl": 1.0, "cropland": 0.16054381129369208, "maskCrp": 0.0, "one": 0.14454718286198681, "maskOne": 0.0, "GRID.AREA": 21.52843572935361, "REGION.AREA": 32202.066020262951 }, "geometry": { "type": "Polygon", "coordinates": [ [ [ 80.426535995054564, 19.809282676727442 ], [ 80.426535995054564, 19.851115221715805 ], [ 80.381534753204193, 19.851115225431588 ], [ 80.381534753204193, 19.806118484223362 ], [ 80.407664253463224, 19.806119849887615 ], [ 80.407567030094413, 19.806475205166635 ], [ 80.407097747662988, 19.807529207007352 ], [ 80.406638936038121, 19.808739299678962 ], [ 80.405821878576887, 19.810270857713988 ], [ 80.404751881394247, 19.81250152622448 ], [ 80.403969583629419, 19.814016543029084 ], [ 80.402578754206218, 19.816124480160681 ], [ 80.402097881312216, 19.8166531232431 ], [ 80.40321064035885, 19.816583243222169 ], [ 80.405266407818544, 19.815927621262745 ], [ 80.406087098540809, 19.815778985811619 ], [ 80.408064737397751, 19.815866113030726 ], [ 80.409607293242061, 19.816090661155158 ], [ 80.410371983180539, 19.816152982374259 ], [ 80.411906232886395, 19.815951760865122 ], [ 80.413831130102608, 19.815551813465451 ], [ 80.417632356647971, 19.814452054119045 ], [ 80.421455704717062, 19.813302385097018 ], [ 80.422463262869371, 19.812752268902159 ], [ 80.425422158305992, 19.810252174298455 ], [ 80.426535995054564, 19.809282676727442 ] ] ] } },
{ "type": "Feature", "properties": { "REGION": 1.0, "STATE.NAME": "Maharashtra", "DISTRICT.NAME": "Gadchiroli", "DISTRICT.AREA": 14527.292838, "GRID_G0": "188773", "woodland": 0.57187687501880624, "maskWdl": 1.0, "cropland": 0.31172175821889675, "maskCrp": 0.0, "one": 0.11354381568357146, "maskOne": 0.0, "GRID.AREA": 18.262190417061994, "REGION.AREA": 32202.066020262951 }, "geometry": { "type": "MultiPolygon", "coordinates": [ [ [ [ 80.471537233983682, 19.834615515973827 ], [ 80.471537233983682, 19.851115238499137 ], [ 80.426535995054564, 19.851115221715805 ], [ 80.426535995054564, 19.809282676727442 ], [ 80.428113187973281, 19.80790983607011 ], [ 80.428189185182816, 19.807843684638385 ], [ 80.429680269229095, 19.807004239454159 ], [ 80.430935543840349, 19.80694002875936 ], [ 80.431713403450885, 19.807164625447172 ], [ 80.433532858754461, 19.808063323363744 ], [ 80.434838128476883, 19.808737351747421 ], [ 80.435806244162904, 19.808937240461322 ], [ 80.435820844656291, 19.808940583241395 ], [ 80.43857616415869, 19.80957131826176 ], [ 80.440725804652232, 19.810195144690226 ], [ 80.441614869930333, 19.810769850148517 ], [ 80.442907832430592, 19.811781044259821 ], [ 80.446238714445201, 19.814117165474837 ], [ 80.450373420397113, 19.816788047630325 ], [ 80.451719156014292, 19.817686774325239 ], [ 80.454146724791599, 19.819197059796519 ], [ 80.456728830371276, 19.820851886105682 ], [ 80.45864086728227, 19.821991783094344 ], [ 80.460086288251659, 19.822859748478663 ], [ 80.461382665477686, 19.823395199428944 ], [ 80.462377334546431, 19.8237647443475 ], [ 80.463652389746073, 19.82395727121116 ], [ 80.464770917943554, 19.824153909775195 ], [ 80.465825127527694, 19.824579709086379 ], [ 80.466134065334927, 19.824689587354616 ], [ 80.466256744553164, 19.824761013310198 ], [ 80.467049466359867, 19.825222555276753 ], [ 80.467987900821015, 19.825859792395537 ], [ 80.469093492270929, 19.826888658185059 ], [ 80.469488237991868, 19.827413489041362 ], [ 80.470067129794245, 19.828884829371418 ], [ 80.470311328105382, 19.830873299663097 ], [ 80.470564135626432, 19.83218981540773 ], [ 80.470845062249907, 19.832881255565553 ], [ 80.471115001855935, 19.833753472045146 ], [ 80.47137559480791, 19.834270679348439 ], [ 80.471537233983682, 19.834615515973827 ] ] ], [ [ [ 80.471537233983682, 19.807493224401899 ], [ 80.471537233983682, 19.813767727786239 ], [ 80.470461058031447, 19.812333537362917 ], [ 80.468877529974066, 19.810473613466513 ], [ 80.46895684748057, 19.810388236328091 ], [ 80.468891434392219, 19.810311418037543 ], [ 80.469770849944837, 19.809365053354554 ], [ 80.471537233983682, 19.807493224401899 ] ] ] ] } },
{ "type": "Feature", "properties": { "REGION": 1.0, "STATE.NAME": "Maharashtra", "DISTRICT.NAME": "Gadchiroli", "DISTRICT.AREA": 14527.292838, "GRID_G0": "188774", "woodland": 0.62603014730712891, "maskWdl": 1.0, "cropland": 0.26967596602409744, "maskCrp": 0.0, "one": 0.10396306291395717, "maskOne": 0.0, "GRID.AREA": 12.456526802868282, "REGION.AREA": 32202.066020262951 }, "geometry": { "type": "MultiPolygon", "coordinates": [ [ [ [ 80.472834328142412, 19.806118660646725 ], [ 80.516534026046131, 19.806118437839125 ], [ 80.516534026046131, 19.831274220950206 ], [ 80.516355140177609, 19.831248301667813 ], [ 80.515797564106379, 19.831167253865715 ], [ 80.515003720845073, 19.831005425360161 ], [ 80.514711764036747, 19.830938034662609 ], [ 80.513748253778942, 19.830715618830823 ], [ 80.512934777418081, 19.830547506762063 ], [ 80.51229851156711, 19.830404420127934 ], [ 80.511917950852819, 19.830373104834962 ], [ 80.511432373605203, 19.830378996293689 ], [ 80.511078100973634, 19.830416045664037 ], [ 80.510945077753206, 19.830444940881364 ], [ 80.510812070720533, 19.830473836098687 ], [ 80.509460177445305, 19.830888829156208 ], [ 80.508544397805792, 19.831164119728385 ], [ 80.507809395387369, 19.831380814972707 ], [ 80.50747473157368, 19.831417880530807 ], [ 80.507067880078637, 19.831417607136931 ], [ 80.506661124811103, 19.831392528642308 ], [ 80.505910850105693, 19.831220299477312 ], [ 80.505432006981607, 19.831133069735415 ], [ 80.504821905106894, 19.831027167369943 ], [ 80.504034630493834, 19.830877658677082 ], [ 80.503818180764483, 19.830796887866143 ], [ 80.503654242449386, 19.830660161237514 ], [ 80.503529756493151, 19.830504923863199 ], [ 80.503291724833275, 19.830135324985296 ], [ 80.503114745449182, 19.829862189188702 ], [ 80.502570750939469, 19.82910466235035 ], [ 80.502086805961369, 19.828666335483035 ], [ 80.501621260213028, 19.828342893409854 ], [ 80.501293364697062, 19.828112808159631 ], [ 80.500880163988427, 19.827919946748182 ], [ 80.500598185158196, 19.827789215899656 ], [ 80.500368554065574, 19.827739357485431 ], [ 80.500125809958206, 19.827714351835937 ], [ 80.499896124906286, 19.827726606897443 ], [ 80.499692750420138, 19.827738865556231 ], [ 80.499390941538763, 19.827757334033777 ], [ 80.49902346236297, 19.827794308760417 ], [ 80.498451876652837, 19.827907124214445 ], [ 80.497530006804425, 19.827668996327194 ], [ 80.496608046124493, 19.827430864842597 ], [ 80.495729286177664, 19.827555536059208 ], [ 80.491450977380737, 19.827723044682841 ], [ 80.487859202040624, 19.827800804563537 ], [ 80.484901356112744, 19.827737754893519 ], [ 80.481500515836217, 19.827665698513218 ], [ 80.480581001312203, 19.827532760728392 ], [ 80.479502484851878, 19.825820513605894 ], [ 80.476778753137012, 19.821814427793644 ], [ 80.4741943380983, 19.817841224792748 ], [ 80.472489880903311, 19.815218632633844 ], [ 80.471609779168034, 19.813864405617888 ], [ 80.471537233983682, 19.813767727786239 ], [ 80.471537233983682, 19.807493224401899 ], [ 80.472834328142412, 19.806118660646725 ] ] ], [ [ [ 80.483212049904665, 19.851116319333229 ], [ 80.471537233983682, 19.851115238499137 ], [ 80.471537233983682, 19.834615515973827 ], [ 80.471917996618288, 19.835427818139351 ], [ 80.472952980495734, 19.83665307158202 ], [ 80.473591777938282, 19.8372544994956 ], [ 80.473599297169869, 19.837261576260801 ], [ 80.474493144143381, 19.837631822650565 ], [ 80.474715764121299, 19.837724039133153 ], [ 80.47497050158745, 19.837829537703044 ], [ 80.475523595437664, 19.837901218166735 ], [ 80.475617134822983, 19.83791327088079 ], [ 80.476360184375039, 19.838009544205136 ], [ 80.476405586648582, 19.83801542217407 ], [ 80.476541703536839, 19.83803304169157 ], [ 80.477296542301644, 19.838207655858696 ], [ 80.478229305638024, 19.838710759094283 ], [ 80.478427282393227, 19.838910167570248 ], [ 80.478450449828486, 19.838933397058664 ], [ 80.478706889711248, 19.839191680551664 ], [ 80.478754131997675, 19.839394017220172 ], [ 80.479108415421081, 19.840911812030527 ], [ 80.480149749411453, 19.843412995713209 ], [ 80.480879498889806, 19.845001758724209 ], [ 80.481037926159445, 19.845346551602123 ], [ 80.48104087233844, 19.845375700428292 ], [ 80.481096664479537, 19.845921400052646 ], [ 80.481115389263834, 19.846104594651365 ], [ 80.481109607522399, 19.846324540045543 ], [ 80.481034867565143, 19.849142227531843 ], [ 80.481437062370617, 19.850104460752334 ], [ 80.481471434459195, 19.850171411681345 ], [ 80.481488218506513, 19.850191150900972 ], [ 80.481681681564396, 19.850226612068528 ], [ 80.481795302811008, 19.850247485333227 ], [ 80.482303127487398, 19.850412467761203 ], [ 80.482620487445615, 19.850607581974373 ], [ 80.482736733813283, 19.850707255635371 ], [ 80.483109541472231, 19.851026770369231 ], [ 80.483128542348425, 19.851043029212466 ], [ 80.483212049904665, 19.851116319333229 ] ] ] ] } },
{ "type": "Feature", "properties": { "REGION": 1.0, "STATE.NAME": "Maharashtra", "DISTRICT.NAME": "Gadchiroli", "DISTRICT.AREA": 14527.292838, "GRID_G0": "188109", "woodland": 0.54636024693841412, "maskWdl": 1.0, "cropland": 0.35503374275617411, "maskCrp": 0.0, "one": 0.091353616975764732, "maskOne": 0.0, "GRID.AREA": 23.559027636986116, "REGION.AREA": 32202.066020262951 }, "geometry": { "type": "Polygon", "coordinates": [ [ [ 79.796536350520469, 19.761117188974119 ], [ 79.841533198038874, 19.761117230605286 ], [ 79.841533198038874, 19.80611845616334 ], [ 79.796536350520469, 19.806118485488867 ], [ 79.796536350520469, 19.761117188974119 ] ] ] } },
{ "type": "Feature", "properties": { "REGION": 1.0, "STATE.NAME": "Maharashtra", "DISTRICT.NAME": "Gadchiroli", "DISTRICT.AREA": 14527.292838, "GRID_G0": "188111", "woodland": 0.54169464322605632, "maskWdl": 1.0, "cropland": 0.358931920537156, "maskCrp": 0.0, "one": 0.098156857589175195, "maskOne": 0.0, "GRID.AREA": 23.561322268254514, "REGION.AREA": 32202.066020262951 }, "geometry": { "type": "Polygon", "coordinates": [ [ [ 79.886534392283508, 19.7611172283531 ], [ 79.931535627200489, 19.761117211762478 ], [ 79.931535627200489, 19.806118501066301 ], [ 79.886534392283508, 19.806118451645851 ], [ 79.886534392283508, 19.7611172283531 ] ] ] } },
{ "type": "Feature", "properties": { "REGION": 1.0, "STATE.NAME": "Maharashtra", "DISTRICT.NAME": "Gadchiroli", "DISTRICT.AREA": 14527.292838, "GRID_G0": "188112", "woodland": 0.76874855837481781, "maskWdl": 1.0, "cropland": 0.094026734011373153, "maskCrp": 0.0, "one": 0.13492567778447476, "maskOne": 0.0, "GRID.AREA": 23.561377815649749, "REGION.AREA": 32202.066020262951 }, "geometry": { "type": "Polygon", "coordinates": [ [ [ 79.931535627200489, 19.761117211762478 ], [ 79.976536957850612, 19.761117190752923 ], [ 79.976536957850627, 19.806118434758481 ], [ 79.931535627200489, 19.806118501066301 ], [ 79.931535627200489, 19.761117211762478 ] ] ] } },
{ "type": "Feature", "properties": { "REGION": 1.0, "STATE.NAME": "Maharashtra", "DISTRICT.NAME": "Gadchiroli", "DISTRICT.AREA": 14527.292838, "GRID_G0": "188113", "woodland": 0.79033957153916823, "maskWdl": 1.0, "cropland": 0.15026557443472088, "maskCrp": 0.0, "one": 0.058103762034850237, "maskOne": 0.0, "GRID.AREA": 23.558994198143626, "REGION.AREA": 32202.066020262951 }, "geometry": { "type": "Polygon", "coordinates": [ [ [ 79.976536957850612, 19.761117190752923 ], [ 80.021533747255191, 19.761117181928881 ], [ 80.021533747255191, 19.806118448473942 ], [ 79.976536957850627, 19.806118434758481 ], [ 79.976536957850612, 19.761117190752923 ] ] ] } },
{ "type": "Feature", "properties": { "REGION": 1.0, "STATE.NAME": "Maharashtra", "DISTRICT.NAME": "Gadchiroli", "DISTRICT.AREA": 14527.292838, "GRID_G0": "188114", "woodland": 0.78768359288493683, "maskWdl": 1.0, "cropland": 0.1471811112447233, "maskCrp": 0.0, "one": 0.064278637318421261, "maskOne": 0.0, "GRID.AREA": 23.561273879889566, "REGION.AREA": 32202.066020262951 }, "geometry": { "type": "Polygon", "coordinates": [ [ [ 80.021533747255191, 19.761117181928881 ], [ 80.066534923665401, 19.761117244079319 ], [ 80.066534923665401, 19.806118422290801 ], [ 80.021533747255191, 19.806118448473942 ], [ 80.021533747255191, 19.761117181928881 ] ] ] } },
{ "type": "Feature", "properties": { "REGION": 1.0, "STATE.NAME": "Maharashtra", "DISTRICT.NAME": "Gadchiroli", "DISTRICT.AREA": 14527.292838, "GRID_G0": "188115", "woodland": 0.68143929311974338, "maskWdl": 1.0, "cropland": 0.18003834672387331, "maskCrp": 0.0, "one": 0.13838688752424561, "maskOne": 0.0, "GRID.AREA": 23.56131529424994, "REGION.AREA": 32202.066020262951 }, "geometry": { "type": "Polygon", "coordinates": [ [ [ 80.066534923665401, 19.761117244079319 ], [ 80.111536188429895, 19.761117231919791 ], [ 80.111536188429895, 19.806118479967619 ], [ 80.066534923665401, 19.806118422290801 ], [ 80.066534923665401, 19.761117244079319 ] ] ] } },
{ "type": "Feature", "properties": { "REGION": 1.0, "STATE.NAME": "Maharashtra", "DISTRICT.NAME": "Gadchiroli", "DISTRICT.AREA": 14527.292838, "GRID_G0": "188116", "woodland": 0.51020605353352422, "maskWdl": 1.0, "cropland": 0.29823679300099409, "maskCrp": 0.0, "one": 0.14833772135216455, "maskOne": 0.0, "GRID.AREA": 23.561307823168487, "REGION.AREA": 32202.066020262951 }, "geometry": { "type": "Polygon", "coordinates": [ [ [ 80.111536188429895, 19.761117231919791 ], [ 80.156537424750198, 19.761117235477823 ], [ 80.156537424750198, 19.806118442040265 ], [ 80.111536188429895, 19.806118479967619 ], [ 80.111536188429895, 19.761117231919791 ] ] ] } },
{ "type": "Feature", "properties": { "REGION": 1.0, "STATE.NAME": "Maharashtra", "DISTRICT.NAME": "Gadchiroli", "DISTRICT.AREA": 14527.292838, "GRID_G0": "188117", "woodland": 0.9011362482430828, "maskWdl": 1.0, "cropland": 0.04723531612625631, "maskCrp": 0.0, "one": 0.051532799835639048, "maskOne": 0.0, "GRID.AREA": 23.558999391501814, "REGION.AREA": 32202.066020262951 }, "geometry": { "type": "Polygon", "coordinates": [ [ [ 80.156537424750198, 19.761117235477823 ], [ 80.201534259565875, 19.761117200866952 ], [ 80.201534259565875, 19.806118433872133 ], [ 80.156537424750198, 19.806118442040265 ], [ 80.156537424750198, 19.761117235477823 ] ] ] } },
{ "type": "Feature", "properties": { "REGION": 1.0, "STATE.NAME": "Maharashtra", "DISTRICT.NAME": "Gadchiroli", "DISTRICT.AREA": 14527.292838, "GRID_G0": "188118", "woodland": 0.95892646990541708, "maskWdl": 1.0, "cropland": 0.016334028046176098, "maskCrp": 0.0, "one": 0.024715595327421184, "maskOne": 0.0, "GRID.AREA": 23.56132269359264, "REGION.AREA": 32202.066020262951 }, "geometry": { "type": "Polygon", "coordinates": [ [ [ 80.201534259565875, 19.761117200866952 ], [ 80.246535515872452, 19.761117261339663 ], [ 80.246535515872452, 19.806118499777039 ], [ 80.201534259565875, 19.806118433872133 ], [ 80.201534259565875, 19.761117200866952 ] ] ] } },
{ "type": "Feature", "properties": { "REGION": 1.0, "STATE.NAME": "Maharashtra", "DISTRICT.NAME": "Gadchiroli", "DISTRICT.AREA": 14527.292838, "GRID_G0": "188119", "woodland": 0.93342110257413302, "maskWdl": 1.0, "cropland": 0.03140305298762508, "maskCrp": 0.0, "one": 0.03515592235962741, "maskOne": 0.0, "GRID.AREA": 23.56132265350691, "REGION.AREA": 32202.066020262951 }, "geometry": { "type": "Polygon", "coordinates": [ [ [ 80.246535515872452, 19.761117261339663 ], [ 80.291536732472025, 19.761117177209581 ], [ 80.291536732472025, 19.806118489480216 ], [ 80.246535515872452, 19.806118499777039 ], [ 80.246535515872452, 19.761117261339663 ] ] ] } },
{ "type": "Feature", "properties": { "REGION": 1.0, "STATE.NAME": "Maharashtra", "DISTRICT.NAME": "Gadchiroli", "DISTRICT.AREA": 14527.292838, "GRID_G0": "188120", "woodland": 0.79950067509622458, "maskWdl": 1.0, "cropland": 0.10170366175700479, "maskCrp": 0.0, "one": 0.09831349852184465, "maskOne": 0.0, "GRID.AREA": 23.559001254238144, "REGION.AREA": 32202.066020262951 }, "geometry": { "type": "Polygon", "coordinates": [ [ [ 80.291536732472025, 19.761117177209581 ], [ 80.336533542262686, 19.761117257712744 ], [ 80.336533542262686, 19.806118442188556 ], [ 80.291536732472025, 19.806118489480216 ], [ 80.291536732472025, 19.761117177209581 ] ] ] } },
{ "type": "Feature", "properties": { "REGION": 1.0, "STATE.NAME": "Maharashtra", "DISTRICT.NAME": "Gadchiroli", "DISTRICT.AREA": 14527.292838, "GRID_G0": "188121", "woodland": 0.76214656140533321, "maskWdl": 1.0, "cropland": 0.11141094135340383, "maskCrp": 0.0, "one": 0.12378885017990811, "maskOne": 0.0, "GRID.AREA": 23.561303746728701, "REGION.AREA": 32202.066020262951 }, "geometry": { "type": "Polygon", "coordinates": [ [ [ 80.336533542262686, 19.761117257712744 ], [ 80.381534753204193, 19.76111717890673 ], [ 80.381534753204193, 19.806118484223362 ], [ 80.336533542262686, 19.806118442188556 ], [ 80.336533542262686, 19.761117257712744 ] ] ] } },
{ "type": "Feature", "properties": { "REGION": 1.0, "STATE.NAME": "Maharashtra", "DISTRICT.NAME": "Gadchiroli", "DISTRICT.AREA": 14527.292838, "GRID_G0": "188122", "woodland": 0.75012745174016693, "maskWdl": 1.0, "cropland": 0.14660247229481066, "maskCrp": 0.0, "one": 0.09831345338533537, "maskOne": 0.0, "GRID.AREA": 21.120990785139917, "REGION.AREA": 32202.066020262951 }, "geometry": { "type": "Polygon", "coordinates": [ [ [ 80.407664253463224, 19.806119849887615 ], [ 80.381534753204193, 19.806118484223362 ], [ 80.381534753204193, 19.76111717890673 ], [ 80.426535995054564, 19.761117248643732 ], [ 80.426535995054564, 19.798421785688191 ], [ 80.425683916779406, 19.798691008982928 ], [ 80.424162649686593, 19.799187562456098 ], [ 80.420966835950765, 19.797952584644122 ], [ 80.417808458293791, 19.796807764766584 ], [ 80.414782589444997, 19.795836902551063 ], [ 80.411454036674513, 19.795193277547753 ], [ 80.407593047481214, 19.794511709248013 ], [ 80.404878174987857, 19.7937445164963 ], [ 80.402915543117899, 19.794514117632442 ], [ 80.402428735597709, 19.794810646594101 ], [ 80.402011508624298, 19.795419951669484 ], [ 80.401730492967943, 19.796144963519286 ], [ 80.401879548402519, 19.796674342247176 ], [ 80.402811171398525, 19.797101952792957 ], [ 80.403976172962075, 19.798501713383416 ], [ 80.405409202173018, 19.800668098354098 ], [ 80.406609008399073, 19.802693676472018 ], [ 80.407589536527951, 19.80462792393956 ], [ 80.407693858784626, 19.805863113092244 ], [ 80.407679057742371, 19.805917178535026 ], [ 80.407688669696427, 19.806030607326704 ], [ 80.407664253463224, 19.806119849887615 ] ] ] } },
{ "type": "Feature", "properties": { "REGION": 1.0, "STATE.NAME": "Maharashtra", "DISTRICT.NAME": "Gadchiroli", "DISTRICT.AREA": 14527.292838, "GRID_G0": "188123", "woodland": 0.67128630122479205, "maskWdl": 1.0, "cropland": 0.2435625188470309, "maskCrp": 0.0, "one": 0.079164353066185383, "maskOne": 0.0, "GRID.AREA": 17.009409280412232, "REGION.AREA": 32202.066020262951 }, "geometry": { "type": "Polygon", "coordinates": [ [ [ 80.426535995054564, 19.798421785688191 ], [ 80.426535995054564, 19.761117248643732 ], [ 80.471537233983682, 19.761117201920943 ], [ 80.471537233983682, 19.787069988335759 ], [ 80.469894799005829, 19.787604290006019 ], [ 80.468729774059909, 19.788197667188626 ], [ 80.468043571553665, 19.788685758041368 ], [ 80.467452654916144, 19.789476547204913 ], [ 80.466931480703352, 19.790547298019419 ], [ 80.466730524494153, 19.792054548278823 ], [ 80.466351280387357, 19.793396219859691 ], [ 80.466294752600788, 19.793488760997548 ], [ 80.466338669194272, 19.793561671733812 ], [ 80.465480498326372, 19.794966866927439 ], [ 80.465102410747704, 19.79533328040662 ], [ 80.46425822793492, 19.795802034936003 ], [ 80.46342370743821, 19.795950633514966 ], [ 80.462762812753681, 19.795753296177736 ], [ 80.461423371491435, 19.794716582904016 ], [ 80.459822960461338, 19.79346584267455 ], [ 80.458335962035051, 19.792865083856608 ], [ 80.455831836669972, 19.792372267965845 ], [ 80.453553996919482, 19.791422234948243 ], [ 80.45109726582622, 19.790235937438638 ], [ 80.449296872552679, 19.789798028756078 ], [ 80.448656958152128, 19.790194777267228 ], [ 80.446570843969312, 19.791249510256758 ], [ 80.444676016485005, 19.792271124812601 ], [ 80.443573545682625, 19.792790236879966 ], [ 80.442565431749358, 19.793663367970112 ], [ 80.44133140811806, 19.794915353760643 ], [ 80.440462308688666, 19.795623680488518 ], [ 80.439488713433434, 19.796085143314766 ], [ 80.43807235135796, 19.796605782430959 ], [ 80.436733509044245, 19.796820306711822 ], [ 80.432664644258011, 19.796871023079291 ], [ 80.432169273393299, 19.796993097053814 ], [ 80.429673643024287, 19.797623277192542 ], [ 80.427926840351461, 19.797982322526195 ], [ 80.426535995054564, 19.798421785688191 ] ] ] } },
{ "type": "Feature", "properties": { "REGION": 1.0, "STATE.NAME": "Maharashtra", "DISTRICT.NAME": "Gadchiroli", "DISTRICT.AREA": 14527.292838, "GRID_G0": "188124", "woodland": 0.84922567577778196, "maskWdl": 1.0, "cropland": 0.090757146253487686, "maskCrp": 0.0, "one": 0.059903852774170735, "maskOne": 0.0, "GRID.AREA": 18.542710227984387, "REGION.AREA": 32202.066020262951 }, "geometry": { "type": "Polygon", "coordinates": [ [ [ 80.471537233983682, 19.787069988335759 ], [ 80.471537233983682, 19.761117201920943 ], [ 80.516534026046131, 19.761117258526824 ], [ 80.516534026046131, 19.806118437839125 ], [ 80.472834328142412, 19.806118660646725 ], [ 80.473336446919575, 19.805586543684118 ], [ 80.473446106652545, 19.805470330591334 ], [ 80.475668484313132, 19.803482729944108 ], [ 80.476764113972763, 19.80320227006877 ], [ 80.479723986972488, 19.802261238365531 ], [ 80.479746777591743, 19.802253992527767 ], [ 80.480521149631386, 19.801959324263464 ], [ 80.481276121495853, 19.802048736659916 ], [ 80.482029783048119, 19.802344351011016 ], [ 80.482934695279994, 19.802887419219072 ], [ 80.483665375556711, 19.803035363990883 ], [ 80.484430633866737, 19.802722054579188 ], [ 80.484986993155246, 19.802343029007659 ], [ 80.485653487018851, 19.80053860767066 ], [ 80.485974731148985, 19.799180821138012 ], [ 80.485875695107325, 19.798279420758718 ], [ 80.485753228129056, 19.797225636553947 ], [ 80.485780411936517, 19.797128723811628 ], [ 80.485772825255765, 19.797063433031038 ], [ 80.485974020684594, 19.79634653936137 ], [ 80.48759025438676, 19.794270568631877 ], [ 80.489163235195178, 19.792201689056753 ], [ 80.489684094645327, 19.790850873169287 ], [ 80.490000403296051, 19.790045276668252 ], [ 80.49007109900208, 19.788862875921037 ], [ 80.490617198824737, 19.784243686297145 ], [ 80.490626759517397, 19.784179936954558 ], [ 80.490638608984682, 19.784079714707104 ], [ 80.491287334942626, 19.779756035112996 ], [ 80.491455465897104, 19.778548063942026 ], [ 80.491477622494358, 19.778388876745339 ], [ 80.49132661103431, 19.775153583670999 ], [ 80.490873073933301, 19.773259666300589 ], [ 80.490287559523324, 19.771260604693229 ], [ 80.489905217252044, 19.770679034709758 ], [ 80.489597867647547, 19.770451174382234 ], [ 80.489049709276742, 19.770270648072028 ], [ 80.48799237005187, 19.770144033420483 ], [ 80.48639007943865, 19.770576960758206 ], [ 80.484614079376342, 19.771577702049342 ], [ 80.482681313092201, 19.772596240923804 ], [ 80.482385971235658, 19.773090486736638 ], [ 80.482369202476775, 19.773255321675776 ], [ 80.482241060776403, 19.774514955301015 ], [ 80.482503304883664, 19.776524227810913 ], [ 80.482482306613235, 19.776671223797965 ], [ 80.482260942988205, 19.778220781763707 ], [ 80.481923591100895, 19.779067444007406 ], [ 80.48157623605448, 19.77982523074985 ], [ 80.48110729986206, 19.780846597092818 ], [ 80.480481637017988, 19.781588030563231 ], [ 80.479449098397254, 19.782584536946903 ], [ 80.478371242938579, 19.78340851199329 ], [ 80.476580545256027, 19.784693948966606 ], [ 80.47424227915792, 19.786070815515757 ], [ 80.472277266782498, 19.78682924167623 ], [ 80.471537233983682, 19.787069988335759 ] ] ] } },
{ "type": "Feature", "properties": { "REGION": 1.0, "STATE.NAME": "Maharashtra", "DISTRICT.NAME": "Gadchiroli", "DISTRICT.AREA": 14527.292838, "GRID_G0": "188125", "woodland": 0.77501221235228634, "maskWdl": 1.0, "cropland": 0.12136488277337142, "maskCrp": 0.0, "one": 0.10341571325317142, "maskOne": 0.0, "GRID.AREA": 15.92942683626524, "REGION.AREA": 32202.066020262951 }, "geometry": { "type": "Polygon", "coordinates": [ [ [ 80.545247185837482, 19.806119770483321 ], [ 80.516534026046131, 19.806118437839125 ], [ 80.516534026046131, 19.761117258526824 ], [ 80.561535328445359, 19.761117182841435 ], [ 80.561535328445359, 19.76129877607924 ], [ 80.561053780507621, 19.76175269593023 ], [ 80.55980762771992, 19.761851466671882 ], [ 80.558836930979638, 19.762093270088368 ], [ 80.557849030208615, 19.76237556188272 ], [ 80.557252176247005, 19.762592617755161 ], [ 80.556530740101607, 19.762958531211268 ], [ 80.556169959975705, 19.763138408211034 ], [ 80.555828907378213, 19.763417628820552 ], [ 80.555340613278759, 19.763741963021232 ], [ 80.554225468330742, 19.764542289495125 ], [ 80.552874485169411, 19.765230832037329 ], [ 80.552636873492986, 19.765414470901135 ], [ 80.552551558407743, 19.765507590303116 ], [ 80.551862783840477, 19.766314222823155 ], [ 80.551625757622674, 19.766663434070267 ], [ 80.550648279994164, 19.767836371251576 ], [ 80.550171454948725, 19.768336513919056 ], [ 80.549390980109706, 19.76891955249539 ], [ 80.548964626816144, 19.769304282466692 ], [ 80.548625607585805, 19.769636590056621 ], [ 80.548284433579809, 19.770083304900655 ], [ 80.547393262988749, 19.77125076161343 ], [ 80.546901299655318, 19.772088631185454 ], [ 80.546624794099046, 19.772495214682465 ], [ 80.54636247085142, 19.772718547822759 ], [ 80.545247285433959, 19.77372996766394 ], [ 80.545069248447135, 19.773913928485062 ], [ 80.54420330653744, 19.775092858748508 ], [ 80.543774369491643, 19.775661173624314 ], [ 80.543485646645308, 19.776647975423771 ], [ 80.543441335249511, 19.77685010075157 ], [ 80.543403732796094, 19.777021492647805 ], [ 80.543406744625614, 19.777021825396957 ], [ 80.543236459794855, 19.777796915994941 ], [ 80.54296046865079, 19.778740081789412 ], [ 80.542690067692547, 19.779578850683432 ], [ 80.54264695059635, 19.779782186498782 ], [ 80.542685960488768, 19.780065550284977 ], [ 80.54302327280584, 19.780899934984063 ], [ 80.543246140097324, 19.781613906756434 ], [ 80.54319568273462, 19.781738586966242 ], [ 80.543210099766327, 19.781784800428227 ], [ 80.54299743168616, 19.782309489191618 ], [ 80.542616638047491, 19.783023057168407 ], [ 80.542492030682752, 19.783341272381847 ], [ 80.542743719447174, 19.783904165245076 ], [ 80.543304165255051, 19.785489927218407 ], [ 80.543586043361245, 19.78624733084968 ], [ 80.543995087403403, 19.787075119920875 ], [ 80.54440167179979, 19.787869742894372 ], [ 80.544810793183615, 19.788381530882987 ], [ 80.545223955221388, 19.789002463293112 ], [ 80.545680906148974, 19.789767039017704 ], [ 80.546008727021217, 19.790145792993997 ], [ 80.546605498245185, 19.790915643242386 ], [ 80.546754646309921, 19.791162089858634 ], [ 80.546885747679141, 19.791410348608736 ], [ 80.546931669760795, 19.791553246385263 ], [ 80.546990625716887, 19.79184495857805 ], [ 80.547073473062383, 19.792493103573918 ], [ 80.547165211105664, 19.79298969391931 ], [ 80.547270171880996, 19.793349783365841 ], [ 80.547465720466676, 19.793831015988644 ], [ 80.54755741534251, 19.794457995440212 ], [ 80.54759669413221, 19.794755843707261 ], [ 80.547607461715018, 19.795250344028201 ], [ 80.547640090018206, 19.796268339712189 ], [ 80.547676017933952, 19.796979420164178 ], [ 80.547684472460503, 19.797146809177946 ], [ 80.547684202663902, 19.79714851519185 ], [ 80.547585961622886, 19.797767414234841 ], [ 80.547559731996103, 19.797842971675831 ], [ 80.547544886887067, 19.797936304217103 ], [ 80.547393775602302, 19.798370647087726 ], [ 80.547310602702225, 19.798683174988582 ], [ 80.547034610658784, 19.799793877285655 ], [ 80.546866548952153, 19.800286532197731 ], [ 80.546459445646974, 19.80114898293925 ], [ 80.546142161231785, 19.80208948314316 ], [ 80.545899059194312, 19.802796870978849 ], [ 80.545512640296181, 19.803902286161648 ], [ 80.545420471477655, 19.804213730379388 ], [ 80.545308061617789, 19.805027125801246 ], [ 80.545254903591001, 19.805939591439031 ], [ 80.545247185837482, 19.806119770483321 ] ] ] } },
{ "type": "Feature", "properties": { "REGION": 1.0, "STATE.NAME": "Maharashtra", "DISTRICT.NAME": "Gadchiroli", "DISTRICT.AREA": 14527.292838, "GRID_G0": "188126", "woodland": 0.73042218480376964, "maskWdl": 1.0, "cropland": 0.14678490401848149, "maskCrp": 0.0, "one": 0.12234665230138093, "maskOne": 0.0, "GRID.AREA": 0.00020350808499725658, "REGION.AREA": 32202.066020262951 }, "geometry": { "type": "Polygon", "coordinates": [ [ [ 80.561535328445359, 19.76129877607924 ], [ 80.561535328445359, 19.761117182841435 ], [ 80.561727947876264, 19.761117206813637 ], [ 80.561535328445359, 19.76129877607924 ] ] ] } },
{ "type": "Feature", "properties": { "REGION": 1.0, "STATE.NAME": "Maharashtra", "DISTRICT.NAME": "Gadchiroli", "DISTRICT.AREA": 14527.292838, "GRID_G0": "187459", "woodland": 0.45550904977767831, "maskWdl": 1.0, "cropland": 0.45195368609484388, "maskCrp": 0.0, "one": 0.086490754366424047, "maskOne": 0.0, "GRID.AREA": 23.565677053031624, "REGION.AREA": 32202.066020262951 }, "geometry": { "type": "Polygon", "coordinates": [ [ [ 79.796536350520469, 19.716115936790789 ], [ 79.841533198038874, 19.716115957269167 ], [ 79.841533198038874, 19.761117230605286 ], [ 79.796536350520469, 19.761117188974119 ], [ 79.796536350520469, 19.716115936790789 ] ] ] } },
{ "type": "Feature", "properties": { "REGION": 1.0, "STATE.NAME": "Maharashtra", "DISTRICT.NAME": "Gadchiroli", "DISTRICT.AREA": 14527.292838, "GRID_G0": "187460", "woodland": 0.84938644839595312, "maskWdl": 1.0, "cropland": 0.04886636349636575, "maskCrp": 0.0, "one": 0.099658813848057526, "maskOne": 0.0, "GRID.AREA": 23.567959066934911, "REGION.AREA": 32202.066020262951 }, "geometry": { "type": "Polygon", "coordinates": [ [ [ 79.841533198038874, 19.716115957269167 ], [ 79.886534392283508, 19.71611595495466 ], [ 79.886534392283508, 19.7611172283531 ], [ 79.841533198038874, 19.761117230605286 ], [ 79.841533198038874, 19.716115957269167 ] ] ] } },
{ "type": "Feature", "properties": { "REGION": 1.0, "STATE.NAME": "Maharashtra", "DISTRICT.NAME": "Gadchiroli", "DISTRICT.AREA": 14527.292838, "GRID_G0": "187462", "woodland": 0.73818500465759584, "maskWdl": 1.0, "cropland": 0.16583934707811332, "maskCrp": 0.0, "one": 0.094684362541857664, "maskOne": 0.0, "GRID.AREA": 23.568008019117521, "REGION.AREA": 32202.066020262951 }, "geometry": { "type": "Polygon", "coordinates": [ [ [ 79.931535627200489, 19.7161159598352 ], [ 79.976536957850627, 19.716115981819552 ], [ 79.976536957850612, 19.761117190752923 ], [ 79.931535627200489, 19.761117211762478 ], [ 79.931535627200489, 19.7161159598352 ] ] ] } },
{ "type": "Feature", "properties": { "REGION": 1.0, "STATE.NAME": "Maharashtra", "DISTRICT.NAME": "Gadchiroli", "DISTRICT.AREA": 14527.292838, "GRID_G0": "187463", "woodland": 0.97465856637705084, "maskWdl": 1.0, "cropland": 0.0019793466083544791, "maskCrp": 0.0, "one": 0.023310270823619791, "maskOne": 0.0, "GRID.AREA": 23.565624930396506, "REGION.AREA": 32202.066020262951 }, "geometry": { "type": "Polygon", "coordinates": [ [ [ 79.976536957850627, 19.716115981819552 ], [ 80.021533747255191, 19.716115948173254 ], [ 80.021533747255191, 19.761117181928881 ], [ 79.976536957850612, 19.761117190752923 ], [ 79.976536957850627, 19.716115981819552 ] ] ] } },
{ "type": "Feature", "properties": { "REGION": 1.0, "STATE.NAME": "Maharashtra", "DISTRICT.NAME": "Gadchiroli", "DISTRICT.AREA": 14527.292838, "GRID_G0": "187464", "woodland": 0.95958229229894276, "maskWdl": 1.0, "cropland": 0.010001622080703099, "maskCrp": 0.0, "one": 0.030412100164081239, "maskOne": 0.0, "GRID.AREA": 23.567929969012013, "REGION.AREA": 32202.066020262951 }, "geometry": { "type": "Polygon", "coordinates": [ [ [ 80.021533747255191, 19.716115948173254 ], [ 80.066534923665401, 19.71611600655082 ], [ 80.066534923665401, 19.761117244079319 ], [ 80.021533747255191, 19.761117181928881 ], [ 80.021533747255191, 19.716115948173254 ] ] ] } },
{ "type": "Feature", "properties": { "REGION": 1.0, "STATE.NAME": "Maharashtra", "DISTRICT.NAME": "Gadchiroli", "DISTRICT.AREA": 14527.292838, "GRID_G0": "187465", "woodland": 0.77017741189685496, "maskWdl": 1.0, "cropland": 0.13691706326808603, "maskCrp": 0.0, "one": 0.087003033983919897, "maskOne": 0.0, "GRID.AREA": 23.567996108860875, "REGION.AREA": 32202.066020262951 }, "geometry": { "type": "Polygon", "coordinates": [ [ [ 80.066534923665401, 19.71611600655082 ], [ 80.111536188429895, 19.716115922291358 ], [ 80.111536188429895, 19.761117231919791 ], [ 80.066534923665401, 19.761117244079319 ], [ 80.066534923665401, 19.71611600655082 ] ] ] } },
{ "type": "Feature", "properties": { "REGION": 1.0, "STATE.NAME": "Maharashtra", "DISTRICT.NAME": "Gadchiroli", "DISTRICT.AREA": 14527.292838, "GRID_G0": "187466", "woodland": 0.45460034506025399, "maskWdl": 1.0, "cropland": 0.19539066775017763, "maskCrp": 0.0, "one": 0.25013361220854902, "maskOne": 0.0, "GRID.AREA": 23.567989825349873, "REGION.AREA": 32202.066020262951 }, "geometry": { "type": "Polygon", "coordinates": [ [ [ 80.111536188429895, 19.716115922291358 ], [ 80.156537424750198, 19.716115965063711 ], [ 80.156537424750198, 19.761117235477823 ], [ 80.111536188429895, 19.761117231919791 ], [ 80.111536188429895, 19.716115922291358 ] ] ] } },
{ "type": "Feature", "properties": { "REGION": 1.0, "STATE.NAME": "Maharashtra", "DISTRICT.NAME": "Gadchiroli", "DISTRICT.AREA": 14527.292838, "GRID_G0": "187467", "woodland": 0.90204022408974682, "maskWdl": 1.0, "cropland": 0.050732787409777318, "maskCrp": 0.0, "one": 0.047226988500475846, "maskOne": 0.0, "GRID.AREA": 23.56565839441296, "REGION.AREA": 32202.066020262951 }, "geometry": { "type": "Polygon", "coordinates": [ [ [ 80.156537424750198, 19.716115965063711 ], [ 80.201534259565875, 19.716115991603875 ], [ 80.201534259565875, 19.761117200866952 ], [ 80.156537424750198, 19.761117235477823 ], [ 80.156537424750198, 19.716115965063711 ] ] ] } },
{ "type": "Feature", "properties": { "REGION": 1.0, "STATE.NAME": "Maharashtra", "DISTRICT.NAME": "Gadchiroli", "DISTRICT.AREA": 14527.292838, "GRID_G0": "187468", "woodland": 0.73384786782273936, "maskWdl": 1.0, "cropland": 0.15829627616549136, "maskCrp": 0.0, "one": 0.10747181539079258, "maskOne": 0.0, "GRID.AREA": 23.567983531996088, "REGION.AREA": 32202.066020262951 }, "geometry": { "type": "Polygon", "coordinates": [ [ [ 80.201534259565875, 19.716115991603875 ], [ 80.246535515872466, 19.716115954558585 ], [ 80.246535515872452, 19.761117261339663 ], [ 80.201534259565875, 19.761117200866952 ], [ 80.201534259565875, 19.716115991603875 ] ] ] } },
{ "type": "Feature", "properties": { "REGION": 1.0, "STATE.NAME": "Maharashtra", "DISTRICT.NAME": "Gadchiroli", "DISTRICT.AREA": 14527.292838, "GRID_G0": "187469", "woodland": 0.87584262898285015, "maskWdl": 1.0, "cropland": 0.053458355420233986, "maskCrp": 0.0, "one": 0.070445387015840147, "maskOne": 0.0, "GRID.AREA": 23.567961127806274, "REGION.AREA": 32202.066020262951 }, "geometry": { "type": "Polygon", "coordinates": [ [ [ 80.246535515872466, 19.716115954558585 ], [ 80.291536732472025, 19.716115974096429 ], [ 80.291536732472025, 19.761117177209581 ], [ 80.246535515872452, 19.761117261339663 ], [ 80.246535515872466, 19.716115954558585 ] ] ] } },
{ "type": "Feature", "properties": { "REGION": 1.0, "STATE.NAME": "Maharashtra", "DISTRICT.NAME": "Gadchiroli", "DISTRICT.AREA": 14527.292838, "GRID_G0": "187470", "woodland": 0.79662423981473063, "maskWdl": 1.0, "cropland": 0.10268020268352089, "maskCrp": 0.0, "one": 0.099814688725985756, "maskOne": 0.0, "GRID.AREA": 23.565640239437066, "REGION.AREA": 32202.066020262951 }, "geometry": { "type": "Polygon", "coordinates": [ [ [ 80.291536732472025, 19.716115974096429 ], [ 80.336533542262686, 19.716116000429366 ], [ 80.336533542262686, 19.761117257712744 ], [ 80.291536732472025, 19.761117177209581 ], [ 80.291536732472025, 19.716115974096429 ] ] ] } },
{ "type": "Feature", "properties": { "REGION": 1.0, "STATE.NAME": "Maharashtra", "DISTRICT.NAME": "Gadchiroli", "DISTRICT.AREA": 14527.292838, "GRID_G0": "187471", "woodland": 0.7815915519307497, "maskWdl": 1.0, "cropland": 0.08484276311199776, "maskCrp": 0.0, "one": 0.12510506431379437, "maskOne": 0.0, "GRID.AREA": 23.567944532562748, "REGION.AREA": 32202.066020262951 }, "geometry": { "type": "Polygon", "coordinates": [ [ [ 80.336533542262686, 19.716116000429366 ], [ 80.381534753204193, 19.716115978347727 ], [ 80.381534753204193, 19.76111717890673 ], [ 80.336533542262686, 19.761117257712744 ], [ 80.336533542262686, 19.716116000429366 ] ] ] } },
{ "type": "Feature", "properties": { "REGION": 1.0, "STATE.NAME": "Maharashtra", "DISTRICT.NAME": "Gadchiroli", "DISTRICT.AREA": 14527.292838, "GRID_G0": "187472", "woodland": 0.69527151622262306, "maskWdl": 1.0, "cropland": 0.1573577182731512, "maskCrp": 0.0, "one": 0.14514640399559015, "maskOne": 0.0, "GRID.AREA": 23.56797247680764, "REGION.AREA": 32202.066020262951 }, "geometry": { "type": "Polygon", "coordinates": [ [ [ 80.381534753204193, 19.716115978347727 ], [ 80.426535995054564, 19.716115946472119 ], [ 80.426535995054564, 19.761117248643732 ], [ 80.381534753204193, 19.76111717890673 ], [ 80.381534753204193, 19.716115978347727 ] ] ] } },
{ "type": "Feature", "properties": { "REGION": 1.0, "STATE.NAME": "Maharashtra", "DISTRICT.NAME": "Gadchiroli", "DISTRICT.AREA": 14527.292838, "GRID_G0": "187473", "woodland": 0.93859481165231728, "maskWdl": 1.0, "cropland": 0.022511138846372292, "maskCrp": 0.0, "one": 0.03889006407917147, "maskOne": 0.0, "GRID.AREA": 23.567971471198369, "REGION.AREA": 32202.066020262951 }, "geometry": { "type": "Polygon", "coordinates": [ [ [ 80.426535995054564, 19.716115946472119 ], [ 80.471537233983682, 19.716115999353477 ], [ 80.471537233983682, 19.761117201920943 ], [ 80.426535995054564, 19.761117248643732 ], [ 80.426535995054564, 19.716115946472119 ] ] ] } },
{ "type": "Feature", "properties": { "REGION": 1.0, "STATE.NAME": "Maharashtra", "DISTRICT.NAME": "Gadchiroli", "DISTRICT.AREA": 14527.292838, "GRID_G0": "187474", "woodland": 0.92115155235880875, "maskWdl": 1.0, "cropland": 0.038499102388717163, "maskCrp": 0.0, "one": 0.040173969048794472, "maskOne": 0.0, "GRID.AREA": 23.565631758663315, "REGION.AREA": 32202.066020262951 }, "geometry": { "type": "Polygon", "coordinates": [ [ [ 80.471537233983682, 19.716115999353477 ], [ 80.516534026046131, 19.716115997621067 ], [ 80.516534026046131, 19.761117258526824 ], [ 80.471537233983682, 19.761117201920943 ], [ 80.471537233983682, 19.716115999353477 ] ] ] } },
{ "type": "Feature", "properties": { "REGION": 1.0, "STATE.NAME": "Maharashtra", "DISTRICT.NAME": "Gadchiroli", "DISTRICT.AREA": 14527.292838, "GRID_G0": "187475", "woodland": 0.86534981585067217, "maskWdl": 1.0, "cropland": 0.056114404644352356, "maskCrp": 0.0, "one": 0.078519837686300734, "maskOne": 0.0, "GRID.AREA": 23.56799542010852, "REGION.AREA": 32202.066020262951 }, "geometry": { "type": "Polygon", "coordinates": [ [ [ 80.516534026046131, 19.716115997621067 ], [ 80.561535328445359, 19.716115974488691 ], [ 80.561535328445359, 19.761117182841435 ], [ 80.516534026046131, 19.761117258526824 ], [ 80.516534026046131, 19.716115997621067 ] ] ] } },
{ "type": "Feature", "properties": { "REGION": 1.0, "STATE.NAME": "Maharashtra", "DISTRICT.NAME": "Gadchiroli", "DISTRICT.AREA": 14527.292838, "GRID_G0": "187476", "woodland": 0.80049878812263087, "maskWdl": 1.0, "cropland": 0.095794423197408857, "maskCrp": 0.0, "one": 0.10355534134756295, "maskOne": 0.0, "GRID.AREA": 16.726540364194612, "REGION.AREA": 32202.066020262951 }, "geometry": { "type": "Polygon", "coordinates": [ [ [ 80.561727947876264, 19.761117206813637 ], [ 80.561535328445359, 19.761117182841435 ], [ 80.561535328445359, 19.716115974488691 ], [ 80.606536524577095, 19.716115960017753 ], [ 80.606536524577095, 19.736708400303439 ], [ 80.606375657310821, 19.736685389818945 ], [ 80.606357627702437, 19.736687523910177 ], [ 80.6057175478266, 19.736763312476967 ], [ 80.605321264265001, 19.7369759679666 ], [ 80.604488094550007, 19.737521243110905 ], [ 80.60407678781354, 19.737889870721006 ], [ 80.603733548964158, 19.738139426293515 ], [ 80.603662197652341, 19.73817600711709 ], [ 80.603270120219918, 19.738419968906499 ], [ 80.602918181329073, 19.738549284222131 ], [ 80.602622138900642, 19.738615073227095 ], [ 80.602122554712196, 19.738602940473356 ], [ 80.601806767668222, 19.738657873761895 ], [ 80.601223393644773, 19.738829009351377 ], [ 80.600856847965247, 19.738968672266481 ], [ 80.600465186019562, 19.739177525422519 ], [ 80.60022440783024, 19.739384488203598 ], [ 80.599816621939624, 19.739697776031566 ], [ 80.599508486327636, 19.739966843295232 ], [ 80.599215424252478, 19.74020139188076 ], [ 80.598967350762678, 19.74034112314439 ], [ 80.59881784206982, 19.740366900412198 ], [ 80.59865165724824, 19.740353967261854 ], [ 80.598365358974206, 19.740278034803513 ], [ 80.59813408841751, 19.740183313708993 ], [ 80.597816867854263, 19.739857224031709 ], [ 80.597582474851379, 19.73967101040887 ], [ 80.597420245248202, 19.739608905926332 ], [ 80.597236034415516, 19.739600178005844 ], [ 80.597055553970677, 19.739645002015266 ], [ 80.596944634287524, 19.739728963620848 ], [ 80.596831532849023, 19.739868708374217 ], [ 80.596706287864947, 19.740134095612063 ], [ 80.596543977322767, 19.740335955639864 ], [ 80.596449130323151, 19.740391094873189 ], [ 80.596265831403059, 19.740456970213074 ], [ 80.596092621077673, 19.740477597962808 ], [ 80.595990475180329, 19.740463860818576 ], [ 80.595888323887095, 19.740425861764152 ], [ 80.595692539679021, 19.740216245083673 ], [ 80.595445794487901, 19.739762430092124 ], [ 80.59524163129629, 19.739501944159429 ], [ 80.594978635355801, 19.739298015690906 ], [ 80.594672269609589, 19.739204785672371 ], [ 80.59437560574969, 19.739198339331949 ], [ 80.594120337683478, 19.739291421861708 ], [ 80.593747066873675, 19.739514152456195 ], [ 80.593470237561462, 19.739777474850655 ], [ 80.5933714803096, 19.73993699749451 ], [ 80.593208055507432, 19.740324367875306 ], [ 80.592983088298922, 19.74070903399479 ], [ 80.592904634141632, 19.740893567684051 ], [ 80.592701474593412, 19.74120657852086 ], [ 80.592442517508232, 19.741498031708829 ], [ 80.592171640808658, 19.741661459209013 ], [ 80.591965527886885, 19.741702794748221 ], [ 80.591529673255877, 19.74171012782017 ], [ 80.591228822152459, 19.74172216524579 ], [ 80.591042831561481, 19.741772146867106 ], [ 80.59081087032547, 19.741872664092227 ], [ 80.590396963649027, 19.74214690875289 ], [ 80.590102043574518, 19.742250240855984 ], [ 80.589788407708909, 19.742269127518284 ], [ 80.589562230012973, 19.742250079877351 ], [ 80.589353717699964, 19.74218769030972 ], [ 80.589105769215962, 19.742051403449583 ], [ 80.588763421594706, 19.741765914565352 ], [ 80.588409788381114, 19.741428094131262 ], [ 80.588129004749817, 19.74121668600128 ], [ 80.587753712264089, 19.741094130889451 ], [ 80.587184847902449, 19.741017998781672 ], [ 80.586795761615178, 19.741068225018637 ], [ 80.586465781470679, 19.741164712381643 ], [ 80.586054955871603, 19.74139188922436 ], [ 80.585741307415446, 19.741583307223891 ], [ 80.585509175308232, 19.741821542130538 ], [ 80.585277512647167, 19.742123351911232 ], [ 80.585219802252141, 19.742268487200988 ], [ 80.585234180612986, 19.742488974886331 ], [ 80.585285896127289, 19.742929622903826 ], [ 80.585241660274448, 19.743441489133488 ], [ 80.585230514976331, 19.743473345818302 ], [ 80.585170451954866, 19.743645011108409 ], [ 80.58490902353266, 19.74393261879538 ], [ 80.584613508106997, 19.744170558724363 ], [ 80.584369044495872, 19.744277456639335 ], [ 80.584154294485131, 19.744322769880004 ], [ 80.583790712071789, 19.744419016224697 ], [ 80.583737110679181, 19.744433284868247 ], [ 80.583320508734573, 19.744544070552482 ], [ 80.583015871485316, 19.744745797480618 ], [ 80.583015805834805, 19.744745841547399 ], [ 80.582674078745811, 19.745002702312888 ], [ 80.582082100008975, 19.745286909663211 ], [ 80.581726490984806, 19.745476473260677 ], [ 80.581567489048439, 19.745644043937546 ], [ 80.581432513399818, 19.74584662072499 ], [ 80.581361316771392, 19.746054367714976 ], [ 80.581359479456466, 19.746169353233139 ], [ 80.581357580987628, 19.746288223822546 ], [ 80.581414025137235, 19.74648040534646 ], [ 80.581543831482705, 19.746694445792116 ], [ 80.581789993013842, 19.74688588897266 ], [ 80.581963181755498, 19.746966895405933 ], [ 80.582291428906387, 19.746977283474905 ], [ 80.582683663720161, 19.746906838679706 ], [ 80.583281257823842, 19.746773936867722 ], [ 80.58371348279104, 19.746749918673856 ], [ 80.583907929707266, 19.746787840386556 ], [ 80.584081070784862, 19.746924067891484 ], [ 80.584194054412137, 19.74710702327053 ], [ 80.584218544750115, 19.747225822813508 ], [ 80.584196563520663, 19.747391480632359 ], [ 80.584194049915538, 19.747396956604291 ], [ 80.584054967962459, 19.747699936402967 ], [ 80.583863608418824, 19.74805709855633 ], [ 80.583560068342535, 19.74848168198406 ], [ 80.583158217977427, 19.74892833477486 ], [ 80.583006790131321, 19.749230394567117 ], [ 80.582726682790224, 19.74951127352648 ], [ 80.582572693674933, 19.749671750351069 ], [ 80.582265373748044, 19.750165996163844 ], [ 80.582182050661174, 19.75041945929064 ], [ 80.582084926578162, 19.750668198278788 ], [ 80.582063224138551, 19.750676643812085 ], [ 80.581279731174732, 19.750935043317668 ], [ 80.580638783453139, 19.751123695901867 ], [ 80.579622207798707, 19.751322074654073 ], [ 80.578894241675982, 19.751563981492605 ], [ 80.578553277212052, 19.751756330290448 ], [ 80.578179410151733, 19.752060353302738 ], [ 80.577730646652071, 19.752459395085054 ], [ 80.577251863782521, 19.7530986439873 ], [ 80.576681395929711, 19.753812302795609 ], [ 80.576418998937697, 19.754041832264821 ], [ 80.576021330420133, 19.754230810403612 ], [ 80.575522992692015, 19.754367251947144 ], [ 80.57506390137803, 19.75442304948422 ], [ 80.574073615604959, 19.754559269794523 ], [ 80.573844062753324, 19.754664716203763 ], [ 80.573693253640783, 19.754801283652341 ], [ 80.573563111848216, 19.755004846996144 ], [ 80.573353202888086, 19.75527790545101 ], [ 80.573123753458503, 19.755588158067102 ], [ 80.572979405974877, 19.755873737782849 ], [ 80.572843846666274, 19.756465346898267 ], [ 80.572399990766996, 19.757721262726136 ], [ 80.5722688318412, 19.758050159187516 ], [ 80.571809844848531, 19.758676912909266 ], [ 80.571486053838385, 19.759078768670289 ], [ 80.571112256925176, 19.759339403890408 ], [ 80.570699070605656, 19.759513085460583 ], [ 80.570049788866697, 19.759785891205979 ], [ 80.569178662365459, 19.759995314532208 ], [ 80.56782761625152, 19.760435717934058 ], [ 80.567158687923168, 19.760472720539671 ], [ 80.566289931135486, 19.760396909489831 ], [ 80.565312735894111, 19.760291090761257 ], [ 80.564112533966352, 19.760396247588805 ], [ 80.563636735946659, 19.76047826216211 ], [ 80.562810428058867, 19.760732502303195 ], [ 80.562180819888965, 19.76081922662604 ], [ 80.561780838315087, 19.761067350477902 ], [ 80.561727947876264, 19.761117206813637 ] ] ] } },
{ "type": "Feature", "properties": { "REGION": 1.0, "STATE.NAME": "Maharashtra", "DISTRICT.NAME": "Gadchiroli", "DISTRICT.AREA": 14527.292838, "GRID_G0": "187477", "woodland": 0.67127061408168964, "maskWdl": 1.0, "cropland": 0.20653438082848258, "maskCrp": 0.0, "one": 0.092725057392581356, "maskOne": 0.0, "GRID.AREA": 6.0539391705864034, "REGION.AREA": 32202.066020262951 }, "geometry": { "type": "Polygon", "coordinates": [ [ [ 80.606536524577095, 19.736708400303439 ], [ 80.606536524577095, 19.716115960017753 ], [ 80.646368791673694, 19.716116541335118 ], [ 80.64633776537562, 19.716179513473833 ], [ 80.645487947410913, 19.717875182493739 ], [ 80.644616310094705, 19.719556343650368 ], [ 80.644198816921914, 19.720517244075612 ], [ 80.64307527500398, 19.722198746075321 ], [ 80.642150757551462, 19.72328687988562 ], [ 80.641869210395782, 19.723617039894517 ], [ 80.64172933973731, 19.723781060047941 ], [ 80.641307921023781, 19.724275237512245 ], [ 80.640592097547312, 19.724925311553932 ], [ 80.640129801948831, 19.725335143402219 ], [ 80.639070937473832, 19.725730898162453 ], [ 80.638420639500964, 19.725885280281489 ], [ 80.637570638973841, 19.726196245160622 ], [ 80.636765307772805, 19.726252793631541 ], [ 80.635855520316056, 19.725645234140298 ], [ 80.635258927157793, 19.725362683341185 ], [ 80.634960617538525, 19.725390968818203 ], [ 80.634408854684978, 19.725659484797461 ], [ 80.633879959792353, 19.72598284323368 ], [ 80.633387766232488, 19.726067624121583 ], [ 80.632895615840084, 19.725997040830805 ], [ 80.632015673284741, 19.725643738567726 ], [ 80.631672626890293, 19.725446008226751 ], [ 80.631150635193706, 19.725219900677928 ], [ 80.630567374484826, 19.725087310930689 ], [ 80.63007015911063, 19.725073153803066 ], [ 80.628165228642445, 19.725431241358763 ], [ 80.627432218222339, 19.725516376579549 ], [ 80.626759009121031, 19.725814039586282 ], [ 80.626474789180236, 19.726281875907887 ], [ 80.625906360090482, 19.727302718845461 ], [ 80.625577228006705, 19.727671333865032 ], [ 80.624395405523614, 19.728366008884279 ], [ 80.624003569109504, 19.72870823959363 ], [ 80.623524811420964, 19.729346215955164 ], [ 80.622746929327377, 19.730650544087382 ], [ 80.622238242201149, 19.731614534583169 ], [ 80.621604025905128, 19.732564158409222 ], [ 80.621102656562414, 19.733060364744063 ], [ 80.620466645219551, 19.733251729683616 ], [ 80.619074876904108, 19.733216266717363 ], [ 80.618109630954734, 19.733343847240803 ], [ 80.617174223611585, 19.73375492554942 ], [ 80.616297224537334, 19.734103460506333 ], [ 80.6155796518795, 19.734411123074892 ], [ 80.615040930094892, 19.73464209145942 ], [ 80.613973183016014, 19.735059480310838 ], [ 80.61344224576311, 19.7354422263777 ], [ 80.612903868418869, 19.73602345371944 ], [ 80.612673650968247, 19.736328054995795 ], [ 80.612441778765117, 19.737327539934086 ], [ 80.612193155789555, 19.737597948086883 ], [ 80.611766963474622, 19.737867242879023 ], [ 80.611056463085347, 19.738200370650645 ], [ 80.60973292363559, 19.738519183013921 ], [ 80.609281725671167, 19.738520658801406 ], [ 80.608533982557333, 19.738286667795535 ], [ 80.60792839348062, 19.737606120226307 ], [ 80.6076891459374, 19.737272934898101 ], [ 80.606921528705641, 19.736763470757637 ], [ 80.606536524577095, 19.736708400303439 ] ] ] } },
{ "type": "Feature", "properties": { "REGION": 1.0, "STATE.NAME": "Maharashtra", "DISTRICT.NAME": "Gadchiroli", "DISTRICT.AREA": 14527.292838, "GRID_G0": "186809", "woodland": 0.4383066460224665, "maskWdl": 1.0, "cropland": 0.43556508764234159, "maskCrp": 0.0, "one": 0.084373814178870535, "maskOne": 0.0, "GRID.AREA": 23.572291398337057, "REGION.AREA": 32202.066020262951 }, "geometry": { "type": "Polygon", "coordinates": [ [ [ 79.796536350520469, 19.67111472324898 ], [ 79.841533198038874, 19.671114720236403 ], [ 79.841533198038874, 19.716115957269167 ], [ 79.796536350520469, 19.716115936790789 ], [ 79.796536350520469, 19.67111472324898 ] ] ] } },
{ "type": "Feature", "properties": { "REGION": 1.0, "STATE.NAME": "Maharashtra", "DISTRICT.NAME": "Gadchiroli", "DISTRICT.AREA": 14527.292838, "GRID_G0": "186810", "woodland": 0.63121699129994757, "maskWdl": 1.0, "cropland": 0.26140758759321125, "maskCrp": 0.0, "one": 0.10205219234546797, "maskOne": 0.0, "GRID.AREA": 23.574575277583339, "REGION.AREA": 32202.066020262951 }, "geometry": { "type": "Polygon", "coordinates": [ [ [ 79.841533198038874, 19.671114720236403 ], [ 79.886534392283508, 19.671114715528255 ], [ 79.886534392283508, 19.71611595495466 ], [ 79.841533198038874, 19.716115957269167 ], [ 79.841533198038874, 19.671114720236403 ] ] ] } },
{ "type": "Feature", "properties": { "REGION": 1.0, "STATE.NAME": "Maharashtra", "DISTRICT.NAME": "Gadchiroli", "DISTRICT.AREA": 14527.292838, "GRID_G0": "186811", "woodland": 0.5693477240272834, "maskWdl": 1.0, "cropland": 0.35446618437167615, "maskCrp": 0.0, "one": 0.068885952545735235, "maskOne": 0.0, "GRID.AREA": 23.574592195426515, "REGION.AREA": 32202.066020262951 }, "geometry": { "type": "Polygon", "coordinates": [ [ [ 79.886534392283508, 19.671114715528255 ], [ 79.931535627200489, 19.67111473955557 ], [ 79.931535627200489, 19.7161159598352 ], [ 79.886534392283508, 19.71611595495466 ], [ 79.886534392283508, 19.671114715528255 ] ] ] } },
{ "type": "Feature", "properties": { "REGION": 1.0, "STATE.NAME": "Maharashtra", "DISTRICT.NAME": "Gadchiroli", "DISTRICT.AREA": 14527.292838, "GRID_G0": "186812", "woodland": 0.57698492792280487, "maskWdl": 1.0, "cropland": 0.33801326154089389, "maskCrp": 0.0, "one": 0.080598987884707082, "maskOne": 0.0, "GRID.AREA": 23.574650195161478, "REGION.AREA": 32202.066020262951 }, "geometry": { "type": "Polygon", "coordinates": [ [ [ 79.931535627200489, 19.67111473955557 ], [ 79.976536957850612, 19.671114712426292 ], [ 79.976536957850627, 19.716115981819552 ], [ 79.931535627200489, 19.7161159598352 ], [ 79.931535627200489, 19.67111473955557 ] ] ] } },
{ "type": "Feature", "properties": { "REGION": 1.0, "STATE.NAME": "Maharashtra", "DISTRICT.NAME": "Gadchiroli", "DISTRICT.AREA": 14527.292838, "GRID_G0": "186813", "woodland": 0.71081159830557317, "maskWdl": 1.0, "cropland": 0.17692625009882454, "maskCrp": 0.0, "one": 0.10055614318977632, "maskOne": 0.0, "GRID.AREA": 23.57226764178289, "REGION.AREA": 32202.066020262951 }, "geometry": { "type": "Polygon", "coordinates": [ [ [ 79.976536957850612, 19.671114712426292 ], [ 80.021533747255191, 19.67111474145241 ], [ 80.021533747255191, 19.716115948173254 ], [ 79.976536957850627, 19.716115981819552 ], [ 79.976536957850612, 19.671114712426292 ] ] ] } },
{ "type": "Feature", "properties": { "REGION": 1.0, "STATE.NAME": "Maharashtra", "DISTRICT.NAME": "Gadchiroli", "DISTRICT.AREA": 14527.292838, "GRID_G0": "186814", "woodland": 0.77517189938611486, "maskWdl": 1.0, "cropland": 0.16935969396191575, "maskCrp": 0.0, "one": 0.054261116532184635, "maskOne": 0.0, "GRID.AREA": 23.574574537994422, "REGION.AREA": 32202.066020262951 }, "geometry": { "type": "Polygon", "coordinates": [ [ [ 80.021533747255191, 19.67111474145241 ], [ 80.066534923665401, 19.671114703959848 ], [ 80.066534923665401, 19.71611600655082 ], [ 80.021533747255191, 19.716115948173254 ], [ 80.021533747255191, 19.67111474145241 ] ] ] } },
{ "type": "Feature", "properties": { "REGION": 1.0, "STATE.NAME": "Maharashtra", "DISTRICT.NAME": "Gadchiroli", "DISTRICT.AREA": 14527.292838, "GRID_G0": "186815", "woodland": 0.96755181141732649, "maskWdl": 1.0, "cropland": 0.012475692666369265, "maskCrp": 0.0, "one": 0.019972495916304199, "maskOne": 0.0, "GRID.AREA": 23.574618366012281, "REGION.AREA": 32202.066020262951 }, "geometry": { "type": "Polygon", "coordinates": [ [ [ 80.066534923665401, 19.671114703959848 ], [ 80.111536188429895, 19.671114724959683 ], [ 80.111536188429895, 19.716115922291358 ], [ 80.066534923665401, 19.71611600655082 ], [ 80.066534923665401, 19.671114703959848 ] ] ] } },
{ "type": "Feature", "properties": { "REGION": 1.0, "STATE.NAME": "Maharashtra", "DISTRICT.NAME": "Gadchiroli", "DISTRICT.AREA": 14527.292838, "GRID_G0": "186816", "woodland": 0.43029394655193987, "maskWdl": 1.0, "cropland": 0.34132610192891522, "maskCrp": 0.0, "one": 0.22484184536889984, "maskOne": 0.0, "GRID.AREA": 23.574589745850648, "REGION.AREA": 32202.066020262951 }, "geometry": { "type": "Polygon", "coordinates": [ [ [ 80.111536188429895, 19.671114724959683 ], [ 80.156537424750198, 19.671114714853932 ], [ 80.156537424750198, 19.716115965063711 ], [ 80.111536188429895, 19.716115922291358 ], [ 80.111536188429895, 19.671114724959683 ] ] ] } },
{ "type": "Feature", "properties": { "REGION": 1.0, "STATE.NAME": "Maharashtra", "DISTRICT.NAME": "Gadchiroli", "DISTRICT.AREA": 14527.292838, "GRID_G0": "186817", "woodland": 0.56740471412497118, "maskWdl": 1.0, "cropland": 0.26883174787952058, "maskCrp": 0.0, "one": 0.1628589325150851, "maskOne": 0.0, "GRID.AREA": 23.572305903574023, "REGION.AREA": 32202.066020262951 }, "geometry": { "type": "Polygon", "coordinates": [ [ [ 80.156537424750198, 19.671114714853932 ], [ 80.201534259565875, 19.671114710441767 ], [ 80.201534259565875, 19.716115991603875 ], [ 80.156537424750198, 19.716115965063711 ], [ 80.156537424750198, 19.671114714853932 ] ] ] } },
{ "type": "Feature", "properties": { "REGION": 1.0, "STATE.NAME": "Maharashtra", "DISTRICT.NAME": "Gadchiroli", "DISTRICT.AREA": 14527.292838, "GRID_G0": "186818", "woodland": 0.59693001263257151, "maskWdl": 1.0, "cropland": 0.27386502702186599, "maskCrp": 0.0, "one": 0.12804006326968045, "maskOne": 0.0, "GRID.AREA": 23.574609341731968, "REGION.AREA": 32202.066020262951 }, "geometry": { "type": "Polygon", "coordinates": [ [ [ 80.201534259565875, 19.671114710441767 ], [ 80.246535515872466, 19.671114753327547 ], [ 80.246535515872466, 19.716115954558585 ], [ 80.201534259565875, 19.716115991603875 ], [ 80.201534259565875, 19.671114710441767 ] ] ] } },
{ "type": "Feature", "properties": { "REGION": 1.0, "STATE.NAME": "Maharashtra", "DISTRICT.NAME": "Gadchiroli", "DISTRICT.AREA": 14527.292838, "GRID_G0": "186819", "woodland": 0.68033076592659869, "maskWdl": 1.0, "cropland": 0.21213021515878439, "maskCrp": 0.0, "one": 0.10726553190739818, "maskOne": 0.0, "GRID.AREA": 23.574588110450136, "REGION.AREA": 32202.066020262951 }, "geometry": { "type": "Polygon", "coordinates": [ [ [ 80.246535515872466, 19.671114753327547 ], [ 80.291536732472025, 19.671114694581153 ], [ 80.291536732472025, 19.716115974096429 ], [ 80.246535515872466, 19.716115954558585 ], [ 80.246535515872466, 19.671114753327547 ] ] ] } },
{ "type": "Feature", "properties": { "REGION": 1.0, "STATE.NAME": "Maharashtra", "DISTRICT.NAME": "Gadchiroli", "DISTRICT.AREA": 14527.292838, "GRID_G0": "186820", "woodland": 0.80958440956412525, "maskWdl": 1.0, "cropland": 0.076869614706806297, "maskCrp": 0.0, "one": 0.1060220532662844, "maskOne": 0.0, "GRID.AREA": 23.572291271289725, "REGION.AREA": 32202.066020262951 }, "geometry": { "type": "Polygon", "coordinates": [ [ [ 80.291536732472025, 19.671114694581153 ], [ 80.336533542262686, 19.671114754380184 ], [ 80.336533542262686, 19.716116000429366 ], [ 80.291536732472025, 19.716115974096429 ], [ 80.291536732472025, 19.671114694581153 ] ] ] } },
{ "type": "Feature", "properties": { "REGION": 1.0, "STATE.NAME": "Maharashtra", "DISTRICT.NAME": "Gadchiroli", "DISTRICT.AREA": 14527.292838, "GRID_G0": "186821", "woodland": 0.82560115789153887, "maskWdl": 1.0, "cropland": 0.085195428501283185, "maskCrp": 0.0, "one": 0.086554335828785217, "maskOne": 0.0, "GRID.AREA": 23.574597383015767, "REGION.AREA": 32202.066020262951 }, "geometry": { "type": "Polygon", "coordinates": [ [ [ 80.336533542262686, 19.671114754380184 ], [ 80.381534753204193, 19.671114696926395 ], [ 80.381534753204193, 19.716115978347727 ], [ 80.336533542262686, 19.716116000429366 ], [ 80.336533542262686, 19.671114754380184 ] ] ] } },
{ "type": "Feature", "properties": { "REGION": 1.0, "STATE.NAME": "Maharashtra", "DISTRICT.NAME": "Gadchiroli", "DISTRICT.AREA": 14527.292838, "GRID_G0": "186822", "woodland": 0.89119489325045476, "maskWdl": 1.0, "cropland": 0.051113714707265764, "maskCrp": 0.0, "one": 0.057691392042279466, "maskOne": 0.0, "GRID.AREA": 23.574602948835825, "REGION.AREA": 32202.066020262951 }, "geometry": { "type": "Polygon", "coordinates": [ [ [ 80.381534753204193, 19.671114696926395 ], [ 80.426535995054564, 19.67111474100113 ], [ 80.426535995054564, 19.716115946472119 ], [ 80.381534753204193, 19.716115978347727 ], [ 80.381534753204193, 19.671114696926395 ] ] ] } },
{ "type": "Feature", "properties": { "REGION": 1.0, "STATE.NAME": "Maharashtra", "DISTRICT.NAME": "Gadchiroli", "DISTRICT.AREA": 14527.292838, "GRID_G0": "186823", "woodland": 0.95737410331718475, "maskWdl": 1.0, "cropland": 0.017307473738891542, "maskCrp": 0.0, "one": 0.025318422943923672, "maskOne": 0.0, "GRID.AREA": 23.574603100361113, "REGION.AREA": 32202.066020262951 }, "geometry": { "type": "Polygon", "coordinates": [ [ [ 80.426535995054564, 19.67111474100113 ], [ 80.471537233983682, 19.671114711506124 ], [ 80.471537233983682, 19.716115999353477 ], [ 80.426535995054564, 19.716115946472119 ], [ 80.426535995054564, 19.67111474100113 ] ] ] } },
{ "type": "Feature", "properties": { "REGION": 1.0, "STATE.NAME": "Maharashtra", "DISTRICT.NAME": "Gadchiroli", "DISTRICT.AREA": 14527.292838, "GRID_G0": "186824", "woodland": 0.83372205016900036, "maskWdl": 1.0, "cropland": 0.090344860368990226, "maskCrp": 0.0, "one": 0.075578439601261815, "maskOne": 0.0, "GRID.AREA": 23.572287418859819, "REGION.AREA": 32202.066020262951 }, "geometry": { "type": "Polygon", "coordinates": [ [ [ 80.471537233983682, 19.671114711506124 ], [ 80.516534026046131, 19.671114739149775 ], [ 80.516534026046131, 19.716115997621067 ], [ 80.471537233983682, 19.716115999353477 ], [ 80.471537233983682, 19.671114711506124 ] ] ] } },
{ "type": "Feature", "properties": { "REGION": 1.0, "STATE.NAME": "Maharashtra", "DISTRICT.NAME": "Gadchiroli", "DISTRICT.AREA": 14527.292838, "GRID_G0": "186825", "woodland": 0.8019117774403236, "maskWdl": 1.0, "cropland": 0.11019214528967937, "maskCrp": 0.0, "one": 0.087772559108908757, "maskOne": 0.0, "GRID.AREA": 23.574652894309413, "REGION.AREA": 32202.066020262951 }, "geometry": { "type": "Polygon", "coordinates": [ [ [ 80.516534026046131, 19.671114739149775 ], [ 80.561535328445359, 19.671114676481466 ], [ 80.561535328445359, 19.716115974488691 ], [ 80.516534026046131, 19.716115997621067 ], [ 80.516534026046131, 19.671114739149775 ] ] ] } },
{ "type": "Feature", "properties": { "REGION": 1.0, "STATE.NAME": "Maharashtra", "DISTRICT.NAME": "Gadchiroli", "DISTRICT.AREA": 14527.292838, "GRID_G0": "186826", "woodland": 0.86313704050690898, "maskWdl": 1.0, "cropland": 0.055756502803603586, "maskCrp": 0.0, "one": 0.080779731193371646, "maskOne": 0.0, "GRID.AREA": 23.574588775072655, "REGION.AREA": 32202.066020262951 }, "geometry": { "type": "Polygon", "coordinates": [ [ [ 80.561535328445359, 19.671114676481466 ], [ 80.606536524577095, 19.671114733810054 ], [ 80.606536524577095, 19.716115960017753 ], [ 80.561535328445359, 19.716115974488691 ], [ 80.561535328445359, 19.671114676481466 ] ] ] } },
{ "type": "Feature", "properties": { "REGION": 1.0, "STATE.NAME": "Maharashtra", "DISTRICT.NAME": "Gadchiroli", "DISTRICT.AREA": 14527.292838, "GRID_G0": "186827", "woodland": 0.95418466837206795, "maskWdl": 1.0, "cropland": 0.015958129654609708, "maskCrp": 0.0, "one": 0.025927189307186908, "maskOne": 0.0, "GRID.AREA": 23.372087252910973, "REGION.AREA": 32202.066020262951 }, "geometry": { "type": "Polygon", "coordinates": [ [ [ 80.646368791673694, 19.716116541335118 ], [ 80.606536524577095, 19.716115960017753 ], [ 80.606536524577095, 19.671114733810054 ], [ 80.651537833484383, 19.671114749179306 ], [ 80.651537833484383, 19.710527480423078 ], [ 80.651032899149016, 19.710826619153181 ], [ 80.65019789571636, 19.711462549557044 ], [ 80.649049826588296, 19.712437763591996 ], [ 80.647596783864515, 19.713905911328823 ], [ 80.646970587722492, 19.71489510262694 ], [ 80.646368791673694, 19.716116541335118 ] ] ] } },
{ "type": "Feature", "properties": { "REGION": 1.0, "STATE.NAME": "Maharashtra", "DISTRICT.NAME": "Gadchiroli", "DISTRICT.AREA": 14527.292838, "GRID_G0": "186828", "woodland": 0.91609300273458694, "maskWdl": 1.0, "cropland": 0.0081004327903051905, "maskCrp": 0.0, "one": 0.042811802844505989, "maskOne": 0.0, "GRID.AREA": 10.6603333897962, "REGION.AREA": 32202.066020262951 }, "geometry": { "type": "Polygon", "coordinates": [ [ [ 80.651537833484383, 19.710527480423078 ], [ 80.651537833484383, 19.671114749179306 ], [ 80.678451071721199, 19.671116098944498 ], [ 80.67968518712172, 19.683481418432791 ], [ 80.679320122625597, 19.69422607667212 ], [ 80.676408042297396, 19.699411916526799 ], [ 80.671277254441804, 19.702221673791257 ], [ 80.67110841751952, 19.702314110607745 ], [ 80.67078116142153, 19.702097111392622 ], [ 80.66988228813716, 19.702694936622095 ], [ 80.668814381878292, 19.703344604170184 ], [ 80.667875030108632, 19.703825280112653 ], [ 80.666712061012845, 19.704362533304334 ], [ 80.665444787646891, 19.704956282806279 ], [ 80.664334955893537, 19.705551991930918 ], [ 80.66344033460382, 19.705961968570023 ], [ 80.662456186703707, 19.706258876146247 ], [ 80.660756204535289, 19.70634396550167 ], [ 80.658647905876194, 19.70648752967583 ], [ 80.657797930530137, 19.706572502119343 ], [ 80.656405911303807, 19.707121894359997 ], [ 80.655317411469412, 19.707687305324953 ], [ 80.654288625719573, 19.708422232200292 ], [ 80.653587918048061, 19.709058231851941 ], [ 80.653006355259151, 19.709538717138116 ], [ 80.651987176067394, 19.710261273838736 ], [ 80.651537833484383, 19.710527480423078 ] ] ] } },
{ "type": "Feature", "properties": { "REGION": 1.0, "STATE.NAME": "Maharashtra", "DISTRICT.NAME": "Gadchiroli", "DISTRICT.AREA": 14527.292838, "GRID_G0": "186159", "woodland": 0.59880153599112784, "maskWdl": 1.0, "cropland": 0.34323162307290139, "maskCrp": 0.0, "one": 0.044433072460155459, "maskOne": 0.0, "GRID.AREA": 23.57658956130512, "REGION.AREA": 32202.066020262951 }, "geometry": { "type": "Polygon", "coordinates": [ [ [ 79.796536350520469, 19.626117940245745 ], [ 79.841533198038874, 19.626117911849864 ], [ 79.841533198038874, 19.671114720236403 ], [ 79.796536350520469, 19.67111472324898 ], [ 79.796536350520469, 19.626117940245745 ] ] ] } },
{ "type": "Feature", "properties": { "REGION": 1.0, "STATE.NAME": "Maharashtra", "DISTRICT.NAME": "Gadchiroli", "DISTRICT.AREA": 14527.292838, "GRID_G0": "186160", "woodland": 0.86434334894219522, "maskWdl": 1.0, "cropland": 0.03615882507810874, "maskCrp": 0.0, "one": 0.099497825979696072, "maskOne": 0.0, "GRID.AREA": 23.578874850061435, "REGION.AREA": 32202.066020262951 }, "geometry": { "type": "Polygon", "coordinates": [ [ [ 79.841533198038874, 19.626117911849864 ], [ 79.886534392283508, 19.626117902860521 ], [ 79.886534392283508, 19.671114715528255 ], [ 79.841533198038874, 19.671114720236403 ], [ 79.841533198038874, 19.626117911849864 ] ] ] } },
{ "type": "Feature", "properties": { "REGION": 1.0, "STATE.NAME": "Maharashtra", "DISTRICT.NAME": "Gadchiroli", "DISTRICT.AREA": 14527.292838, "GRID_G0": "186161", "woodland": 0.84601397110327081, "maskWdl": 1.0, "cropland": 0.068806537782857044, "maskCrp": 0.0, "one": 0.083007404027129181, "maskOne": 0.0, "GRID.AREA": 23.578892757287214, "REGION.AREA": 32202.066020262951 }, "geometry": { "type": "Polygon", "coordinates": [ [ [ 79.886534392283508, 19.626117902860521 ], [ 79.931535627200489, 19.626117944151957 ], [ 79.931535627200489, 19.67111473955557 ], [ 79.886534392283508, 19.671114715528255 ], [ 79.886534392283508, 19.626117902860521 ] ] ] } },
{ "type": "Feature", "properties": { "REGION": 1.0, "STATE.NAME": "Maharashtra", "DISTRICT.NAME": "Gadchiroli", "DISTRICT.AREA": 14527.292838, "GRID_G0": "186162", "woodland": 0.81451980744838304, "maskWdl": 1.0, "cropland": 0.11021621969175015, "maskCrp": 0.0, "one": 0.074582539418670796, "maskOne": 0.0, "GRID.AREA": 23.578928225070232, "REGION.AREA": 32202.066020262951 }, "geometry": { "type": "Polygon", "coordinates": [ [ [ 79.931535627200489, 19.626117944151957 ], [ 79.976536957850627, 19.626117955828953 ], [ 79.976536957850612, 19.671114712426292 ], [ 79.931535627200489, 19.67111473955557 ], [ 79.931535627200489, 19.626117944151957 ] ] ] } },
{ "type": "Feature", "properties": { "REGION": 1.0, "STATE.NAME": "Maharashtra", "DISTRICT.NAME": "Gadchiroli", "DISTRICT.AREA": 14527.292838, "GRID_G0": "186163", "woodland": 0.49603546892953343, "maskWdl": 1.0, "cropland": 0.39778139268993928, "maskCrp": 0.0, "one": 0.10537649731422635, "maskOne": 0.0, "GRID.AREA": 23.576546216692893, "REGION.AREA": 32202.066020262951 }, "geometry": { "type": "Polygon", "coordinates": [ [ [ 79.976536957850627, 19.626117955828953 ], [ 80.021533747255191, 19.626117955872299 ], [ 80.021533747255191, 19.67111474145241 ], [ 79.976536957850612, 19.671114712426292 ], [ 79.976536957850627, 19.626117955828953 ] ] ] } },
{ "type": "Feature", "properties": { "REGION": 1.0, "STATE.NAME": "Maharashtra", "DISTRICT.NAME": "Gadchiroli", "DISTRICT.AREA": 14527.292838, "GRID_G0": "186164", "woodland": 0.53602351417326755, "maskWdl": 1.0, "cropland": 0.38789020076719971, "maskCrp": 0.0, "one": 0.0718656902306581, "maskOne": 0.0, "GRID.AREA": 23.578854502371058, "REGION.AREA": 32202.066020262951 }, "geometry": { "type": "Polygon", "coordinates": [ [ [ 80.021533747255191, 19.626117955872299 ], [ 80.066534923665401, 19.626117910472871 ], [ 80.066534923665401, 19.671114703959848 ], [ 80.021533747255191, 19.67111474145241 ], [ 80.021533747255191, 19.626117955872299 ] ] ] } },
{ "type": "Feature", "properties": { "REGION": 1.0, "STATE.NAME": "Maharashtra", "DISTRICT.NAME": "Gadchiroli", "DISTRICT.AREA": 14527.292838, "GRID_G0": "186165", "woodland": 0.98625127203122931, "maskWdl": 1.0, "cropland": 0.0048545557660009423, "maskCrp": 0.0, "one": 0.0088622883496524262, "maskOne": 0.0, "GRID.AREA": 23.578899307100588, "REGION.AREA": 32202.066020262951 }, "geometry": { "type": "Polygon", "coordinates": [ [ [ 80.066534923665401, 19.626117910472871 ], [ 80.111536188429895, 19.626117945068241 ], [ 80.111536188429895, 19.671114724959683 ], [ 80.066534923665401, 19.671114703959848 ], [ 80.066534923665401, 19.626117910472871 ] ] ] } },
{ "type": "Feature", "properties": { "REGION": 1.0, "STATE.NAME": "Maharashtra", "DISTRICT.NAME": "Gadchiroli", "DISTRICT.AREA": 14527.292838, "GRID_G0": "186166", "woodland": 0.95942868835931827, "maskWdl": 1.0, "cropland": 0.020038430552528387, "maskCrp": 0.0, "one": 0.020532881088153376, "maskOne": 0.0, "GRID.AREA": 23.578871638885346, "REGION.AREA": 32202.066020262951 }, "geometry": { "type": "Polygon", "coordinates": [ [ [ 80.111536188429895, 19.626117945068241 ], [ 80.156537424750198, 19.62611797007564 ], [ 80.156537424750198, 19.671114714853932 ], [ 80.111536188429895, 19.671114724959683 ], [ 80.111536188429895, 19.626117945068241 ] ] ] } },
{ "type": "Feature", "properties": { "REGION": 1.0, "STATE.NAME": "Maharashtra", "DISTRICT.NAME": "Gadchiroli", "DISTRICT.AREA": 14527.292838, "GRID_G0": "186167", "woodland": 0.67928899177643642, "maskWdl": 1.0, "cropland": 0.17296427740098405, "maskCrp": 0.0, "one": 0.14707312562378233, "maskOne": 0.0, "GRID.AREA": 23.57656481011028, "REGION.AREA": 32202.066020262951 }, "geometry": { "type": "Polygon", "coordinates": [ [ [ 80.156537424750198, 19.62611797007564 ], [ 80.201534259565875, 19.626117932897436 ], [ 80.201534259565875, 19.671114710441767 ], [ 80.156537424750198, 19.671114714853932 ], [ 80.156537424750198, 19.62611797007564 ] ] ] } },
{ "type": "Feature", "properties": { "REGION": 1.0, "STATE.NAME": "Maharashtra", "DISTRICT.NAME": "Gadchiroli", "DISTRICT.AREA": 14527.292838, "GRID_G0": "186169", "woodland": 0.46589538197642466, "maskWdl": 1.0, "cropland": 0.33679254344205417, "maskCrp": 0.0, "one": 0.1956660968847182, "maskOne": 0.0, "GRID.AREA": 23.578872865433443, "REGION.AREA": 32202.066020262951 }, "geometry": { "type": "Polygon", "coordinates": [ [ [ 80.246535515872466, 19.626117964053176 ], [ 80.291536732472025, 19.626117915070729 ], [ 80.291536732472025, 19.671114694581153 ], [ 80.246535515872466, 19.671114753327547 ], [ 80.246535515872466, 19.626117964053176 ] ] ] } },
{ "type": "Feature", "properties": { "REGION": 1.0, "STATE.NAME": "Maharashtra", "DISTRICT.NAME": "Gadchiroli", "DISTRICT.AREA": 14527.292838, "GRID_G0": "186170", "woodland": 0.71739372270727353, "maskWdl": 1.0, "cropland": 0.15913907332545388, "maskCrp": 0.0, "one": 0.1172114825564305, "maskOne": 0.0, "GRID.AREA": 23.576576558077452, "REGION.AREA": 32202.066020262951 }, "geometry": { "type": "Polygon", "coordinates": [ [ [ 80.291536732472025, 19.626117915070729 ], [ 80.336533542262686, 19.626117916681785 ], [ 80.336533542262686, 19.671114754380184 ], [ 80.291536732472025, 19.671114694581153 ], [ 80.291536732472025, 19.626117915070729 ] ] ] } },
{ "type": "Feature", "properties": { "REGION": 1.0, "STATE.NAME": "Maharashtra", "DISTRICT.NAME": "Gadchiroli", "DISTRICT.AREA": 14527.292838, "GRID_G0": "186171", "woodland": 0.92066602963821897, "maskWdl": 1.0, "cropland": 0.038798082129832788, "maskCrp": 0.0, "one": 0.037570700126328294, "maskOne": 0.0, "GRID.AREA": 23.578884026884001, "REGION.AREA": 32202.066020262951 }, "geometry": { "type": "Polygon", "coordinates": [ [ [ 80.336533542262686, 19.626117916681785 ], [ 80.381534753204193, 19.626117911931679 ], [ 80.381534753204193, 19.671114696926395 ], [ 80.336533542262686, 19.671114754380184 ], [ 80.336533542262686, 19.626117916681785 ] ] ] } },
{ "type": "Feature", "properties": { "REGION": 1.0, "STATE.NAME": "Maharashtra", "DISTRICT.NAME": "Gadchiroli", "DISTRICT.AREA": 14527.292838, "GRID_G0": "186172", "woodland": 0.99583748142733397, "maskWdl": 1.0, "cropland": 0.00065286000523301899, "maskCrp": 0.0, "one": 0.0035056731450875947, "maskOne": 0.0, "GRID.AREA": 23.57889052941702, "REGION.AREA": 32202.066020262951 }, "geometry": { "type": "Polygon", "coordinates": [ [ [ 80.381534753204193, 19.626117911931679 ], [ 80.426535995054564, 19.626117940294712 ], [ 80.426535995054564, 19.67111474100113 ], [ 80.381534753204193, 19.671114696926395 ], [ 80.381534753204193, 19.626117911931679 ] ] ] } },
{ "type": "Feature", "properties": { "REGION": 1.0, "STATE.NAME": "Maharashtra", "DISTRICT.NAME": "Gadchiroli", "DISTRICT.AREA": 14527.292838, "GRID_G0": "186173", "woodland": 0.90274993213124943, "maskWdl": 1.0, "cropland": 0.045255265831703986, "maskCrp": 0.0, "one": 0.051927049860146152, "maskOne": 0.0, "GRID.AREA": 23.578891610228066, "REGION.AREA": 32202.066020262951 }, "geometry": { "type": "Polygon", "coordinates": [ [ [ 80.426535995054564, 19.626117940294712 ], [ 80.471537233983682, 19.626117916541627 ], [ 80.471537233983682, 19.671114711506124 ], [ 80.426535995054564, 19.67111474100113 ], [ 80.426535995054564, 19.626117940294712 ] ] ] } },
{ "type": "Feature", "properties": { "REGION": 1.0, "STATE.NAME": "Maharashtra", "DISTRICT.NAME": "Gadchiroli", "DISTRICT.AREA": 14527.292838, "GRID_G0": "186174", "woodland": 0.76686100851184746, "maskWdl": 1.0, "cropland": 0.1270880692339291, "maskCrp": 0.0, "one": 0.10482139849481092, "maskOne": 0.0, "GRID.AREA": 23.576552886566095, "REGION.AREA": 32202.066020262951 }, "geometry": { "type": "Polygon", "coordinates": [ [ [ 80.471537233983682, 19.626117916541627 ], [ 80.516534026046131, 19.62611797179688 ], [ 80.516534026046131, 19.671114739149775 ], [ 80.471537233983682, 19.671114711506124 ], [ 80.471537233983682, 19.626117916541627 ] ] ] } },
{ "type": "Feature", "properties": { "REGION": 1.0, "STATE.NAME": "Maharashtra", "DISTRICT.NAME": "Gadchiroli", "DISTRICT.AREA": 14527.292838, "GRID_G0": "186175", "woodland": 0.6889066178959069, "maskWdl": 1.0, "cropland": 0.1761353939695158, "maskCrp": 0.0, "one": 0.13279591616013434, "maskOne": 0.0, "GRID.AREA": 23.578896153145667, "REGION.AREA": 32202.066020262951 }, "geometry": { "type": "Polygon", "coordinates": [ [ [ 80.516534026046131, 19.62611797179688 ], [ 80.561535328445359, 19.626117957747041 ], [ 80.561535328445359, 19.671114676481466 ], [ 80.516534026046131, 19.671114739149775 ], [ 80.516534026046131, 19.62611797179688 ] ] ] } },
{ "type": "Feature", "properties": { "REGION": 1.0, "STATE.NAME": "Maharashtra", "DISTRICT.NAME": "Gadchiroli", "DISTRICT.AREA": 14527.292838, "GRID_G0": "186176", "woodland": 0.87615325243414022, "maskWdl": 1.0, "cropland": 0.039421555857174294, "maskCrp": 0.0, "one": 0.084396277662963606, "maskOne": 0.0, "GRID.AREA": 23.578856495699618, "REGION.AREA": 32202.066020262951 }, "geometry": { "type": "Polygon", "coordinates": [ [ [ 80.561535328445359, 19.626117957747041 ], [ 80.606536524577095, 19.626117905314029 ], [ 80.606536524577095, 19.671114733810054 ], [ 80.561535328445359, 19.671114676481466 ], [ 80.561535328445359, 19.626117957747041 ] ] ] } },
{ "type": "Feature", "properties": { "REGION": 1.0, "STATE.NAME": "Maharashtra", "DISTRICT.NAME": "Gadchiroli", "DISTRICT.AREA": 14527.292838, "GRID_G0": "186177", "woodland": 0.98529777136280472, "maskWdl": 1.0, "cropland": 0.0040637196210415259, "maskCrp": 0.0, "one": 0.010638509016153729, "maskOne": 0.0, "GRID.AREA": 23.578943938184977, "REGION.AREA": 32202.066020262951 }, "geometry": { "type": "Polygon", "coordinates": [ [ [ 80.606536524577095, 19.626117905314029 ], [ 80.651537833484383, 19.626117922226705 ], [ 80.651537833484383, 19.671114749179306 ], [ 80.606536524577095, 19.671114733810054 ], [ 80.606536524577095, 19.626117905314029 ] ] ] } },
{ "type": "Feature", "properties": { "REGION": 1.0, "STATE.NAME": "Maharashtra", "DISTRICT.NAME": "Gadchiroli", "DISTRICT.AREA": 14527.292838, "GRID_G0": "186178", "woodland": 0.93320188379821767, "maskWdl": 1.0, "cropland": 0.0045359496329428249, "maskCrp": 0.0, "one": 0.035590543573376481, "maskOne": 0.0, "GRID.AREA": 10.993218475304692, "REGION.AREA": 32202.066020262951 }, "geometry": { "type": "Polygon", "coordinates": [ [ [ 80.678451071721199, 19.671116098944498 ], [ 80.651537833484383, 19.671114749179306 ], [ 80.651537833484383, 19.626117922226705 ], [ 80.663893811220092, 19.626119043735237 ], [ 80.663915828652648, 19.62618885293324 ], [ 80.66403556079257, 19.627531272750105 ], [ 80.664239509945503, 19.628437029445426 ], [ 80.664582618393183, 19.629327190997117 ], [ 80.665104557929055, 19.630457714352076 ], [ 80.665199509249987, 19.63128581368937 ], [ 80.66890271239032, 19.641196627722252 ], [ 80.676589588438787, 19.652461190331735 ], [ 80.678451071721199, 19.671116098944498 ] ] ] } },
{ "type": "Feature", "properties": { "REGION": 1.0, "STATE.NAME": "Maharashtra", "DISTRICT.NAME": "Gadchiroli", "DISTRICT.AREA": 14527.292838, "GRID_G0": "185509", "woodland": 0.77808893152864411, "maskWdl": 1.0, "cropland": 0.12878755945847403, "maskCrp": 0.0, "one": 0.027673949835369731, "maskOne": 0.0, "GRID.AREA": 22.199559436302692, "REGION.AREA": 32202.066020262951 }, "geometry": { "type": "Polygon", "coordinates": [ [ [ 79.807627359420707, 19.581117719336362 ], [ 79.841533198038874, 19.581116640466242 ], [ 79.841533198038874, 19.626117911849864 ], [ 79.796536350520469, 19.626117940245745 ], [ 79.796536350520469, 19.600886723958759 ], [ 79.796565706542196, 19.600830194358025 ], [ 79.797174304750399, 19.599852565643459 ], [ 79.798429803292834, 19.597870621731886 ], [ 79.798913663734652, 19.597122759907506 ], [ 79.799667309099107, 19.595581359692058 ], [ 79.800183962419965, 19.594996324620752 ], [ 79.801408639397266, 19.593605296447322 ], [ 79.801950256998794, 19.592713276896234 ], [ 79.802593574433956, 19.591343050041758 ], [ 79.803486487911144, 19.589499777093067 ], [ 79.80395205884048, 19.588557861356261 ], [ 79.804718348672921, 19.587445292965921 ], [ 79.805523705055009, 19.586053047110507 ], [ 79.80604657179191, 19.585084194879755 ], [ 79.806688800148038, 19.584011785715408 ], [ 79.807034415006285, 19.58328623337303 ], [ 79.807132015730019, 19.58301729291378 ], [ 79.807229618252336, 19.582748349756571 ], [ 79.807361667506996, 19.582384373440107 ], [ 79.807616715239249, 19.581680935426899 ], [ 79.807627359420707, 19.581117719336362 ] ] ] } },
{ "type": "Feature", "properties": { "REGION": 1.0, "STATE.NAME": "Maharashtra", "DISTRICT.NAME": "Gadchiroli", "DISTRICT.AREA": 14527.292838, "GRID_G0": "185510", "woodland": 0.87912949604571033, "maskWdl": 1.0, "cropland": 0.044967728727668042, "maskCrp": 0.0, "one": 0.073452337227763315, "maskOne": 0.0, "GRID.AREA": 23.587795932579148, "REGION.AREA": 32202.066020262951 }, "geometry": { "type": "Polygon", "coordinates": [ [ [ 79.841533198038874, 19.581116640466242 ], [ 79.886534392283508, 19.581116714128605 ], [ 79.886534392283508, 19.626117902860521 ], [ 79.841533198038874, 19.626117911849864 ], [ 79.841533198038874, 19.581116640466242 ] ] ] } },
{ "type": "Feature", "properties": { "REGION": 1.0, "STATE.NAME": "Maharashtra", "DISTRICT.NAME": "Gadchiroli", "DISTRICT.AREA": 14527.292838, "GRID_G0": "185511", "woodland": 0.81330175121836679, "maskWdl": 1.0, "cropland": 0.087445168961618913, "maskCrp": 0.0, "one": 0.09573079236685246, "maskOne": 0.0, "GRID.AREA": 23.587815323661612, "REGION.AREA": 32202.066020262951 }, "geometry": { "type": "Polygon", "coordinates": [ [ [ 79.886534392283508, 19.581116714128605 ], [ 79.931535627200489, 19.581116680113706 ], [ 79.931535627200489, 19.626117944151957 ], [ 79.886534392283508, 19.626117902860521 ], [ 79.886534392283508, 19.581116714128605 ] ] ] } },
{ "type": "Feature", "properties": { "REGION": 1.0, "STATE.NAME": "Maharashtra", "DISTRICT.NAME": "Gadchiroli", "DISTRICT.AREA": 14527.292838, "GRID_G0": "185512", "woodland": 0.71196078986069988, "maskWdl": 1.0, "cropland": 0.13840093809804052, "maskCrp": 0.0, "one": 0.14482498120337453, "maskOne": 0.0, "GRID.AREA": 23.587875801806863, "REGION.AREA": 32202.066020262951 }, "geometry": { "type": "Polygon", "coordinates": [ [ [ 79.931535627200489, 19.581116680113706 ], [ 79.976536957850627, 19.581116727791667 ], [ 79.976536957850627, 19.626117955828953 ], [ 79.931535627200489, 19.626117944151957 ], [ 79.931535627200489, 19.581116680113706 ] ] ] } },
{ "type": "Feature", "properties": { "REGION": 1.0, "STATE.NAME": "Maharashtra", "DISTRICT.NAME": "Gadchiroli", "DISTRICT.AREA": 14527.292838, "GRID_G0": "185513", "woodland": 0.70699784370459429, "maskWdl": 1.0, "cropland": 0.21972438269597505, "maskCrp": 0.0, "one": 0.067734833357897345, "maskOne": 0.0, "GRID.AREA": 23.58549435307965, "REGION.AREA": 32202.066020262951 }, "geometry": { "type": "Polygon", "coordinates": [ [ [ 79.976536957850627, 19.581116727791667 ], [ 80.021533747255191, 19.581116696071582 ], [ 80.021533747255191, 19.626117955872299 ], [ 79.976536957850627, 19.626117955828953 ], [ 79.976536957850627, 19.581116727791667 ] ] ] } },
{ "type": "Feature", "properties": { "REGION": 1.0, "STATE.NAME": "Maharashtra", "DISTRICT.NAME": "Gadchiroli", "DISTRICT.AREA": 14527.292838, "GRID_G0": "185515", "woodland": 0.6962409491425906, "maskWdl": 1.0, "cropland": 0.19676144242502772, "maskCrp": 0.0, "one": 0.10551741208014583, "maskOne": 0.0, "GRID.AREA": 23.587851244192876, "REGION.AREA": 32202.066020262951 }, "geometry": { "type": "Polygon", "coordinates": [ [ [ 80.066534923665401, 19.581116639993507 ], [ 80.111536188429895, 19.581116685421385 ], [ 80.111536188429895, 19.626117945068241 ], [ 80.066534923665401, 19.626117910472871 ], [ 80.066534923665401, 19.581116639993507 ] ] ] } },
{ "type": "Feature", "properties": { "REGION": 1.0, "STATE.NAME": "Maharashtra", "DISTRICT.NAME": "Gadchiroli", "DISTRICT.AREA": 14527.292838, "GRID_G0": "185516", "woodland": 0.98698151271201295, "maskWdl": 1.0, "cropland": 0.0028363705357019589, "maskCrp": 0.0, "one": 0.010182116752285114, "maskOne": 0.0, "GRID.AREA": 23.587848550257185, "REGION.AREA": 32202.066020262951 }, "geometry": { "type": "Polygon", "coordinates": [ [ [ 80.111536188429895, 19.581116685421385 ], [ 80.156537424750198, 19.58111665297676 ], [ 80.156537424750198, 19.62611797007564 ], [ 80.111536188429895, 19.626117945068241 ], [ 80.111536188429895, 19.581116685421385 ] ] ] } },
{ "type": "Feature", "properties": { "REGION": 1.0, "STATE.NAME": "Maharashtra", "DISTRICT.NAME": "Gadchiroli", "DISTRICT.AREA": 14527.292838, "GRID_G0": "185517", "woodland": 0.53460504088082828, "maskWdl": 1.0, "cropland": 0.32842585617439612, "maskCrp": 0.0, "one": 0.13509435511987808, "maskOne": 0.0, "GRID.AREA": 23.585542280232499, "REGION.AREA": 32202.066020262951 }, "geometry": { "type": "Polygon", "coordinates": [ [ [ 80.156537424750198, 19.58111665297676 ], [ 80.201534259565875, 19.581116670114422 ], [ 80.201534259565875, 19.626117932897436 ], [ 80.156537424750198, 19.62611797007564 ], [ 80.156537424750198, 19.58111665297676 ] ] ] } },
{ "type": "Feature", "properties": { "REGION": 1.0, "STATE.NAME": "Maharashtra", "DISTRICT.NAME": "Gadchiroli", "DISTRICT.AREA": 14527.292838, "GRID_G0": "185519", "woodland": 0.47371279293529756, "maskWdl": 1.0, "cropland": 0.32047960799526282, "maskCrp": 0.0, "one": 0.20564822189440199, "maskOne": 0.0, "GRID.AREA": 23.587830527985506, "REGION.AREA": 32202.066020262951 }, "geometry": { "type": "Polygon", "coordinates": [ [ [ 80.246535515872466, 19.581116686819502 ], [ 80.291536732472025, 19.58111664488948 ], [ 80.291536732472025, 19.626117915070729 ], [ 80.246535515872466, 19.626117964053176 ], [ 80.246535515872466, 19.581116686819502 ] ] ] } },
{ "type": "Feature", "properties": { "REGION": 1.0, "STATE.NAME": "Maharashtra", "DISTRICT.NAME": "Gadchiroli", "DISTRICT.AREA": 14527.292838, "GRID_G0": "185520", "woodland": 0.52800864610422227, "maskWdl": 1.0, "cropland": 0.27907929764987643, "maskCrp": 0.0, "one": 0.18053918845862083, "maskOne": 0.0, "GRID.AREA": 23.585511217357286, "REGION.AREA": 32202.066020262951 }, "geometry": { "type": "Polygon", "coordinates": [ [ [ 80.291536732472025, 19.58111664488948 ], [ 80.336533542262686, 19.581116675472678 ], [ 80.336533542262686, 19.626117916681785 ], [ 80.291536732472025, 19.626117915070729 ], [ 80.291536732472025, 19.58111664488948 ] ] ] } },
{ "type": "Feature", "properties": { "REGION": 1.0, "STATE.NAME": "Maharashtra", "DISTRICT.NAME": "Gadchiroli", "DISTRICT.AREA": 14527.292838, "GRID_G0": "185521", "woodland": 0.78100356190505815, "maskWdl": 1.0, "cropland": 0.11432974448278296, "maskCrp": 0.0, "one": 0.10237165169321817, "maskOne": 0.0, "GRID.AREA": 23.587797418512256, "REGION.AREA": 32202.066020262951 }, "geometry": { "type": "Polygon", "coordinates": [ [ [ 80.336533542262686, 19.581116675472678 ], [ 80.381534753204193, 19.581116720741484 ], [ 80.381534753204193, 19.626117911931679 ], [ 80.336533542262686, 19.626117916681785 ], [ 80.336533542262686, 19.581116675472678 ] ] ] } },
{ "type": "Feature", "properties": { "REGION": 1.0, "STATE.NAME": "Maharashtra", "DISTRICT.NAME": "Gadchiroli", "DISTRICT.AREA": 14527.292838, "GRID_G0": "185522", "woodland": 0.72133291555275336, "maskWdl": 1.0, "cropland": 0.15582222182555028, "maskCrp": 0.0, "one": 0.12209579011689677, "maskOne": 0.0, "GRID.AREA": 23.587828877841471, "REGION.AREA": 32202.066020262951 }, "geometry": { "type": "Polygon", "coordinates": [ [ [ 80.381534753204193, 19.581116720741484 ], [ 80.426535995054564, 19.581116640867585 ], [ 80.426535995054564, 19.626117940294712 ], [ 80.381534753204193, 19.626117911931679 ], [ 80.381534753204193, 19.581116720741484 ] ] ] } },
{ "type": "Feature", "properties": { "REGION": 1.0, "STATE.NAME": "Maharashtra", "DISTRICT.NAME": "Gadchiroli", "DISTRICT.AREA": 14527.292838, "GRID_G0": "185523", "woodland": 0.68679044880237161, "maskWdl": 1.0, "cropland": 0.16535102919335345, "maskCrp": 0.0, "one": 0.14613725266998256, "maskOne": 0.0, "GRID.AREA": 23.587831351865308, "REGION.AREA": 32202.066020262951 }, "geometry": { "type": "Polygon", "coordinates": [ [ [ 80.426535995054564, 19.581116640867585 ], [ 80.471537233983682, 19.581116710069789 ], [ 80.471537233983682, 19.626117916541627 ], [ 80.426535995054564, 19.626117940294712 ], [ 80.426535995054564, 19.581116640867585 ] ] ] } },
{ "type": "Feature", "properties": { "REGION": 1.0, "STATE.NAME": "Maharashtra", "DISTRICT.NAME": "Gadchiroli", "DISTRICT.AREA": 14527.292838, "GRID_G0": "185524", "woodland": 0.67686683494089717, "maskWdl": 1.0, "cropland": 0.18298926981907801, "maskCrp": 0.0, "one": 0.13865396015593798, "maskOne": 0.0, "GRID.AREA": 23.585493131985725, "REGION.AREA": 32202.066020262951 }, "geometry": { "type": "Polygon", "coordinates": [ [ [ 80.471537233983682, 19.581116710069789 ], [ 80.516534026046131, 19.581116700411865 ], [ 80.516534026046131, 19.62611797179688 ], [ 80.471537233983682, 19.626117916541627 ], [ 80.471537233983682, 19.581116710069789 ] ] ] } },
{ "type": "Feature", "properties": { "REGION": 1.0, "STATE.NAME": "Maharashtra", "DISTRICT.NAME": "Gadchiroli", "DISTRICT.AREA": 14527.292838, "GRID_G0": "185525", "woodland": 0.84125356819135944, "maskWdl": 1.0, "cropland": 0.076523019876203427, "maskCrp": 0.0, "one": 0.082200005221538405, "maskOne": 0.0, "GRID.AREA": 23.587885790347006, "REGION.AREA": 32202.066020262951 }, "geometry": { "type": "Polygon", "coordinates": [ [ [ 80.516534026046131, 19.581116700411865 ], [ 80.561535328445359, 19.581116642447178 ], [ 80.561535328445359, 19.626117957747041 ], [ 80.516534026046131, 19.62611797179688 ], [ 80.516534026046131, 19.581116700411865 ] ] ] } },
{ "type": "Feature", "properties": { "REGION": 1.0, "STATE.NAME": "Maharashtra", "DISTRICT.NAME": "Gadchiroli", "DISTRICT.AREA": 14527.292838, "GRID_G0": "185526", "woodland": 0.97392699667445892, "maskWdl": 1.0, "cropland": 0.0056622217076084148, "maskCrp": 0.0, "one": 0.020410781617932798, "maskOne": 0.0, "GRID.AREA": 23.587823931195974, "REGION.AREA": 32202.066020262951 }, "geometry": { "type": "Polygon", "coordinates": [ [ [ 80.561535328445359, 19.581116642447178 ], [ 80.606536524577095, 19.581116657440887 ], [ 80.606536524577095, 19.626117905314029 ], [ 80.561535328445359, 19.626117957747041 ], [ 80.561535328445359, 19.581116642447178 ] ] ] } },
{ "type": "Feature", "properties": { "REGION": 1.0, "STATE.NAME": "Maharashtra", "DISTRICT.NAME": "Gadchiroli", "DISTRICT.AREA": 14527.292838, "GRID_G0": "185527", "woodland": 0.94545088845129865, "maskWdl": 1.0, "cropland": 0.012262113722738423, "maskCrp": 0.0, "one": 0.041812847939852613, "maskOne": 0.0, "GRID.AREA": 23.587865649598111, "REGION.AREA": 32202.066020262951 }, "geometry": { "type": "Polygon", "coordinates": [ [ [ 80.606536524577095, 19.581116657440887 ], [ 80.651537833484383, 19.581116673296641 ], [ 80.651537833484383, 19.626117922226705 ], [ 80.606536524577095, 19.626117905314029 ], [ 80.606536524577095, 19.581116657440887 ] ] ] } },
{ "type": "Feature", "properties": { "REGION": 1.0, "STATE.NAME": "Maharashtra", "DISTRICT.NAME": "Gadchiroli", "DISTRICT.AREA": 14527.292838, "GRID_G0": "185528", "woodland": 0.92406767663126477, "maskWdl": 1.0, "cropland": 0.0054871910351811035, "maskCrp": 0.0, "one": 0.059382086501003968, "maskOne": 0.0, "GRID.AREA": 18.098687041281778, "REGION.AREA": 32202.066020262951 }, "geometry": { "type": "Polygon", "coordinates": [ [ [ 80.663893811220092, 19.626119043735237 ], [ 80.651537833484383, 19.626117922226705 ], [ 80.651537833484383, 19.581116673296641 ], [ 80.696534565494375, 19.581116723383438 ], [ 80.696534565494375, 19.612762119799097 ], [ 80.696408896253615, 19.612708144964984 ], [ 80.695127392914912, 19.612807470588336 ], [ 80.692966786088391, 19.613076608898439 ], [ 80.691870713962317, 19.613302556367955 ], [ 80.690738127562611, 19.613105058951362 ], [ 80.689992990684004, 19.612935617684684 ], [ 80.689367083224397, 19.613119496667483 ], [ 80.68850285272454, 19.613034931616827 ], [ 80.687946166982101, 19.612937918150465 ], [ 80.68703683368301, 19.612302161315771 ], [ 80.685904331819529, 19.612231864908665 ], [ 80.684995222451619, 19.612090712716281 ], [ 80.683817870498387, 19.611723504236409 ], [ 80.682947951786616, 19.611794192747826 ], [ 80.681591919831305, 19.611879227244572 ], [ 80.680161365554625, 19.611837168650482 ], [ 80.67835812862478, 19.611427758584224 ], [ 80.676338393402204, 19.610706041850392 ], [ 80.674520207041951, 19.610268357099077 ], [ 80.672702135794964, 19.609774152655064 ], [ 80.670829810247596, 19.609322429486554 ], [ 80.670308315876127, 19.609181095631129 ], [ 80.669980492305911, 19.609265987135643 ], [ 80.669414351990781, 19.609732465480931 ], [ 80.668162920182681, 19.610298022136082 ], [ 80.666964006983392, 19.61082217400417 ], [ 80.665787043537307, 19.611472445896712 ], [ 80.665369869623817, 19.611741005043374 ], [ 80.665205566184, 19.612036911674185 ], [ 80.665190173387828, 19.612161954310803 ], [ 80.665107920494165, 19.612830079544608 ], [ 80.665257765533511, 19.615176009665163 ], [ 80.665146626415719, 19.615927163008223 ], [ 80.665126243281577, 19.61596309002465 ], [ 80.665106647054188, 19.616095308351877 ], [ 80.664898103264932, 19.616462784829707 ], [ 80.664565015063431, 19.617438389170392 ], [ 80.664298234775799, 19.618654679969552 ], [ 80.664287389851211, 19.618687891033403 ], [ 80.664257795860635, 19.61882271919319 ], [ 80.663906291342357, 19.619898469338921 ], [ 80.663414719213961, 19.62100074858574 ], [ 80.662833692421032, 19.622032416662762 ], [ 80.662664497568585, 19.622404897867796 ], [ 80.662716835413676, 19.622824870471447 ], [ 80.662895891332383, 19.623602025013497 ], [ 80.663447613716471, 19.624704301562303 ], [ 80.663893811220092, 19.626119043735237 ] ] ] } },
{ "type": "Feature", "properties": { "REGION": 1.0, "STATE.NAME": "Maharashtra", "DISTRICT.NAME": "Gadchiroli", "DISTRICT.AREA": 14527.292838, "GRID_G0": "185529", "woodland": 0.98474684132490486, "maskWdl": 1.0, "cropland": 0.00010359590799988479, "maskCrp": 0.0, "one": 0.01514159385109516, "maskOne": 0.0, "GRID.AREA": 16.232186673891015, "REGION.AREA": 32202.066020262951 }, "geometry": { "type": "Polygon", "coordinates": [ [ [ 80.696534565494375, 19.612762119799097 ], [ 80.696534565494375, 19.581116723383438 ], [ 80.741535826139469, 19.581116656738107 ], [ 80.741535826139469, 19.605482668071769 ], [ 80.741037322914167, 19.605959927308845 ], [ 80.740873500611599, 19.606101299835188 ], [ 80.740396726827555, 19.606186260587492 ], [ 80.739428158782573, 19.606094888568293 ], [ 80.737881469654155, 19.605834949423411 ], [ 80.736436051382725, 19.605743805832049 ], [ 80.735290929332976, 19.605858327300041 ], [ 80.734173409275456, 19.605915378492003 ], [ 80.733687706122794, 19.605981161201672 ], [ 80.733106814228165, 19.60617225904258 ], [ 80.732183482082064, 19.606921666801554 ], [ 80.731684538210914, 19.607331737869458 ], [ 80.731412615599766, 19.607721216261154 ], [ 80.730899024470432, 19.608519775567231 ], [ 80.730694650837506, 19.60931350731255 ], [ 80.730367319196489, 19.61004859066998 ], [ 80.729837171548297, 19.610304746366978 ], [ 80.729047404014523, 19.610276736981859 ], [ 80.728138371089031, 19.610333731516562 ], [ 80.727155204349231, 19.610644916729594 ], [ 80.726812482610057, 19.610729914354124 ], [ 80.7258593775083, 19.611507543738185 ], [ 80.725285247616114, 19.612128523812373 ], [ 80.724168204199316, 19.612962797894852 ], [ 80.723051060957744, 19.61365567876663 ], [ 80.722187126334859, 19.614150633245174 ], [ 80.720822576001126, 19.614560823922943 ], [ 80.719973224784553, 19.614688404446383 ], [ 80.719556398908765, 19.615183202442893 ], [ 80.719318024607219, 19.615366989694845 ], [ 80.718572969566935, 19.61543792731857 ], [ 80.717604575091116, 19.615749161994298 ], [ 80.716243572582869, 19.616175829151246 ], [ 80.71467909486438, 19.616572134296629 ], [ 80.713308037935633, 19.616445405431197 ], [ 80.711318799622973, 19.616020839989801 ], [ 80.709679414673303, 19.61556913210978 ], [ 80.708337886983941, 19.615103220337403 ], [ 80.707405273834354, 19.614779495877091 ], [ 80.706615151967753, 19.614157989699496 ], [ 80.706331890704234, 19.613960162231766 ], [ 80.705705982345251, 19.613847376455283 ], [ 80.704483970059258, 19.613720594529866 ], [ 80.702621120668255, 19.613424298492642 ], [ 80.700214917084807, 19.613299205494002 ], [ 80.699410158751903, 19.61324299606747 ], [ 80.698173328336509, 19.613172641204471 ], [ 80.697362760383157, 19.613117825727102 ], [ 80.696534565494375, 19.612762119799097 ] ] ] } },
{ "type": "Feature", "properties": { "REGION": 1.0, "STATE.NAME": "Maharashtra", "DISTRICT.NAME": "Gadchiroli", "DISTRICT.AREA": 14527.292838, "GRID_G0": "185530", "woodland": 0.95997866244803232, "maskWdl": 1.0, "cropland": 0.00036258538039011558, "maskCrp": 0.0, "one": 0.039658752171577633, "maskOne": 0.0, "GRID.AREA": 4.950573711811292, "REGION.AREA": 32202.066020262951 }, "geometry": { "type": "Polygon", "coordinates": [ [ [ 80.741535826139469, 19.605482668071769 ], [ 80.741535826139469, 19.581116656738107 ], [ 80.768936938767339, 19.58111800832069 ], [ 80.768934581465828, 19.582057173100115 ], [ 80.768849761007743, 19.583014113810346 ], [ 80.769113052825162, 19.584215916531377 ], [ 80.769765917463189, 19.586580565140991 ], [ 80.768696988675117, 19.587857880336966 ], [ 80.767520590003301, 19.588890458527885 ], [ 80.766323703875912, 19.589903386532114 ], [ 80.765651579356984, 19.59029001767021 ], [ 80.765429577213297, 19.590353549376857 ], [ 80.765177592571888, 19.590425660615779 ], [ 80.763983094144521, 19.590540196472944 ], [ 80.762747054233216, 19.590713270101393 ], [ 80.761660872851053, 19.590921304874374 ], [ 80.760774576585504, 19.591251410923917 ], [ 80.760731714896792, 19.591278985037206 ], [ 80.760320760694583, 19.591543383020735 ], [ 80.759949266045865, 19.591874528686617 ], [ 80.75963921577727, 19.592323040376073 ], [ 80.759390769968093, 19.592849784090333 ], [ 80.759077933599826, 19.594479347543881 ], [ 80.758953060935085, 19.594986904222306 ], [ 80.758766742990872, 19.595377093977731 ], [ 80.758435879712124, 19.595884138941926 ], [ 80.758146530937722, 19.596293684805744 ], [ 80.757837014866425, 19.596566360149438 ], [ 80.757427914166954, 19.596799302545836 ], [ 80.757224945275084, 19.596873294267141 ], [ 80.756788979128146, 19.597032218861841 ], [ 80.755469902114328, 19.597498068581046 ], [ 80.754315430712609, 19.597983743854744 ], [ 80.754243125220114, 19.598025547940722 ], [ 80.753675995650724, 19.598353438960089 ], [ 80.752520917206596, 19.599112499142564 ], [ 80.751427705824028, 19.599774044036963 ], [ 80.751149387234477, 19.599903218159056 ], [ 80.750087554097377, 19.600396035848405 ], [ 80.74844827346908, 19.600885852500141 ], [ 80.747264223365278, 19.601171628268105 ], [ 80.746228824900413, 19.601327666938346 ], [ 80.745905407108921, 19.601409212065565 ], [ 80.745056504654031, 19.602031453888518 ], [ 80.743723896440713, 19.603268589174096 ], [ 80.742529253222543, 19.604408657033961 ], [ 80.74197094330448, 19.605066090227925 ], [ 80.741535826139469, 19.605482668071769 ] ] ] } },
{ "type": "Feature", "properties": { "REGION": 1.0, "STATE.NAME": "Maharashtra", "DISTRICT.NAME": "Gadchiroli", "DISTRICT.AREA": 14527.292838, "GRID_G0": "184860", "woodland": 0.74190789078468933, "maskWdl": 1.0, "cropland": 0.13036813077053391, "maskCrp": 0.0, "one": 0.11242899214259705, "maskOne": 0.0, "GRID.AREA": 23.594377237348763, "REGION.AREA": 32202.066020262951 }, "geometry": { "type": "Polygon", "coordinates": [ [ [ 79.841533198038874, 19.536115478448551 ], [ 79.886534392283508, 19.536115452889476 ], [ 79.886534392283508, 19.581116714128605 ], [ 79.841533198038874, 19.581116640466242 ], [ 79.841533198038874, 19.536115478448551 ] ] ] } },
{ "type": "Feature", "properties": { "REGION": 1.0, "STATE.NAME": "Maharashtra", "DISTRICT.NAME": "Gadchiroli", "DISTRICT.AREA": 14527.292838, "GRID_G0": "184862", "woodland": 0.71558455459969239, "maskWdl": 1.0, "cropland": 0.16199481811949049, "maskCrp": 0.0, "one": 0.11979936966585361, "maskOne": 0.0, "GRID.AREA": 23.594483139204055, "REGION.AREA": 32202.066020262951 }, "geometry": { "type": "Polygon", "coordinates": [ [ [ 79.931535627200489, 19.536115430968838 ], [ 79.976536957850612, 19.53611542252451 ], [ 79.976536957850627, 19.581116727791667 ], [ 79.931535627200489, 19.581116680113706 ], [ 79.931535627200489, 19.536115430968838 ] ] ] } },
{ "type": "Feature", "properties": { "REGION": 1.0, "STATE.NAME": "Maharashtra", "DISTRICT.NAME": "Gadchiroli", "DISTRICT.AREA": 14527.292838, "GRID_G0": "184863", "woodland": 0.89953759776828401, "maskWdl": 1.0, "cropland": 0.032442216748643442, "maskCrp": 0.0, "one": 0.067588586640557169, "maskOne": 0.0, "GRID.AREA": 23.592102252701814, "REGION.AREA": 32202.066020262951 }, "geometry": { "type": "Polygon", "coordinates": [ [ [ 79.976536957850612, 19.53611542252451 ], [ 80.021533747255191, 19.536115446474025 ], [ 80.021533747255191, 19.581116696071582 ], [ 79.976536957850627, 19.581116727791667 ], [ 79.976536957850612, 19.53611542252451 ] ] ] } },
{ "type": "Feature", "properties": { "REGION": 1.0, "STATE.NAME": "Maharashtra", "DISTRICT.NAME": "Gadchiroli", "DISTRICT.AREA": 14527.292838, "GRID_G0": "184864", "woodland": 0.45097697795925551, "maskWdl": 1.0, "cropland": 0.37560185694620962, "maskCrp": 0.0, "one": 0.16727560940139299, "maskOne": 0.0, "GRID.AREA": 23.59436766745419, "REGION.AREA": 32202.066020262951 }, "geometry": { "type": "Polygon", "coordinates": [ [ [ 80.021533747255191, 19.536115446474025 ], [ 80.066534923665401, 19.536115467175467 ], [ 80.066534923665401, 19.581116639993507 ], [ 80.021533747255191, 19.581116696071582 ], [ 80.021533747255191, 19.536115446474025 ] ] ] } },
{ "type": "Feature", "properties": { "REGION": 1.0, "STATE.NAME": "Maharashtra", "DISTRICT.NAME": "Gadchiroli", "DISTRICT.AREA": 14527.292838, "GRID_G0": "184865", "woodland": 0.58297320799825181, "maskWdl": 1.0, "cropland": 0.31743850482361569, "maskCrp": 0.0, "one": 0.097342425080705147, "maskOne": 0.0, "GRID.AREA": 23.594415170926499, "REGION.AREA": 32202.066020262951 }, "geometry": { "type": "Polygon", "coordinates": [ [ [ 80.066534923665401, 19.536115467175467 ], [ 80.111536188429895, 19.536115431330742 ], [ 80.111536188429895, 19.581116685421385 ], [ 80.066534923665401, 19.581116639993507 ], [ 80.066534923665401, 19.536115467175467 ] ] ] } },
{ "type": "Feature", "properties": { "REGION": 1.0, "STATE.NAME": "Maharashtra", "DISTRICT.NAME": "Gadchiroli", "DISTRICT.AREA": 14527.292838, "GRID_G0": "184866", "woodland": 0.99865959155254724, "maskWdl": 1.0, "cropland": 2.7898191131105256e-05, "maskCrp": 0.0, "one": 0.0013125102563216055, "maskOne": 0.0, "GRID.AREA": 23.594413685533496, "REGION.AREA": 32202.066020262951 }, "geometry": { "type": "Polygon", "coordinates": [ [ [ 80.111536188429895, 19.536115431330742 ], [ 80.156537424750198, 19.536115428940001 ], [ 80.156537424750198, 19.58111665297676 ], [ 80.111536188429895, 19.581116685421385 ], [ 80.111536188429895, 19.536115431330742 ] ] ] } },
{ "type": "Feature", "properties": { "REGION": 1.0, "STATE.NAME": "Maharashtra", "DISTRICT.NAME": "Gadchiroli", "DISTRICT.AREA": 14527.292838, "GRID_G0": "184867", "woodland": 0.84587217666096604, "maskWdl": 1.0, "cropland": 0.095712457603407367, "maskCrp": 0.0, "one": 0.056167359385439063, "maskOne": 0.0, "GRID.AREA": 23.59210798069498, "REGION.AREA": 32202.066020262951 }, "geometry": { "type": "Polygon", "coordinates": [ [ [ 80.156537424750198, 19.536115428940001 ], [ 80.201534259565875, 19.536115408284186 ], [ 80.201534259565875, 19.581116670114422 ], [ 80.156537424750198, 19.58111665297676 ], [ 80.156537424750198, 19.536115428940001 ] ] ] } },
{ "type": "Feature", "properties": { "REGION": 1.0, "STATE.NAME": "Maharashtra", "DISTRICT.NAME": "Gadchiroli", "DISTRICT.AREA": 14527.292838, "GRID_G0": "184868", "woodland": 0.53532959515948952, "maskWdl": 1.0, "cropland": 0.30972683564046299, "maskCrp": 0.0, "one": 0.15311723286908333, "maskOne": 0.0, "GRID.AREA": 23.594440488960156, "REGION.AREA": 32202.066020262951 }, "geometry": { "type": "Polygon", "coordinates": [ [ [ 80.201534259565875, 19.536115408284186 ], [ 80.246535515872466, 19.536115408254986 ], [ 80.246535515872466, 19.581116686819502 ], [ 80.201534259565875, 19.581116670114422 ], [ 80.201534259565875, 19.536115408284186 ] ] ] } },
{ "type": "Feature", "properties": { "REGION": 1.0, "STATE.NAME": "Maharashtra", "DISTRICT.NAME": "Gadchiroli", "DISTRICT.AREA": 14527.292838, "GRID_G0": "184869", "woodland": 0.49841230340090847, "maskWdl": 1.0, "cropland": 0.26477319171423935, "maskCrp": 0.0, "one": 0.23576634013225997, "maskOne": 0.0, "GRID.AREA": 23.594399254998393, "REGION.AREA": 32202.066020262951 }, "geometry": { "type": "Polygon", "coordinates": [ [ [ 80.246535515872466, 19.536115408254986 ], [ 80.291536732472025, 19.53611546093104 ], [ 80.291536732472025, 19.58111664488948 ], [ 80.246535515872466, 19.581116686819502 ], [ 80.246535515872466, 19.536115408254986 ] ] ] } },
{ "type": "Feature", "properties": { "REGION": 1.0, "STATE.NAME": "Maharashtra", "DISTRICT.NAME": "Gadchiroli", "DISTRICT.AREA": 14527.292838, "GRID_G0": "184870", "woodland": 0.46557157084239403, "maskWdl": 1.0, "cropland": 0.2642430654520122, "maskCrp": 0.0, "one": 0.25564306288514471, "maskOne": 0.0, "GRID.AREA": 23.592080487703214, "REGION.AREA": 32202.066020262951 }, "geometry": { "type": "Polygon", "coordinates": [ [ [ 80.291536732472025, 19.53611546093104 ], [ 80.336533542262686, 19.536115428386463 ], [ 80.336533542262686, 19.581116675472678 ], [ 80.291536732472025, 19.58111664488948 ], [ 80.291536732472025, 19.53611546093104 ] ] ] } },
{ "type": "Feature", "properties": { "REGION": 1.0, "STATE.NAME": "Maharashtra", "DISTRICT.NAME": "Gadchiroli", "DISTRICT.AREA": 14527.292838, "GRID_G0": "184871", "woodland": 0.69068239868157177, "maskWdl": 1.0, "cropland": 0.13682566536752036, "maskCrp": 0.0, "one": 0.1669746389622071, "maskOne": 0.0, "GRID.AREA": 23.59441561797281, "REGION.AREA": 32202.066020262951 }, "geometry": { "type": "Polygon", "coordinates": [ [ [ 80.336533542262686, 19.536115428386463 ], [ 80.381534753204193, 19.536115431563225 ], [ 80.381534753204193, 19.581116720741484 ], [ 80.336533542262686, 19.581116675472678 ], [ 80.336533542262686, 19.536115428386463 ] ] ] } },
{ "type": "Feature", "properties": { "REGION": 1.0, "STATE.NAME": "Maharashtra", "DISTRICT.NAME": "Gadchiroli", "DISTRICT.AREA": 14527.292838, "GRID_G0": "184872", "woodland": 0.89314018583319499, "maskWdl": 1.0, "cropland": 0.050014208414367177, "maskCrp": 0.0, "one": 0.05598475542473004, "maskOne": 0.0, "GRID.AREA": 23.594424707372223, "REGION.AREA": 32202.066020262951 }, "geometry": { "type": "Polygon", "coordinates": [ [ [ 80.381534753204193, 19.536115431563225 ], [ 80.426535995054564, 19.536115420932884 ], [ 80.426535995054564, 19.581116640867585 ], [ 80.381534753204193, 19.581116720741484 ], [ 80.381534753204193, 19.536115431563225 ] ] ] } },
{ "type": "Feature", "properties": { "REGION": 1.0, "STATE.NAME": "Maharashtra", "DISTRICT.NAME": "Gadchiroli", "DISTRICT.AREA": 14527.292838, "GRID_G0": "184873", "woodland": 0.9007166129796873, "maskWdl": 1.0, "cropland": 0.054898347369161458, "maskCrp": 0.0, "one": 0.04438503965115119, "maskOne": 0.0, "GRID.AREA": 23.594428360734085, "REGION.AREA": 32202.066020262951 }, "geometry": { "type": "Polygon", "coordinates": [ [ [ 80.426535995054564, 19.536115420932884 ], [ 80.471537233983682, 19.536115401118742 ], [ 80.471537233983682, 19.581116710069789 ], [ 80.426535995054564, 19.581116640867585 ], [ 80.426535995054564, 19.536115420932884 ] ] ] } },
{ "type": "Feature", "properties": { "REGION": 1.0, "STATE.NAME": "Maharashtra", "DISTRICT.NAME": "Gadchiroli", "DISTRICT.AREA": 14527.292838, "GRID_G0": "184874", "woodland": 0.95870101847235689, "maskWdl": 1.0, "cropland": 0.013781048133225834, "maskCrp": 0.0, "one": 0.026951947128273378, "maskOne": 0.0, "GRID.AREA": 23.592114211221123, "REGION.AREA": 32202.066020262951 }, "geometry": { "type": "Polygon", "coordinates": [ [ [ 80.471537233983682, 19.536115401118742 ], [ 80.516534026046131, 19.536115414202765 ], [ 80.516534026046131, 19.581116700411865 ], [ 80.471537233983682, 19.581116710069789 ], [ 80.471537233983682, 19.536115401118742 ] ] ] } },
{ "type": "Feature", "properties": { "REGION": 1.0, "STATE.NAME": "Maharashtra", "DISTRICT.NAME": "Gadchiroli", "DISTRICT.AREA": 14527.292838, "GRID_G0": "184875", "woodland": 0.99474037795439496, "maskWdl": 1.0, "cropland": 0.00096330713519147168, "maskCrp": 0.0, "one": 0.004296314910413504, "maskOne": 0.0, "GRID.AREA": 23.594461578244957, "REGION.AREA": 32202.066020262951 }, "geometry": { "type": "Polygon", "coordinates": [ [ [ 80.516534026046131, 19.536115414202765 ], [ 80.561535328445359, 19.536115400002643 ], [ 80.561535328445359, 19.581116642447178 ], [ 80.516534026046131, 19.581116700411865 ], [ 80.516534026046131, 19.536115414202765 ] ] ] } },
{ "type": "Feature", "properties": { "REGION": 1.0, "STATE.NAME": "Maharashtra", "DISTRICT.NAME": "Gadchiroli", "DISTRICT.AREA": 14527.292838, "GRID_G0": "184876", "woodland": 0.92589965148040321, "maskWdl": 1.0, "cropland": 0.028988645932338544, "maskCrp": 0.0, "one": 0.045051920843231862, "maskOne": 0.0, "GRID.AREA": 23.594400858024596, "REGION.AREA": 32202.066020262951 }, "geometry": { "type": "Polygon", "coordinates": [ [ [ 80.561535328445359, 19.536115400002643 ], [ 80.606536524577095, 19.536115390327357 ], [ 80.606536524577095, 19.581116657440887 ], [ 80.561535328445359, 19.581116642447178 ], [ 80.561535328445359, 19.536115400002643 ] ] ] } },
{ "type": "Feature", "properties": { "REGION": 1.0, "STATE.NAME": "Maharashtra", "DISTRICT.NAME": "Gadchiroli", "DISTRICT.AREA": 14527.292838, "GRID_G0": "184877", "woodland": 0.72863108561626644, "maskWdl": 1.0, "cropland": 0.10438160501714745, "maskCrp": 0.0, "one": 0.13924817093592567, "maskOne": 0.0, "GRID.AREA": 23.594467303957352, "REGION.AREA": 32202.066020262951 }, "geometry": { "type": "Polygon", "coordinates": [ [ [ 80.606536524577095, 19.536115390327357 ], [ 80.651537833484383, 19.536115402936186 ], [ 80.651537833484383, 19.581116673296641 ], [ 80.606536524577095, 19.581116657440887 ], [ 80.606536524577095, 19.536115390327357 ] ] ] } },
{ "type": "Feature", "properties": { "REGION": 1.0, "STATE.NAME": "Maharashtra", "DISTRICT.NAME": "Gadchiroli", "DISTRICT.AREA": 14527.292838, "GRID_G0": "184878", "woodland": 0.97550189567350742, "maskWdl": 1.0, "cropland": 0.0001199516693235982, "maskCrp": 0.0, "one": 0.013124679499593353, "maskOne": 0.0, "GRID.AREA": 23.592063574165334, "REGION.AREA": 32202.066020262951 }, "geometry": { "type": "Polygon", "coordinates": [ [ [ 80.651537833484383, 19.536115402936186 ], [ 80.696534565494375, 19.53611547163808 ], [ 80.696534565494375, 19.581116723383438 ], [ 80.651537833484383, 19.581116673296641 ], [ 80.651537833484383, 19.536115402936186 ] ] ] } },
{ "type": "Feature", "properties": { "REGION": 1.0, "STATE.NAME": "Maharashtra", "DISTRICT.NAME": "Gadchiroli", "DISTRICT.AREA": 14527.292838, "GRID_G0": "184879", "woodland": 0.99355150618315291, "maskWdl": 1.0, "cropland": 7.9708899591500253e-05, "maskCrp": 0.0, "one": 0.0063687849172556462, "maskOne": 0.0, "GRID.AREA": 23.594422698962031, "REGION.AREA": 32202.066020262951 }, "geometry": { "type": "Polygon", "coordinates": [ [ [ 80.696534565494375, 19.53611547163808 ], [ 80.741535826139469, 19.536115444609656 ], [ 80.741535826139469, 19.581116656738107 ], [ 80.696534565494375, 19.581116723383438 ], [ 80.696534565494375, 19.53611547163808 ] ] ] } },
{ "type": "Feature", "properties": { "REGION": 1.0, "STATE.NAME": "Maharashtra", "DISTRICT.NAME": "Gadchiroli", "DISTRICT.AREA": 14527.292838, "GRID_G0": "184880", "woodland": 0.97982575472978728, "maskWdl": 1.0, "cropland": 5.5796236607607949e-05, "maskCrp": 0.0, "one": 0.011471188138612838, "maskOne": 0.0, "GRID.AREA": 20.117081049937706, "REGION.AREA": 32202.066020262951 }, "geometry": { "type": "Polygon", "coordinates": [ [ [ 80.768936938767339, 19.58111800832069 ], [ 80.741535826139469, 19.581116656738107 ], [ 80.741535826139469, 19.536115444609656 ], [ 80.786537091933923, 19.536115452985285 ], [ 80.786537091933923, 19.56075974098361 ], [ 80.785922808191117, 19.561033337618486 ], [ 80.784590803422873, 19.56194227611519 ], [ 80.782940691359897, 19.563110738269984 ], [ 80.782280999968236, 19.563421856933193 ], [ 80.781518625784031, 19.563674167129136 ], [ 80.781400872152574, 19.563689236169356 ], [ 80.780904086654346, 19.563752812842097 ], [ 80.780122031706469, 19.563673039379296 ], [ 80.778189445286728, 19.563177449979378 ], [ 80.776544116717673, 19.562431661092315 ], [ 80.775494080887199, 19.562429418183168 ], [ 80.775449856725572, 19.56254411142163 ], [ 80.77487188313097, 19.564043021368377 ], [ 80.773631640687711, 19.565954534873924 ], [ 80.772779022234147, 19.566722785228418 ], [ 80.772600054449015, 19.566884040865833 ], [ 80.770309310326468, 19.568949435568076 ], [ 80.769976836361991, 19.570149797575141 ], [ 80.769207184863774, 19.573253733872772 ], [ 80.768940224711685, 19.573497725339791 ], [ 80.767558018887541, 19.574448949959105 ], [ 80.767392287324242, 19.574819740438727 ], [ 80.76738895443674, 19.5761282800961 ], [ 80.767634250820095, 19.576851460026887 ], [ 80.768432947722431, 19.578513401772117 ], [ 80.768678762115258, 19.579021707585813 ], [ 80.768877970941688, 19.579986730503265 ], [ 80.76893825789432, 19.580592454478221 ], [ 80.768936938767339, 19.58111800832069 ] ] ] } },
{ "type": "Feature", "properties": { "REGION": 1.0, "STATE.NAME": "Maharashtra", "DISTRICT.NAME": "Gadchiroli", "DISTRICT.AREA": 14527.292838, "GRID_G0": "184881", "woodland": 0.98163864327007999, "maskWdl": 1.0, "cropland": 7.97176083442015e-06, "maskCrp": 0.0, "one": 0.012712287991020609, "maskOne": 0.0, "GRID.AREA": 15.666933074261877, "REGION.AREA": 32202.066020262951 }, "geometry": { "type": "Polygon", "coordinates": [ [ [ 80.786537091933923, 19.56075974098361 ], [ 80.786537091933923, 19.536115452985285 ], [ 80.831533849076422, 19.536115453226341 ], [ 80.831533849076422, 19.567289822846309 ], [ 80.830144378860041, 19.566592626348665 ], [ 80.828897426575054, 19.566629338473263 ], [ 80.827415458056976, 19.56666560363476 ], [ 80.826016156120772, 19.566545776166663 ], [ 80.825664979854992, 19.566582143850894 ], [ 80.824348759987345, 19.566718445999523 ], [ 80.823843337400149, 19.566966795581209 ], [ 80.823080840908119, 19.567473234402314 ], [ 80.821844384610699, 19.56827174964161 ], [ 80.821308816748569, 19.568505099430865 ], [ 80.819475452530185, 19.569321862813752 ], [ 80.818163887553453, 19.570443020628943 ], [ 80.817504064860771, 19.570851859625694 ], [ 80.816535562466299, 19.571181917111861 ], [ 80.816418908705714, 19.571137478012243 ], [ 80.815263768208411, 19.570697413654788 ], [ 80.814029909153021, 19.570011418891909 ], [ 80.81254904410315, 19.569344399824217 ], [ 80.811170657699734, 19.568872938335456 ], [ 80.810038556933932, 19.568675257457244 ], [ 80.809161933776309, 19.568558855506812 ], [ 80.807884986403053, 19.568751541550455 ], [ 80.806710940357675, 19.568925007283326 ], [ 80.806423363247688, 19.568631407413591 ], [ 80.805851680410797, 19.567895825831723 ], [ 80.804538923832354, 19.566554522972922 ], [ 80.804434401026867, 19.566447723983345 ], [ 80.803310335703486, 19.565535158520785 ], [ 80.801850329529159, 19.564790024340201 ], [ 80.80006075779778, 19.56406364372225 ], [ 80.799567287200603, 19.563789143654105 ], [ 80.798744910249468, 19.563240631849737 ], [ 80.797388008649762, 19.562437029145656 ], [ 80.795977613576042, 19.561874749620074 ], [ 80.793344002923462, 19.561127081149944 ], [ 80.789836371751221, 19.560357916184955 ], [ 80.78866300739196, 19.56027732613774 ], [ 80.788086413357362, 19.56029563003932 ], [ 80.787764037880095, 19.560387976024344 ], [ 80.786664835214026, 19.56070284486043 ], [ 80.786537091933923, 19.56075974098361 ] ] ] } },
{ "type": "Feature", "properties": { "REGION": 1.0, "STATE.NAME": "Maharashtra", "DISTRICT.NAME": "Gadchiroli", "DISTRICT.AREA": 14527.292838, "GRID_G0": "184882", "woodland": 0.97990569796087035, "maskWdl": 1.0, "cropland": 0.00057390428519982152, "maskCrp": 0.0, "one": 0.019520397753929931, "maskOne": 0.0, "GRID.AREA": 3.3105322729800655, "REGION.AREA": 32202.066020262951 }, "geometry": { "type": "Polygon", "coordinates": [ [ [ 80.831533849076422, 19.567289822846309 ], [ 80.831533849076422, 19.536115453226341 ], [ 80.847426153889145, 19.536116728238856 ], [ 80.846397564496044, 19.536606546654866 ], [ 80.844543515870612, 19.537736126620985 ], [ 80.844130500422295, 19.538477672506644 ], [ 80.843657900391861, 19.539680790036471 ], [ 80.842583980366442, 19.541808036511725 ], [ 80.842314726943144, 19.542686468206 ], [ 80.842168946839479, 19.544491448921292 ], [ 80.842084390782077, 19.545741428324334 ], [ 80.841444933237142, 19.546521643259268 ], [ 80.840519603696805, 19.547746336424325 ], [ 80.839817108173065, 19.549229554100688 ], [ 80.840163731171288, 19.550278040399295 ], [ 80.840449126526039, 19.551743559417787 ], [ 80.840834523794285, 19.552945788417446 ], [ 80.841058408218998, 19.554274416231351 ], [ 80.840769293268366, 19.554820794843863 ], [ 80.840459908498019, 19.556472947468595 ], [ 80.840148551514517, 19.557859262295153 ], [ 80.839859688373963, 19.559433035406304 ], [ 80.839219970925001, 19.560369422111197 ], [ 80.838229769688155, 19.561637296224319 ], [ 80.837569369630785, 19.562632310632694 ], [ 80.837264006628686, 19.563327964114308 ], [ 80.83711828857821, 19.564245767228442 ], [ 80.836910505615378, 19.565280677361443 ], [ 80.836600687371856, 19.565885505611618 ], [ 80.836332591376049, 19.566158469637742 ], [ 80.83598233241878, 19.566372734913841 ], [ 80.835964075281879, 19.566381354016301 ], [ 80.8351659224694, 19.566758184342802 ], [ 80.832983279554753, 19.567340156323212 ], [ 80.832180390013036, 19.567455894573921 ], [ 80.832071190732904, 19.567437637437081 ], [ 80.831707148765986, 19.567376778515548 ], [ 80.831533849076422, 19.567289822846309 ] ] ] } },
{ "type": "Feature", "properties": { "REGION": 1.0, "STATE.NAME": "Maharashtra", "DISTRICT.NAME": "Gadchiroli", "DISTRICT.AREA": 14527.292838, "GRID_G0": "184212", "woodland": 0.51029753417088097, "maskWdl": 1.0, "cropland": 0.32597824492727689, "maskCrp": 0.0, "one": 0.13943417621619267, "maskOne": 0.0, "GRID.AREA": 23.601031706189065, "REGION.AREA": 32202.066020262951 }, "geometry": { "type": "Polygon", "coordinates": [ [ [ 79.931535627200489, 19.491114191275031 ], [ 79.976536957850627, 19.491114214113502 ], [ 79.976536957850612, 19.53611542252451 ], [ 79.931535627200489, 19.536115430968838 ], [ 79.931535627200489, 19.491114191275031 ] ] ] } },
{ "type": "Feature", "properties": { "REGION": 1.0, "STATE.NAME": "Maharashtra", "DISTRICT.NAME": "Gadchiroli", "DISTRICT.AREA": 14527.292838, "GRID_G0": "184213", "woodland": 0.47127980644137035, "maskWdl": 1.0, "cropland": 0.40701166132661792, "maskCrp": 0.0, "one": 0.11745785273485174, "maskOne": 0.0, "GRID.AREA": 23.59865139561402, "REGION.AREA": 32202.066020262951 }, "geometry": { "type": "Polygon", "coordinates": [ [ [ 79.976536957850627, 19.491114214113502 ], [ 80.021533747255191, 19.491114201611559 ], [ 80.021533747255191, 19.536115446474025 ], [ 79.976536957850612, 19.53611542252451 ], [ 79.976536957850627, 19.491114214113502 ] ] ] } },
{ "type": "Feature", "properties": { "REGION": 1.0, "STATE.NAME": "Maharashtra", "DISTRICT.NAME": "Gadchiroli", "DISTRICT.AREA": 14527.292838, "GRID_G0": "184214", "woodland": 0.53550722005464857, "maskWdl": 1.0, "cropland": 0.21818618068907644, "maskCrp": 0.0, "one": 0.2396245849660163, "maskOne": 0.0, "GRID.AREA": 23.600965752313002, "REGION.AREA": 32202.066020262951 }, "geometry": { "type": "Polygon", "coordinates": [ [ [ 80.021533747255191, 19.491114201611559 ], [ 80.066534923665401, 19.491114206959821 ], [ 80.066534923665401, 19.536115467175467 ], [ 80.021533747255191, 19.536115446474025 ], [ 80.021533747255191, 19.491114201611559 ] ] ] } },
{ "type": "Feature", "properties": { "REGION": 1.0, "STATE.NAME": "Maharashtra", "DISTRICT.NAME": "Gadchiroli", "DISTRICT.AREA": 14527.292838, "GRID_G0": "184215", "woodland": 0.82483286834464498, "maskWdl": 1.0, "cropland": 0.089495222884476117, "maskCrp": 0.0, "one": 0.073547511096404741, "maskOne": 0.0, "GRID.AREA": 23.6010144948015, "REGION.AREA": 32202.066020262951 }, "geometry": { "type": "Polygon", "coordinates": [ [ [ 80.066534923665401, 19.491114206959821 ], [ 80.111536188429895, 19.491114177302748 ], [ 80.111536188429895, 19.536115431330742 ], [ 80.066534923665401, 19.536115467175467 ], [ 80.066534923665401, 19.491114206959821 ] ] ] } },
{ "type": "Feature", "properties": { "REGION": 1.0, "STATE.NAME": "Maharashtra", "DISTRICT.NAME": "Gadchiroli", "DISTRICT.AREA": 14527.292838, "GRID_G0": "184216", "woodland": 0.98754494558614314, "maskWdl": 1.0, "cropland": 0.0066826074083279107, "maskCrp": 0.0, "one": 0.0042664078923412008, "maskOne": 0.0, "GRID.AREA": 23.600990685181095, "REGION.AREA": 32202.066020262951 }, "geometry": { "type": "Polygon", "coordinates": [ [ [ 80.111536188429895, 19.491114177302748 ], [ 80.156537424750198, 19.491114202639952 ], [ 80.156537424750198, 19.536115428940001 ], [ 80.111536188429895, 19.536115431330742 ], [ 80.111536188429895, 19.491114177302748 ] ] ] } },
{ "type": "Feature", "properties": { "REGION": 1.0, "STATE.NAME": "Maharashtra", "DISTRICT.NAME": "Gadchiroli", "DISTRICT.AREA": 14527.292838, "GRID_G0": "184217", "woodland": 0.90515955442923002, "maskWdl": 1.0, "cropland": 0.028115216110352285, "maskCrp": 0.0, "one": 0.066199181729546433, "maskOne": 0.0, "GRID.AREA": 23.598662002049032, "REGION.AREA": 32202.066020262951 }, "geometry": { "type": "Polygon", "coordinates": [ [ [ 80.156537424750198, 19.491114202639952 ], [ 80.201534259565875, 19.49111423169202 ], [ 80.201534259565875, 19.536115408284186 ], [ 80.156537424750198, 19.536115428940001 ], [ 80.156537424750198, 19.491114202639952 ] ] ] } },
{ "type": "Feature", "properties": { "REGION": 1.0, "STATE.NAME": "Maharashtra", "DISTRICT.NAME": "Gadchiroli", "DISTRICT.AREA": 14527.292838, "GRID_G0": "184218", "woodland": 0.79618486633150198, "maskWdl": 1.0, "cropland": 0.075573431927690116, "maskCrp": 0.0, "one": 0.12821381030765366, "maskOne": 0.0, "GRID.AREA": 23.600972813769623, "REGION.AREA": 32202.066020262951 }, "geometry": { "type": "Polygon", "coordinates": [ [ [ 80.201534259565875, 19.49111423169202 ], [ 80.246535515872466, 19.49111421264147 ], [ 80.246535515872466, 19.536115408254986 ], [ 80.201534259565875, 19.536115408284186 ], [ 80.201534259565875, 19.49111423169202 ] ] ] } },
{ "type": "Feature", "properties": { "REGION": 1.0, "STATE.NAME": "Maharashtra", "DISTRICT.NAME": "Gadchiroli", "DISTRICT.AREA": 14527.292838, "GRID_G0": "184219", "woodland": 0.44446123225361556, "maskWdl": 1.0, "cropland": 0.28544707722183704, "maskCrp": 0.0, "one": 0.2685656467953062, "maskOne": 0.0, "GRID.AREA": 23.600979878658901, "REGION.AREA": 32202.066020262951 }, "geometry": { "type": "Polygon", "coordinates": [ [ [ 80.246535515872466, 19.49111421264147 ], [ 80.291536732472025, 19.491114177982997 ], [ 80.291536732472025, 19.53611546093104 ], [ 80.246535515872466, 19.536115408254986 ], [ 80.246535515872466, 19.49111421264147 ] ] ] } },
{ "type": "Feature", "properties": { "REGION": 1.0, "STATE.NAME": "Maharashtra", "DISTRICT.NAME": "Gadchiroli", "DISTRICT.AREA": 14527.292838, "GRID_G0": "184220", "woodland": 0.46672991664766983, "maskWdl": 1.0, "cropland": 0.306990301620433, "maskCrp": 0.0, "one": 0.2250843257699903, "maskOne": 0.0, "GRID.AREA": 23.598685213441279, "REGION.AREA": 32202.066020262951 }, "geometry": { "type": "Polygon", "coordinates": [ [ [ 80.291536732472025, 19.491114177982997 ], [ 80.336533542262686, 19.491114169866709 ], [ 80.336533542262686, 19.536115428386463 ], [ 80.291536732472025, 19.53611546093104 ], [ 80.291536732472025, 19.491114177982997 ] ] ] } },
{ "type": "Feature", "properties": { "REGION": 1.0, "STATE.NAME": "Maharashtra", "DISTRICT.NAME": "Gadchiroli", "DISTRICT.AREA": 14527.292838, "GRID_G0": "184221", "woodland": 0.70660007534655533, "maskWdl": 1.0, "cropland": 0.12028553595168258, "maskCrp": 0.0, "one": 0.16323861090596561, "maskOne": 0.0, "GRID.AREA": 23.600975073365639, "REGION.AREA": 32202.066020262951 }, "geometry": { "type": "Polygon", "coordinates": [ [ [ 80.336533542262686, 19.491114169866709 ], [ 80.381534753204193, 19.491114218531948 ], [ 80.381534753204193, 19.536115431563225 ], [ 80.336533542262686, 19.536115428386463 ], [ 80.336533542262686, 19.491114169866709 ] ] ] } },
{ "type": "Feature", "properties": { "REGION": 1.0, "STATE.NAME": "Maharashtra", "DISTRICT.NAME": "Gadchiroli", "DISTRICT.AREA": 14527.292838, "GRID_G0": "184222", "woodland": 0.81101401862305267, "maskWdl": 1.0, "cropland": 0.078402736727748321, "maskCrp": 0.0, "one": 0.10867754000938409, "maskOne": 0.0, "GRID.AREA": 23.600985350795263, "REGION.AREA": 32202.066020262951 }, "geometry": { "type": "Polygon", "coordinates": [ [ [ 80.381534753204193, 19.491114218531948 ], [ 80.426535995054564, 19.491114185036761 ], [ 80.426535995054564, 19.536115420932884 ], [ 80.381534753204193, 19.536115431563225 ], [ 80.381534753204193, 19.491114218531948 ] ] ] } },
{ "type": "Feature", "properties": { "REGION": 1.0, "STATE.NAME": "Maharashtra", "DISTRICT.NAME": "Gadchiroli", "DISTRICT.AREA": 14527.292838, "GRID_G0": "184223", "woodland": 0.88401527959125858, "maskWdl": 1.0, "cropland": 0.05179394147551572, "maskCrp": 0.0, "one": 0.064190778933225709, "maskOne": 0.0, "GRID.AREA": 23.600990181648644, "REGION.AREA": 32202.066020262951 }, "geometry": { "type": "Polygon", "coordinates": [ [ [ 80.426535995054564, 19.491114185036761 ], [ 80.471537233983682, 19.491114163834297 ], [ 80.471537233983682, 19.536115401118742 ], [ 80.426535995054564, 19.536115420932884 ], [ 80.426535995054564, 19.491114185036761 ] ] ] } },
{ "type": "Feature", "properties": { "REGION": 1.0, "STATE.NAME": "Maharashtra", "DISTRICT.NAME": "Gadchiroli", "DISTRICT.AREA": 14527.292838, "GRID_G0": "184224", "woodland": 0.9196213652423697, "maskWdl": 1.0, "cropland": 0.027891689349138125, "maskCrp": 0.0, "one": 0.052467021122373288, "maskOne": 0.0, "GRID.AREA": 23.598652998880638, "REGION.AREA": 32202.066020262951 }, "geometry": { "type": "Polygon", "coordinates": [ [ [ 80.471537233983682, 19.491114163834297 ], [ 80.516534026046131, 19.491114197430399 ], [ 80.516534026046131, 19.536115414202765 ], [ 80.471537233983682, 19.536115401118742 ], [ 80.471537233983682, 19.491114163834297 ] ] ] } },
{ "type": "Feature", "properties": { "REGION": 1.0, "STATE.NAME": "Maharashtra", "DISTRICT.NAME": "Gadchiroli", "DISTRICT.AREA": 14527.292838, "GRID_G0": "184225", "woodland": 0.84037496808131462, "maskWdl": 1.0, "cropland": 0.066925343988856967, "maskCrp": 0.0, "one": 0.092030295033086393, "maskOne": 0.0, "GRID.AREA": 23.601002179458359, "REGION.AREA": 32202.066020262951 }, "geometry": { "type": "Polygon", "coordinates": [ [ [ 80.516534026046131, 19.491114197430399 ], [ 80.561535328445359, 19.491114224771756 ], [ 80.561535328445359, 19.536115400002643 ], [ 80.516534026046131, 19.536115414202765 ], [ 80.516534026046131, 19.491114197430399 ] ] ] } },
{ "type": "Feature", "properties": { "REGION": 1.0, "STATE.NAME": "Maharashtra", "DISTRICT.NAME": "Gadchiroli", "DISTRICT.AREA": 14527.292838, "GRID_G0": "184226", "woodland": 0.70645654954734693, "maskWdl": 1.0, "cropland": 0.12198729364768449, "maskCrp": 0.0, "one": 0.13515425203152776, "maskOne": 0.0, "GRID.AREA": 23.600942601060172, "REGION.AREA": 32202.066020262951 }, "geometry": { "type": "Polygon", "coordinates": [ [ [ 80.561535328445359, 19.491114224771756 ], [ 80.606536524577095, 19.491114188227275 ], [ 80.606536524577095, 19.536115390327357 ], [ 80.561535328445359, 19.536115400002643 ], [ 80.561535328445359, 19.491114224771756 ] ] ] } },
{ "type": "Feature", "properties": { "REGION": 1.0, "STATE.NAME": "Maharashtra", "DISTRICT.NAME": "Gadchiroli", "DISTRICT.AREA": 14527.292838, "GRID_G0": "184227", "woodland": 0.79870287335084966, "maskWdl": 1.0, "cropland": 0.088326569396777771, "maskCrp": 0.0, "one": 0.098867695743425674, "maskOne": 0.0, "GRID.AREA": 23.601010219736246, "REGION.AREA": 32202.066020262951 }, "geometry": { "type": "Polygon", "coordinates": [ [ [ 80.606536524577095, 19.491114188227275 ], [ 80.651537833484383, 19.491114195395816 ], [ 80.651537833484383, 19.536115402936186 ], [ 80.606536524577095, 19.536115390327357 ], [ 80.606536524577095, 19.491114188227275 ] ] ] } },
{ "type": "Feature", "properties": { "REGION": 1.0, "STATE.NAME": "Maharashtra", "DISTRICT.NAME": "Gadchiroli", "DISTRICT.AREA": 14527.292838, "GRID_G0": "184228", "woodland": 0.97236620762450721, "maskWdl": 1.0, "cropland": 0.012626721798620413, "maskCrp": 0.0, "one": 0.014477652999328801, "maskOne": 0.0, "GRID.AREA": 23.598630546079242, "REGION.AREA": 32202.066020262951 }, "geometry": { "type": "Polygon", "coordinates": [ [ [ 80.651537833484383, 19.491114195395816 ], [ 80.696534565494375, 19.491114190625449 ], [ 80.696534565494375, 19.53611547163808 ], [ 80.651537833484383, 19.536115402936186 ], [ 80.651537833484383, 19.491114195395816 ] ] ] } },
{ "type": "Feature", "properties": { "REGION": 1.0, "STATE.NAME": "Maharashtra", "DISTRICT.NAME": "Gadchiroli", "DISTRICT.AREA": 14527.292838, "GRID_G0": "184229", "woodland": 0.90703515973123772, "maskWdl": 1.0, "cropland": 0.019808407599372163, "maskCrp": 0.0, "one": 0.060200495164966131, "maskOne": 0.0, "GRID.AREA": 23.601015048249117, "REGION.AREA": 32202.066020262951 }, "geometry": { "type": "Polygon", "coordinates": [ [ [ 80.696534565494375, 19.491114190625449 ], [ 80.741535826139469, 19.491114201025741 ], [ 80.741535826139469, 19.536115444609656 ], [ 80.696534565494375, 19.53611547163808 ], [ 80.696534565494375, 19.491114190625449 ] ] ] } },
{ "type": "Feature", "properties": { "REGION": 1.0, "STATE.NAME": "Maharashtra", "DISTRICT.NAME": "Gadchiroli", "DISTRICT.AREA": 14527.292838, "GRID_G0": "184230", "woodland": 0.99689677960048928, "maskWdl": 1.0, "cropland": 5.5782709144494695e-05, "maskCrp": 0.0, "one": 0.002047365280823739, "maskOne": 0.0, "GRID.AREA": 23.601016080757017, "REGION.AREA": 32202.066020262951 }, "geometry": { "type": "Polygon", "coordinates": [ [ [ 80.741535826139469, 19.491114201025741 ], [ 80.786537091933923, 19.491114178338258 ], [ 80.786537091933923, 19.536115452985285 ], [ 80.741535826139469, 19.536115444609656 ], [ 80.741535826139469, 19.491114201025741 ] ] ] } },
{ "type": "Feature", "properties": { "REGION": 1.0, "STATE.NAME": "Maharashtra", "DISTRICT.NAME": "Gadchiroli", "DISTRICT.AREA": 14527.292838, "GRID_G0": "184231", "woodland": 0.98395670781761813, "maskWdl": 1.0, "cropland": 0.00093247152773903545, "maskCrp": 0.0, "one": 0.015090896049349262, "maskOne": 0.0, "GRID.AREA": 23.598662073583629, "REGION.AREA": 32202.066020262951 }, "geometry": { "type": "Polygon", "coordinates": [ [ [ 80.786537091933923, 19.491114178338258 ], [ 80.831533849076422, 19.491114169349071 ], [ 80.831533849076422, 19.536115453226341 ], [ 80.786537091933923, 19.536115452985285 ], [ 80.786537091933923, 19.491114178338258 ] ] ] } },
{ "type": "Feature", "properties": { "REGION": 1.0, "STATE.NAME": "Maharashtra", "DISTRICT.NAME": "Gadchiroli", "DISTRICT.AREA": 14527.292838, "GRID_G0": "184232", "woodland": 0.97431338841318982, "maskWdl": 1.0, "cropland": 0.00051001367422365751, "maskCrp": 0.0, "one": 0.025176597912586546, "maskOne": 0.0, "GRID.AREA": 19.286731280024028, "REGION.AREA": 32202.066020262951 }, "geometry": { "type": "Polygon", "coordinates": [ [ [ 80.847426153889145, 19.536116728238856 ], [ 80.831533849076422, 19.536115453226341 ], [ 80.831533849076422, 19.491114169349071 ], [ 80.876535102287946, 19.491114188876519 ], [ 80.876535102287946, 19.520210759727117 ], [ 80.875764547296058, 19.519593220750608 ], [ 80.874860167462828, 19.519044725133995 ], [ 80.874304861280393, 19.518868038029613 ], [ 80.87360532902278, 19.518769081128255 ], [ 80.873431458595007, 19.518775410556831 ], [ 80.873090926704947, 19.518787807711195 ], [ 80.872699680246114, 19.518943415606206 ], [ 80.871285155485623, 19.519894818291277 ], [ 80.870110606719209, 19.520879298940542 ], [ 80.868936039067023, 19.52186377239525 ], [ 80.868653928935714, 19.521682398024325 ], [ 80.867230006259831, 19.520766916060381 ], [ 80.866325215436405, 19.520374713622175 ], [ 80.865605282957517, 19.520178101138526 ], [ 80.864946953139452, 19.520098798021138 ], [ 80.864801885298846, 19.520116139648167 ], [ 80.864192554143145, 19.520188975740666 ], [ 80.862977979250388, 19.520460394731462 ], [ 80.862380690016892, 19.520771859633673 ], [ 80.862071728827289, 19.521025345243512 ], [ 80.861617974989599, 19.521571500824162 ], [ 80.861267805065211, 19.521805195953103 ], [ 80.860423621353107, 19.52209677324754 ], [ 80.857984273255681, 19.522538370049801 ], [ 80.85701678529648, 19.522790678447109 ], [ 80.856666439104913, 19.523043930233257 ], [ 80.856068786545336, 19.523589888862318 ], [ 80.855120080027746, 19.525142713165735 ], [ 80.853882464504181, 19.526820559421314 ], [ 80.853161032855439, 19.527483330091684 ], [ 80.851933116520172, 19.528198235360321 ], [ 80.850347350949562, 19.528937773959171 ], [ 80.849772285762413, 19.530650754029129 ], [ 80.849771223663083, 19.531275867387421 ], [ 80.850035204361234, 19.533202226901324 ], [ 80.850115167580952, 19.534530620891477 ], [ 80.848343272923785, 19.535679985043316 ], [ 80.847426153889145, 19.536116728238856 ] ] ] } },
{ "type": "Feature", "properties": { "REGION": 1.0, "STATE.NAME": "Maharashtra", "DISTRICT.NAME": "Gadchiroli", "DISTRICT.AREA": 14527.292838, "GRID_G0": "184233", "woodland": 0.93312204949046429, "maskWdl": 1.0, "cropland": 0.0031444900977632704, "maskCrp": 0.0, "one": 0.063733460411772386, "maskOne": 0.0, "GRID.AREA": 7.015593753141367, "REGION.AREA": 32202.066020262951 }, "geometry": { "type": "Polygon", "coordinates": [ [ [ 80.876535102287946, 19.520210759727117 ], [ 80.876535102287946, 19.491114188876519 ], [ 80.897276607881849, 19.491115571682588 ], [ 80.896989567414664, 19.493684521523505 ], [ 80.896717226618762, 19.495261767816373 ], [ 80.896357046340654, 19.496409110292234 ], [ 80.895593411306947, 19.498002641508776 ], [ 80.895733152463094, 19.500698248725257 ], [ 80.894879022249143, 19.501599452153016 ], [ 80.893434752411963, 19.502397733568614 ], [ 80.894359918275654, 19.502887560112871 ], [ 80.894606194020696, 19.5032981491903 ], [ 80.894769978551722, 19.503786854279952 ], [ 80.894377858851158, 19.505826787376407 ], [ 80.893696434442973, 19.507368943022357 ], [ 80.895030969004097, 19.509196602840973 ], [ 80.895194734649351, 19.509724350198667 ], [ 80.894884199646128, 19.510915500450039 ], [ 80.89449199271138, 19.511715829621892 ], [ 80.894491407252701, 19.512047808059947 ], [ 80.894674651314176, 19.51260538682919 ], [ 80.895105462547122, 19.513387447172988 ], [ 80.895351579112116, 19.513915343818098 ], [ 80.895309426988547, 19.514520853754448 ], [ 80.895086242236346, 19.515881791511504 ], [ 80.895268970086931, 19.517444858193699 ], [ 80.895513413912965, 19.519008016606737 ], [ 80.895574423920607, 19.519437916826462 ], [ 80.895430001793216, 19.519730621870735 ], [ 80.895223888871442, 19.519925683923244 ], [ 80.894482735989527, 19.520139303486129 ], [ 80.89310374883901, 19.520371539914667 ], [ 80.891667178997182, 19.520613936883706 ], [ 80.891234368571304, 19.520984332560939 ], [ 80.88979678069694, 19.523008969088721 ], [ 80.887613340982966, 19.524392274783683 ], [ 80.884140718619335, 19.526259048816087 ], [ 80.883896147988878, 19.526089597656835 ], [ 80.883236323497613, 19.525632427294738 ], [ 80.882167492735675, 19.524927407373983 ], [ 80.881221612787272, 19.524515603312466 ], [ 80.87996723210216, 19.523966635551854 ], [ 80.879350742342922, 19.523477272158459 ], [ 80.878570575072047, 19.522362393409768 ], [ 80.877790486042159, 19.521286826725714 ], [ 80.877059182535291, 19.520630764098541 ], [ 80.876535102287946, 19.520210759727117 ] ] ] } },
{ "type": "Feature", "properties": { "REGION": 1.0, "STATE.NAME": "Maharashtra", "DISTRICT.NAME": "Gadchiroli", "DISTRICT.AREA": 14527.292838, "GRID_G0": "183561", "woodland": 0.55238885312063335, "maskWdl": 1.0, "cropland": 0.38763390275416615, "maskCrp": 0.0, "one": 0.037994001906528484, "maskOne": 0.0, "GRID.AREA": 0.9423045368397428, "REGION.AREA": 32202.066020262951 }, "geometry": { "type": "Polygon", "coordinates": [ [ [ 79.931535627200489, 19.477484159273953 ], [ 79.931535627200489, 19.491114191275031 ], [ 79.919118660910286, 19.491115305212961 ], [ 79.91927503771285, 19.490922078491167 ], [ 79.91928013596953, 19.490915761653124 ], [ 79.920187522236404, 19.48979149128434 ], [ 79.920550599230808, 19.489363652310772 ], [ 79.921790891136766, 19.488441560329818 ], [ 79.922997832583974, 19.487546538841745 ], [ 79.923799608764966, 19.486839963993191 ], [ 79.924362708472302, 19.486340391495901 ], [ 79.92471188824311, 19.485781552776473 ], [ 79.925390110165495, 19.484988932593243 ], [ 79.926245443672371, 19.483880701633094 ], [ 79.927664189850532, 19.482151087702562 ], [ 79.928887981894889, 19.480348711423915 ], [ 79.929604556305264, 19.47945230318129 ], [ 79.931098738516027, 19.477939474427274 ], [ 79.931535627200489, 19.477484159273953 ] ] ] } },
{ "type": "Feature", "properties": { "REGION": 1.0, "STATE.NAME": "Maharashtra", "DISTRICT.NAME": "Gadchiroli", "DISTRICT.AREA": 14527.292838, "GRID_G0": "183564", "woodland": 0.84900389047471991, "maskWdl": 1.0, "cropland": 0.064961407694873338, "maskCrp": 0.0, "one": 0.085484501683550443, "maskOne": 0.0, "GRID.AREA": 23.605173751634769, "REGION.AREA": 32202.066020262951 }, "geometry": { "type": "Polygon", "coordinates": [ [ [ 80.021533747255191, 19.446117444058316 ], [ 80.066534923665401, 19.446117432159436 ], [ 80.066534923665401, 19.491114206959821 ], [ 80.021533747255191, 19.491114201611559 ], [ 80.021533747255191, 19.446117444058316 ] ] ] } },
{ "type": "Feature", "properties": { "REGION": 1.0, "STATE.NAME": "Maharashtra", "DISTRICT.NAME": "Gadchiroli", "DISTRICT.AREA": 14527.292838, "GRID_G0": "183565", "woodland": 0.76749584110842128, "maskWdl": 1.0, "cropland": 0.1184692249994221, "maskCrp": 0.0, "one": 0.11155195406128615, "maskOne": 0.0, "GRID.AREA": 23.605223496152735, "REGION.AREA": 32202.066020262951 }, "geometry": { "type": "Polygon", "coordinates": [ [ [ 80.066534923665401, 19.446117432159436 ], [ 80.111536188429895, 19.446117406800898 ], [ 80.111536188429895, 19.491114177302748 ], [ 80.066534923665401, 19.491114206959821 ], [ 80.066534923665401, 19.446117432159436 ] ] ] } },
{ "type": "Feature", "properties": { "REGION": 1.0, "STATE.NAME": "Maharashtra", "DISTRICT.NAME": "Gadchiroli", "DISTRICT.AREA": 14527.292838, "GRID_G0": "183566", "woodland": 0.99203264021413406, "maskWdl": 1.0, "cropland": 0.00044238776380314685, "maskCrp": 0.0, "one": 0.0074930882192660603, "maskOne": 0.0, "GRID.AREA": 23.605224223089792, "REGION.AREA": 32202.066020262951 }, "geometry": { "type": "Polygon", "coordinates": [ [ [ 80.111536188429895, 19.446117406800898 ], [ 80.156537424750198, 19.446117368194884 ], [ 80.156537424750198, 19.491114202639952 ], [ 80.111536188429895, 19.491114177302748 ], [ 80.111536188429895, 19.446117406800898 ] ] ] } },
{ "type": "Feature", "properties": { "REGION": 1.0, "STATE.NAME": "Maharashtra", "DISTRICT.NAME": "Gadchiroli", "DISTRICT.AREA": 14527.292838, "GRID_G0": "183567", "woodland": 0.91781215316785236, "maskWdl": 1.0, "cropland": 0.033498567182775822, "maskCrp": 0.0, "one": 0.048689279649371815, "maskOne": 0.0, "GRID.AREA": 23.602943210527798, "REGION.AREA": 32202.066020262951 }, "geometry": { "type": "Polygon", "coordinates": [ [ [ 80.156537424750198, 19.446117368194884 ], [ 80.201534259565875, 19.446117355270459 ], [ 80.201534259565875, 19.49111423169202 ], [ 80.156537424750198, 19.491114202639952 ], [ 80.156537424750198, 19.446117368194884 ] ] ] } },
{ "type": "Feature", "properties": { "REGION": 1.0, "STATE.NAME": "Maharashtra", "DISTRICT.NAME": "Gadchiroli", "DISTRICT.AREA": 14527.292838, "GRID_G0": "183568", "woodland": 0.75317161436039881, "maskWdl": 1.0, "cropland": 0.094642344873734741, "maskCrp": 0.0, "one": 0.1520744473866969, "maskOne": 0.0, "GRID.AREA": 23.605255423758841, "REGION.AREA": 32202.066020262951 }, "geometry": { "type": "Polygon", "coordinates": [ [ [ 80.201534259565875, 19.446117355270459 ], [ 80.246535515872466, 19.446117405127055 ], [ 80.246535515872466, 19.49111421264147 ], [ 80.201534259565875, 19.49111423169202 ], [ 80.201534259565875, 19.446117355270459 ] ] ] } },
{ "type": "Feature", "properties": { "REGION": 1.0, "STATE.NAME": "Maharashtra", "DISTRICT.NAME": "Gadchiroli", "DISTRICT.AREA": 14527.292838, "GRID_G0": "183569", "woodland": 0.63891079998418576, "maskWdl": 1.0, "cropland": 0.15397570536013763, "maskCrp": 0.0, "one": 0.20688233879987705, "maskOne": 0.0, "GRID.AREA": 23.605216356586794, "REGION.AREA": 32202.066020262951 }, "geometry": { "type": "Polygon", "coordinates": [ [ [ 80.246535515872466, 19.446117405127055 ], [ 80.291536732472025, 19.446117371101824 ], [ 80.291536732472025, 19.491114177982997 ], [ 80.246535515872466, 19.49111421264147 ], [ 80.246535515872466, 19.446117405127055 ] ] ] } },
{ "type": "Feature", "properties": { "REGION": 1.0, "STATE.NAME": "Maharashtra", "DISTRICT.NAME": "Gadchiroli", "DISTRICT.AREA": 14527.292838, "GRID_G0": "183570", "woodland": 0.80187481983923914, "maskWdl": 1.0, "cropland": 0.082687013247077237, "maskCrp": 0.0, "one": 0.11525083160931708, "maskOne": 0.0, "GRID.AREA": 23.602898695804384, "REGION.AREA": 32202.066020262951 }, "geometry": { "type": "Polygon", "coordinates": [ [ [ 80.291536732472025, 19.446117371101824 ], [ 80.336533542262686, 19.446117385565184 ], [ 80.336533542262686, 19.491114169866709 ], [ 80.291536732472025, 19.491114177982997 ], [ 80.291536732472025, 19.446117371101824 ] ] ] } },
{ "type": "Feature", "properties": { "REGION": 1.0, "STATE.NAME": "Maharashtra", "DISTRICT.NAME": "Gadchiroli", "DISTRICT.AREA": 14527.292838, "GRID_G0": "183571", "woodland": 0.6330625028481276, "maskWdl": 1.0, "cropland": 0.18911288566717113, "maskCrp": 0.0, "one": 0.17058832470965918, "maskOne": 0.0, "GRID.AREA": 23.605213492358015, "REGION.AREA": 32202.066020262951 }, "geometry": { "type": "Polygon", "coordinates": [ [ [ 80.336533542262686, 19.446117385565184 ], [ 80.381534753204193, 19.446117388043294 ], [ 80.381534753204193, 19.491114218531948 ], [ 80.336533542262686, 19.491114169866709 ], [ 80.336533542262686, 19.446117385565184 ] ] ] } },
{ "type": "Feature", "properties": { "REGION": 1.0, "STATE.NAME": "Maharashtra", "DISTRICT.NAME": "Gadchiroli", "DISTRICT.AREA": 14527.292838, "GRID_G0": "183572", "woodland": 0.82117569412726843, "maskWdl": 1.0, "cropland": 0.065648063346461435, "maskCrp": 0.0, "one": 0.097991448801612674, "maskOne": 0.0, "GRID.AREA": 23.605224731307544, "REGION.AREA": 32202.066020262951 }, "geometry": { "type": "Polygon", "coordinates": [ [ [ 80.381534753204193, 19.446117388043294 ], [ 80.426535995054564, 19.446117419692168 ], [ 80.426535995054564, 19.491114185036761 ], [ 80.381534753204193, 19.491114218531948 ], [ 80.381534753204193, 19.446117388043294 ] ] ] } },
{ "type": "Feature", "properties": { "REGION": 1.0, "STATE.NAME": "Maharashtra", "DISTRICT.NAME": "Gadchiroli", "DISTRICT.AREA": 14527.292838, "GRID_G0": "183573", "woodland": 0.86645309960520112, "maskWdl": 1.0, "cropland": 0.046506632189854159, "maskCrp": 0.0, "one": 0.087012370044389969, "maskOne": 0.0, "GRID.AREA": 23.605206954466485, "REGION.AREA": 32202.066020262951 }, "geometry": { "type": "Polygon", "coordinates": [ [ [ 80.426535995054564, 19.446117419692168 ], [ 80.471537233983682, 19.44611739528349 ], [ 80.471537233983682, 19.491114163834297 ], [ 80.426535995054564, 19.491114185036761 ], [ 80.426535995054564, 19.446117419692168 ] ] ] } },
{ "type": "Feature", "properties": { "REGION": 1.0, "STATE.NAME": "Maharashtra", "DISTRICT.NAME": "Gadchiroli", "DISTRICT.AREA": 14527.292838, "GRID_G0": "183574", "woodland": 0.92970470114476544, "maskWdl": 1.0, "cropland": 0.022677084469717248, "maskCrp": 0.0, "one": 0.046956562429512634, "maskOne": 0.0, "GRID.AREA": 23.602893875246217, "REGION.AREA": 32202.066020262951 }, "geometry": { "type": "Polygon", "coordinates": [ [ [ 80.471537233983682, 19.44611739528349 ], [ 80.516534026046131, 19.446117357720656 ], [ 80.516534026046131, 19.491114197430399 ], [ 80.471537233983682, 19.491114163834297 ], [ 80.471537233983682, 19.44611739528349 ] ] ] } },
{ "type": "Feature", "properties": { "REGION": 1.0, "STATE.NAME": "Maharashtra", "DISTRICT.NAME": "Gadchiroli", "DISTRICT.AREA": 14527.292838, "GRID_G0": "183575", "woodland": 0.85920244102879673, "maskWdl": 1.0, "cropland": 0.0689652011513264, "maskCrp": 0.0, "one": 0.070608814454231908, "maskOne": 0.0, "GRID.AREA": 23.605267997152325, "REGION.AREA": 32202.066020262951 }, "geometry": { "type": "Polygon", "coordinates": [ [ [ 80.516534026046131, 19.446117357720656 ], [ 80.561535328445359, 19.446117424786383 ], [ 80.561535328445359, 19.491114224771756 ], [ 80.516534026046131, 19.491114197430399 ], [ 80.516534026046131, 19.446117357720656 ] ] ] } },
{ "type": "Feature", "properties": { "REGION": 1.0, "STATE.NAME": "Maharashtra", "DISTRICT.NAME": "Gadchiroli", "DISTRICT.AREA": 14527.292838, "GRID_G0": "183576", "woodland": 0.60712043970296414, "maskWdl": 1.0, "cropland": 0.19392040528641341, "maskCrp": 0.0, "one": 0.15529341638882938, "maskOne": 0.0, "GRID.AREA": 23.605209354302954, "REGION.AREA": 32202.066020262951 }, "geometry": { "type": "Polygon", "coordinates": [ [ [ 80.561535328445359, 19.446117424786383 ], [ 80.606536524577095, 19.446117359577013 ], [ 80.606536524577095, 19.491114188227275 ], [ 80.561535328445359, 19.491114224771756 ], [ 80.561535328445359, 19.446117424786383 ] ] ] } },
{ "type": "Feature", "properties": { "REGION": 1.0, "STATE.NAME": "Maharashtra", "DISTRICT.NAME": "Gadchiroli", "DISTRICT.AREA": 14527.292838, "GRID_G0": "183577", "woodland": 0.78298384354473183, "maskWdl": 1.0, "cropland": 0.13528519984935355, "maskCrp": 0.0, "one": 0.080066806565327844, "maskOne": 0.0, "GRID.AREA": 23.605277929293131, "REGION.AREA": 32202.066020262951 }, "geometry": { "type": "Polygon", "coordinates": [ [ [ 80.606536524577095, 19.446117359577013 ], [ 80.651537833484383, 19.446117359514268 ], [ 80.651537833484383, 19.491114195395816 ], [ 80.606536524577095, 19.491114188227275 ], [ 80.606536524577095, 19.446117359577013 ] ] ] } },
{ "type": "Feature", "properties": { "REGION": 1.0, "STATE.NAME": "Maharashtra", "DISTRICT.NAME": "Gadchiroli", "DISTRICT.AREA": 14527.292838, "GRID_G0": "183578", "woodland": 0.93351270471796932, "maskWdl": 1.0, "cropland": 0.021608788491011985, "maskCrp": 0.0, "one": 0.033260129389899869, "maskOne": 0.0, "GRID.AREA": 23.602875187431497, "REGION.AREA": 32202.066020262951 }, "geometry": { "type": "Polygon", "coordinates": [ [ [ 80.651537833484383, 19.446117359514268 ], [ 80.696534565494375, 19.446117369394617 ], [ 80.696534565494375, 19.491114190625449 ], [ 80.651537833484383, 19.491114195395816 ], [ 80.651537833484383, 19.446117359514268 ] ] ] } },
{ "type": "Feature", "properties": { "REGION": 1.0, "STATE.NAME": "Maharashtra", "DISTRICT.NAME": "Gadchiroli", "DISTRICT.AREA": 14527.292838, "GRID_G0": "183579", "woodland": 0.80966164413937203, "maskWdl": 1.0, "cropland": 0.084412007977767919, "maskCrp": 0.0, "one": 0.1049080975228186, "maskOne": 0.0, "GRID.AREA": 23.605237469323423, "REGION.AREA": 32202.066020262951 }, "geometry": { "type": "Polygon", "coordinates": [ [ [ 80.696534565494375, 19.446117369394617 ], [ 80.741535826139469, 19.446117415450907 ], [ 80.741535826139469, 19.491114201025741 ], [ 80.696534565494375, 19.491114190625449 ], [ 80.696534565494375, 19.446117369394617 ] ] ] } },
{ "type": "Feature", "properties": { "REGION": 1.0, "STATE.NAME": "Maharashtra", "DISTRICT.NAME": "Gadchiroli", "DISTRICT.AREA": 14527.292838, "GRID_G0": "183580", "woodland": 0.99349047672487623, "maskWdl": 1.0, "cropland": 0.00012947375680077722, "maskCrp": 0.0, "one": 0.0057383859603023822, "maskOne": 0.0, "GRID.AREA": 23.605239425904781, "REGION.AREA": 32202.066020262951 }, "geometry": { "type": "Polygon", "coordinates": [ [ [ 80.741535826139469, 19.446117415450907 ], [ 80.786537091933923, 19.446117359948833 ], [ 80.786537091933923, 19.491114178338258 ], [ 80.741535826139469, 19.491114201025741 ], [ 80.741535826139469, 19.446117415450907 ] ] ] } },
{ "type": "Feature", "properties": { "REGION": 1.0, "STATE.NAME": "Maharashtra", "DISTRICT.NAME": "Gadchiroli", "DISTRICT.AREA": 14527.292838, "GRID_G0": "183581", "woodland": 0.97815245265969852, "maskWdl": 1.0, "cropland": 0.00038997910956823002, "maskCrp": 0.0, "one": 0.021457568230733325, "maskOne": 0.0, "GRID.AREA": 23.602862332696709, "REGION.AREA": 32202.066020262951 }, "geometry": { "type": "Polygon", "coordinates": [ [ [ 80.786537091933923, 19.446117359948833 ], [ 80.831533849076422, 19.446117429900912 ], [ 80.831533849076422, 19.491114169349071 ], [ 80.786537091933923, 19.491114178338258 ], [ 80.786537091933923, 19.446117359948833 ] ] ] } },
{ "type": "Feature", "properties": { "REGION": 1.0, "STATE.NAME": "Maharashtra", "DISTRICT.NAME": "Gadchiroli", "DISTRICT.AREA": 14527.292838, "GRID_G0": "183582", "woodland": 0.97627949969520644, "maskWdl": 1.0, "cropland": 0.0020490076454602615, "maskCrp": 0.0, "one": 0.021671492659333404, "maskOne": 0.0, "GRID.AREA": 23.560417760849607, "REGION.AREA": 32202.066020262951 }, "geometry": { "type": "Polygon", "coordinates": [ [ [ 80.876535102287946, 19.446764771243352 ], [ 80.876535102287946, 19.491114188876519 ], [ 80.831533849076422, 19.491114169349071 ], [ 80.831533849076422, 19.446117429900912 ], [ 80.841122967708912, 19.446118347304868 ], [ 80.841277171904039, 19.446264331233973 ], [ 80.841530606252547, 19.446455050460258 ], [ 80.841682180688167, 19.446584435023677 ], [ 80.841805173769799, 19.446649688032721 ], [ 80.841987737044462, 19.446749046931021 ], [ 80.842109964803115, 19.446830928404665 ], [ 80.842257140654567, 19.446876940418523 ], [ 80.842531103827412, 19.446867947198029 ], [ 80.842750715573118, 19.446869458958417 ], [ 80.843018692858436, 19.446847733136451 ], [ 80.843272356534101, 19.446783009828096 ], [ 80.843580689996898, 19.44671209828476 ], [ 80.843840159695674, 19.44667746899006 ], [ 80.844032155059949, 19.446675552534771 ], [ 80.844388997953956, 19.446681150814531 ], [ 80.84461366838616, 19.446717165964515 ], [ 80.844788775381744, 19.44675474863277 ], [ 80.844918064617062, 19.446789559590567 ], [ 80.845056081772839, 19.446811094756242 ], [ 80.845207997950808, 19.446840818249203 ], [ 80.845317679267566, 19.446837164303762 ], [ 80.845454190058888, 19.446819672489937 ], [ 80.845597924204924, 19.446749875206649 ], [ 80.845708304294874, 19.446673011949994 ], [ 80.846020444587907, 19.446454469498235 ], [ 80.84619632050385, 19.446262052351869 ], [ 80.846334404149218, 19.446118634582998 ], [ 80.849229457159325, 19.446118729877892 ], [ 80.84929036605763, 19.44616414046277 ], [ 80.849419335134257, 19.446316059338699 ], [ 80.849580225646946, 19.446462651530172 ], [ 80.849813982829119, 19.446602489813131 ], [ 80.849977197189958, 19.446688265351213 ], [ 80.850117094828136, 19.446761771438673 ], [ 80.850222378460046, 19.446766956030274 ], [ 80.850322863309543, 19.446763718470894 ], [ 80.850412271209393, 19.446708648485416 ], [ 80.850553775936078, 19.44657814606467 ], [ 80.850645134465424, 19.446449309188324 ], [ 80.850844196702383, 19.446264837552238 ], [ 80.850970882400361, 19.446149023758498 ], [ 80.851070539249903, 19.446118766592019 ], [ 80.875869040788004, 19.446117451310386 ], [ 80.876535102287946, 19.446764771243352 ] ] ] } },
{ "type": "Feature", "properties": { "REGION": 1.0, "STATE.NAME": "Maharashtra", "DISTRICT.NAME": "Gadchiroli", "DISTRICT.AREA": 14527.292838, "GRID_G0": "183583", "woodland": 0.91243474835128158, "maskWdl": 1.0, "cropland": 0.0072181742877346598, "maskCrp": 0.0, "one": 0.080347077360983787, "maskOne": 0.0, "GRID.AREA": 7.834963199912341, "REGION.AREA": 32202.066020262951 }, "geometry": { "type": "Polygon", "coordinates": [ [ [ 80.897276607881849, 19.491115571682588 ], [ 80.876535102287946, 19.491114188876519 ], [ 80.876535102287946, 19.446764771243352 ], [ 80.877992679718432, 19.448181309020242 ], [ 80.880327149778225, 19.450127880797087 ], [ 80.882304695105631, 19.452166093490462 ], [ 80.882706038253104, 19.453672277153942 ], [ 80.884940700652862, 19.455744392489748 ], [ 80.885951019723848, 19.457139941555113 ], [ 80.886475706688543, 19.458254743861406 ], [ 80.886738297934187, 19.458819813983268 ], [ 80.887567860468437, 19.459515052877467 ], [ 80.88804221957281, 19.459698312227374 ], [ 80.88898988917208, 19.460255889197981 ], [ 80.889386438933059, 19.460518144097133 ], [ 80.889722489501381, 19.461103713365731 ], [ 80.889960529255063, 19.461876143769075 ], [ 80.890129583813291, 19.463006018712861 ], [ 80.891659334210942, 19.464513432648857 ], [ 80.893364867894377, 19.466162791979343 ], [ 80.894342386891708, 19.467320969487218 ], [ 80.895166622741499, 19.470227568447573 ], [ 80.895879287798948, 19.471626799337344 ], [ 80.895980737621031, 19.472847379902706 ], [ 80.89587930488608, 19.473145688622704 ], [ 80.895476000317217, 19.474887733881872 ], [ 80.896053398345714, 19.476171681577913 ], [ 80.897597170073425, 19.478897238017169 ], [ 80.898047574835743, 19.480201238796155 ], [ 80.898356909244001, 19.481812703393587 ], [ 80.898234765122368, 19.48330837578095 ], [ 80.898080341634511, 19.484786333322688 ], [ 80.897630239044361, 19.486354169109688 ], [ 80.897531628382012, 19.487822518294653 ], [ 80.897310814242758, 19.490809426713724 ], [ 80.897276607881849, 19.491115571682588 ] ] ] } },
{ "type": "Feature", "properties": { "REGION": 1.0, "STATE.NAME": "Maharashtra", "DISTRICT.NAME": "Gadchiroli", "DISTRICT.AREA": 14527.292838, "GRID_G0": "182914", "woodland": 0.53370483539864078, "maskWdl": 1.0, "cropland": 0.24795404048540023, "maskCrp": 0.0, "one": 0.16472679054752817, "maskOne": 0.0, "GRID.AREA": 23.614079198623426, "REGION.AREA": 32202.066020262951 }, "geometry": { "type": "Polygon", "coordinates": [ [ [ 80.021533747255191, 19.401116192133735 ], [ 80.066534923665401, 19.401116160164246 ], [ 80.066534923665401, 19.446117432159436 ], [ 80.021533747255191, 19.446117444058316 ], [ 80.021533747255191, 19.401116192133735 ] ] ] } },
{ "type": "Feature", "properties": { "REGION": 1.0, "STATE.NAME": "Maharashtra", "DISTRICT.NAME": "Gadchiroli", "DISTRICT.AREA": 14527.292838, "GRID_G0": "182915", "woodland": 0.80447911351064372, "maskWdl": 1.0, "cropland": 0.072262107958330976, "maskCrp": 0.0, "one": 0.10655131632890465, "maskOne": 0.0, "GRID.AREA": 23.614130441968573, "REGION.AREA": 32202.066020262951 }, "geometry": { "type": "Polygon", "coordinates": [ [ [ 80.066534923665401, 19.401116160164246 ], [ 80.111536188429895, 19.40111613628968 ], [ 80.111536188429895, 19.446117406800898 ], [ 80.066534923665401, 19.446117432159436 ], [ 80.066534923665401, 19.401116160164246 ] ] ] } },
{ "type": "Feature", "properties": { "REGION": 1.0, "STATE.NAME": "Maharashtra", "DISTRICT.NAME": "Gadchiroli", "DISTRICT.AREA": 14527.292838, "GRID_G0": "182916", "woodland": 0.96383803974743953, "maskWdl": 1.0, "cropland": 0.010623981673681419, "maskCrp": 0.0, "one": 0.025071794275369114, "maskOne": 0.0, "GRID.AREA": 23.614109083793565, "REGION.AREA": 32202.066020262951 }, "geometry": { "type": "Polygon", "coordinates": [ [ [ 80.111536188429895, 19.40111613628968 ], [ 80.156537424750198, 19.40111612072986 ], [ 80.156537424750198, 19.446117368194884 ], [ 80.111536188429895, 19.446117406800898 ], [ 80.111536188429895, 19.40111613628968 ] ] ] } },
{ "type": "Feature", "properties": { "REGION": 1.0, "STATE.NAME": "Maharashtra", "DISTRICT.NAME": "Gadchiroli", "DISTRICT.AREA": 14527.292838, "GRID_G0": "182917", "woodland": 0.91481254480914098, "maskWdl": 1.0, "cropland": 0.040353493446582026, "maskCrp": 0.0, "one": 0.044583025075266798, "maskOne": 0.0, "GRID.AREA": 23.611781561533949, "REGION.AREA": 32202.066020262951 }, "geometry": { "type": "Polygon", "coordinates": [ [ [ 80.156537424750198, 19.40111612072986 ], [ 80.201534259565875, 19.401116152845479 ], [ 80.201534259565875, 19.446117355270459 ], [ 80.156537424750198, 19.446117368194884 ], [ 80.156537424750198, 19.40111612072986 ] ] ] } },
{ "type": "Feature", "properties": { "REGION": 1.0, "STATE.NAME": "Maharashtra", "DISTRICT.NAME": "Gadchiroli", "DISTRICT.AREA": 14527.292838, "GRID_G0": "182918", "woodland": 0.83126209448992983, "maskWdl": 1.0, "cropland": 0.07742920025689376, "maskCrp": 0.0, "one": 0.090722986725243399, "maskOne": 0.0, "GRID.AREA": 23.61409609564398, "REGION.AREA": 32202.066020262951 }, "geometry": { "type": "Polygon", "coordinates": [ [ [ 80.201534259565875, 19.401116152845479 ], [ 80.246535515872452, 19.401116179042862 ], [ 80.246535515872466, 19.446117405127055 ], [ 80.201534259565875, 19.446117355270459 ], [ 80.201534259565875, 19.401116152845479 ] ] ] } },
{ "type": "Feature", "properties": { "REGION": 1.0, "STATE.NAME": "Maharashtra", "DISTRICT.NAME": "Gadchiroli", "DISTRICT.AREA": 14527.292838, "GRID_G0": "182919", "woodland": 0.72740649396303469, "maskWdl": 1.0, "cropland": 0.11190746539209247, "maskCrp": 0.0, "one": 0.1606058202528553, "maskOne": 0.0, "GRID.AREA": 23.614082023176934, "REGION.AREA": 32202.066020262951 }, "geometry": { "type": "Polygon", "coordinates": [ [ [ 80.246535515872452, 19.401116179042862 ], [ 80.291536732472025, 19.401116142897624 ], [ 80.291536732472025, 19.446117371101824 ], [ 80.246535515872466, 19.446117405127055 ], [ 80.246535515872452, 19.401116179042862 ] ] ] } },
{ "type": "Feature", "properties": { "REGION": 1.0, "STATE.NAME": "Maharashtra", "DISTRICT.NAME": "Gadchiroli", "DISTRICT.AREA": 14527.292838, "GRID_G0": "182920", "woodland": 0.75350517862925359, "maskWdl": 1.0, "cropland": 0.11259262249427486, "maskCrp": 0.0, "one": 0.13389077559737769, "maskOne": 0.0, "GRID.AREA": 23.61176493328113, "REGION.AREA": 32202.066020262951 }, "geometry": { "type": "Polygon", "coordinates": [ [ [ 80.291536732472025, 19.401116142897624 ], [ 80.336533542262686, 19.401116177196354 ], [ 80.336533542262686, 19.446117385565184 ], [ 80.291536732472025, 19.446117371101824 ], [ 80.291536732472025, 19.401116142897624 ] ] ] } },
{ "type": "Feature", "properties": { "REGION": 1.0, "STATE.NAME": "Maharashtra", "DISTRICT.NAME": "Gadchiroli", "DISTRICT.AREA": 14527.292838, "GRID_G0": "182921", "woodland": 0.87695360569094316, "maskWdl": 1.0, "cropland": 0.043223709696560308, "maskCrp": 0.0, "one": 0.069099714197563777, "maskOne": 0.0, "GRID.AREA": 23.614082034051584, "REGION.AREA": 32202.066020262951 }, "geometry": { "type": "Polygon", "coordinates": [ [ [ 80.336533542262686, 19.401116177196354 ], [ 80.381534753204193, 19.401116130768479 ], [ 80.381534753204193, 19.446117388043294 ], [ 80.336533542262686, 19.446117385565184 ], [ 80.336533542262686, 19.401116177196354 ] ] ] } },
{ "type": "Feature", "properties": { "REGION": 1.0, "STATE.NAME": "Maharashtra", "DISTRICT.NAME": "Gadchiroli", "DISTRICT.AREA": 14527.292838, "GRID_G0": "182922", "woodland": 0.806201556565038, "maskWdl": 1.0, "cropland": 0.085472019801120194, "maskCrp": 0.0, "one": 0.098794425117650839, "maskOne": 0.0, "GRID.AREA": 23.614118277948826, "REGION.AREA": 32202.066020262951 }, "geometry": { "type": "Polygon", "coordinates": [ [ [ 80.381534753204193, 19.401116130768479 ], [ 80.426535995054564, 19.401116135002653 ], [ 80.426535995054564, 19.446117419692168 ], [ 80.381534753204193, 19.446117388043294 ], [ 80.381534753204193, 19.401116130768479 ] ] ] } },
{ "type": "Feature", "properties": { "REGION": 1.0, "STATE.NAME": "Maharashtra", "DISTRICT.NAME": "Gadchiroli", "DISTRICT.AREA": 14527.292838, "GRID_G0": "182923", "woodland": 0.74627174912620986, "maskWdl": 1.0, "cropland": 0.1333065843850956, "maskCrp": 0.0, "one": 0.12036588417360095, "maskOne": 0.0, "GRID.AREA": 23.614125490782946, "REGION.AREA": 32202.066020262951 }, "geometry": { "type": "Polygon", "coordinates": [ [ [ 80.426535995054564, 19.401116135002653 ], [ 80.471537233983682, 19.401116104677847 ], [ 80.471537233983682, 19.44611739528349 ], [ 80.426535995054564, 19.446117419692168 ], [ 80.426535995054564, 19.401116135002653 ] ] ] } },
{ "type": "Feature", "properties": { "REGION": 1.0, "STATE.NAME": "Maharashtra", "DISTRICT.NAME": "Gadchiroli", "DISTRICT.AREA": 14527.292838, "GRID_G0": "182924", "woodland": 0.85423823639698604, "maskWdl": 1.0, "cropland": 0.070954003169556953, "maskCrp": 0.0, "one": 0.071679646016993823, "maskOne": 0.0, "GRID.AREA": 23.61176580655809, "REGION.AREA": 32202.066020262951 }, "geometry": { "type": "Polygon", "coordinates": [ [ [ 80.471537233983682, 19.401116104677847 ], [ 80.516534026046131, 19.401116172971019 ], [ 80.516534026046131, 19.446117357720656 ], [ 80.471537233983682, 19.44611739528349 ], [ 80.471537233983682, 19.401116104677847 ] ] ] } },
{ "type": "Feature", "properties": { "REGION": 1.0, "STATE.NAME": "Maharashtra", "DISTRICT.NAME": "Gadchiroli", "DISTRICT.AREA": 14527.292838, "GRID_G0": "182925", "woodland": 0.78826280292405837, "maskWdl": 1.0, "cropland": 0.11929949291750735, "maskCrp": 0.0, "one": 0.089890930730463767, "maskOne": 0.0, "GRID.AREA": 23.614118653583823, "REGION.AREA": 32202.066020262951 }, "geometry": { "type": "Polygon", "coordinates": [ [ [ 80.516534026046131, 19.401116172971019 ], [ 80.561535328445359, 19.401116187228055 ], [ 80.561535328445359, 19.446117424786383 ], [ 80.516534026046131, 19.446117357720656 ], [ 80.516534026046131, 19.401116172971019 ] ] ] } },
{ "type": "Feature", "properties": { "REGION": 1.0, "STATE.NAME": "Maharashtra", "DISTRICT.NAME": "Gadchiroli", "DISTRICT.AREA": 14527.292838, "GRID_G0": "182926", "woodland": 0.6043709997275285, "maskWdl": 1.0, "cropland": 0.16979892111331432, "maskCrp": 0.0, "one": 0.13061753059342351, "maskOne": 0.0, "GRID.AREA": 23.526544738808262, "REGION.AREA": 32202.066020262951 }, "geometry": { "type": "Polygon", "coordinates": [ [ [ 80.578128833889451, 19.401117473629828 ], [ 80.606536524577095, 19.401116180562965 ], [ 80.606536524577095, 19.446117359577013 ], [ 80.561535328445359, 19.446117424786383 ], [ 80.561535328445359, 19.401116187228055 ], [ 80.568504552985956, 19.401116910906712 ], [ 80.570053789051201, 19.401545617136549 ], [ 80.57320714309526, 19.402309605603875 ], [ 80.575217666562139, 19.402332718180446 ], [ 80.576061112830132, 19.402206367929583 ], [ 80.577219376672929, 19.401691760566337 ], [ 80.578128833889451, 19.401117473629828 ] ] ] } },
{ "type": "Feature", "properties": { "REGION": 1.0, "STATE.NAME": "Maharashtra", "DISTRICT.NAME": "Gadchiroli", "DISTRICT.AREA": 14527.292838, "GRID_G0": "182927", "woodland": 0.7601287276478198, "maskWdl": 1.0, "cropland": 0.098265839295721052, "maskCrp": 0.0, "one": 0.1182212704077502, "maskOne": 0.0, "GRID.AREA": 23.614107796073181, "REGION.AREA": 32202.066020262951 }, "geometry": { "type": "Polygon", "coordinates": [ [ [ 80.606536524577095, 19.401116180562965 ], [ 80.651537833484383, 19.401116170628601 ], [ 80.651537833484383, 19.446117359514268 ], [ 80.606536524577095, 19.446117359577013 ], [ 80.606536524577095, 19.401116180562965 ] ] ] } },
{ "type": "Feature", "properties": { "REGION": 1.0, "STATE.NAME": "Maharashtra", "DISTRICT.NAME": "Gadchiroli", "DISTRICT.AREA": 14527.292838, "GRID_G0": "182928", "woodland": 0.74631743343727974, "maskWdl": 1.0, "cropland": 0.14539252662743526, "maskCrp": 0.0, "one": 0.10016959140665677, "maskOne": 0.0, "GRID.AREA": 23.611705538284955, "REGION.AREA": 32202.066020262951 }, "geometry": { "type": "Polygon", "coordinates": [ [ [ 80.651537833484383, 19.401116170628601 ], [ 80.696534565494375, 19.401116192528281 ], [ 80.696534565494375, 19.446117369394617 ], [ 80.651537833484383, 19.446117359514268 ], [ 80.651537833484383, 19.401116170628601 ] ] ] } },
{ "type": "Feature", "properties": { "REGION": 1.0, "STATE.NAME": "Maharashtra", "DISTRICT.NAME": "Gadchiroli", "DISTRICT.AREA": 14527.292838, "GRID_G0": "182929", "woodland": 0.79345807430721305, "maskWdl": 1.0, "cropland": 0.12362736389091308, "maskCrp": 0.0, "one": 0.081039432029739317, "maskOne": 0.0, "GRID.AREA": 23.614093668893918, "REGION.AREA": 32202.066020262951 }, "geometry": { "type": "Polygon", "coordinates": [ [ [ 80.696534565494375, 19.401116192528281 ], [ 80.741535826139469, 19.40111618172509 ], [ 80.741535826139469, 19.446117415450907 ], [ 80.696534565494375, 19.446117369394617 ], [ 80.696534565494375, 19.401116192528281 ] ] ] } },
{ "type": "Feature", "properties": { "REGION": 1.0, "STATE.NAME": "Maharashtra", "DISTRICT.NAME": "Gadchiroli", "DISTRICT.AREA": 14527.292838, "GRID_G0": "182930", "woodland": 0.95907597287230018, "maskWdl": 1.0, "cropland": 0.011925385324519758, "maskCrp": 0.0, "one": 0.026768114697503058, "maskOne": 0.0, "GRID.AREA": 23.614096995811966, "REGION.AREA": 32202.066020262951 }, "geometry": { "type": "Polygon", "coordinates": [ [ [ 80.741535826139469, 19.40111618172509 ], [ 80.786537091933923, 19.40111618070403 ], [ 80.786537091933923, 19.446117359948833 ], [ 80.741535826139469, 19.446117415450907 ], [ 80.741535826139469, 19.40111618172509 ] ] ] } },
{ "type": "Feature", "properties": { "REGION": 1.0, "STATE.NAME": "Maharashtra", "DISTRICT.NAME": "Gadchiroli", "DISTRICT.AREA": 14527.292838, "GRID_G0": "182931", "woodland": 0.98823246628657269, "maskWdl": 1.0, "cropland": 0.00021518572370782612, "maskCrp": 0.0, "one": 0.011260729890918923, "maskOne": 0.0, "GRID.AREA": 15.013244698563449, "REGION.AREA": 32202.066020262951 }, "geometry": { "type": "Polygon", "coordinates": [ [ [ 80.831533849076422, 19.443443769558705 ], [ 80.831533849076422, 19.446117429900912 ], [ 80.786537091933923, 19.446117359948833 ], [ 80.786537091933923, 19.40111618070403 ], [ 80.815353059733425, 19.4011174340963 ], [ 80.812987639867742, 19.405145075384951 ], [ 80.812993874867516, 19.405239429556108 ], [ 80.812992392784736, 19.405663855602484 ], [ 80.812431880426971, 19.40609132585405 ], [ 80.811806105167705, 19.407156765272532 ], [ 80.809589659435289, 19.42024707843996 ], [ 80.813428666499817, 19.433603976742177 ], [ 80.813552279214377, 19.433679314748648 ], [ 80.813830005150692, 19.433863239596857 ], [ 80.814150614359448, 19.434061713677185 ], [ 80.814600310456001, 19.434312294476854 ], [ 80.815107162065942, 19.434504698133367 ], [ 80.81544998362989, 19.434614045801595 ], [ 80.81574116162534, 19.434701083088555 ], [ 80.816119365216593, 19.434849457736334 ], [ 80.816424403563417, 19.435017611173858 ], [ 80.81723390671948, 19.43555718731437 ], [ 80.817734798522167, 19.435865711433507 ], [ 80.818188488508, 19.436228958399738 ], [ 80.818599563219323, 19.43657379444511 ], [ 80.818892190921929, 19.4368329430859 ], [ 80.819446917940979, 19.437093404736917 ], [ 80.820275895915927, 19.437394599381321 ], [ 80.820795750823322, 19.437556692287558 ], [ 80.821350931999973, 19.437827155299033 ], [ 80.821775034290454, 19.438241257128368 ], [ 80.822171290872461, 19.438755719700737 ], [ 80.822477998360966, 19.439113889994076 ], [ 80.82269585373075, 19.439335694286907 ], [ 80.823008604663414, 19.439574243956258 ], [ 80.823312404643843, 19.439852886301711 ], [ 80.82356927350321, 19.440088619294386 ], [ 80.823868757637115, 19.440247972865681 ], [ 80.824163826999097, 19.440288038562183 ], [ 80.824519963025921, 19.440276328489801 ], [ 80.824991294112976, 19.440260855654003 ], [ 80.825221780460879, 19.440253423656603 ], [ 80.825512801974298, 19.44023371411464 ], [ 80.826293679709636, 19.440078743839024 ], [ 80.826802956791084, 19.439952560862025 ], [ 80.827177535215128, 19.439870567872443 ], [ 80.827513113639327, 19.439869528256168 ], [ 80.827765915764473, 19.439901095359293 ], [ 80.828025698427325, 19.44012137530126 ], [ 80.828341373955311, 19.440439437630001 ], [ 80.828562157517638, 19.440740757280196 ], [ 80.828695043141806, 19.440935474892285 ], [ 80.828853706933103, 19.441258729007192 ], [ 80.829007537767737, 19.441489423997776 ], [ 80.829176208315403, 19.441802335009811 ], [ 80.829427705524267, 19.442371411611418 ], [ 80.829599741335073, 19.442773765596886 ], [ 80.829787564744379, 19.443036326265482 ], [ 80.830193567279366, 19.443241917580508 ], [ 80.830460450989051, 19.443372506336171 ], [ 80.830819957674976, 19.443450317478209 ], [ 80.831165647176931, 19.443439017496701 ], [ 80.831533849076422, 19.443443769558705 ] ] ] } },
{ "type": "Feature", "properties": { "REGION": 1.0, "STATE.NAME": "Maharashtra", "DISTRICT.NAME": "Gadchiroli", "DISTRICT.AREA": 14527.292838, "GRID_G0": "182932", "woodland": 0.98409987571995139, "maskWdl": 1.0, "cropland": 0.00022313111849931889, "maskCrp": 0.0, "one": 0.015425970653237468, "maskOne": 0.0, "GRID.AREA": 0.46210614966303898, "REGION.AREA": 32202.066020262951 }, "geometry": { "type": "MultiPolygon", "coordinates": [ [ [ [ 80.875869040788004, 19.446117451310386 ], [ 80.851070539249903, 19.446118766592019 ], [ 80.851147249346127, 19.44609547632524 ], [ 80.851319189828814, 19.446046362549627 ], [ 80.851608598857808, 19.445832898569449 ], [ 80.852154110523827, 19.445498104354101 ], [ 80.852507159178117, 19.445273894374793 ], [ 80.852888562557155, 19.44512327771713 ], [ 80.853230463215368, 19.445094679276053 ], [ 80.853362409047975, 19.445090249215696 ], [ 80.853755271588568, 19.445081656193512 ], [ 80.854158271287247, 19.445098723527337 ], [ 80.854511694958831, 19.445160897257665 ], [ 80.854851744812208, 19.445205969479957 ], [ 80.855079890224829, 19.445315703856696 ], [ 80.855441308869388, 19.445446993184248 ], [ 80.855783273379416, 19.445669967495061 ], [ 80.856156591853278, 19.445874664883949 ], [ 80.856364768719175, 19.445980472820622 ], [ 80.856567744805659, 19.446030188242617 ], [ 80.856724404008105, 19.446059780434553 ], [ 80.856861385144839, 19.446055226267728 ], [ 80.856979252990186, 19.446029655843972 ], [ 80.857142561779881, 19.445993903296024 ], [ 80.857452263111497, 19.445836156813247 ], [ 80.857604714386127, 19.445752979416511 ], [ 80.857764728959125, 19.445626221772788 ], [ 80.857947492782614, 19.4454986889134 ], [ 80.858168696328335, 19.445296169682535 ], [ 80.858440857259836, 19.445127983869384 ], [ 80.858607750747183, 19.445122518689349 ], [ 80.858760052734283, 19.445136702796674 ], [ 80.858904718577946, 19.445213572348511 ], [ 80.859048457220581, 19.445266474068546 ], [ 80.859221922054132, 19.445304049542301 ], [ 80.859389740943868, 19.445322460463217 ], [ 80.859556888040004, 19.445326546982585 ], [ 80.859632334864443, 19.445314445705154 ], [ 80.859783323841384, 19.445290242250906 ], [ 80.859867975226905, 19.445249063193785 ], [ 80.860028552775532, 19.44521010905936 ], [ 80.860180373625383, 19.445209965167805 ], [ 80.860409723230191, 19.445250338432398 ], [ 80.860863826904165, 19.445399356095436 ], [ 80.861492954836081, 19.445287054154278 ], [ 80.862928554309406, 19.445086764342761 ], [ 80.863320798116376, 19.445012568475306 ], [ 80.863655293756835, 19.444902060681613 ], [ 80.863971484596391, 19.444731035708799 ], [ 80.864100664114403, 19.444583600852525 ], [ 80.864182291979262, 19.44438959820144 ], [ 80.864194133352612, 19.444274440912753 ], [ 80.864222142737731, 19.444158822271898 ], [ 80.864266464026173, 19.444050274100903 ], [ 80.864335569730827, 19.443956277859968 ], [ 80.864405257296823, 19.443877340766733 ], [ 80.864477521420554, 19.443867368184556 ], [ 80.864606269263959, 19.443863129679755 ], [ 80.864679262737866, 19.443876022360602 ], [ 80.864721865421814, 19.443935845263127 ], [ 80.864742647854996, 19.444065140793672 ], [ 80.864780520105001, 19.444216932865231 ], [ 80.864816887789175, 19.44433043000538 ], [ 80.864895760131276, 19.444503847174872 ], [ 80.865054592995136, 19.444659250923735 ], [ 80.865186013623727, 19.444723699938834 ], [ 80.865356784088362, 19.444763948197703 ], [ 80.865541874458017, 19.444757911048782 ], [ 80.865743227268183, 19.444751136455807 ], [ 80.865992789135987, 19.444742977806243 ], [ 80.866226623659827, 19.444742902263158 ], [ 80.866445601383475, 19.44478158210438 ], [ 80.866641059137635, 19.444836286965138 ], [ 80.866862711445037, 19.444943746057106 ], [ 80.867109635601267, 19.445080908856884 ], [ 80.867413970678285, 19.445246761828628 ], [ 80.867635187713802, 19.445346598266951 ], [ 80.867903737867266, 19.445414194009917 ], [ 80.868477948698455, 19.445464115376691 ], [ 80.868929840939472, 19.445479754587044 ], [ 80.869694452636963, 19.445446810621888 ], [ 80.8719116232229, 19.445113730514322 ], [ 80.872851635994266, 19.445029134886738 ], [ 80.873972788413539, 19.445045604171355 ], [ 80.874638070890342, 19.445207207846408 ], [ 80.875787318130278, 19.446038027632937 ], [ 80.875869040788004, 19.446117451310386 ] ] ], [ [ [ 80.849229457159325, 19.446118729877892 ], [ 80.846334404149218, 19.446118634582998 ], [ 80.846403328251029, 19.446047047833023 ], [ 80.846705579598904, 19.445811384987451 ], [ 80.847044672573645, 19.445614178951246 ], [ 80.847330029257478, 19.445539716884472 ], [ 80.847543459962765, 19.445498088166293 ], [ 80.847872308760088, 19.445487212664773 ], [ 80.848033544612463, 19.445521011885262 ], [ 80.848298525356711, 19.445638077535307 ], [ 80.848436838389432, 19.445706177797945 ], [ 80.848828095640158, 19.445901607673076 ], [ 80.849139861815218, 19.446051932051091 ], [ 80.849229457159325, 19.446118729877892 ] ] ], [ [ [ 80.841122967708912, 19.446118347304868 ], [ 80.831533849076422, 19.446117429900912 ], [ 80.831533849076422, 19.443443769558705 ], [ 80.831816165483701, 19.443447412668036 ], [ 80.83228865939418, 19.443461761351273 ], [ 80.832772313891212, 19.443495610933724 ], [ 80.833213699352825, 19.443520969117458 ], [ 80.833730579302824, 19.443603492707101 ], [ 80.834163723377173, 19.443688780812636 ], [ 80.834739916314163, 19.443826905887022 ], [ 80.835734425303542, 19.444062886193308 ], [ 80.836443156726375, 19.444228824600597 ], [ 80.837245822336911, 19.444381463833565 ], [ 80.837601421468491, 19.444499187787361 ], [ 80.837957025096671, 19.444616912640466 ], [ 80.838392998438167, 19.444781714304721 ], [ 80.838735132920078, 19.444959535454245 ], [ 80.839111833744198, 19.445152408556854 ], [ 80.83936361513878, 19.445250646000542 ], [ 80.839628057189145, 19.445313999641428 ], [ 80.839863845040497, 19.445378432468718 ], [ 80.840141887538152, 19.445526026504979 ], [ 80.840416019783561, 19.445636536097311 ], [ 80.840718052596117, 19.445795751173023 ], [ 80.840904958696967, 19.445908404749105 ], [ 80.841081676378337, 19.446079257052137 ], [ 80.841122967708912, 19.446118347304868 ] ] ] ] } },
{ "type": "Feature", "properties": { "REGION": 1.0, "STATE.NAME": "Maharashtra", "DISTRICT.NAME": "Gadchiroli", "DISTRICT.AREA": 14527.292838, "GRID_G0": "182262", "woodland": 0.43807770189279654, "maskWdl": 1.0, "cropland": 0.38253180058543601, "maskCrp": 0.0, "one": 0.073396357142303498, "maskOne": 0.0, "GRID.AREA": 2.2611651339049135, "REGION.AREA": 32202.066020262951 }, "geometry": { "type": "Polygon", "coordinates": [ [ [ 79.967724960446716, 19.356115752790863 ], [ 79.976536957850612, 19.356114885112937 ], [ 79.976536957850627, 19.386330426758377 ], [ 79.976163250034006, 19.386200122637604 ], [ 79.974770139030738, 19.385907730557388 ], [ 79.974043291664657, 19.385526732772576 ], [ 79.973383969894371, 19.384811807718794 ], [ 79.972720852985049, 19.38375375802957 ], [ 79.971832387554684, 19.381580068765231 ], [ 79.97150852280015, 19.379963048156185 ], [ 79.971449202618672, 19.379037370578256 ], [ 79.971605524575352, 19.377516334611187 ], [ 79.971421892906108, 19.376834197040637 ], [ 79.970626377805161, 19.375941995826505 ], [ 79.96982832301876, 19.375046927573695 ], [ 79.96953430496427, 19.374712106378642 ], [ 79.969713180119243, 19.373678757468721 ], [ 79.970240007470409, 19.372357195628126 ], [ 79.970279930174684, 19.37167565970401 ], [ 79.970238842848403, 19.371052516760301 ], [ 79.969745637551171, 19.368753293829513 ], [ 79.9695638252104, 19.367389435973735 ], [ 79.969447216415972, 19.366553946907178 ], [ 79.968862184042621, 19.364791698378212 ], [ 79.968574838957693, 19.363748159250175 ], [ 79.968154883441173, 19.362505574972374 ], [ 79.967905786522863, 19.361394269230175 ], [ 79.967580528718486, 19.360341540829499 ], [ 79.967582232034431, 19.359696006565514 ], [ 79.967732135529673, 19.358802449173762 ], [ 79.967943757698322, 19.357963184753203 ], [ 79.967971161839728, 19.356654036254838 ], [ 79.967971092591881, 19.356653883370086 ], [ 79.967724960446716, 19.356115752790863 ] ] ] } },
{ "type": "Feature", "properties": { "REGION": 1.0, "STATE.NAME": "Maharashtra", "DISTRICT.NAME": "Gadchiroli", "DISTRICT.AREA": 14527.292838, "GRID_G0": "182264", "woodland": 0.65718789294233226, "maskWdl": 1.0, "cropland": 0.19075729888825341, "maskCrp": 0.0, "one": 0.15120191780767323, "maskOne": 0.0, "GRID.AREA": 23.620618451046123, "REGION.AREA": 32202.066020262951 }, "geometry": { "type": "Polygon", "coordinates": [ [ [ 80.021533747255191, 19.356114928978268 ], [ 80.066534923665401, 19.356114874560333 ], [ 80.066534923665401, 19.401116160164246 ], [ 80.021533747255191, 19.401116192133735 ], [ 80.021533747255191, 19.356114928978268 ] ] ] } },
{ "type": "Feature", "properties": { "REGION": 1.0, "STATE.NAME": "Maharashtra", "DISTRICT.NAME": "Gadchiroli", "DISTRICT.AREA": 14527.292838, "GRID_G0": "182265", "woodland": 0.92779272717026362, "maskWdl": 1.0, "cropland": 0.0041477905040578572, "maskCrp": 0.0, "one": 0.068059482325678475, "maskOne": 0.0, "GRID.AREA": 23.620647396016086, "REGION.AREA": 32202.066020262951 }, "geometry": { "type": "Polygon", "coordinates": [ [ [ 80.066534923665401, 19.356114874560333 ], [ 80.111536188429895, 19.356114939559198 ], [ 80.111536188429895, 19.40111613628968 ], [ 80.066534923665401, 19.401116160164246 ], [ 80.066534923665401, 19.356114874560333 ] ] ] } },
{ "type": "Feature", "properties": { "REGION": 1.0, "STATE.NAME": "Maharashtra", "DISTRICT.NAME": "Gadchiroli", "DISTRICT.AREA": 14527.292838, "GRID_G0": "182266", "woodland": 0.97093501191501519, "maskWdl": 1.0, "cropland": 0.0015203296398057001, "maskCrp": 0.0, "one": 0.027249732820300378, "maskOne": 0.0, "GRID.AREA": 23.620603710315748, "REGION.AREA": 32202.066020262951 }, "geometry": { "type": "Polygon", "coordinates": [ [ [ 80.111536188429895, 19.356114939559198 ], [ 80.156537424750198, 19.35611494469039 ], [ 80.156537424750198, 19.40111612072986 ], [ 80.111536188429895, 19.40111613628968 ], [ 80.111536188429895, 19.356114939559198 ] ] ] } },
{ "type": "Feature", "properties": { "REGION": 1.0, "STATE.NAME": "Maharashtra", "DISTRICT.NAME": "Gadchiroli", "DISTRICT.AREA": 14527.292838, "GRID_G0": "182267", "woodland": 0.92196718980602044, "maskWdl": 1.0, "cropland": 0.029705271869454552, "maskCrp": 0.0, "one": 0.046980428311813587, "maskOne": 0.0, "GRID.AREA": 23.618300340259008, "REGION.AREA": 32202.066020262951 }, "geometry": { "type": "Polygon", "coordinates": [ [ [ 80.156537424750198, 19.35611494469039 ], [ 80.201534259565875, 19.356114929719006 ], [ 80.201534259565875, 19.401116152845479 ], [ 80.156537424750198, 19.40111612072986 ], [ 80.156537424750198, 19.35611494469039 ] ] ] } },
{ "type": "Feature", "properties": { "REGION": 1.0, "STATE.NAME": "Maharashtra", "DISTRICT.NAME": "Gadchiroli", "DISTRICT.AREA": 14527.292838, "GRID_G0": "182268", "woodland": 0.86961948228218011, "maskWdl": 1.0, "cropland": 0.048690592515210539, "maskCrp": 0.0, "one": 0.081518549621193828, "maskOne": 0.0, "GRID.AREA": 23.620640305916105, "REGION.AREA": 32202.066020262951 }, "geometry": { "type": "Polygon", "coordinates": [ [ [ 80.201534259565875, 19.356114929719006 ], [ 80.246535515872466, 19.356114929923564 ], [ 80.246535515872452, 19.401116179042862 ], [ 80.201534259565875, 19.401116152845479 ], [ 80.201534259565875, 19.356114929719006 ] ] ] } },
{ "type": "Feature", "properties": { "REGION": 1.0, "STATE.NAME": "Maharashtra", "DISTRICT.NAME": "Gadchiroli", "DISTRICT.AREA": 14527.292838, "GRID_G0": "182269", "woodland": 0.76692780546752182, "maskWdl": 1.0, "cropland": 0.12241703288819117, "maskCrp": 0.0, "one": 0.10744368732792726, "maskOne": 0.0, "GRID.AREA": 23.620627454656173, "REGION.AREA": 32202.066020262951 }, "geometry": { "type": "Polygon", "coordinates": [ [ [ 80.246535515872466, 19.356114929923564 ], [ 80.291536732472025, 19.356114889331621 ], [ 80.291536732472025, 19.401116142897624 ], [ 80.246535515872452, 19.401116179042862 ], [ 80.246535515872466, 19.356114929923564 ] ] ] } },
{ "type": "Feature", "properties": { "REGION": 1.0, "STATE.NAME": "Maharashtra", "DISTRICT.NAME": "Gadchiroli", "DISTRICT.AREA": 14527.292838, "GRID_G0": "182270", "woodland": 0.7338666062263105, "maskWdl": 1.0, "cropland": 0.13270367170899591, "maskCrp": 0.0, "one": 0.13143201438244306, "maskOne": 0.0, "GRID.AREA": 23.61831094073537, "REGION.AREA": 32202.066020262951 }, "geometry": { "type": "Polygon", "coordinates": [ [ [ 80.291536732472025, 19.356114889331621 ], [ 80.336533542262686, 19.35611494114583 ], [ 80.336533542262686, 19.401116177196354 ], [ 80.291536732472025, 19.401116142897624 ], [ 80.291536732472025, 19.356114889331621 ] ] ] } },
{ "type": "Feature", "properties": { "REGION": 1.0, "STATE.NAME": "Maharashtra", "DISTRICT.NAME": "Gadchiroli", "DISTRICT.AREA": 14527.292838, "GRID_G0": "182271", "woodland": 0.74909958753271144, "maskWdl": 1.0, "cropland": 0.10832106694399683, "maskCrp": 0.0, "one": 0.12065731118439477, "maskOne": 0.0, "GRID.AREA": 23.620606323032195, "REGION.AREA": 32202.066020262951 }, "geometry": { "type": "Polygon", "coordinates": [ [ [ 80.336533542262686, 19.35611494114583 ], [ 80.381534753204193, 19.356114933330481 ], [ 80.381534753204193, 19.401116130768479 ], [ 80.336533542262686, 19.401116177196354 ], [ 80.336533542262686, 19.35611494114583 ] ] ] } },
{ "type": "Feature", "properties": { "REGION": 1.0, "STATE.NAME": "Maharashtra", "DISTRICT.NAME": "Gadchiroli", "DISTRICT.AREA": 14527.292838, "GRID_G0": "182272", "woodland": 0.88872052556988024, "maskWdl": 1.0, "cropland": 0.052755862205295559, "maskCrp": 0.0, "one": 0.0585196267701397, "maskOne": 0.0, "GRID.AREA": 23.620620209142359, "REGION.AREA": 32202.066020262951 }, "geometry": { "type": "Polygon", "coordinates": [ [ [ 80.381534753204193, 19.356114933330481 ], [ 80.426535995054564, 19.356114907869543 ], [ 80.426535995054564, 19.401116135002653 ], [ 80.381534753204193, 19.401116130768479 ], [ 80.381534753204193, 19.356114933330481 ] ] ] } },
{ "type": "Feature", "properties": { "REGION": 1.0, "STATE.NAME": "Maharashtra", "DISTRICT.NAME": "Gadchiroli", "DISTRICT.AREA": 14527.292838, "GRID_G0": "182273", "woodland": 0.81461102440353994, "maskWdl": 1.0, "cropland": 0.083077141120593306, "maskCrp": 0.0, "one": 0.1011800096048731, "maskOne": 0.0, "GRID.AREA": 23.620628621714037, "REGION.AREA": 32202.066020262951 }, "geometry": { "type": "Polygon", "coordinates": [ [ [ 80.426535995054564, 19.356114907869543 ], [ 80.471537233983682, 19.356114869355061 ], [ 80.471537233983682, 19.401116104677847 ], [ 80.426535995054564, 19.401116135002653 ], [ 80.426535995054564, 19.356114907869543 ] ] ] } },
{ "type": "Feature", "properties": { "REGION": 1.0, "STATE.NAME": "Maharashtra", "DISTRICT.NAME": "Gadchiroli", "DISTRICT.AREA": 14527.292838, "GRID_G0": "182274", "woodland": 0.84485062200993855, "maskWdl": 1.0, "cropland": 0.084658005233303982, "maskCrp": 0.0, "one": 0.070459493856792524, "maskOne": 0.0, "GRID.AREA": 23.618316634794411, "REGION.AREA": 32202.066020262951 }, "geometry": { "type": "Polygon", "coordinates": [ [ [ 80.471537233983682, 19.356114869355061 ], [ 80.516534026046131, 19.356114861538561 ], [ 80.516534026046131, 19.401116172971019 ], [ 80.471537233983682, 19.401116104677847 ], [ 80.471537233983682, 19.356114869355061 ] ] ] } },
{ "type": "Feature", "properties": { "REGION": 1.0, "STATE.NAME": "Maharashtra", "DISTRICT.NAME": "Gadchiroli", "DISTRICT.AREA": 14527.292838, "GRID_G0": "182275", "woodland": 0.69094747933569756, "maskWdl": 1.0, "cropland": 0.054988305405656364, "maskCrp": 0.0, "one": 0.11014518513086825, "maskOne": 0.0, "GRID.AREA": 13.519387606329383, "REGION.AREA": 32202.066020262951 }, "geometry": { "type": "Polygon", "coordinates": [ [ [ 80.561535328445359, 19.398211723637207 ], [ 80.561535328445359, 19.401116187228055 ], [ 80.516534026046131, 19.401116172971019 ], [ 80.516534026046131, 19.356114861538561 ], [ 80.525026450098125, 19.356115716873486 ], [ 80.525332939963278, 19.356689272591893 ], [ 80.525392332989838, 19.356800462971023 ], [ 80.525724628888554, 19.357422554607236 ], [ 80.52692745054145, 19.359455843512421 ], [ 80.527716399692167, 19.360937722098246 ], [ 80.529004943823168, 19.362952882469585 ], [ 80.530713264505607, 19.364593302538935 ], [ 80.531597422183324, 19.366224346276624 ], [ 80.532938467836061, 19.368370447038558 ], [ 80.534155361181035, 19.370579805213879 ], [ 80.53520638716509, 19.372246977416129 ], [ 80.536747337719532, 19.374501630845657 ], [ 80.537560305064062, 19.376010585320326 ], [ 80.538544493433676, 19.377641618266125 ], [ 80.539534281881686, 19.378640206580314 ], [ 80.541686148197243, 19.379964459192482 ], [ 80.542723950549941, 19.38074169917013 ], [ 80.543323411646213, 19.381460194532394 ], [ 80.543751064460139, 19.382408921734395 ], [ 80.543988433319612, 19.383185864036417 ], [ 80.544292786383039, 19.383728087781094 ], [ 80.545606796616426, 19.384518936299912 ], [ 80.545659969032386, 19.384544249517546 ], [ 80.547192340953814, 19.385273774165398 ], [ 80.548140247974118, 19.385481869192972 ], [ 80.549440193710041, 19.386137249234707 ], [ 80.550358740563468, 19.386982217155662 ], [ 80.551372592171447, 19.387876965249802 ], [ 80.552219984664646, 19.388387647072307 ], [ 80.553476487749791, 19.389612066843483 ], [ 80.554609446468817, 19.39046610172926 ], [ 80.555394267731344, 19.391627265885688 ], [ 80.556374420842928, 19.392973549190007 ], [ 80.55776858675091, 19.394631607662632 ], [ 80.559343785287524, 19.396461410565678 ], [ 80.56078131830327, 19.397690390798974 ], [ 80.561535328445359, 19.398211723637207 ] ] ] } },
{ "type": "Feature", "properties": { "REGION": 1.0, "STATE.NAME": "Maharashtra", "DISTRICT.NAME": "Gadchiroli", "DISTRICT.AREA": 14527.292838, "GRID_G0": "182276", "woodland": 0.75607168047403417, "maskWdl": 1.0, "cropland": 0.046117056684729138, "maskCrp": 0.0, "one": 0.096458242232425467, "maskOne": 0.0, "GRID.AREA": 10.162570918035259, "REGION.AREA": 32202.066020262951 }, "geometry": { "type": "MultiPolygon", "coordinates": [ [ [ [ 80.590800162183541, 19.356116141108167 ], [ 80.606536524577095, 19.356114870334981 ], [ 80.606536524577095, 19.401116180562965 ], [ 80.578128833889451, 19.401117473629828 ], [ 80.578535199040289, 19.400860867035419 ], [ 80.579465079150168, 19.399826637689213 ], [ 80.580486689209408, 19.398584794452745 ], [ 80.580590796528114, 19.398458241854431 ], [ 80.581101249922824, 19.397735641986344 ], [ 80.582280139716715, 19.395427672249298 ], [ 80.582776256119359, 19.39469152409464 ], [ 80.584394229110444, 19.391660957187469 ], [ 80.585440142448647, 19.388716072288958 ], [ 80.586562243652679, 19.385965421167327 ], [ 80.587798489508728, 19.383214753857832 ], [ 80.588740112965922, 19.380831119660517 ], [ 80.588786973040442, 19.380712493686705 ], [ 80.589625523399263, 19.380249006486505 ], [ 80.589915338921799, 19.379779251011659 ], [ 80.590429671991842, 19.378198513550618 ], [ 80.591796083022871, 19.375944807107206 ], [ 80.591753478540284, 19.375086656923713 ], [ 80.591339626722458, 19.37380377672298 ], [ 80.589222087529379, 19.371820410083902 ], [ 80.588384645135307, 19.37087174403581 ], [ 80.588222994695514, 19.370289028316051 ], [ 80.588294626595825, 19.36915079597253 ], [ 80.588885361570249, 19.366775027245751 ], [ 80.589118384006269, 19.36612971961091 ], [ 80.589180564031835, 19.365957526418757 ], [ 80.589333111533904, 19.364936711360198 ], [ 80.589319186431339, 19.363315118597882 ], [ 80.589423591425657, 19.362718992187808 ], [ 80.589528811205753, 19.362118215383365 ], [ 80.590043135282542, 19.360659382824281 ], [ 80.590709795520695, 19.358685665011478 ], [ 80.590838507391254, 19.357728045313081 ], [ 80.590800752053099, 19.356169745937052 ], [ 80.590800162183541, 19.356116141108167 ] ] ], [ [ [ 80.568504552985956, 19.401116910906712 ], [ 80.561535328445359, 19.401116187228055 ], [ 80.561535328445359, 19.398211723637207 ], [ 80.562604777388628, 19.398951144080058 ], [ 80.564890640890439, 19.399986045219862 ], [ 80.567619797315857, 19.400872073487445 ], [ 80.568504552985956, 19.401116910906712 ] ] ] ] } },
{ "type": "Feature", "properties": { "REGION": 1.0, "STATE.NAME": "Maharashtra", "DISTRICT.NAME": "Gadchiroli", "DISTRICT.AREA": 14527.292838, "GRID_G0": "182277", "woodland": 0.79356861494833086, "maskWdl": 1.0, "cropland": 0.077141367199742863, "maskCrp": 0.0, "one": 0.11666170036991182, "maskOne": 0.0, "GRID.AREA": 23.620686408846229, "REGION.AREA": 32202.066020262951 }, "geometry": { "type": "Polygon", "coordinates": [ [ [ 80.606536524577095, 19.356114870334981 ], [ 80.651537833484383, 19.356114938149222 ], [ 80.651537833484383, 19.401116170628601 ], [ 80.606536524577095, 19.401116180562965 ], [ 80.606536524577095, 19.356114870334981 ] ] ] } },
{ "type": "Feature", "properties": { "REGION": 1.0, "STATE.NAME": "Maharashtra", "DISTRICT.NAME": "Gadchiroli", "DISTRICT.AREA": 14527.292838, "GRID_G0": "182278", "woodland": 0.81270568929736231, "maskWdl": 1.0, "cropland": 0.096867882400409763, "maskCrp": 0.0, "one": 0.090175315182539573, "maskOne": 0.0, "GRID.AREA": 23.618284659152717, "REGION.AREA": 32202.066020262951 }, "geometry": { "type": "Polygon", "coordinates": [ [ [ 80.651537833484383, 19.356114938149222 ], [ 80.696534565494375, 19.356114879961552 ], [ 80.696534565494375, 19.401116192528281 ], [ 80.651537833484383, 19.401116170628601 ], [ 80.651537833484383, 19.356114938149222 ] ] ] } },
{ "type": "Feature", "properties": { "REGION": 1.0, "STATE.NAME": "Maharashtra", "DISTRICT.NAME": "Gadchiroli", "DISTRICT.AREA": 14527.292838, "GRID_G0": "182279", "woodland": 0.99372872075157626, "maskWdl": 1.0, "cropland": 0.0026163549214136212, "maskCrp": 0.0, "one": 0.0036549243270101099, "maskOne": 0.0, "GRID.AREA": 23.620674623448963, "REGION.AREA": 32202.066020262951 }, "geometry": { "type": "Polygon", "coordinates": [ [ [ 80.696534565494375, 19.356114879961552 ], [ 80.741535826139469, 19.356114899967029 ], [ 80.741535826139469, 19.40111618172509 ], [ 80.696534565494375, 19.401116192528281 ], [ 80.696534565494375, 19.356114879961552 ] ] ] } },
{ "type": "Feature", "properties": { "REGION": 1.0, "STATE.NAME": "Maharashtra", "DISTRICT.NAME": "Gadchiroli", "DISTRICT.AREA": 14527.292838, "GRID_G0": "182280", "woodland": 0.99874671969851458, "maskWdl": 1.0, "cropland": 0.00020722622556279755, "maskCrp": 0.0, "one": 0.0010460540759226679, "maskOne": 0.0, "GRID.AREA": 23.620679117419563, "REGION.AREA": 32202.066020262951 }, "geometry": { "type": "Polygon", "coordinates": [ [ [ 80.741535826139469, 19.356114899967029 ], [ 80.786537091933923, 19.356114861316772 ], [ 80.786537091933923, 19.40111618070403 ], [ 80.741535826139469, 19.40111618172509 ], [ 80.741535826139469, 19.356114899967029 ] ] ] } },
{ "type": "Feature", "properties": { "REGION": 1.0, "STATE.NAME": "Maharashtra", "DISTRICT.NAME": "Gadchiroli", "DISTRICT.AREA": 14527.292838, "GRID_G0": "182281", "woodland": 0.99088989811465034, "maskWdl": 1.0, "cropland": 0.00079711518276129366, "maskCrp": 0.0, "one": 0.0083129867025882893, "maskOne": 0.0, "GRID.AREA": 21.141134568497304, "REGION.AREA": 32202.066020262951 }, "geometry": { "type": "Polygon", "coordinates": [ [ [ 80.815353059733425, 19.4011174340963 ], [ 80.786537091933923, 19.40111618070403 ], [ 80.786537091933923, 19.356114861316772 ], [ 80.831533849076422, 19.356114901919831 ], [ 80.831533849076422, 19.378767468676379 ], [ 80.830502996116437, 19.379167619390159 ], [ 80.828024452866259, 19.38009108913252 ], [ 80.826573273537804, 19.382009449176792 ], [ 80.815353059733425, 19.4011174340963 ] ] ] } },
{ "type": "Feature", "properties": { "REGION": 1.0, "STATE.NAME": "Maharashtra", "DISTRICT.NAME": "Gadchiroli", "DISTRICT.AREA": 14527.292838, "GRID_G0": "182282", "woodland": 0.98397522083446476, "maskWdl": 1.0, "cropland": 0.00026702717726886119, "maskCrp": 0.0, "one": 0.015757751988266427, "maskOne": 0.0, "GRID.AREA": 3.7521730667460913, "REGION.AREA": 32202.066020262951 }, "geometry": { "type": "Polygon", "coordinates": [ [ [ 80.831533849076422, 19.378767468676379 ], [ 80.831533849076422, 19.356114901919831 ], [ 80.847141308635614, 19.356116168457024 ], [ 80.847235205640288, 19.356226784538535 ], [ 80.847387239629484, 19.356505386414483 ], [ 80.847608421591417, 19.356838330724429 ], [ 80.847852383380825, 19.3572238592937 ], [ 80.848182247512796, 19.357666669281404 ], [ 80.848478020144569, 19.357997259166211 ], [ 80.848897874937052, 19.358485287965721 ], [ 80.849184673234163, 19.358773589929285 ], [ 80.849539138320608, 19.359279441493069 ], [ 80.849924215430235, 19.359805506219175 ], [ 80.850147366008173, 19.360188029254175 ], [ 80.850378586202851, 19.360591538868448 ], [ 80.850573276835306, 19.36101748476915 ], [ 80.850712073703278, 19.361357601172415 ], [ 80.850879406959109, 19.36184835761566 ], [ 80.850932178277446, 19.362066361373536 ], [ 80.850991920240972, 19.362269995763768 ], [ 80.851151994169243, 19.362562419320223 ], [ 80.851426150696341, 19.362914896005691 ], [ 80.851551172648556, 19.363066726748116 ], [ 80.85166616446196, 19.363147990387517 ], [ 80.851942135821005, 19.363344508442367 ], [ 80.852095570054587, 19.363459900454078 ], [ 80.852423071667488, 19.363633529863534 ], [ 80.852987299124607, 19.363858610386615 ], [ 80.852584933447986, 19.364462836091036 ], [ 80.851547062746818, 19.366021363894902 ], [ 80.850863765950123, 19.367265498603899 ], [ 80.850456043911379, 19.369160864782145 ], [ 80.849400369331647, 19.369571186760936 ], [ 80.847873471583512, 19.370066937139484 ], [ 80.842906833383722, 19.371239895005203 ], [ 80.840586854999401, 19.372629829603 ], [ 80.83811441454867, 19.374514333769525 ], [ 80.835889659979898, 19.376261663445064 ], [ 80.834034281257118, 19.376432716296847 ], [ 80.833105052256428, 19.377505592209388 ], [ 80.831951742778756, 19.378605250831693 ], [ 80.831533849076422, 19.378767468676379 ] ] ] } },
{ "type": "Feature", "properties": { "REGION": 1.0, "STATE.NAME": "Maharashtra", "DISTRICT.NAME": "Gadchiroli", "DISTRICT.AREA": 14527.292838, "GRID_G0": "181613", "woodland": 0.44485059809779165, "maskWdl": 1.0, "cropland": 0.39861377517888991, "maskCrp": 0.0, "one": 0.15168998536596384, "maskOne": 0.0, "GRID.AREA": 23.622468312268193, "REGION.AREA": 32202.066020262951 }, "geometry": { "type": "Polygon", "coordinates": [ [ [ 79.976536957850612, 19.311118137750032 ], [ 80.021533747255191, 19.311118136095068 ], [ 80.021533747255191, 19.356114928978268 ], [ 79.976536957850612, 19.356114885112937 ], [ 79.976536957850612, 19.311118137750032 ] ] ] } },
{ "type": "Feature", "properties": { "REGION": 1.0, "STATE.NAME": "Maharashtra", "DISTRICT.NAME": "Gadchiroli", "DISTRICT.AREA": 14527.292838, "GRID_G0": "181614", "woodland": 0.838832789459102, "maskWdl": 1.0, "cropland": 0.11577879962925826, "maskCrp": 0.0, "one": 0.045057697446547397, "maskOne": 0.0, "GRID.AREA": 23.624766199032525, "REGION.AREA": 32202.066020262951 }, "geometry": { "type": "Polygon", "coordinates": [ [ [ 80.021533747255191, 19.311118136095068 ], [ 80.066534923665401, 19.311118147039615 ], [ 80.066534923665401, 19.356114874560333 ], [ 80.021533747255191, 19.356114928978268 ], [ 80.021533747255191, 19.311118136095068 ] ] ] } },
{ "type": "Feature", "properties": { "REGION": 1.0, "STATE.NAME": "Maharashtra", "DISTRICT.NAME": "Gadchiroli", "DISTRICT.AREA": 14527.292838, "GRID_G0": "181615", "woodland": 0.95003831718677534, "maskWdl": 1.0, "cropland": 0.023938589222265702, "maskCrp": 0.0, "one": 0.025963325712663212, "maskOne": 0.0, "GRID.AREA": 23.624819724823595, "REGION.AREA": 32202.066020262951 }, "geometry": { "type": "Polygon", "coordinates": [ [ [ 80.066534923665401, 19.311118147039615 ], [ 80.111536188429895, 19.311118119473026 ], [ 80.111536188429895, 19.356114939559198 ], [ 80.066534923665401, 19.356114874560333 ], [ 80.066534923665401, 19.311118147039615 ] ] ] } },
{ "type": "Feature", "properties": { "REGION": 1.0, "STATE.NAME": "Maharashtra", "DISTRICT.NAME": "Gadchiroli", "DISTRICT.AREA": 14527.292838, "GRID_G0": "181616", "woodland": 0.78704177653546381, "maskWdl": 1.0, "cropland": 0.11781978777392815, "maskCrp": 0.0, "one": 0.094807724104584531, "maskOne": 0.0, "GRID.AREA": 23.624824165015831, "REGION.AREA": 32202.066020262951 }, "geometry": { "type": "Polygon", "coordinates": [ [ [ 80.111536188429895, 19.311118119473026 ], [ 80.156537424750198, 19.311118143363817 ], [ 80.156537424750198, 19.35611494469039 ], [ 80.111536188429895, 19.356114939559198 ], [ 80.111536188429895, 19.311118119473026 ] ] ] } },
{ "type": "Feature", "properties": { "REGION": 1.0, "STATE.NAME": "Maharashtra", "DISTRICT.NAME": "Gadchiroli", "DISTRICT.AREA": 14527.292838, "GRID_G0": "181617", "woodland": 0.95240084554816917, "maskWdl": 1.0, "cropland": 0.024266904965177839, "maskCrp": 0.0, "one": 0.023332249486652929, "maskOne": 0.0, "GRID.AREA": 23.622521394208828, "REGION.AREA": 32202.066020262951 }, "geometry": { "type": "Polygon", "coordinates": [ [ [ 80.156537424750198, 19.311118143363817 ], [ 80.201534259565875, 19.31111807939638 ], [ 80.201534259565875, 19.356114929719006 ], [ 80.156537424750198, 19.35611494469039 ], [ 80.156537424750198, 19.311118143363817 ] ] ] } },
{ "type": "Feature", "properties": { "REGION": 1.0, "STATE.NAME": "Maharashtra", "DISTRICT.NAME": "Gadchiroli", "DISTRICT.AREA": 14527.292838, "GRID_G0": "181618", "woodland": 0.8945312640079307, "maskWdl": 1.0, "cropland": 0.041603130843486116, "maskCrp": 0.0, "one": 0.06369825706975904, "maskOne": 0.0, "GRID.AREA": 23.624839214749993, "REGION.AREA": 32202.066020262951 }, "geometry": { "type": "Polygon", "coordinates": [ [ [ 80.201534259565875, 19.31111807939638 ], [ 80.246535515872466, 19.311118141482577 ], [ 80.246535515872466, 19.356114929923564 ], [ 80.201534259565875, 19.356114929719006 ], [ 80.201534259565875, 19.31111807939638 ] ] ] } },
{ "type": "Feature", "properties": { "REGION": 1.0, "STATE.NAME": "Maharashtra", "DISTRICT.NAME": "Gadchiroli", "DISTRICT.AREA": 14527.292838, "GRID_G0": "181619", "woodland": 0.89124118974435285, "maskWdl": 1.0, "cropland": 0.051319682242074678, "maskCrp": 0.0, "one": 0.057399283539782096, "maskOne": 0.0, "GRID.AREA": 23.624803788884599, "REGION.AREA": 32202.066020262951 }, "geometry": { "type": "Polygon", "coordinates": [ [ [ 80.246535515872466, 19.311118141482577 ], [ 80.291536732472025, 19.311118094553333 ], [ 80.291536732472025, 19.356114889331621 ], [ 80.246535515872466, 19.356114929923564 ], [ 80.246535515872466, 19.311118141482577 ] ] ] } },
{ "type": "Feature", "properties": { "REGION": 1.0, "STATE.NAME": "Maharashtra", "DISTRICT.NAME": "Gadchiroli", "DISTRICT.AREA": 14527.292838, "GRID_G0": "181620", "woodland": 0.76018659460956295, "maskWdl": 1.0, "cropland": 0.13636847488192566, "maskCrp": 0.0, "one": 0.10344094565460626, "maskOne": 0.0, "GRID.AREA": 23.622511429623451, "REGION.AREA": 32202.066020262951 }, "geometry": { "type": "Polygon", "coordinates": [ [ [ 80.291536732472025, 19.311118094553333 ], [ 80.336533542262686, 19.311118072200298 ], [ 80.336533542262686, 19.35611494114583 ], [ 80.291536732472025, 19.356114889331621 ], [ 80.291536732472025, 19.311118094553333 ] ] ] } },
{ "type": "Feature", "properties": { "REGION": 1.0, "STATE.NAME": "Maharashtra", "DISTRICT.NAME": "Gadchiroli", "DISTRICT.AREA": 14527.292838, "GRID_G0": "181621", "woodland": 0.84320023090237106, "maskWdl": 1.0, "cropland": 0.067016211262664147, "maskCrp": 0.0, "one": 0.071455614397821748, "maskOne": 0.0, "GRID.AREA": 23.624831782440353, "REGION.AREA": 32202.066020262951 }, "geometry": { "type": "Polygon", "coordinates": [ [ [ 80.336533542262686, 19.311118072200298 ], [ 80.381534753204193, 19.311118101107382 ], [ 80.381534753204193, 19.356114933330481 ], [ 80.336533542262686, 19.35611494114583 ], [ 80.336533542262686, 19.311118072200298 ] ] ] } },
{ "type": "Feature", "properties": { "REGION": 1.0, "STATE.NAME": "Maharashtra", "DISTRICT.NAME": "Gadchiroli", "DISTRICT.AREA": 14527.292838, "GRID_G0": "181622", "woodland": 0.79616221895359518, "maskWdl": 1.0, "cropland": 0.11752155546343049, "maskCrp": 0.0, "one": 0.085708854899568088, "maskOne": 0.0, "GRID.AREA": 23.624823075749486, "REGION.AREA": 32202.066020262951 }, "geometry": { "type": "Polygon", "coordinates": [ [ [ 80.381534753204193, 19.311118101107382 ], [ 80.426535995054564, 19.311118133898031 ], [ 80.426535995054564, 19.356114907869543 ], [ 80.381534753204193, 19.356114933330481 ], [ 80.381534753204193, 19.311118101107382 ] ] ] } },
{ "type": "Feature", "properties": { "REGION": 1.0, "STATE.NAME": "Maharashtra", "DISTRICT.NAME": "Gadchiroli", "DISTRICT.AREA": 14527.292838, "GRID_G0": "181623", "woodland": 0.65735602889284039, "maskWdl": 1.0, "cropland": 0.20436714171378922, "maskCrp": 0.0, "one": 0.11175889257978312, "maskOne": 0.0, "GRID.AREA": 23.60050440862242, "REGION.AREA": 32202.066020262951 }, "geometry": { "type": "Polygon", "coordinates": [ [ [ 80.471537233983682, 19.314092995243094 ], [ 80.471537233983682, 19.356114869355061 ], [ 80.426535995054564, 19.356114907869543 ], [ 80.426535995054564, 19.311118133898031 ], [ 80.470076327151943, 19.311118260154124 ], [ 80.470358627948372, 19.311591522131099 ], [ 80.47134989038517, 19.313668302250392 ], [ 80.471537233983682, 19.314092995243094 ] ] ] } },
{ "type": "Feature", "properties": { "REGION": 1.0, "STATE.NAME": "Maharashtra", "DISTRICT.NAME": "Gadchiroli", "DISTRICT.AREA": 14527.292838, "GRID_G0": "181624", "woodland": 0.6897086378693843, "maskWdl": 1.0, "cropland": 0.044691018390343708, "maskCrp": 0.0, "one": 0.10951938142694463, "maskOne": 0.0, "GRID.AREA": 9.017263113799256, "REGION.AREA": 32202.066020262951 }, "geometry": { "type": "Polygon", "coordinates": [ [ [ 80.516534026046131, 19.345940387213876 ], [ 80.516534026046131, 19.356114861538561 ], [ 80.471537233983682, 19.356114869355061 ], [ 80.471537233983682, 19.314092995243094 ], [ 80.471883644314801, 19.314878273513557 ], [ 80.472665252299635, 19.316458444401746 ], [ 80.472861040104988, 19.317533095575925 ], [ 80.473566598719628, 19.319239695855341 ], [ 80.474701460404106, 19.322562822116598 ], [ 80.475178514776701, 19.324206296283592 ], [ 80.475655583538412, 19.325849773148548 ], [ 80.476070582891168, 19.327285693679865 ], [ 80.477062279700533, 19.329755148381423 ], [ 80.478510936430609, 19.332445696012087 ], [ 80.478523081774881, 19.332464899235788 ], [ 80.478613928589994, 19.332608343800072 ], [ 80.480154745145455, 19.335041230268587 ], [ 80.481507774264401, 19.336819532595428 ], [ 80.482512947414648, 19.337965905602118 ], [ 80.484184673783716, 19.339536267584723 ], [ 80.485589594684086, 19.340610005047719 ], [ 80.486589611121701, 19.341092494023428 ], [ 80.487203728469368, 19.341263651196584 ], [ 80.48836059116843, 19.341596993006871 ], [ 80.490145987347489, 19.341965968654563 ], [ 80.491607413551378, 19.342249291071994 ], [ 80.493052273343778, 19.342575583096732 ], [ 80.494497141230113, 19.342901858034395 ], [ 80.495763473005923, 19.343059022655837 ], [ 80.496858199746157, 19.342999401201439 ], [ 80.498498786190112, 19.342873999735328 ], [ 80.501335085146138, 19.34283865008371 ], [ 80.502525838796487, 19.342600775805181 ], [ 80.503702972214455, 19.342365612083366 ], [ 80.505484760313493, 19.342117944187805 ], [ 80.506918259869849, 19.342272284938076 ], [ 80.508956183880855, 19.342860461341274 ], [ 80.511774884003728, 19.343778759981831 ], [ 80.513798593330478, 19.344258638225597 ], [ 80.514541230093755, 19.344575161814305 ], [ 80.515295771182934, 19.345137947658202 ], [ 80.516159302909557, 19.345782016027272 ], [ 80.516534026046131, 19.345940387213876 ] ] ] } },
{ "type": "Feature", "properties": { "REGION": 1.0, "STATE.NAME": "Maharashtra", "DISTRICT.NAME": "Gadchiroli", "DISTRICT.AREA": 14527.292838, "GRID_G0": "181625", "woodland": 0.92772710982316675, "maskWdl": 1.0, "cropland": 0.0061025356044003502, "maskCrp": 0.0, "one": 0.016824320915741754, "maskOne": 0.0, "GRID.AREA": 0.68382549658309144, "REGION.AREA": 32202.066020262951 }, "geometry": { "type": "Polygon", "coordinates": [ [ [ 80.525026450098125, 19.356115716873486 ], [ 80.516534026046131, 19.356114861538561 ], [ 80.516534026046131, 19.345940387213876 ], [ 80.518235072190862, 19.346659295690014 ], [ 80.519056358264379, 19.34695327057705 ], [ 80.519877643438576, 19.34724723826946 ], [ 80.520448869419852, 19.347622391360346 ], [ 80.521057526084007, 19.348440240224935 ], [ 80.522008499792491, 19.349868161286683 ], [ 80.523330205524644, 19.351969244684938 ], [ 80.52404276716004, 19.3536996554148 ], [ 80.524954554708984, 19.355981173392479 ], [ 80.525026450098125, 19.356115716873486 ] ] ] } },
{ "type": "Feature", "properties": { "REGION": 1.0, "STATE.NAME": "Maharashtra", "DISTRICT.NAME": "Gadchiroli", "DISTRICT.AREA": 14527.292838, "GRID_G0": "181626", "woodland": 0.87050360801545323, "maskWdl": 1.0, "cropland": 0.010863055593697032, "maskCrp": 0.0, "one": 0.046765895426085634, "maskOne": 0.0, "GRID.AREA": 3.2400424042941007, "REGION.AREA": 32202.066020262951 }, "geometry": { "type": "Polygon", "coordinates": [ [ [ 80.606536524577095, 19.326978883538221 ], [ 80.606536524577095, 19.356114870334981 ], [ 80.590800162183541, 19.356116141108167 ], [ 80.590786685756996, 19.354891451379448 ], [ 80.590078061353495, 19.352944515377146 ], [ 80.589935461252594, 19.352334746251586 ], [ 80.590030733631522, 19.35180181879895 ], [ 80.591477831836528, 19.349737871105901 ], [ 80.592801108684284, 19.347971953343006 ], [ 80.593486515290522, 19.346888052641589 ], [ 80.594486149516229, 19.345216992670142 ], [ 80.595304888709677, 19.34397046936175 ], [ 80.596085582983335, 19.342177409160175 ], [ 80.597066043663062, 19.340777331108999 ], [ 80.597951389345212, 19.339119761867551 ], [ 80.598855734104916, 19.337927432605003 ], [ 80.599679053545515, 19.336879695441667 ], [ 80.600921279893214, 19.335190553701128 ], [ 80.602491792062608, 19.333284639374657 ], [ 80.603248516705719, 19.33213292889161 ], [ 80.603971980822337, 19.330366898713464 ], [ 80.604509767311995, 19.329088706678533 ], [ 80.605423467718936, 19.327833132593074 ], [ 80.60548238140683, 19.327791746691787 ], [ 80.605588139880822, 19.327646128466085 ], [ 80.606536524577095, 19.326978883538221 ] ] ] } },
{ "type": "Feature", "properties": { "REGION": 1.0, "STATE.NAME": "Maharashtra", "DISTRICT.NAME": "Gadchiroli", "DISTRICT.AREA": 14527.292838, "GRID_G0": "181627", "woodland": 0.8125037106220816, "maskWdl": 1.0, "cropland": 0.069280352490171088, "maskCrp": 0.0, "one": 0.084133001445997058, "maskOne": 0.0, "GRID.AREA": 22.492288443821217, "REGION.AREA": 32202.066020262951 }, "geometry": { "type": "Polygon", "coordinates": [ [ [ 80.651537833484383, 19.318754797855963 ], [ 80.651537833484383, 19.356114938149222 ], [ 80.606536524577095, 19.356114870334981 ], [ 80.606536524577095, 19.326978883538221 ], [ 80.607161128783105, 19.326539431749438 ], [ 80.607690404088942, 19.326080123698773 ], [ 80.607816944096726, 19.325970310181731 ], [ 80.608115960583177, 19.325310811245004 ], [ 80.608010900882448, 19.324714495077956 ], [ 80.6070629605872, 19.322731234558887 ], [ 80.606981482909191, 19.321809636305712 ], [ 80.607650068595831, 19.319564571447867 ], [ 80.608048215552742, 19.318073752701597 ], [ 80.6091940723486, 19.316172781948357 ], [ 80.609216330569268, 19.316135853986509 ], [ 80.610075773078506, 19.315127922615602 ], [ 80.610213899951589, 19.314965928634763 ], [ 80.610432120446035, 19.31447803653219 ], [ 80.610516764637055, 19.313271815441968 ], [ 80.610821111405258, 19.312490726365979 ], [ 80.610844126855, 19.312431657994694 ], [ 80.611594585921466, 19.311645935611466 ], [ 80.611894251544285, 19.311118680651184 ], [ 80.635926515354072, 19.31111938054341 ], [ 80.636076969376688, 19.31133883062256 ], [ 80.636267995271794, 19.312237783047294 ], [ 80.636311384862552, 19.312793495723326 ], [ 80.636416117210103, 19.312987670144935 ], [ 80.63662553603973, 19.313172959264705 ], [ 80.637253222358368, 19.313285820584213 ], [ 80.638071136873521, 19.313339977757831 ], [ 80.639236544031348, 19.313769093768713 ], [ 80.640930081657984, 19.314659011604139 ], [ 80.643227200175204, 19.315205498135299 ], [ 80.645062994361751, 19.315607412352222 ], [ 80.646229562544306, 19.315974503020925 ], [ 80.646881572826373, 19.316267902341849 ], [ 80.647114983769541, 19.316337173521791 ], [ 80.647421022162519, 19.316240124981846 ], [ 80.647945437531973, 19.315685526565858 ], [ 80.648178468961248, 19.315505347393923 ], [ 80.648309750194869, 19.315505305125779 ], [ 80.648484719594194, 19.315560697068573 ], [ 80.648630684958221, 19.315740975165905 ], [ 80.648908551188754, 19.316544929504914 ], [ 80.649244249222761, 19.316849931878892 ], [ 80.649944545904134, 19.317293446935082 ], [ 80.651316302505393, 19.318471685619841 ], [ 80.651537833484383, 19.318754797855963 ] ] ] } },
{ "type": "Feature", "properties": { "REGION": 1.0, "STATE.NAME": "Maharashtra", "DISTRICT.NAME": "Gadchiroli", "DISTRICT.AREA": 14527.292838, "GRID_G0": "181628", "woodland": 0.62110976932786921, "maskWdl": 1.0, "cropland": 0.15716808827594195, "maskCrp": 0.0, "one": 0.14112033332254162, "maskOne": 0.0, "GRID.AREA": 16.451272764097755, "REGION.AREA": 32202.066020262951 }, "geometry": { "type": "Polygon", "coordinates": [ [ [ 80.692744478114207, 19.311118529016046 ], [ 80.696534565494375, 19.311118099438069 ], [ 80.696534565494375, 19.356114879961552 ], [ 80.651537833484383, 19.356114938149222 ], [ 80.651537833484383, 19.318754797855963 ], [ 80.651982877308001, 19.319323551340858 ], [ 80.652304331879463, 19.319961157181694 ], [ 80.652801130867545, 19.321070112995354 ], [ 80.653201955106226, 19.321948633722513 ], [ 80.653508403590024, 19.322212001083017 ], [ 80.654179580223513, 19.322655570997881 ], [ 80.655973744792561, 19.323334666161944 ], [ 80.658146630062959, 19.32369481676244 ], [ 80.660882115916991, 19.324396757404486 ], [ 80.664017992536401, 19.32531118985958 ], [ 80.665920639625895, 19.32612412213058 ], [ 80.668663431572156, 19.327606999863178 ], [ 80.670175419460122, 19.328612373562237 ], [ 80.67194067981859, 19.329471557066768 ], [ 80.673134023516425, 19.329824187536303 ], [ 80.673376762227861, 19.329866099540936 ], [ 80.674950460695243, 19.329950791395959 ], [ 80.676496278380625, 19.330137654329349 ], [ 80.67804210056255, 19.330324501974246 ], [ 80.680016230264869, 19.330179379274966 ], [ 80.681488374588866, 19.329707752310981 ], [ 80.682785514440013, 19.329180756786574 ], [ 80.68403081646909, 19.328467258956891 ], [ 80.685079863045303, 19.327718472629442 ], [ 80.686244964433627, 19.326581457068642 ], [ 80.686936316457889, 19.325697365940755 ], [ 80.687007262175484, 19.32560664053409 ], [ 80.687010893637876, 19.325599228321778 ], [ 80.687706109149701, 19.324011298083008 ], [ 80.688177567940443, 19.322688338695912 ], [ 80.688355833355104, 19.322288514503384 ], [ 80.688424774483792, 19.322133885070798 ], [ 80.689138607760583, 19.3215930669665 ], [ 80.690012767675171, 19.321079878733485 ], [ 80.690423662522065, 19.320649793253384 ], [ 80.691185043854773, 19.319852841935127 ], [ 80.692002076134941, 19.318627896959921 ], [ 80.692072849182694, 19.318521788649662 ], [ 80.692676699869878, 19.317073771337505 ], [ 80.693199823812904, 19.315618049533384 ], [ 80.693440813342946, 19.314598480035897 ], [ 80.693228290952902, 19.31355265123392 ], [ 80.693015473585319, 19.312505447368551 ], [ 80.692829215895642, 19.311552203771218 ], [ 80.692744478114207, 19.311118529016046 ] ] ] } },
{ "type": "Feature", "properties": { "REGION": 1.0, "STATE.NAME": "Maharashtra", "DISTRICT.NAME": "Gadchiroli", "DISTRICT.AREA": 14527.292838, "GRID_G0": "181629", "woodland": 0.90358868867934816, "maskWdl": 1.0, "cropland": 0.054359878297990882, "maskCrp": 0.0, "one": 0.042031510616758284, "maskOne": 0.0, "GRID.AREA": 23.624813477100766, "REGION.AREA": 32202.066020262951 }, "geometry": { "type": "Polygon", "coordinates": [ [ [ 80.696534565494375, 19.311118099438069 ], [ 80.741535826139469, 19.31111814845222 ], [ 80.741535826139469, 19.356114899967029 ], [ 80.696534565494375, 19.356114879961552 ], [ 80.696534565494375, 19.311118099438069 ] ] ] } },
{ "type": "Feature", "properties": { "REGION": 1.0, "STATE.NAME": "Maharashtra", "DISTRICT.NAME": "Gadchiroli", "DISTRICT.AREA": 14527.292838, "GRID_G0": "181630", "woodland": 0.99776848866910273, "maskWdl": 1.0, "cropland": 3.9848416623165482e-06, "maskCrp": 0.0, "one": 0.0022195568059103173, "maskOne": 0.0, "GRID.AREA": 22.696269600478637, "REGION.AREA": 32202.066020262951 }, "geometry": { "type": "Polygon", "coordinates": [ [ [ 80.786537091933923, 19.32107705080427 ], [ 80.786537091933923, 19.356114861316772 ], [ 80.741535826139469, 19.356114899967029 ], [ 80.741535826139469, 19.31111814845222 ], [ 80.773224613933763, 19.311119242416741 ], [ 80.773299051610024, 19.31136882031484 ], [ 80.773417942883839, 19.311822321443003 ], [ 80.773541730066839, 19.312202515233935 ], [ 80.773722034244543, 19.312653953317351 ], [ 80.773996043282807, 19.313151005014902 ], [ 80.774385149355226, 19.313712383419784 ], [ 80.774637652006106, 19.313935786707248 ], [ 80.775154987912401, 19.314356814215671 ], [ 80.775456996443268, 19.31449289962768 ], [ 80.775872619026188, 19.314654563557326 ], [ 80.776276001836095, 19.315040367319167 ], [ 80.776561073434834, 19.315274343036549 ], [ 80.776910330547366, 19.315584020985852 ], [ 80.777302330638122, 19.315941046442163 ], [ 80.77766897524306, 19.316162654682845 ], [ 80.778063409798563, 19.316305413963732 ], [ 80.778341292216908, 19.316400477699911 ], [ 80.778921354037323, 19.316576149469768 ], [ 80.779150415859078, 19.316675691829744 ], [ 80.779569615945093, 19.316934581465834 ], [ 80.780139083751749, 19.317383053585104 ], [ 80.780819398396602, 19.317779331750785 ], [ 80.781271093686087, 19.318085615658671 ], [ 80.781846173262352, 19.318482534141712 ], [ 80.783063929956484, 19.319007206717288 ], [ 80.78420160921695, 19.319583077696905 ], [ 80.785185366811277, 19.320154334255168 ], [ 80.786170229672393, 19.320829537153486 ], [ 80.786537091933923, 19.32107705080427 ] ] ] } },
{ "type": "Feature", "properties": { "REGION": 1.0, "STATE.NAME": "Maharashtra", "DISTRICT.NAME": "Gadchiroli", "DISTRICT.AREA": 14527.292838, "GRID_G0": "181631", "woodland": 0.98970094496593619, "maskWdl": 1.0, "cropland": 0.00088918456728239413, "maskCrp": 0.0, "one": 0.0094058852008356651, "maskOne": 0.0, "GRID.AREA": 11.863103242478218, "REGION.AREA": 32202.066020262951 }, "geometry": { "type": "Polygon", "coordinates": [ [ [ 80.831533849076422, 19.348617652883931 ], [ 80.831533849076422, 19.356114901919831 ], [ 80.786537091933923, 19.356114861316772 ], [ 80.786537091933923, 19.32107705080427 ], [ 80.787146976152087, 19.321488522577287 ], [ 80.787957556695915, 19.322084833348409 ], [ 80.788638188801428, 19.32277302155774 ], [ 80.788798573895122, 19.322921552687546 ], [ 80.789790023390935, 19.323069474976364 ], [ 80.790691833861104, 19.323064680690489 ], [ 80.791837312042389, 19.323058582387716 ], [ 80.792679493863602, 19.323127588267653 ], [ 80.793026196002188, 19.32300644599076 ], [ 80.793433739075851, 19.322939618268837 ], [ 80.793905760842222, 19.322963089674882 ], [ 80.79429811526586, 19.323042725541427 ], [ 80.794668641344799, 19.323160866780654 ], [ 80.795316910447127, 19.323377988303548 ], [ 80.795883039970363, 19.323593068365479 ], [ 80.796191705283036, 19.323767924450184 ], [ 80.79645493324864, 19.323963593545049 ], [ 80.796741388004705, 19.324258230333104 ], [ 80.7970827463717, 19.324772518437044 ], [ 80.79731301508366, 19.325329370554073 ], [ 80.797507082485936, 19.325736539509762 ], [ 80.797648069203092, 19.326050401105192 ], [ 80.798194227481645, 19.326380872279458 ], [ 80.79916923647113, 19.326398773284836 ], [ 80.800095449145715, 19.326393789242051 ], [ 80.801021421701307, 19.326365662945022 ], [ 80.801923120655545, 19.326337656257866 ], [ 80.802923850255524, 19.32656366847857 ], [ 80.803778510170162, 19.326836848341941 ], [ 80.803907993659038, 19.32690337029436 ], [ 80.804272514065303, 19.326942170644717 ], [ 80.804754082135219, 19.326989797840952 ], [ 80.805279201673898, 19.327137015061226 ], [ 80.805607007257663, 19.327354177053678 ], [ 80.805923781757201, 19.327634948094442 ], [ 80.806254368944053, 19.327927950814342 ], [ 80.806534347682032, 19.328298460705472 ], [ 80.806858441763723, 19.328781507260832 ], [ 80.807031564854867, 19.329142862053519 ], [ 80.807285412891531, 19.329527014660073 ], [ 80.807428597551791, 19.329800734116642 ], [ 80.807535339884112, 19.33007887913703 ], [ 80.807654573799596, 19.330423078462331 ], [ 80.807703174961603, 19.330845538590779 ], [ 80.807732600778934, 19.331104084685823 ], [ 80.80777249560424, 19.331286346687587 ], [ 80.807899700211067, 19.331668246492431 ], [ 80.808082603429469, 19.331934313617751 ], [ 80.808277931681232, 19.33217478513825 ], [ 80.808429925200926, 19.332320436638895 ], [ 80.808658064318251, 19.332547135042319 ], [ 80.808817570774352, 19.332719104303294 ], [ 80.809025440971368, 19.332985403453677 ], [ 80.809161265579974, 19.333240430501522 ], [ 80.809228389178898, 19.333477464813196 ], [ 80.809320724372014, 19.333963513305552 ], [ 80.809363398102391, 19.334316578147593 ], [ 80.809439699282734, 19.33477489064876 ], [ 80.809445689666916, 19.335348839777168 ], [ 80.809536178551866, 19.335785308645143 ], [ 80.809649358231354, 19.336022643330352 ], [ 80.810081332287723, 19.336454036424698 ], [ 80.810359508784359, 19.336714258856031 ], [ 80.810830013394479, 19.336925765911417 ], [ 80.811367316048859, 19.337127907427032 ], [ 80.811397187929913, 19.337145812928956 ], [ 80.81163950216137, 19.337233365527425 ], [ 80.81349413984276, 19.337593593469588 ], [ 80.814175334923846, 19.337954143369075 ], [ 80.814532676941553, 19.338015012183117 ], [ 80.815044848041339, 19.338140041329893 ], [ 80.815541069664675, 19.33829895423338 ], [ 80.816157138541158, 19.338611953378972 ], [ 80.816737485446652, 19.338968678461811 ], [ 80.817343214817583, 19.339409567497569 ], [ 80.818064706720918, 19.339953043997806 ], [ 80.818403630623095, 19.340239641746109 ], [ 80.818892080305318, 19.340801478805247 ], [ 80.81926602560668, 19.341228761098481 ], [ 80.819907024589554, 19.341817399753271 ], [ 80.820245150793141, 19.342082691662938 ], [ 80.820527769940668, 19.342257733907331 ], [ 80.820830883738324, 19.342382522935111 ], [ 80.821217308931693, 19.34254000321863 ], [ 80.821681444543117, 19.342779891079147 ], [ 80.822132444656646, 19.343069994384791 ], [ 80.822474181638256, 19.343228912684197 ], [ 80.822925570258931, 19.343424325472313 ], [ 80.823558569772217, 19.343793408139334 ], [ 80.824210737435635, 19.344069808474956 ], [ 80.824611571566834, 19.344337463802958 ], [ 80.824838052334314, 19.344488693798212 ], [ 80.824922324205943, 19.344518228433571 ], [ 80.825170826672377, 19.344605318780506 ], [ 80.825391110211626, 19.34471154670058 ], [ 80.825724458317154, 19.344842401655569 ], [ 80.826067040661428, 19.344886508905294 ], [ 80.826561131790868, 19.345132553524593 ], [ 80.827376104623568, 19.345573711457686 ], [ 80.827786320482346, 19.345820861343721 ], [ 80.828372560645221, 19.346134805676797 ], [ 80.8288902463878, 19.346408445993063 ], [ 80.829289510302715, 19.34671424696495 ], [ 80.829595417394671, 19.346943238639597 ], [ 80.830069603829202, 19.347253761052286 ], [ 80.830486677018612, 19.347637062900159 ], [ 80.830841353445749, 19.347944391820246 ], [ 80.831299148836706, 19.348418570160963 ], [ 80.831467224033247, 19.348560440012363 ], [ 80.831533849076422, 19.348617652883931 ] ] ] } },
{ "type": "Feature", "properties": { "REGION": 1.0, "STATE.NAME": "Maharashtra", "DISTRICT.NAME": "Gadchiroli", "DISTRICT.AREA": 14527.292838, "GRID_G0": "181632", "woodland": 0.96210092477031561, "maskWdl": 1.0, "cropland": 0.0003904792084364866, "maskCrp": 0.0, "one": 0.037508596021247967, "maskOne": 0.0, "GRID.AREA": 0.74842972376112971, "REGION.AREA": 32202.066020262951 }, "geometry": { "type": "Polygon", "coordinates": [ [ [ 80.847141308635614, 19.356116168457024 ], [ 80.831533849076422, 19.356114901919831 ], [ 80.831533849076422, 19.348617652883931 ], [ 80.831666572254562, 19.348731625963808 ], [ 80.83172159817326, 19.348778879042072 ], [ 80.831953768052017, 19.349005248293622 ], [ 80.832236656996201, 19.349187343920846 ], [ 80.8324653096264, 19.349314451400858 ], [ 80.832776372531612, 19.349453041424791 ], [ 80.833072397872911, 19.349585099672652 ], [ 80.833370760552214, 19.349610702471978 ], [ 80.83364025139656, 19.349630224954979 ], [ 80.833991774800623, 19.349646986519243 ], [ 80.834271999053556, 19.349758284817028 ], [ 80.834576189339714, 19.349911418677095 ], [ 80.834798682513224, 19.35007419326945 ], [ 80.835058658530329, 19.350289473880139 ], [ 80.83540347389129, 19.350533297173971 ], [ 80.835593505136217, 19.350626271785075 ], [ 80.835871495473214, 19.350673935853482 ], [ 80.836132730541124, 19.350672466361289 ], [ 80.836460863478123, 19.350661619638061 ], [ 80.83668927419069, 19.350625526247086 ], [ 80.837042897511765, 19.350699028737207 ], [ 80.837291711143635, 19.350768800839546 ], [ 80.837565634746284, 19.350908600451589 ], [ 80.837892749650734, 19.351075008305031 ], [ 80.838168439521951, 19.351264569204545 ], [ 80.838473588485385, 19.351445884220251 ], [ 80.838655222760394, 19.351510799983487 ], [ 80.838968492601907, 19.351706027511231 ], [ 80.839529291843405, 19.351935673892285 ], [ 80.83999674865106, 19.352062068209932 ], [ 80.840328745075567, 19.352157541137672 ], [ 80.84056653751577, 19.352197341534122 ], [ 80.841571064053426, 19.352717253998151 ], [ 80.842218343002173, 19.353064599151988 ], [ 80.842849341523959, 19.35337694988635 ], [ 80.843693346270982, 19.353863687259434 ], [ 80.844487987230877, 19.354362180570206 ], [ 80.845183458150132, 19.354799977736832 ], [ 80.845706010124331, 19.355036614548169 ], [ 80.846270462411951, 19.355365403090957 ], [ 80.846677914654094, 19.355685164238995 ], [ 80.847001136393374, 19.355951037110742 ], [ 80.847141308635614, 19.356116168457024 ] ] ] } },
{ "type": "Feature", "properties": { "REGION": 1.0, "STATE.NAME": "Maharashtra", "DISTRICT.NAME": "Gadchiroli", "DISTRICT.AREA": 14527.292838, "GRID_G0": "180962", "woodland": 0.43674138731628626, "maskWdl": 1.0, "cropland": 0.23997979537033565, "maskCrp": 0.0, "one": 0.22556060215184726, "maskOne": 0.0, "GRID.AREA": 12.49771279673144, "REGION.AREA": 32202.066020262951 }, "geometry": { "type": "Polygon", "coordinates": [ [ [ 79.937540926634057, 19.266117474008414 ], [ 79.976536957850612, 19.266116884650103 ], [ 79.976536957850612, 19.311118137750032 ], [ 79.965926081576768, 19.31111912329342 ], [ 79.96593698350506, 19.311058010119101 ], [ 79.965932293540561, 19.309324204448501 ], [ 79.966078374917117, 19.308069437954259 ], [ 79.966201403072375, 19.306548170861447 ], [ 79.966243026394636, 19.305261518004727 ], [ 79.966203256575113, 19.304168796752606 ], [ 79.965878163346645, 19.303061868010847 ], [ 79.965411053677258, 19.301728725600242 ], [ 79.964976801638159, 19.300526632398199 ], [ 79.964612758771864, 19.299767279036761 ], [ 79.963782941729448, 19.298934435775664 ], [ 79.962991156117027, 19.29807009915578 ], [ 79.962275061944638, 19.297377505167788 ], [ 79.961586969962752, 19.296870046515497 ], [ 79.960375636226672, 19.296401928706079 ], [ 79.959012601250606, 19.29581612381509 ], [ 79.957673499932127, 19.295121952416192 ], [ 79.955678632762726, 19.294304147618391 ], [ 79.954824138323374, 19.293787242487326 ], [ 79.954003354071574, 19.293134983093069 ], [ 79.953116923807045, 19.292162027255809 ], [ 79.951965817668395, 19.29061494692229 ], [ 79.950572185058391, 19.289067226271527 ], [ 79.949810077972757, 19.287841673354588 ], [ 79.948697725419777, 19.286055371558181 ], [ 79.947866288698322, 19.284143360727573 ], [ 79.947360643978584, 19.283053985852803 ], [ 79.946764030135967, 19.282158430167442 ], [ 79.946758452540621, 19.282147596934124 ], [ 79.945839284255612, 19.280362610845884 ], [ 79.944938805681375, 19.278613871033375 ], [ 79.942521980205299, 19.274128567079742 ], [ 79.940601152421323, 19.270795984447151 ], [ 79.940599184704695, 19.270793067046444 ], [ 79.940595259163956, 19.270786249286004 ], [ 79.938281314331235, 19.267352388601921 ], [ 79.937540926634057, 19.266117474008414 ] ] ] } },
{ "type": "Feature", "properties": { "REGION": 1.0, "STATE.NAME": "Maharashtra", "DISTRICT.NAME": "Gadchiroli", "DISTRICT.AREA": 14527.292838, "GRID_G0": "180963", "woodland": 0.48262696385449483, "maskWdl": 1.0, "cropland": 0.18526083519157102, "maskCrp": 0.0, "one": 0.33136517245688152, "maskOne": 0.0, "GRID.AREA": 23.63133712587501, "REGION.AREA": 32202.066020262951 }, "geometry": { "type": "Polygon", "coordinates": [ [ [ 79.976536957850612, 19.266116884650103 ], [ 80.021533747255191, 19.266116834604055 ], [ 80.021533747255191, 19.311118136095068 ], [ 79.976536957850612, 19.311118137750032 ], [ 79.976536957850612, 19.266116884650103 ] ] ] } },
{ "type": "Feature", "properties": { "REGION": 1.0, "STATE.NAME": "Maharashtra", "DISTRICT.NAME": "Gadchiroli", "DISTRICT.AREA": 14527.292838, "GRID_G0": "180964", "woodland": 0.73536823802351048, "maskWdl": 1.0, "cropland": 0.10161156368034888, "maskCrp": 0.0, "one": 0.16286936038639283, "maskOne": 0.0, "GRID.AREA": 23.633637384738609, "REGION.AREA": 32202.066020262951 }, "geometry": { "type": "Polygon", "coordinates": [ [ [ 80.021533747255191, 19.266116834604055 ], [ 80.066534923665401, 19.266116908031101 ], [ 80.066534923665401, 19.311118147039615 ], [ 80.021533747255191, 19.311118136095068 ], [ 80.021533747255191, 19.266116834604055 ] ] ] } },
{ "type": "Feature", "properties": { "REGION": 1.0, "STATE.NAME": "Maharashtra", "DISTRICT.NAME": "Gadchiroli", "DISTRICT.AREA": 14527.292838, "GRID_G0": "180965", "woodland": 0.50039751621731532, "maskWdl": 1.0, "cropland": 0.38064167561122325, "maskCrp": 0.0, "one": 0.11775661393357768, "maskOne": 0.0, "GRID.AREA": 23.633668864220923, "REGION.AREA": 32202.066020262951 }, "geometry": { "type": "Polygon", "coordinates": [ [ [ 80.066534923665401, 19.266116908031101 ], [ 80.111536188429895, 19.266116874806251 ], [ 80.111536188429895, 19.311118119473026 ], [ 80.066534923665401, 19.311118147039615 ], [ 80.066534923665401, 19.266116908031101 ] ] ] } },
{ "type": "Feature", "properties": { "REGION": 1.0, "STATE.NAME": "Maharashtra", "DISTRICT.NAME": "Gadchiroli", "DISTRICT.AREA": 14527.292838, "GRID_G0": "180966", "woodland": 0.48021424413442226, "maskWdl": 1.0, "cropland": 0.40022237667415944, "maskCrp": 0.0, "one": 0.11687895478451622, "maskOne": 0.0, "GRID.AREA": 23.633674801229386, "REGION.AREA": 32202.066020262951 }, "geometry": { "type": "Polygon", "coordinates": [ [ [ 80.111536188429895, 19.266116874806251 ], [ 80.156537424750198, 19.266116824869325 ], [ 80.156537424750198, 19.311118143363817 ], [ 80.111536188429895, 19.311118119473026 ], [ 80.111536188429895, 19.266116874806251 ] ] ] } },
{ "type": "Feature", "properties": { "REGION": 1.0, "STATE.NAME": "Maharashtra", "DISTRICT.NAME": "Gadchiroli", "DISTRICT.AREA": 14527.292838, "GRID_G0": "180967", "woodland": 0.60615226070316286, "maskWdl": 1.0, "cropland": 0.28959208544039305, "maskCrp": 0.0, "one": 0.10364427617957811, "maskOne": 0.0, "GRID.AREA": 23.631349080089329, "REGION.AREA": 32202.066020262951 }, "geometry": { "type": "Polygon", "coordinates": [ [ [ 80.156537424750198, 19.266116824869325 ], [ 80.201534259565875, 19.266116888610011 ], [ 80.201534259565875, 19.31111807939638 ], [ 80.156537424750198, 19.311118143363817 ], [ 80.156537424750198, 19.266116824869325 ] ] ] } },
{ "type": "Feature", "properties": { "REGION": 1.0, "STATE.NAME": "Maharashtra", "DISTRICT.NAME": "Gadchiroli", "DISTRICT.AREA": 14527.292838, "GRID_G0": "180968", "woodland": 0.92478914846472471, "maskWdl": 1.0, "cropland": 0.031916845218407562, "maskCrp": 0.0, "one": 0.043290020861071275, "maskOne": 0.0, "GRID.AREA": 23.633669248617984, "REGION.AREA": 32202.066020262951 }, "geometry": { "type": "Polygon", "coordinates": [ [ [ 80.201534259565875, 19.266116888610011 ], [ 80.246535515872466, 19.266116830229048 ], [ 80.246535515872466, 19.311118141482577 ], [ 80.201534259565875, 19.31111807939638 ], [ 80.201534259565875, 19.266116888610011 ] ] ] } },
{ "type": "Feature", "properties": { "REGION": 1.0, "STATE.NAME": "Maharashtra", "DISTRICT.NAME": "Gadchiroli", "DISTRICT.AREA": 14527.292838, "GRID_G0": "180969", "woodland": 0.9121510958889314, "maskWdl": 1.0, "cropland": 0.022657392912655488, "maskCrp": 0.0, "one": 0.065179554937762285, "maskOne": 0.0, "GRID.AREA": 23.633658853497813, "REGION.AREA": 32202.066020262951 }, "geometry": { "type": "Polygon", "coordinates": [ [ [ 80.246535515872466, 19.266116830229048 ], [ 80.291536732472025, 19.266116863941196 ], [ 80.291536732472025, 19.311118094553333 ], [ 80.246535515872466, 19.311118141482577 ], [ 80.246535515872466, 19.266116830229048 ] ] ] } },
{ "type": "Feature", "properties": { "REGION": 1.0, "STATE.NAME": "Maharashtra", "DISTRICT.NAME": "Gadchiroli", "DISTRICT.AREA": 14527.292838, "GRID_G0": "180970", "woodland": 0.78254012602231759, "maskWdl": 1.0, "cropland": 0.1176215631709643, "maskCrp": 0.0, "one": 0.096341869341288286, "maskOne": 0.0, "GRID.AREA": 23.631319945943336, "REGION.AREA": 32202.066020262951 }, "geometry": { "type": "Polygon", "coordinates": [ [ [ 80.291536732472025, 19.266116863941196 ], [ 80.336533542262686, 19.266116854444192 ], [ 80.336533542262686, 19.311118072200298 ], [ 80.291536732472025, 19.311118094553333 ], [ 80.291536732472025, 19.266116863941196 ] ] ] } },
{ "type": "Feature", "properties": { "REGION": 1.0, "STATE.NAME": "Maharashtra", "DISTRICT.NAME": "Gadchiroli", "DISTRICT.AREA": 14527.292838, "GRID_G0": "180971", "woodland": 0.69427733231518363, "maskWdl": 1.0, "cropland": 0.19573819898315226, "maskCrp": 0.0, "one": 0.087901529097570583, "maskOne": 0.0, "GRID.AREA": 23.633642620236245, "REGION.AREA": 32202.066020262951 }, "geometry": { "type": "Polygon", "coordinates": [ [ [ 80.336533542262686, 19.266116854444192 ], [ 80.381534753204193, 19.266116827512111 ], [ 80.381534753204193, 19.311118101107382 ], [ 80.336533542262686, 19.311118072200298 ], [ 80.336533542262686, 19.266116854444192 ] ] ] } },
{ "type": "Feature", "properties": { "REGION": 1.0, "STATE.NAME": "Maharashtra", "DISTRICT.NAME": "Gadchiroli", "DISTRICT.AREA": 14527.292838, "GRID_G0": "180972", "woodland": 0.42459529238015153, "maskWdl": 1.0, "cropland": 0.4368903305076825, "maskCrp": 0.0, "one": 0.13757078375005502, "maskOne": 0.0, "GRID.AREA": 23.63368252622865, "REGION.AREA": 32202.066020262951 }, "geometry": { "type": "Polygon", "coordinates": [ [ [ 80.381534753204193, 19.266116827512111 ], [ 80.426535995054564, 19.266116825983747 ], [ 80.426535995054564, 19.311118133898031 ], [ 80.381534753204193, 19.311118101107382 ], [ 80.381534753204193, 19.266116827512111 ] ] ] } },
{ "type": "Feature", "properties": { "REGION": 1.0, "STATE.NAME": "Maharashtra", "DISTRICT.NAME": "Gadchiroli", "DISTRICT.AREA": 14527.292838, "GRID_G0": "180973", "woodland": 0.56696569929256813, "maskWdl": 1.0, "cropland": 0.23854127289897181, "maskCrp": 0.0, "one": 0.081039309581963426, "maskOne": 0.0, "GRID.AREA": 16.974442850059528, "REGION.AREA": 32202.066020262951 }, "geometry": { "type": "Polygon", "coordinates": [ [ [ 80.470076327151943, 19.311118260154124 ], [ 80.426535995054564, 19.311118133898031 ], [ 80.426535995054564, 19.266116825983747 ], [ 80.448171376456202, 19.266118213774885 ], [ 80.448508114957576, 19.266467777665866 ], [ 80.451238519642004, 19.26950747449041 ], [ 80.452246084988872, 19.270767664795926 ], [ 80.453759334625659, 19.272944757994253 ], [ 80.454794089175948, 19.274832913408261 ], [ 80.455284539849686, 19.276106846253981 ], [ 80.45572213736682, 19.27765172954372 ], [ 80.455896189457633, 19.280348749595191 ], [ 80.455897151732245, 19.280357775191248 ], [ 80.455916104944322, 19.280533093527477 ], [ 80.455979695106919, 19.281121314896836 ], [ 80.456090420536555, 19.282494630922542 ], [ 80.456629073073316, 19.28551232763186 ], [ 80.457377208291575, 19.288182044265962 ], [ 80.458815013801882, 19.291208179314083 ], [ 80.460287292124931, 19.294111237643559 ], [ 80.46093304762212, 19.295691511054429 ], [ 80.461578817508496, 19.297271782666712 ], [ 80.462374579922994, 19.299150105792819 ], [ 80.462547146333819, 19.299568679051333 ], [ 80.462615341924575, 19.29973412283158 ], [ 80.46303717162823, 19.300757482971502 ], [ 80.464785230653945, 19.30335316201888 ], [ 80.466623925154067, 19.306106830365991 ], [ 80.467533714409456, 19.307307565591714 ], [ 80.469305733173087, 19.309826384979715 ], [ 80.470076327151943, 19.311118260154124 ] ] ] } },
{ "type": "Feature", "properties": { "REGION": 1.0, "STATE.NAME": "Maharashtra", "DISTRICT.NAME": "Gadchiroli", "DISTRICT.AREA": 14527.292838, "GRID_G0": "180977", "woodland": 0.82154637445075906, "maskWdl": 1.0, "cropland": 0.036133517466807812, "maskCrp": 0.0, "one": 0.088824899260573992, "maskOne": 0.0, "GRID.AREA": 0.98213437572761175, "REGION.AREA": 32202.066020262951 }, "geometry": { "type": "Polygon", "coordinates": [ [ [ 80.635926515354072, 19.31111938054341 ], [ 80.611894251544285, 19.311118680651184 ], [ 80.612095629709586, 19.310764358088704 ], [ 80.612217072360068, 19.3103033377289 ], [ 80.612338345038665, 19.309842949592507 ], [ 80.612543019045177, 19.309549352420731 ], [ 80.612552593227633, 19.309552164600746 ], [ 80.612686463609464, 19.309359769038171 ], [ 80.613209589351143, 19.309513455081916 ], [ 80.614317645842732, 19.309820656298314 ], [ 80.615121126239046, 19.309667097058934 ], [ 80.617159695963281, 19.308212544373475 ], [ 80.618851151659385, 19.307189028650779 ], [ 80.619003536384142, 19.307096818463439 ], [ 80.619992001929404, 19.306541240685757 ], [ 80.620809977598469, 19.306640588792163 ], [ 80.621394563908041, 19.306387627487084 ], [ 80.622411653974723, 19.305958459315494 ], [ 80.623424067566702, 19.305565487057606 ], [ 80.624270398859892, 19.305606107635811 ], [ 80.625245676746658, 19.306229505986948 ], [ 80.626895963278116, 19.306699448520764 ], [ 80.628056272179265, 19.306843964177634 ], [ 80.628959653765094, 19.30673554730771 ], [ 80.630152990268357, 19.306663271492823 ], [ 80.631641482468524, 19.307011063609767 ], [ 80.632554961642199, 19.307584774417879 ], [ 80.633444864189187, 19.308402461404512 ], [ 80.635500901445482, 19.310498582343769 ], [ 80.635926515354072, 19.31111938054341 ] ] ] } },
{ "type": "Feature", "properties": { "REGION": 1.0, "STATE.NAME": "Maharashtra", "DISTRICT.NAME": "Gadchiroli", "DISTRICT.AREA": 14527.292838, "GRID_G0": "180978", "woodland": 0.83198743008743459, "maskWdl": 1.0, "cropland": 0.03755365012149002, "maskCrp": 0.0, "one": 0.074756860519250276, "maskOne": 0.0, "GRID.AREA": 2.0156689191080601, "REGION.AREA": 32202.066020262951 }, "geometry": { "type": "Polygon", "coordinates": [ [ [ 80.696534565494375, 19.284130628791303 ], [ 80.696534565494375, 19.311118099438069 ], [ 80.692744478114207, 19.311118529016046 ], [ 80.692642958206022, 19.310598962871893 ], [ 80.691853873257685, 19.309088112626341 ], [ 80.691085414260499, 19.307392029018956 ], [ 80.690470878728149, 19.305548389146907 ], [ 80.690052358529556, 19.30397520778968 ], [ 80.689729691671971, 19.302381105503681 ], [ 80.689353957619119, 19.299630158505067 ], [ 80.689254836141856, 19.29842401295787 ], [ 80.689125597268571, 19.296851356804723 ], [ 80.688734879611047, 19.295015695717833 ], [ 80.688777954439104, 19.294440398505628 ], [ 80.688821025669895, 19.293865099494777 ], [ 80.688845246211201, 19.293647713571147 ], [ 80.689015077783665, 19.292126498639053 ], [ 80.689231891738473, 19.290559924600867 ], [ 80.689453188813673, 19.288167897030863 ], [ 80.689626006135313, 19.287175192980843 ], [ 80.689626977403123, 19.287169624378691 ], [ 80.689778049117706, 19.286817373423105 ], [ 80.691278674970931, 19.286026849559509 ], [ 80.692604573342464, 19.285361045475895 ], [ 80.694163602068613, 19.284681325282975 ], [ 80.695772978440232, 19.284174097756477 ], [ 80.696534565494375, 19.284130628791303 ] ] ] } },
{ "type": "Feature", "properties": { "REGION": 1.0, "STATE.NAME": "Maharashtra", "DISTRICT.NAME": "Gadchiroli", "DISTRICT.AREA": 14527.292838, "GRID_G0": "180979", "woodland": 0.84877741920236316, "maskWdl": 1.0, "cropland": 0.052990152031388134, "maskCrp": 0.0, "one": 0.072557319347696547, "maskOne": 0.0, "GRID.AREA": 13.99906117388805, "REGION.AREA": 32202.066020262951 }, "geometry": { "type": "Polygon", "coordinates": [ [ [ 80.741535826139469, 19.286696923921401 ], [ 80.741535826139469, 19.31111814845222 ], [ 80.696534565494375, 19.311118099438069 ], [ 80.696534565494375, 19.284130628791303 ], [ 80.696749735711819, 19.284118346984201 ], [ 80.697297527159208, 19.284237236459322 ], [ 80.69777046623409, 19.284339881480378 ], [ 80.698951691567345, 19.28468616363557 ], [ 80.699380218522322, 19.284584164327782 ], [ 80.699787974735329, 19.28422355417376 ], [ 80.700268250479439, 19.28358571001257 ], [ 80.701010701982341, 19.28273977082381 ], [ 80.701607486696219, 19.282046439391706 ], [ 80.701922655905889, 19.281940510046528 ], [ 80.702768382854629, 19.282092746383167 ], [ 80.703278722035463, 19.28214800792426 ], [ 80.703512156361001, 19.282328192492116 ], [ 80.703731212325636, 19.282605373439313 ], [ 80.703920985465174, 19.282868794759111 ], [ 80.704096078970906, 19.28293806414041 ], [ 80.704241815007833, 19.282937946329184 ], [ 80.704336576571791, 19.28291716029878 ], [ 80.704431339934445, 19.282896376066955 ], [ 80.704664285928132, 19.282660588215606 ], [ 80.705202986128953, 19.282105877384371 ], [ 80.705479579818814, 19.281814617550591 ], [ 80.705771149918689, 19.281814559994018 ], [ 80.706310553389358, 19.281842150295063 ], [ 80.707120684272255, 19.282350140446681 ], [ 80.707456074738104, 19.282447014518141 ], [ 80.707937284877858, 19.282474664174458 ], [ 80.709510706354081, 19.281670049733066 ], [ 80.710822596885407, 19.281600298315144 ], [ 80.712382152614282, 19.281707966049854 ], [ 80.713782165014948, 19.282109552014276 ], [ 80.715401890784676, 19.28327354723649 ], [ 80.7166861838204, 19.284354419920586 ], [ 80.71726429950786, 19.284789265512245 ], [ 80.717760145214584, 19.28492773862428 ], [ 80.719028181205658, 19.284746981188277 ], [ 80.721054081280897, 19.284358081959965 ], [ 80.721754004743559, 19.284510274229831 ], [ 80.722215528723723, 19.284723731914767 ], [ 80.723791848714882, 19.286054018078516 ], [ 80.724478451419429, 19.286386924616924 ], [ 80.724563976046738, 19.28642839145715 ], [ 80.725163120581612, 19.286718892263142 ], [ 80.726621389265745, 19.287023349647935 ], [ 80.728152941904796, 19.286976349279144 ], [ 80.728219292986012, 19.286974313214049 ], [ 80.73152782684781, 19.286349168379445 ], [ 80.733430993745401, 19.286299060853025 ], [ 80.734903565247407, 19.286395474471647 ], [ 80.736360901334592, 19.286075950744589 ], [ 80.737317311444826, 19.285485592586102 ], [ 80.737943941959429, 19.285291243696008 ], [ 80.738366727642415, 19.285304961055147 ], [ 80.739956661570716, 19.285969649080073 ], [ 80.741415533699978, 19.286662195404059 ], [ 80.741535826139469, 19.286696923921401 ] ] ] } },
{ "type": "Feature", "properties": { "REGION": 1.0, "STATE.NAME": "Maharashtra", "DISTRICT.NAME": "Gadchiroli", "DISTRICT.AREA": 14527.292838, "GRID_G0": "180980", "woodland": 0.9990634203887403, "maskWdl": 1.0, "cropland": 0.0, "maskCrp": 0.0, "one": 0.00086085615332804602, "maskOne": 0.0, "GRID.AREA": 6.1996235164563904, "REGION.AREA": 32202.066020262951 }, "geometry": { "type": "Polygon", "coordinates": [ [ [ 80.773224613933763, 19.311119242416741 ], [ 80.741535826139469, 19.31111814845222 ], [ 80.741535826139469, 19.286696923921401 ], [ 80.742344006370843, 19.286930243735807 ], [ 80.742534221077506, 19.287429154332074 ], [ 80.742841865659614, 19.28851039214095 ], [ 80.74317776154453, 19.288870674042418 ], [ 80.743658979778161, 19.288953678769307 ], [ 80.744198034311864, 19.288717684073905 ], [ 80.745203315380763, 19.288259741194167 ], [ 80.74709819052913, 19.288037004304329 ], [ 80.74847033383891, 19.288027202593355 ], [ 80.748756892916333, 19.287974611139418 ], [ 80.749292603770698, 19.287772359906512 ], [ 80.749694822857862, 19.287564721734554 ], [ 80.750239746367242, 19.287332943960223 ], [ 80.750613033364857, 19.287174945667232 ], [ 80.750894612896104, 19.287029530688358 ], [ 80.751129273896936, 19.287002449403587 ], [ 80.751306672365104, 19.287094026468196 ], [ 80.751559609388494, 19.287290093063405 ], [ 80.751792737944584, 19.287506371022232 ], [ 80.751908040024091, 19.287665114853212 ], [ 80.7521221461202, 19.28792088474108 ], [ 80.752400069008047, 19.288242725121734 ], [ 80.752694255235724, 19.288447212968549 ], [ 80.753000074194119, 19.288690303314922 ], [ 80.753293917780127, 19.288885150429394 ], [ 80.753485278223081, 19.288970682251261 ], [ 80.753530587866408, 19.288990934084381 ], [ 80.753720104699141, 19.288981669268651 ], [ 80.754123656581555, 19.288961937243645 ], [ 80.754478957138247, 19.288872617477352 ], [ 80.754826862569701, 19.288861302207405 ], [ 80.755215670067173, 19.288848673927191 ], [ 80.755576585990696, 19.288914795681308 ], [ 80.755847176705913, 19.289032525031075 ], [ 80.756171084627908, 19.289206917065599 ], [ 80.756558367774517, 19.289437648029089 ], [ 80.757045195079741, 19.289587242157548 ], [ 80.75733732185995, 19.289733418862223 ], [ 80.757616639596279, 19.290094088371518 ], [ 80.757832140540927, 19.290388687388088 ], [ 80.757924578256734, 19.29047480286988 ], [ 80.758044192585487, 19.290586237864659 ], [ 80.758263539031134, 19.290705602181845 ], [ 80.758809624464675, 19.290849471226181 ], [ 80.759350126906895, 19.291065454207395 ], [ 80.759685922967037, 19.291288083178532 ], [ 80.759949130248231, 19.291483809830027 ], [ 80.760054849152027, 19.291859871236113 ], [ 80.760083735376156, 19.292092516856201 ], [ 80.760103060907568, 19.29234486482369 ], [ 80.759982385378862, 19.292689393300918 ], [ 80.759801246630275, 19.293064994254113 ], [ 80.75956077331108, 19.293500956803769 ], [ 80.759425907379821, 19.294021048232821 ], [ 80.759348454167878, 19.294432302808563 ], [ 80.759333188176129, 19.294860870233038 ], [ 80.759396718983453, 19.295199406527441 ], [ 80.759446210474266, 19.295466936849721 ], [ 80.759577363104881, 19.295978415471556 ], [ 80.759818655706454, 19.296418162368354 ], [ 80.760040526549119, 19.296605560398348 ], [ 80.760492006900677, 19.296911991795017 ], [ 80.760794403039313, 19.297057835750593 ], [ 80.761195557329188, 19.297103166977649 ], [ 80.76152943783336, 19.297070600727697 ], [ 80.76195951701817, 19.297066376612062 ], [ 80.76237909751741, 19.297052653856952 ], [ 80.76255375215402, 19.297066450356454 ], [ 80.762763651221576, 19.297205693288163 ], [ 80.762916043140933, 19.297453686738319 ], [ 80.763081797187226, 19.297788943205205 ], [ 80.763216551602625, 19.298115358437087 ], [ 80.763338443914108, 19.298374068208716 ], [ 80.763570919562369, 19.29857086595274 ], [ 80.763905802810598, 19.298764382070601 ], [ 80.764434927929642, 19.299233681589161 ], [ 80.764606097693331, 19.299432446150544 ], [ 80.764706898204849, 19.299672437433113 ], [ 80.764896449211847, 19.300159094766457 ], [ 80.765002878580049, 19.300554532066027 ], [ 80.765083967750968, 19.300814644780075 ], [ 80.765203544308179, 19.301005316342298 ], [ 80.765393392091426, 19.301154945544337 ], [ 80.76559512531486, 19.301352726247384 ], [ 80.76583716615238, 19.301529634584995 ], [ 80.765997993712517, 19.301728817331085 ], [ 80.766075281449162, 19.301881965580325 ], [ 80.766144753177855, 19.301962419829863 ], [ 80.766214224906605, 19.302042875878048 ], [ 80.766344744414482, 19.302252684114137 ], [ 80.766472496708388, 19.302384817005759 ], [ 80.766608328511623, 19.302458225067081 ], [ 80.766928631051542, 19.302535364415576 ], [ 80.767203512432218, 19.302551946115443 ], [ 80.767623706269092, 19.302557766527741 ], [ 80.767963569063511, 19.302605141014507 ], [ 80.768190425747605, 19.302646303883876 ], [ 80.768411282155, 19.302804585463317 ], [ 80.76853259350446, 19.303043921140102 ], [ 80.768759082365818, 19.303357645139268 ], [ 80.769008842983794, 19.303748479708648 ], [ 80.769521964666978, 19.304909169922329 ], [ 80.769768499416784, 19.305494711311951 ], [ 80.770117696274724, 19.306086607311098 ], [ 80.770400061813461, 19.306561117501644 ], [ 80.770605002918614, 19.307128506075742 ], [ 80.770772518736806, 19.307512237799585 ], [ 80.771081184049478, 19.307833065543608 ], [ 80.771586752326812, 19.308215502243684 ], [ 80.771947616089676, 19.308563790786366 ], [ 80.77236077722813, 19.30893963275787 ], [ 80.772525268626282, 19.309233750637134 ], [ 80.772799363100205, 19.309730799636725 ], [ 80.773089241575292, 19.310665358019889 ], [ 80.773224613933763, 19.311119242416741 ] ] ] } },
{ "type": "Feature", "properties": { "REGION": 1.0, "STATE.NAME": "Maharashtra", "DISTRICT.NAME": "Gadchiroli", "DISTRICT.AREA": 14527.292838, "GRID_G0": "180311", "woodland": 0.50787104087146206, "maskWdl": 1.0, "cropland": 0.20183712075028259, "maskCrp": 0.0, "one": 0.20964695985817766, "maskOne": 0.0, "GRID.AREA": 1.4463177930331748, "REGION.AREA": 32202.066020262951 }, "geometry": { "type": "Polygon", "coordinates": [ [ [ 79.924153172327095, 19.221116379891399 ], [ 79.931535627200489, 19.221115625908411 ], [ 79.931535627200489, 19.251621100215921 ], [ 79.93136271291894, 19.251387406004028 ], [ 79.930955088006954, 19.251025052963882 ], [ 79.930851158754024, 19.250826108538146 ], [ 79.930811982487057, 19.25067962786261 ], [ 79.930808796189069, 19.250667965454284 ], [ 79.930772928527873, 19.250478234582886 ], [ 79.930614953617308, 19.249159727739308 ], [ 79.930433079223292, 19.247881613945367 ], [ 79.930293791325482, 19.246703061397231 ], [ 79.930106695467657, 19.245628157513526 ], [ 79.929994757751899, 19.244855855713244 ], [ 79.92984885713912, 19.244322743000225 ], [ 79.929665900860698, 19.243473546467044 ], [ 79.929462976934872, 19.242917724073777 ], [ 79.929166081949177, 19.241995936063631 ], [ 79.928916902293281, 19.240984000011625 ], [ 79.928695482910257, 19.240315408029687 ], [ 79.928413066110181, 19.239276276479018 ], [ 79.928158073236546, 19.238666161114509 ], [ 79.92784734397982, 19.237622425034946 ], [ 79.927672958240464, 19.237053121804191 ], [ 79.927499142671365, 19.2363348791514 ], [ 79.92730663469348, 19.23549927677027 ], [ 79.927061629690513, 19.234681371248314 ], [ 79.926698386321505, 19.233705377501224 ], [ 79.926500337620553, 19.233122381192967 ], [ 79.926255328120931, 19.232327157472412 ], [ 79.925901694907338, 19.231301401538474 ], [ 79.925708620356616, 19.230650827473767 ], [ 79.925454493530083, 19.22975165561445 ], [ 79.925040198346551, 19.22832396028258 ], [ 79.924823209023941, 19.227754544636586 ], [ 79.924748656125644, 19.227322259414791 ], [ 79.924624274490725, 19.226368743322894 ], [ 79.924623317612088, 19.2263633995513 ], [ 79.924512012119749, 19.225740892428291 ], [ 79.924511845745144, 19.225739475996079 ], [ 79.92441927133234, 19.224950436013842 ], [ 79.924364265198747, 19.224268438737507 ], [ 79.924243604958463, 19.223283763834672 ], [ 79.924090772371301, 19.221928754408566 ], [ 79.924130542190824, 19.22134184784807 ], [ 79.924153172327095, 19.221116379891399 ] ] ] } },
{ "type": "Feature", "properties": { "REGION": 1.0, "STATE.NAME": "Maharashtra", "DISTRICT.NAME": "Gadchiroli", "DISTRICT.AREA": 14527.292838, "GRID_G0": "180312", "woodland": 0.46482352293349588, "maskWdl": 1.0, "cropland": 0.059282042716476496, "maskCrp": 0.0, "one": 0.44375387937323757, "maskOne": 1.0, "GRID.AREA": 23.200381298523631, "REGION.AREA": 32202.066020262951 }, "geometry": { "type": "Polygon", "coordinates": [ [ [ 79.931535627200489, 19.251621100215921 ], [ 79.931535627200489, 19.221115625908411 ], [ 79.976536957850627, 19.22111560746502 ], [ 79.976536957850612, 19.266116884650103 ], [ 79.937540926634057, 19.266117474008414 ], [ 79.936361304031038, 19.264149901896531 ], [ 79.935156584808624, 19.26179831683891 ], [ 79.93411304478127, 19.259528436987804 ], [ 79.9335782080679, 19.25805924154082 ], [ 79.933043382146423, 19.256590047892473 ], [ 79.932342972150479, 19.254108852541549 ], [ 79.932061670509768, 19.252857132950393 ], [ 79.931637300221269, 19.251758511246351 ], [ 79.931535627200489, 19.251621100215921 ] ] ] } },
{ "type": "Feature", "properties": { "REGION": 1.0, "STATE.NAME": "Maharashtra", "DISTRICT.NAME": "Gadchiroli", "DISTRICT.AREA": 14527.292838, "GRID_G0": "180313", "woodland": 0.54436324764018107, "maskWdl": 1.0, "cropland": 0.0035082355961322492, "maskCrp": 0.0, "one": 0.45211257733853916, "maskOne": 1.0, "GRID.AREA": 23.637815229719678, "REGION.AREA": 32202.066020262951 }, "geometry": { "type": "Polygon", "coordinates": [ [ [ 79.976536957850627, 19.22111560746502 ], [ 80.021533747255191, 19.221115596320512 ], [ 80.021533747255191, 19.266116834604055 ], [ 79.976536957850612, 19.266116884650103 ], [ 79.976536957850627, 19.22111560746502 ] ] ] } },
{ "type": "Feature", "properties": { "REGION": 1.0, "STATE.NAME": "Maharashtra", "DISTRICT.NAME": "Gadchiroli", "DISTRICT.AREA": 14527.292838, "GRID_G0": "180314", "woodland": 0.58798978849911165, "maskWdl": 1.0, "cropland": 0.0029534642087917068, "maskCrp": 0.0, "one": 0.40905674729209668, "maskOne": 1.0, "GRID.AREA": 23.640117394089856, "REGION.AREA": 32202.066020262951 }, "geometry": { "type": "Polygon", "coordinates": [ [ [ 80.021533747255191, 19.221115596320512 ], [ 80.066534923665401, 19.221115640080349 ], [ 80.066534923665401, 19.266116908031101 ], [ 80.021533747255191, 19.266116834604055 ], [ 80.021533747255191, 19.221115596320512 ] ] ] } },
{ "type": "Feature", "properties": { "REGION": 1.0, "STATE.NAME": "Maharashtra", "DISTRICT.NAME": "Gadchiroli", "DISTRICT.AREA": 14527.292838, "GRID_G0": "180315", "woodland": 0.95121190474596673, "maskWdl": 1.0, "cropland": 0.0047183463817218642, "maskCrp": 0.0, "one": 0.043966152285707272, "maskOne": 0.0, "GRID.AREA": 23.640173718498996, "REGION.AREA": 32202.066020262951 }, "geometry": { "type": "Polygon", "coordinates": [ [ [ 80.066534923665401, 19.221115640080349 ], [ 80.111536188429895, 19.221115598787897 ], [ 80.111536188429895, 19.266116874806251 ], [ 80.066534923665401, 19.266116908031101 ], [ 80.066534923665401, 19.221115640080349 ] ] ] } },
{ "type": "Feature", "properties": { "REGION": 1.0, "STATE.NAME": "Maharashtra", "DISTRICT.NAME": "Gadchiroli", "DISTRICT.AREA": 14527.292838, "GRID_G0": "180316", "woodland": 0.50505334246410616, "maskWdl": 1.0, "cropland": 0.3712506246128357, "maskCrp": 0.0, "one": 0.123568530422515, "maskOne": 0.0, "GRID.AREA": 23.640133771884571, "REGION.AREA": 32202.066020262951 }, "geometry": { "type": "Polygon", "coordinates": [ [ [ 80.111536188429895, 19.221115598787897 ], [ 80.156537424750198, 19.221115652124183 ], [ 80.156537424750198, 19.266116824869325 ], [ 80.111536188429895, 19.266116874806251 ], [ 80.111536188429895, 19.221115598787897 ] ] ] } },
{ "type": "Feature", "properties": { "REGION": 1.0, "STATE.NAME": "Maharashtra", "DISTRICT.NAME": "Gadchiroli", "DISTRICT.AREA": 14527.292838, "GRID_G0": "180318", "woodland": 0.94008613311732647, "maskWdl": 1.0, "cropland": 0.023832483798377185, "maskCrp": 0.0, "one": 0.029212198704035928, "maskOne": 0.0, "GRID.AREA": 23.640130716625269, "REGION.AREA": 32202.066020262951 }, "geometry": { "type": "Polygon", "coordinates": [ [ [ 80.201534259565875, 19.221115661673572 ], [ 80.246535515872452, 19.221115659994144 ], [ 80.246535515872466, 19.266116830229048 ], [ 80.201534259565875, 19.266116888610011 ], [ 80.201534259565875, 19.221115661673572 ] ] ] } },
{ "type": "Feature", "properties": { "REGION": 1.0, "STATE.NAME": "Maharashtra", "DISTRICT.NAME": "Gadchiroli", "DISTRICT.AREA": 14527.292838, "GRID_G0": "180319", "woodland": 0.90180331976078143, "maskWdl": 1.0, "cropland": 0.040325986687551441, "maskCrp": 0.0, "one": 0.057655534496530998, "maskOne": 0.0, "GRID.AREA": 23.640121565516843, "REGION.AREA": 32202.066020262951 }, "geometry": { "type": "Polygon", "coordinates": [ [ [ 80.246535515872452, 19.221115659994144 ], [ 80.291536732472025, 19.221115592443621 ], [ 80.291536732472025, 19.266116863941196 ], [ 80.246535515872466, 19.266116830229048 ], [ 80.246535515872452, 19.221115659994144 ] ] ] } },
{ "type": "Feature", "properties": { "REGION": 1.0, "STATE.NAME": "Maharashtra", "DISTRICT.NAME": "Gadchiroli", "DISTRICT.AREA": 14527.292838, "GRID_G0": "180320", "woodland": 0.71585755057173006, "maskWdl": 1.0, "cropland": 0.18082649552945473, "maskCrp": 0.0, "one": 0.099632741956612425, "maskOne": 0.0, "GRID.AREA": 23.6378304117924, "REGION.AREA": 32202.066020262951 }, "geometry": { "type": "Polygon", "coordinates": [ [ [ 80.291536732472025, 19.221115592443621 ], [ 80.336533542262686, 19.221115593445219 ], [ 80.336533542262686, 19.266116854444192 ], [ 80.291536732472025, 19.266116863941196 ], [ 80.291536732472025, 19.221115592443621 ] ] ] } },
{ "type": "Feature", "properties": { "REGION": 1.0, "STATE.NAME": "Maharashtra", "DISTRICT.NAME": "Gadchiroli", "DISTRICT.AREA": 14527.292838, "GRID_G0": "180321", "woodland": 0.55956791688951346, "maskWdl": 1.0, "cropland": 0.30790300530581055, "maskCrp": 0.0, "one": 0.10814090873067876, "maskOne": 0.0, "GRID.AREA": 23.640131374234436, "REGION.AREA": 32202.066020262951 }, "geometry": { "type": "Polygon", "coordinates": [ [ [ 80.336533542262686, 19.221115593445219 ], [ 80.381534753204193, 19.221115598128858 ], [ 80.381534753204193, 19.266116827512111 ], [ 80.336533542262686, 19.266116854444192 ], [ 80.336533542262686, 19.221115593445219 ] ] ] } },
{ "type": "Feature", "properties": { "REGION": 1.0, "STATE.NAME": "Maharashtra", "DISTRICT.NAME": "Gadchiroli", "DISTRICT.AREA": 14527.292838, "GRID_G0": "180322", "woodland": 0.72144695770495237, "maskWdl": 1.0, "cropland": 0.093309137385682805, "maskCrp": 0.0, "one": 0.052781710001775298, "maskOne": 0.0, "GRID.AREA": 11.283776289555036, "REGION.AREA": 32202.066020262951 }, "geometry": { "type": "Polygon", "coordinates": [ [ [ 80.426535995054564, 19.252809986766351 ], [ 80.426535995054564, 19.266116825983747 ], [ 80.381534753204193, 19.266116827512111 ], [ 80.381534753204193, 19.221115598128858 ], [ 80.384621868268695, 19.221115952688649 ], [ 80.384699690538355, 19.221399668859704 ], [ 80.385014382208055, 19.222090646765995 ], [ 80.385429260152307, 19.223030020119385 ], [ 80.386017719841959, 19.225130136746486 ], [ 80.386409683060492, 19.226363130654022 ], [ 80.386567777580922, 19.227081143979664 ], [ 80.386464941004306, 19.227722520677844 ], [ 80.386595322915881, 19.228684491296292 ], [ 80.386921415291113, 19.230165859966519 ], [ 80.386870492978915, 19.230707842692823 ], [ 80.386796698209139, 19.23159753120115 ], [ 80.386589455738829, 19.23223890610069 ], [ 80.386567107586018, 19.232834903008438 ], [ 80.38676964929995, 19.23340919477857 ], [ 80.38680123169155, 19.233498825710285 ], [ 80.387453276147824, 19.234365968214888 ], [ 80.388195366123284, 19.235278235102498 ], [ 80.388217456170707, 19.23532831385063 ], [ 80.388248982804399, 19.23539990528144 ], [ 80.388662767173003, 19.236339514257224 ], [ 80.389001489627105, 19.237129879840154 ], [ 80.389287752827613, 19.237798256884101 ], [ 80.389835010077718, 19.238489274360575 ], [ 80.390225417469082, 19.239130562925194 ], [ 80.390901198631468, 19.239997727013531 ], [ 80.392034376785091, 19.241727390406766 ], [ 80.392397225351715, 19.242689311562515 ], [ 80.393021014008639, 19.243651187752164 ], [ 80.393463803311931, 19.244342101806577 ], [ 80.393854109979259, 19.244838857627201 ], [ 80.394790460711249, 19.245629104499642 ], [ 80.395764650418357, 19.246297391611392 ], [ 80.397345645984842, 19.246812179738356 ], [ 80.398722664519426, 19.247232087590817 ], [ 80.400227354408912, 19.247602327685339 ], [ 80.401122080020073, 19.247776088395828 ], [ 80.402016809228428, 19.247949841012428 ], [ 80.403417264095538, 19.248342645996384 ], [ 80.404803328011212, 19.24864062196718 ], [ 80.406673056316549, 19.248861690614604 ], [ 80.407892990269318, 19.249082773651143 ], [ 80.409473165654106, 19.249303866580245 ], [ 80.410513003172639, 19.249624412836454 ], [ 80.411419501808624, 19.24975083233511 ], [ 80.414157988700254, 19.250170411035697 ], [ 80.414461856129833, 19.250266686158682 ], [ 80.414643525478368, 19.250324243668956 ], [ 80.415169322206523, 19.250490910527166 ], [ 80.415288334888828, 19.250676067446591 ], [ 80.415454399201224, 19.250698346351673 ], [ 80.416284489637519, 19.250756924592451 ], [ 80.416829705426608, 19.25088336027892 ], [ 80.417778377769991, 19.25095550749074 ], [ 80.418048836284811, 19.250955405867334 ], [ 80.418670842485426, 19.250783737879264 ], [ 80.419372823596973, 19.250810737325708 ], [ 80.421966511545349, 19.251402055060847 ], [ 80.426535995054564, 19.252809986766351 ] ] ] } },
{ "type": "Feature", "properties": { "REGION": 1.0, "STATE.NAME": "Maharashtra", "DISTRICT.NAME": "Gadchiroli", "DISTRICT.AREA": 14527.292838, "GRID_G0": "180323", "woodland": 0.90732521130947852, "maskWdl": 1.0, "cropland": 0.022288751931375139, "maskCrp": 0.0, "one": 0.018877387160944639, "maskOne": 0.0, "GRID.AREA": 2.0118037944454721, "REGION.AREA": 32202.066020262951 }, "geometry": { "type": "Polygon", "coordinates": [ [ [ 80.448171376456202, 19.266118213774885 ], [ 80.426535995054564, 19.266116825983747 ], [ 80.426535995054564, 19.252809986766351 ], [ 80.426934654310912, 19.252932813598534 ], [ 80.430049306030696, 19.253908049217159 ], [ 80.431499469125242, 19.254562797035529 ], [ 80.436024996156732, 19.256739484639581 ], [ 80.437813254877881, 19.257682323080815 ], [ 80.437849305101409, 19.257701330252246 ], [ 80.441193089689421, 19.260063371727256 ], [ 80.442850691306433, 19.261300822674855 ], [ 80.445090387211678, 19.263166135308953 ], [ 80.446136874317347, 19.264006178542331 ], [ 80.448171376456202, 19.266118213774885 ] ] ] } },
{ "type": "Feature", "properties": { "REGION": 1.0, "STATE.NAME": "Maharashtra", "DISTRICT.NAME": "Gadchiroli", "DISTRICT.AREA": 14527.292838, "GRID_G0": "179661", "woodland": 0.4238974231270588, "maskWdl": 1.0, "cropland": 0.34541462040608734, "maskCrp": 0.0, "one": 0.13057258689428003, "maskOne": 0.0, "GRID.AREA": 1.2801579783920252, "REGION.AREA": 32202.066020262951 }, "geometry": { "type": "Polygon", "coordinates": [ [ [ 79.931535627200489, 19.199830542074086 ], [ 79.931535627200489, 19.221115625908411 ], [ 79.924153172327095, 19.221116379891399 ], [ 79.924233388660014, 19.220317165704675 ], [ 79.924270575626622, 19.21899421351219 ], [ 79.924267274215367, 19.218506546240178 ], [ 79.924284218342052, 19.217598987303457 ], [ 79.924283868505768, 19.217591187483379 ], [ 79.92424412746459, 19.216700308272664 ], [ 79.924283915270507, 19.216077319113026 ], [ 79.924228669917227, 19.215485683917226 ], [ 79.924369481266581, 19.214492616541069 ], [ 79.924461428851941, 19.213923923050686 ], [ 79.924644117132345, 19.213224522993414 ], [ 79.925052174618202, 19.211880103983674 ], [ 79.925229648629454, 19.211334135462039 ], [ 79.925459768053884, 19.210662031627521 ], [ 79.925856938347067, 19.209755411583043 ], [ 79.926215411711951, 19.209074558244307 ], [ 79.926521700116439, 19.20837999833833 ], [ 79.927210954921705, 19.20672472776403 ], [ 79.927736448578287, 19.205827536211871 ], [ 79.928386272608464, 19.204659719770287 ], [ 79.928620267211613, 19.204285575718814 ], [ 79.929284137752802, 19.203212706101567 ], [ 79.929723729966213, 19.20241013761779 ], [ 79.930133977301296, 19.201900919891614 ], [ 79.930826110836392, 19.200886823668039 ], [ 79.931212679021996, 19.200359502589038 ], [ 79.931215786179621, 19.200354413325552 ], [ 79.931535627200489, 19.199830542074086 ] ] ] } },
{ "type": "Feature", "properties": { "REGION": 1.0, "STATE.NAME": "Maharashtra", "DISTRICT.NAME": "Gadchiroli", "DISTRICT.AREA": 14527.292838, "GRID_G0": "179662", "woodland": 0.56895502715599378, "maskWdl": 1.0, "cropland": 0.15650108237484156, "maskCrp": 0.0, "one": 0.19870752530422242, "maskOne": 0.0, "GRID.AREA": 21.459416467555016, "REGION.AREA": 32202.066020262951 }, "geometry": { "type": "Polygon", "coordinates": [ [ [ 79.946250846218462, 19.176115600327208 ], [ 79.976536957850627, 19.176114390972021 ], [ 79.976536957850627, 19.22111560746502 ], [ 79.931535627200489, 19.221115625908411 ], [ 79.931535627200489, 19.199830542074086 ], [ 79.931933778820905, 19.19917839956355 ], [ 79.932330276421169, 19.198488559299619 ], [ 79.932918044532201, 19.197388377271864 ], [ 79.933524370153634, 19.196455220931743 ], [ 79.934526924478064, 19.194927163957516 ], [ 79.934899161067506, 19.194395240148253 ], [ 79.935347909278676, 19.193714601747502 ], [ 79.936268818651115, 19.192470772807951 ], [ 79.936898637262345, 19.191628060386734 ], [ 79.937833963666549, 19.19028488334072 ], [ 79.93846354125948, 19.18950533750137 ], [ 79.939140982570336, 19.188644643135831 ], [ 79.93974688640975, 19.187824408369806 ], [ 79.940500379788773, 19.186927747417656 ], [ 79.941058716686484, 19.186116396154834 ], [ 79.941573882528701, 19.18545845484385 ], [ 79.941879457770824, 19.184980664825844 ], [ 79.942432815122402, 19.184250567309903 ], [ 79.943254332321658, 19.182825790278059 ], [ 79.943521823073752, 19.182347798811914 ], [ 79.944104111615502, 19.181482371314413 ], [ 79.944830390610093, 19.180102452466258 ], [ 79.945007278263347, 19.179741677736274 ], [ 79.945289292167161, 19.179164437988447 ], [ 79.945629213417533, 19.178275778304567 ], [ 79.945863995826812, 19.177630575890422 ], [ 79.946046402619459, 19.176985355489819 ], [ 79.946150060277091, 19.176544372924525 ], [ 79.946250846218462, 19.176115600327208 ] ] ] } },
{ "type": "Feature", "properties": { "REGION": 1.0, "STATE.NAME": "Maharashtra", "DISTRICT.NAME": "Gadchiroli", "DISTRICT.AREA": 14527.292838, "GRID_G0": "179663", "woodland": 0.95145198769173789, "maskWdl": 1.0, "cropland": 0.0047293858743966384, "maskCrp": 0.0, "one": 0.043798702156480254, "maskOne": 0.0, "GRID.AREA": 23.64425777190921, "REGION.AREA": 32202.066020262951 }, "geometry": { "type": "Polygon", "coordinates": [ [ [ 79.976536957850627, 19.176114390972021 ], [ 80.021533747255191, 19.176114416284356 ], [ 80.021533747255191, 19.221115596320512 ], [ 79.976536957850627, 19.22111560746502 ], [ 79.976536957850627, 19.176114390972021 ] ] ] } },
{ "type": "Feature", "properties": { "REGION": 1.0, "STATE.NAME": "Maharashtra", "DISTRICT.NAME": "Gadchiroli", "DISTRICT.AREA": 14527.292838, "GRID_G0": "179664", "woodland": 0.97126747796053703, "maskWdl": 1.0, "cropland": 0.0031254409176583457, "maskCrp": 0.0, "one": 0.025607081121804615, "maskOne": 0.0, "GRID.AREA": 23.646585415628142, "REGION.AREA": 32202.066020262951 }, "geometry": { "type": "Polygon", "coordinates": [ [ [ 80.021533747255191, 19.176114416284356 ], [ 80.066534923665401, 19.176114338242058 ], [ 80.066534923665401, 19.221115640080349 ], [ 80.021533747255191, 19.221115596320512 ], [ 80.021533747255191, 19.176114416284356 ] ] ] } },
{ "type": "Feature", "properties": { "REGION": 1.0, "STATE.NAME": "Maharashtra", "DISTRICT.NAME": "Gadchiroli", "DISTRICT.AREA": 14527.292838, "GRID_G0": "179665", "woodland": 0.91219799633286347, "maskWdl": 1.0, "cropland": 0.0020330829299934476, "maskCrp": 0.0, "one": 0.085768920737143067, "maskOne": 0.0, "GRID.AREA": 23.646643028065395, "REGION.AREA": 32202.066020262951 }, "geometry": { "type": "Polygon", "coordinates": [ [ [ 80.066534923665401, 19.176114338242058 ], [ 80.111536188429895, 19.176114376184177 ], [ 80.111536188429895, 19.221115598787897 ], [ 80.066534923665401, 19.221115640080349 ], [ 80.066534923665401, 19.176114338242058 ] ] ] } },
{ "type": "Feature", "properties": { "REGION": 1.0, "STATE.NAME": "Maharashtra", "DISTRICT.NAME": "Gadchiroli", "DISTRICT.AREA": 14527.292838, "GRID_G0": "179666", "woodland": 0.85930470135306658, "maskWdl": 1.0, "cropland": 0.10050323617288691, "maskCrp": 0.0, "one": 0.040124326644594165, "maskOne": 0.0, "GRID.AREA": 23.646627918846363, "REGION.AREA": 32202.066020262951 }, "geometry": { "type": "Polygon", "coordinates": [ [ [ 80.111536188429895, 19.176114376184177 ], [ 80.156537424750198, 19.176114350901983 ], [ 80.156537424750198, 19.221115652124183 ], [ 80.111536188429895, 19.221115598787897 ], [ 80.111536188429895, 19.176114376184177 ] ] ] } },
{ "type": "Feature", "properties": { "REGION": 1.0, "STATE.NAME": "Maharashtra", "DISTRICT.NAME": "Gadchiroli", "DISTRICT.AREA": 14527.292838, "GRID_G0": "179668", "woodland": 0.92248714155197464, "maskWdl": 1.0, "cropland": 0.038275713660679778, "maskCrp": 0.0, "one": 0.0392371447873456, "maskOne": 0.0, "GRID.AREA": 23.646650967458864, "REGION.AREA": 32202.066020262951 }, "geometry": { "type": "Polygon", "coordinates": [ [ [ 80.201534259565875, 19.176114393603285 ], [ 80.246535515872452, 19.176114356471903 ], [ 80.246535515872452, 19.221115659994144 ], [ 80.201534259565875, 19.221115661673572 ], [ 80.201534259565875, 19.176114393603285 ] ] ] } },
{ "type": "Feature", "properties": { "REGION": 1.0, "STATE.NAME": "Maharashtra", "DISTRICT.NAME": "Gadchiroli", "DISTRICT.AREA": 14527.292838, "GRID_G0": "179669", "woodland": 0.98367595960741538, "maskWdl": 1.0, "cropland": 0.0024479856832116038, "maskCrp": 0.0, "one": 0.013876054709372962, "maskOne": 0.0, "GRID.AREA": 23.646619481619858, "REGION.AREA": 32202.066020262951 }, "geometry": { "type": "Polygon", "coordinates": [ [ [ 80.246535515872452, 19.176114356471903 ], [ 80.291536732472025, 19.176114364812346 ], [ 80.291536732472025, 19.221115592443621 ], [ 80.246535515872452, 19.221115659994144 ], [ 80.246535515872452, 19.176114356471903 ] ] ] } },
{ "type": "Feature", "properties": { "REGION": 1.0, "STATE.NAME": "Maharashtra", "DISTRICT.NAME": "Gadchiroli", "DISTRICT.AREA": 14527.292838, "GRID_G0": "179670", "woodland": 0.95606537198893116, "maskWdl": 1.0, "cropland": 0.026188451050208877, "maskCrp": 0.0, "one": 0.017558889745287357, "maskOne": 0.0, "GRID.AREA": 23.644281779090857, "REGION.AREA": 32202.066020262951 }, "geometry": { "type": "Polygon", "coordinates": [ [ [ 80.291536732472025, 19.176114364812346 ], [ 80.336533542262686, 19.176114373951489 ], [ 80.336533542262686, 19.221115593445219 ], [ 80.291536732472025, 19.221115592443621 ], [ 80.291536732472025, 19.176114364812346 ] ] ] } },
{ "type": "Feature", "properties": { "REGION": 1.0, "STATE.NAME": "Maharashtra", "DISTRICT.NAME": "Gadchiroli", "DISTRICT.AREA": 14527.292838, "GRID_G0": "179671", "woodland": 0.77355737798617963, "maskWdl": 1.0, "cropland": 0.11541521980436621, "maskCrp": 0.0, "one": 0.072195295187401989, "maskOne": 0.0, "GRID.AREA": 23.638941090702723, "REGION.AREA": 32202.066020262951 }, "geometry": { "type": "Polygon", "coordinates": [ [ [ 80.381534753204193, 19.17692067441887 ], [ 80.381534753204193, 19.221115598128858 ], [ 80.336533542262686, 19.221115593445219 ], [ 80.336533542262686, 19.176114373951489 ], [ 80.379906545587943, 19.176114597866601 ], [ 80.380690581205442, 19.176500445539205 ], [ 80.381534753204193, 19.17692067441887 ] ] ] } },
{ "type": "Feature", "properties": { "REGION": 1.0, "STATE.NAME": "Maharashtra", "DISTRICT.NAME": "Gadchiroli", "DISTRICT.AREA": 14527.292838, "GRID_G0": "179672", "woodland": 0.7135665143649802, "maskWdl": 1.0, "cropland": 0.088230687185961651, "maskCrp": 0.0, "one": 0.057280892618083105, "maskOne": 0.0, "GRID.AREA": 4.2008974427753465, "REGION.AREA": 32202.066020262951 }, "geometry": { "type": "Polygon", "coordinates": [ [ [ 80.384621868268695, 19.221115952688649 ], [ 80.381534753204193, 19.221115598128858 ], [ 80.381534753204193, 19.17692067441887 ], [ 80.382623223383121, 19.177462506089853 ], [ 80.383216759745721, 19.177742489324487 ], [ 80.385377247861754, 19.178889674418997 ], [ 80.386507806290297, 19.179580698190705 ], [ 80.387790104629687, 19.180344036448162 ], [ 80.389343694256127, 19.18148218965138 ], [ 80.390446772100915, 19.182642904146746 ], [ 80.391360146053955, 19.183794566066414 ], [ 80.392288030568238, 19.185077299677683 ], [ 80.393273142541545, 19.186459316644175 ], [ 80.393977896262982, 19.187633552446524 ], [ 80.39447871611992, 19.18879446479275 ], [ 80.394712953540022, 19.189575771504682 ], [ 80.394857336996552, 19.190460981389208 ], [ 80.394947230530306, 19.191481675938633 ], [ 80.39496413238885, 19.191674275647358 ], [ 80.39496943299298, 19.191734669619336 ], [ 80.395062260115253, 19.192832212136921 ], [ 80.394988591250524, 19.193771718589971 ], [ 80.39475025472052, 19.195239623509849 ], [ 80.394496421073029, 19.196206145597216 ], [ 80.393869380467606, 19.197809509101603 ], [ 80.393483225970158, 19.19890713345751 ], [ 80.392690948428594, 19.200858289078838 ], [ 80.391969052729678, 19.202461720032431 ], [ 80.391160978596361, 19.203685791765906 ], [ 80.390475488353161, 19.204661441072687 ], [ 80.390361640477408, 19.204764670653105 ], [ 80.389429403244435, 19.20560993535031 ], [ 80.389352848455246, 19.205708600871276 ], [ 80.388441174220887, 19.206883592104134 ], [ 80.387769618972811, 19.20771017158722 ], [ 80.387055314451231, 19.208563853039436 ], [ 80.38602967183192, 19.210117561376425 ], [ 80.385316314296517, 19.211341458641471 ], [ 80.384801677255666, 19.212366691169908 ], [ 80.38449074205414, 19.213242921323801 ], [ 80.384350291332908, 19.214046815408267 ], [ 80.384153016948233, 19.214855263659562 ], [ 80.384126575980758, 19.215745085267542 ], [ 80.384263549922935, 19.217497429562798 ], [ 80.384302467185194, 19.217972324663094 ], [ 80.384341383548076, 19.218447220662771 ], [ 80.38446379746631, 19.219940852488381 ], [ 80.384489079207697, 19.220631842085879 ], [ 80.384621868268695, 19.221115952688649 ] ] ] } },
{ "type": "Feature", "properties": { "REGION": 1.0, "STATE.NAME": "Maharashtra", "DISTRICT.NAME": "Gadchiroli", "DISTRICT.AREA": 14527.292838, "GRID_G0": "179011", "woodland": 0.66614278462231002, "maskWdl": 1.0, "cropland": 0.13148729630414224, "maskCrp": 0.0, "one": 0.057663549238902712, "maskOne": 0.0, "GRID.AREA": 6.1052531911409043, "REGION.AREA": 32202.066020262951 }, "geometry": { "type": "Polygon", "coordinates": [ [ [ 79.886782624343525, 19.131117577604016 ], [ 79.931535627200489, 19.131117616715379 ], [ 79.931535627200489, 19.155984176594977 ], [ 79.931105913307306, 19.155614389792333 ], [ 79.931032096054423, 19.155554646929488 ], [ 79.930518164082059, 19.155138697892653 ], [ 79.929953867377151, 19.154717275581845 ], [ 79.929323318516367, 19.154254962896285 ], [ 79.928735026999959, 19.153914779943193 ], [ 79.928265546717682, 19.153620010055477 ], [ 79.927658454873836, 19.153216463568981 ], [ 79.927138962393258, 19.152892197716824 ], [ 79.926634032634581, 19.152577017715256 ], [ 79.925330109197276, 19.151616167652094 ], [ 79.924566460673702, 19.15115358427056 ], [ 79.924558745389845, 19.151149422208103 ], [ 79.923152799262311, 19.150391160623599 ], [ 79.921815217798098, 19.149570186614881 ], [ 79.921250824865751, 19.14923448858082 ], [ 79.919908542645203, 19.148400000459734 ], [ 79.919235277785901, 19.147910447309357 ], [ 79.918467051713151, 19.14742065583863 ], [ 79.917466152141301, 19.146849016169199 ], [ 79.916441250563309, 19.146358516932082 ], [ 79.915791166629106, 19.146067740034198 ], [ 79.91450554529473, 19.145409428202587 ], [ 79.913789139057599, 19.145059750207338 ], [ 79.912958883146032, 19.144637561674188 ], [ 79.911829733955145, 19.144069940175655 ], [ 79.910449101045231, 19.143397856126224 ], [ 79.909803790712431, 19.143084471171449 ], [ 79.909344835196066, 19.142839482356298 ], [ 79.908902499151068, 19.142603364453745 ], [ 79.907754588303646, 19.141972535004527 ], [ 79.907171128844595, 19.1416457735337 ], [ 79.906141932104561, 19.141055863237568 ], [ 79.905748108188675, 19.140874095862902 ], [ 79.905178846326748, 19.140565513287868 ], [ 79.904438864362135, 19.140157018731486 ], [ 79.903656309391238, 19.139712317469503 ], [ 79.902831095978343, 19.139222320953422 ], [ 79.902252392134244, 19.138900040804284 ], [ 79.901189922277126, 19.138291990283165 ], [ 79.900189172892055, 19.137711150549194 ], [ 79.900175290057632, 19.137702850706034 ], [ 79.899354521993644, 19.137212131135012 ], [ 79.898894400955896, 19.13696695166357 ], [ 79.898083163906961, 19.136562783745546 ], [ 79.896517544049459, 19.13582682354911 ], [ 79.895355448195474, 19.135200392683998 ], [ 79.894074309082157, 19.134632259471232 ], [ 79.892754943385967, 19.134163426700809 ], [ 79.892180996955517, 19.133868290789053 ], [ 79.891085268370489, 19.133282641480776 ], [ 79.889643288207253, 19.132528891794948 ], [ 79.888576082520274, 19.131938837607322 ], [ 79.887565436995374, 19.131529506681428 ], [ 79.886782624343525, 19.131117577604016 ] ] ] } },
{ "type": "Feature", "properties": { "REGION": 1.0, "STATE.NAME": "Maharashtra", "DISTRICT.NAME": "Gadchiroli", "DISTRICT.AREA": 14527.292838, "GRID_G0": "179012", "woodland": 0.79119303157096132, "maskWdl": 1.0, "cropland": 0.099685459719737843, "maskCrp": 0.0, "one": 0.050465138764465116, "maskOne": 0.0, "GRID.AREA": 21.2761690991221, "REGION.AREA": 32202.066020262951 }, "geometry": { "type": "Polygon", "coordinates": [ [ [ 79.931535627200489, 19.155984176594977 ], [ 79.931535627200489, 19.131117616715379 ], [ 79.976536957850627, 19.131117624977513 ], [ 79.976536957850627, 19.176114390972021 ], [ 79.946250846218462, 19.176115600327208 ], [ 79.946253251186647, 19.176105368867752 ], [ 79.946320848728249, 19.175730782349774 ], [ 79.946403209540563, 19.175162008819711 ], [ 79.946466630630539, 19.174593228095034 ], [ 79.946505601852095, 19.174272710617174 ], [ 79.946469209886175, 19.173694621009986 ], [ 79.946399804707255, 19.173035169737318 ], [ 79.946382231954487, 19.172520348335468 ], [ 79.946322060115051, 19.171964746276043 ], [ 79.946309216896907, 19.171458927087883 ], [ 79.9462774393524, 19.170944102088701 ], [ 79.946122522136761, 19.170284439475328 ], [ 79.946000060554411, 19.169900233808789 ], [ 79.94590136715442, 19.169516223295091 ], [ 79.945674813541871, 19.168960194057775 ], [ 79.945240071372268, 19.16808759626559 ], [ 79.945017903753296, 19.167689582408343 ], [ 79.944629802223631, 19.167137714334107 ], [ 79.944175013266317, 19.166635308972388 ], [ 79.943682365548796, 19.166101118871609 ], [ 79.943004756964001, 19.16541756307015 ], [ 79.942393274629978, 19.164883140044935 ], [ 79.941748675660904, 19.164303436154682 ], [ 79.941747305993431, 19.164302460390271 ], [ 79.940985224088891, 19.163759581939189 ], [ 79.940311908867557, 19.163252027059457 ], [ 79.939904229096967, 19.162912327042307 ], [ 79.939377598697263, 19.162599386352671 ], [ 79.939373757692806, 19.162597329603102 ], [ 79.938741901217838, 19.162259035226327 ], [ 79.938120649548409, 19.161814846577951 ], [ 79.937565971092738, 19.161375366779794 ], [ 79.936703114756995, 19.160668662428865 ], [ 79.935721978686445, 19.159817199604106 ], [ 79.934802361639754, 19.15904260902926 ], [ 79.934110404371722, 19.158426587816848 ], [ 79.93327665639265, 19.157543869953713 ], [ 79.93244245425592, 19.156814663665845 ], [ 79.932011280596157, 19.156393493165243 ], [ 79.931535627200489, 19.155984176594977 ] ] ] } },
{ "type": "Feature", "properties": { "REGION": 1.0, "STATE.NAME": "Maharashtra", "DISTRICT.NAME": "Gadchiroli", "DISTRICT.AREA": 14527.292838, "GRID_G0": "179013", "woodland": 0.88859992280981204, "maskWdl": 1.0, "cropland": 0.0085501904225256005, "maskCrp": 0.0, "one": 0.10284988676766227, "maskOne": 0.0, "GRID.AREA": 23.648401750648414, "REGION.AREA": 32202.066020262951 }, "geometry": { "type": "Polygon", "coordinates": [ [ [ 79.976536957850627, 19.131117624977513 ], [ 80.021533747255191, 19.131117595044717 ], [ 80.021533747255191, 19.176114416284356 ], [ 79.976536957850627, 19.176114390972021 ], [ 79.976536957850627, 19.131117624977513 ] ] ] } },
{ "type": "Feature", "properties": { "REGION": 1.0, "STATE.NAME": "Maharashtra", "DISTRICT.NAME": "Gadchiroli", "DISTRICT.AREA": 14527.292838, "GRID_G0": "179014", "woodland": 0.82335517516848467, "maskWdl": 1.0, "cropland": 0.00091144967534721635, "maskCrp": 0.0, "one": 0.17573337515616808, "maskOne": 0.0, "GRID.AREA": 23.650707275513678, "REGION.AREA": 32202.066020262951 }, "geometry": { "type": "Polygon", "coordinates": [ [ [ 80.021533747255191, 19.131117595044717 ], [ 80.066534923665401, 19.131117572639209 ], [ 80.066534923665401, 19.176114338242058 ], [ 80.021533747255191, 19.176114416284356 ], [ 80.021533747255191, 19.131117595044717 ] ] ] } },
{ "type": "Feature", "properties": { "REGION": 1.0, "STATE.NAME": "Maharashtra", "DISTRICT.NAME": "Gadchiroli", "DISTRICT.AREA": 14527.292838, "GRID_G0": "179015", "woodland": 0.9600952600954924, "maskWdl": 1.0, "cropland": 0.0063322175823166665, "maskCrp": 0.0, "one": 0.033572522322190886, "maskOne": 0.0, "GRID.AREA": 23.650742366997317, "REGION.AREA": 32202.066020262951 }, "geometry": { "type": "Polygon", "coordinates": [ [ [ 80.066534923665401, 19.131117572639209 ], [ 80.111536188429895, 19.131117598113875 ], [ 80.111536188429895, 19.176114376184177 ], [ 80.066534923665401, 19.176114338242058 ], [ 80.066534923665401, 19.131117572639209 ] ] ] } },
{ "type": "Feature", "properties": { "REGION": 1.0, "STATE.NAME": "Maharashtra", "DISTRICT.NAME": "Gadchiroli", "DISTRICT.AREA": 14527.292838, "GRID_G0": "179016", "woodland": 0.92736123965831818, "maskWdl": 1.0, "cropland": 0.051693214313598163, "maskCrp": 0.0, "one": 0.020363671058746615, "maskOne": 0.0, "GRID.AREA": 23.650728288633154, "REGION.AREA": 32202.066020262951 }, "geometry": { "type": "Polygon", "coordinates": [ [ [ 80.111536188429895, 19.131117598113875 ], [ 80.156537424750198, 19.131117581983062 ], [ 80.156537424750198, 19.176114350901983 ], [ 80.111536188429895, 19.176114376184177 ], [ 80.111536188429895, 19.131117598113875 ] ] ] } },
{ "type": "Feature", "properties": { "REGION": 1.0, "STATE.NAME": "Maharashtra", "DISTRICT.NAME": "Gadchiroli", "DISTRICT.AREA": 14527.292838, "GRID_G0": "179017", "woodland": 0.73241894693791021, "maskWdl": 1.0, "cropland": 0.18318604752986675, "maskCrp": 0.0, "one": 0.083493711237743823, "maskOne": 0.0, "GRID.AREA": 23.648428024449693, "REGION.AREA": 32202.066020262951 }, "geometry": { "type": "Polygon", "coordinates": [ [ [ 80.156537424750198, 19.131117581983062 ], [ 80.201534259565875, 19.131117566144155 ], [ 80.201534259565875, 19.176114393603285 ], [ 80.156537424750198, 19.176114350901983 ], [ 80.156537424750198, 19.131117581983062 ] ] ] } },
{ "type": "Feature", "properties": { "REGION": 1.0, "STATE.NAME": "Maharashtra", "DISTRICT.NAME": "Gadchiroli", "DISTRICT.AREA": 14527.292838, "GRID_G0": "179018", "woodland": 0.95071777932936319, "maskWdl": 1.0, "cropland": 0.014449378237797945, "maskCrp": 0.0, "one": 0.034832842432838837, "maskOne": 0.0, "GRID.AREA": 23.650753400586652, "REGION.AREA": 32202.066020262951 }, "geometry": { "type": "Polygon", "coordinates": [ [ [ 80.201534259565875, 19.131117566144155 ], [ 80.246535515872466, 19.131117581358069 ], [ 80.246535515872452, 19.176114356471903 ], [ 80.201534259565875, 19.176114393603285 ], [ 80.201534259565875, 19.131117566144155 ] ] ] } },
{ "type": "Feature", "properties": { "REGION": 1.0, "STATE.NAME": "Maharashtra", "DISTRICT.NAME": "Gadchiroli", "DISTRICT.AREA": 14527.292838, "GRID_G0": "179019", "woodland": 0.99581531594364625, "maskWdl": 1.0, "cropland": 0.0, "maskCrp": 0.0, "one": 0.0041846840563537456, "maskOne": 0.0, "GRID.AREA": 23.650722931372389, "REGION.AREA": 32202.066020262951 }, "geometry": { "type": "Polygon", "coordinates": [ [ [ 80.246535515872466, 19.131117581358069 ], [ 80.291536732472025, 19.131117573888496 ], [ 80.291536732472025, 19.176114364812346 ], [ 80.246535515872452, 19.176114356471903 ], [ 80.246535515872466, 19.131117581358069 ] ] ] } },
{ "type": "Feature", "properties": { "REGION": 1.0, "STATE.NAME": "Maharashtra", "DISTRICT.NAME": "Gadchiroli", "DISTRICT.AREA": 14527.292838, "GRID_G0": "179020", "woodland": 0.94802395278373741, "maskWdl": 1.0, "cropland": 0.00045053747336717731, "maskCrp": 0.0, "one": 0.025722228042216511, "maskOne": 0.0, "GRID.AREA": 22.581898915747885, "REGION.AREA": 32202.066020262951 }, "geometry": { "type": "Polygon", "coordinates": [ [ [ 80.336533542262686, 19.146328181565075 ], [ 80.336533542262686, 19.176114373951489 ], [ 80.291536732472025, 19.176114364812346 ], [ 80.291536732472025, 19.131117573888496 ], [ 80.330540707856997, 19.131118218772876 ], [ 80.330333536063904, 19.1319139048029 ], [ 80.330154772424862, 19.132555330064466 ], [ 80.329639834111106, 19.133467703072085 ], [ 80.329573373312599, 19.133506209344148 ], [ 80.3289151208362, 19.133887601032033 ], [ 80.328342054842039, 19.134185602183837 ], [ 80.327982239688652, 19.134429420981064 ], [ 80.327802350098409, 19.134578553757308 ], [ 80.327740900322354, 19.134688028229959 ], [ 80.327594505981722, 19.134948828925364 ], [ 80.327543112424735, 19.135341897410683 ], [ 80.327956984926971, 19.1359877994974 ], [ 80.328646604856999, 19.136927537076247 ], [ 80.328955633495752, 19.137320637037817 ], [ 80.329245643271861, 19.137718093315417 ], [ 80.329375178921453, 19.138382160808131 ], [ 80.329712992160921, 19.138928796626715 ], [ 80.330231236382531, 19.139543158589959 ], [ 80.33044029368466, 19.13974201937873 ], [ 80.33088207754588, 19.140139595266135 ], [ 80.331347823843032, 19.140654546170424 ], [ 80.331818959777252, 19.141472282619816 ], [ 80.332239453088334, 19.142940349417646 ], [ 80.332606821647573, 19.143979310996432 ], [ 80.333125853675256, 19.145013801146035 ], [ 80.333254627599061, 19.145361668806 ], [ 80.3337727324257, 19.145903858376418 ], [ 80.334474959052159, 19.146129795054037 ], [ 80.335357447588194, 19.146351280986895 ], [ 80.336291646242557, 19.146351377214327 ], [ 80.336533542262686, 19.146328181565075 ] ] ] } },
{ "type": "Feature", "properties": { "REGION": 1.0, "STATE.NAME": "Maharashtra", "DISTRICT.NAME": "Gadchiroli", "DISTRICT.AREA": 14527.292838, "GRID_G0": "179021", "woodland": 0.72122655662473389, "maskWdl": 1.0, "cropland": 0.026979329295769187, "maskCrp": 0.0, "one": 0.097670870443913316, "maskOne": 0.0, "GRID.AREA": 6.732500121503767, "REGION.AREA": 32202.066020262951 }, "geometry": { "type": "Polygon", "coordinates": [ [ [ 80.379906545587943, 19.176114597866601 ], [ 80.336533542262686, 19.176114373951489 ], [ 80.336533542262686, 19.146328181565075 ], [ 80.337325199298562, 19.146252266528904 ], [ 80.338182933095936, 19.146003891766266 ], [ 80.33914051862007, 19.14585499461236 ], [ 80.340012532752269, 19.145602262634384 ], [ 80.340843325559092, 19.146045014166134 ], [ 80.341922976963872, 19.147504113823857 ], [ 80.342284434279293, 19.147974011391568 ], [ 80.342598430773023, 19.148470917398981 ], [ 80.343453302028308, 19.149062797210377 ], [ 80.344103822133718, 19.14945581893096 ], [ 80.344830164980181, 19.14980367130244 ], [ 80.345556691288323, 19.150296127464344 ], [ 80.34620234066557, 19.15059430758129 ], [ 80.346852947105901, 19.151014494223606 ], [ 80.347294676108447, 19.151357765448552 ], [ 80.347941550362293, 19.152198095565723 ], [ 80.348424600514932, 19.154122309297179 ], [ 80.348763394914783, 19.155111458327209 ], [ 80.348637060851729, 19.155829651517251 ], [ 80.348221413087799, 19.156642724082474 ], [ 80.347885964165997, 19.157162078966852 ], [ 80.347499100103448, 19.158124099947315 ], [ 80.347607098788615, 19.158786015362352 ], [ 80.347672193516985, 19.159185625516269 ], [ 80.34806269084055, 19.159953571000532 ], [ 80.348813241637856, 19.160518220239737 ], [ 80.349615561908706, 19.160888739124061 ], [ 80.350550935077649, 19.161408232503955 ], [ 80.351358071218044, 19.161805815585979 ], [ 80.352031929629902, 19.162076914418094 ], [ 80.352810524885854, 19.162420296259707 ], [ 80.353612770512996, 19.162790795358944 ], [ 80.354074280103987, 19.162993435998317 ], [ 80.354102599755208, 19.163005876320199 ], [ 80.35490869807802, 19.163359996067015 ], [ 80.356347355246328, 19.164078317860117 ], [ 80.357073242136494, 19.164250016425171 ], [ 80.357647473652037, 19.164399123121086 ], [ 80.35873448870575, 19.164841903431125 ], [ 80.359123923929985, 19.16511283049277 ], [ 80.359641481069559, 19.165383905942576 ], [ 80.360187715790516, 19.165754346585857 ], [ 80.361175279315773, 19.166251338028871 ], [ 80.361977781249664, 19.166770809825039 ], [ 80.36304177365902, 19.167511650642211 ], [ 80.364405100914723, 19.168424091098988 ], [ 80.365573490224449, 19.169241693549395 ], [ 80.366765572173449, 19.169955385632587 ], [ 80.367805511315339, 19.170574321547743 ], [ 80.368869154787717, 19.171166016098823 ], [ 80.370217469660531, 19.171757821266507 ], [ 80.370905871908519, 19.17206722762052 ], [ 80.371594277753786, 19.172376631276563 ], [ 80.373117221182895, 19.173077945990485 ], [ 80.373219601803214, 19.173125089351462 ], [ 80.37352659437687, 19.173266451085905 ], [ 80.374485542373918, 19.173686581070911 ], [ 80.375344570295738, 19.173930394472169 ], [ 80.376640582397044, 19.174526681860925 ], [ 80.377576034706294, 19.174969255326914 ], [ 80.379185500110793, 19.175759745016251 ], [ 80.379906545587943, 19.176114597866601 ] ] ] } },
{ "type": "Feature", "properties": { "REGION": 1.0, "STATE.NAME": "Maharashtra", "DISTRICT.NAME": "Gadchiroli", "DISTRICT.AREA": 14527.292838, "GRID_G0": "178361", "woodland": 0.75664492266706274, "maskWdl": 1.0, "cropland": 0.17913095267426532, "maskCrp": 0.0, "one": 0.061648765992837258, "maskOne": 0.0, "GRID.AREA": 23.659334929945278, "REGION.AREA": 32202.066020262951 }, "geometry": { "type": "Polygon", "coordinates": [ [ [ 79.886534392283508, 19.130986952632036 ], [ 79.886534392283508, 19.086116350259907 ], [ 79.931535627200489, 19.086116317857705 ], [ 79.931535627200489, 19.131117616715379 ], [ 79.886782624343525, 19.131117577604016 ], [ 79.886534392283508, 19.130986952632036 ] ] ] } },
{ "type": "Feature", "properties": { "REGION": 1.0, "STATE.NAME": "Maharashtra", "DISTRICT.NAME": "Gadchiroli", "DISTRICT.AREA": 14527.292838, "GRID_G0": "178362", "woodland": 0.98608780525606377, "maskWdl": 1.0, "cropland": 0.001976141132439158, "maskCrp": 0.0, "one": 0.011884242772249431, "maskOne": 0.0, "GRID.AREA": 23.659598923958022, "REGION.AREA": 32202.066020262951 }, "geometry": { "type": "Polygon", "coordinates": [ [ [ 79.931535627200489, 19.086116317857705 ], [ 79.976536957850612, 19.086116335517133 ], [ 79.976536957850627, 19.131117624977513 ], [ 79.931535627200489, 19.131117616715379 ], [ 79.931535627200489, 19.086116317857705 ] ] ] } },
{ "type": "Feature", "properties": { "REGION": 1.0, "STATE.NAME": "Maharashtra", "DISTRICT.NAME": "Gadchiroli", "DISTRICT.AREA": 14527.292838, "GRID_G0": "178363", "woodland": 0.85675049462007491, "maskWdl": 1.0, "cropland": 0.080386623627564213, "maskCrp": 0.0, "one": 0.062775193051458053, "maskOne": 0.0, "GRID.AREA": 23.657200593979649, "REGION.AREA": 32202.066020262951 }, "geometry": { "type": "Polygon", "coordinates": [ [ [ 79.976536957850612, 19.086116335517133 ], [ 80.021533747255191, 19.086116337103785 ], [ 80.021533747255191, 19.131117595044717 ], [ 79.976536957850627, 19.131117624977513 ], [ 79.976536957850612, 19.086116335517133 ] ] ] } },
{ "type": "Feature", "properties": { "REGION": 1.0, "STATE.NAME": "Maharashtra", "DISTRICT.NAME": "Gadchiroli", "DISTRICT.AREA": 14527.292838, "GRID_G0": "178364", "woodland": 0.70588807324312119, "maskWdl": 1.0, "cropland": 0.20997894483450993, "maskCrp": 0.0, "one": 0.082610537626094868, "maskOne": 0.0, "GRID.AREA": 23.659484933867944, "REGION.AREA": 32202.066020262951 }, "geometry": { "type": "Polygon", "coordinates": [ [ [ 80.021533747255191, 19.086116337103785 ], [ 80.066534923665401, 19.086116367411417 ], [ 80.066534923665401, 19.131117572639209 ], [ 80.021533747255191, 19.131117595044717 ], [ 80.021533747255191, 19.086116337103785 ] ] ] } },
{ "type": "Feature", "properties": { "REGION": 1.0, "STATE.NAME": "Maharashtra", "DISTRICT.NAME": "Gadchiroli", "DISTRICT.AREA": 14527.292838, "GRID_G0": "178365", "woodland": 0.84357855650195424, "maskWdl": 1.0, "cropland": 0.10269743831508911, "maskCrp": 0.0, "one": 0.053700092305698964, "maskOne": 0.0, "GRID.AREA": 23.659521566445591, "REGION.AREA": 32202.066020262951 }, "geometry": { "type": "Polygon", "coordinates": [ [ [ 80.066534923665401, 19.086116367411417 ], [ 80.111536188429895, 19.086116377522696 ], [ 80.111536188429895, 19.131117598113875 ], [ 80.066534923665401, 19.131117572639209 ], [ 80.066534923665401, 19.086116367411417 ] ] ] } },
{ "type": "Feature", "properties": { "REGION": 1.0, "STATE.NAME": "Maharashtra", "DISTRICT.NAME": "Gadchiroli", "DISTRICT.AREA": 14527.292838, "GRID_G0": "178366", "woodland": 0.70830536372459652, "maskWdl": 1.0, "cropland": 0.18248757981186275, "maskCrp": 0.0, "one": 0.10160023555418767, "maskOne": 0.0, "GRID.AREA": 23.659509003441404, "REGION.AREA": 32202.066020262951 }, "geometry": { "type": "Polygon", "coordinates": [ [ [ 80.111536188429895, 19.086116377522696 ], [ 80.156537424750198, 19.08611636765615 ], [ 80.156537424750198, 19.131117581983062 ], [ 80.111536188429895, 19.131117598113875 ], [ 80.111536188429895, 19.086116377522696 ] ] ] } },
{ "type": "Feature", "properties": { "REGION": 1.0, "STATE.NAME": "Maharashtra", "DISTRICT.NAME": "Gadchiroli", "DISTRICT.AREA": 14527.292838, "GRID_G0": "178367", "woodland": 0.7753384350435486, "maskWdl": 1.0, "cropland": 0.14643279781417157, "maskCrp": 0.0, "one": 0.078056516966428485, "maskOne": 0.0, "GRID.AREA": 23.65720939810722, "REGION.AREA": 32202.066020262951 }, "geometry": { "type": "Polygon", "coordinates": [ [ [ 80.156537424750198, 19.08611636765615 ], [ 80.201534259565875, 19.086116290417891 ], [ 80.201534259565875, 19.131117566144155 ], [ 80.156537424750198, 19.131117581983062 ], [ 80.156537424750198, 19.08611636765615 ] ] ] } },
{ "type": "Feature", "properties": { "REGION": 1.0, "STATE.NAME": "Maharashtra", "DISTRICT.NAME": "Gadchiroli", "DISTRICT.AREA": 14527.292838, "GRID_G0": "178368", "woodland": 0.61403444025832155, "maskWdl": 1.0, "cropland": 0.27981492331059804, "maskCrp": 0.0, "one": 0.10546592001847208, "maskOne": 0.0, "GRID.AREA": 23.659537144229379, "REGION.AREA": 32202.066020262951 }, "geometry": { "type": "Polygon", "coordinates": [ [ [ 80.201534259565875, 19.086116290417891 ], [ 80.246535515872452, 19.086116355107269 ], [ 80.246535515872466, 19.131117581358069 ], [ 80.201534259565875, 19.131117566144155 ], [ 80.201534259565875, 19.086116290417891 ] ] ] } },
{ "type": "Feature", "properties": { "REGION": 1.0, "STATE.NAME": "Maharashtra", "DISTRICT.NAME": "Gadchiroli", "DISTRICT.AREA": 14527.292838, "GRID_G0": "178369", "woodland": 0.98610287884662617, "maskWdl": 1.0, "cropland": 0.005824203506025521, "maskCrp": 0.0, "one": 0.0080083694925876924, "maskOne": 0.0, "GRID.AREA": 23.659508163726418, "REGION.AREA": 32202.066020262951 }, "geometry": { "type": "Polygon", "coordinates": [ [ [ 80.246535515872452, 19.086116355107269 ], [ 80.291536732472025, 19.086116328985742 ], [ 80.291536732472025, 19.131117573888496 ], [ 80.246535515872466, 19.131117581358069 ], [ 80.246535515872452, 19.086116355107269 ] ] ] } },
{ "type": "Feature", "properties": { "REGION": 1.0, "STATE.NAME": "Maharashtra", "DISTRICT.NAME": "Gadchiroli", "DISTRICT.AREA": 14527.292838, "GRID_G0": "178370", "woodland": 0.87259986559412739, "maskWdl": 1.0, "cropland": 0.00041053957116192285, "maskCrp": 0.0, "one": 0.068668363284553335, "maskOne": 0.0, "GRID.AREA": 21.649851816984082, "REGION.AREA": 32202.066020262951 }, "geometry": { "type": "Polygon", "coordinates": [ [ [ 80.330540707856997, 19.131118218772876 ], [ 80.291536732472025, 19.131117573888496 ], [ 80.291536732472025, 19.086116328985742 ], [ 80.329720290926574, 19.086117046408656 ], [ 80.329626203986209, 19.086537810571546 ], [ 80.328637134096539, 19.089623032876716 ], [ 80.328598806789557, 19.089778658758121 ], [ 80.32853368058494, 19.09004309001665 ], [ 80.328326932741788, 19.090910474438882 ], [ 80.328201766898076, 19.09224304757862 ], [ 80.328115020991504, 19.093846736637659 ], [ 80.327988358675896, 19.09449260005351 ], [ 80.327989129394837, 19.094885717102215 ], [ 80.328141354040341, 19.095134178199828 ], [ 80.328506611890703, 19.095183864843534 ], [ 80.329051634325538, 19.095134370654705 ], [ 80.329672441729898, 19.094958287894713 ], [ 80.330189137318882, 19.094935842615087 ], [ 80.330735182282865, 19.095378608536013 ], [ 80.331177464368523, 19.0959975057803 ], [ 80.331567288999224, 19.096490007807688 ], [ 80.332293559899938, 19.096937324298157 ], [ 80.333071918634175, 19.097280870715679 ], [ 80.334068644452429, 19.097823145721637 ], [ 80.334457754122127, 19.098021953450427 ], [ 80.335107638406839, 19.098193730256465 ], [ 80.335705481622711, 19.098369938022248 ], [ 80.336014356477449, 19.098690749578452 ], [ 80.336275593343998, 19.09896190956454 ], [ 80.336533542262686, 19.099094919862065 ], [ 80.336533542262686, 19.109597374425555 ], [ 80.336426949244355, 19.109880219696439 ], [ 80.336271626434495, 19.110372575134306 ], [ 80.336144670939859, 19.110892040635235 ], [ 80.336249593044329, 19.111212767655161 ], [ 80.336302832010134, 19.111682618458133 ], [ 80.336216695843916, 19.11187370910443 ], [ 80.336151582229789, 19.112018161808749 ], [ 80.335991349121514, 19.112373634135963 ], [ 80.335988262648243, 19.112377855553628 ], [ 80.335268003715441, 19.113362857809708 ], [ 80.33350022615457, 19.115883052261097 ], [ 80.332956843183808, 19.116818063902596 ], [ 80.332800892647128, 19.11706648363139 ], [ 80.332337680639512, 19.117734975788551 ], [ 80.331510634408289, 19.118995166993386 ], [ 80.331460303850008, 19.119089823336708 ], [ 80.330802170983475, 19.120327529691789 ], [ 80.330647727710527, 19.12126709190284 ], [ 80.330673603004428, 19.122278967700254 ], [ 80.330704061243466, 19.123268248930572 ], [ 80.330939724089035, 19.124822166809619 ], [ 80.331397358501363, 19.125983199664972 ], [ 80.331527314134291, 19.126895693181723 ], [ 80.331372746754937, 19.127785502199231 ], [ 80.331015263543634, 19.129117926051496 ], [ 80.330629887859118, 19.130775702136987 ], [ 80.330540707856997, 19.131118218772876 ] ] ] } },
{ "type": "Feature", "properties": { "REGION": 1.0, "STATE.NAME": "Maharashtra", "DISTRICT.NAME": "Gadchiroli", "DISTRICT.AREA": 14527.292838, "GRID_G0": "178371", "woodland": 0.97323116125197995, "maskWdl": 1.0, "cropland": 0.00015941803489852085, "maskCrp": 0.0, "one": 0.015835989769188194, "maskOne": 0.0, "GRID.AREA": 0.2500117651565687, "REGION.AREA": 32202.066020262951 }, "geometry": { "type": "Polygon", "coordinates": [ [ [ 80.336533542262686, 19.109597374425555 ], [ 80.336533542262686, 19.099094919862065 ], [ 80.336845151982232, 19.099255599366472 ], [ 80.337262700013639, 19.099431840407135 ], [ 80.337727598250126, 19.099504140503715 ], [ 80.338324909067353, 19.099504251120322 ], [ 80.339178210106354, 19.099454661603371 ], [ 80.33954369638451, 19.099626424919617 ], [ 80.339672375879502, 19.09994718251653 ], [ 80.339673189765961, 19.100344708041916 ], [ 80.339645826094056, 19.100864218508946 ], [ 80.339599716953444, 19.101456025475272 ], [ 80.339393982646243, 19.102815617846549 ], [ 80.339074629790389, 19.104197873133387 ], [ 80.339015694518764, 19.104376583712394 ], [ 80.338870240868985, 19.10481762833092 ], [ 80.338405744629483, 19.106226063781889 ], [ 80.338396095803262, 19.106241838789856 ], [ 80.337394577497832, 19.107879168788656 ], [ 80.336837192082783, 19.108791633527119 ], [ 80.336773635195186, 19.108960282491068 ], [ 80.336533542262686, 19.109597374425555 ] ] ] } },
{ "type": "Feature", "properties": { "REGION": 1.0, "STATE.NAME": "Maharashtra", "DISTRICT.NAME": "Gadchiroli", "DISTRICT.AREA": 14527.292838, "GRID_G0": "177712", "woodland": 0.94215684212748385, "maskWdl": 1.0, "cropland": 0.018783170757773443, "maskCrp": 0.0, "one": 0.014331487846858875, "maskOne": 0.0, "GRID.AREA": 23.362160580512242, "REGION.AREA": 32202.066020262951 }, "geometry": { "type": "Polygon", "coordinates": [ [ [ 79.93807814617864, 19.041115748592123 ], [ 79.976536957850612, 19.041115092418018 ], [ 79.976536957850612, 19.086116335517133 ], [ 79.931535627200489, 19.086116317857705 ], [ 79.931535627200489, 19.048350680343283 ], [ 79.931538395480629, 19.048349177272769 ], [ 79.931918970584093, 19.048106266790857 ], [ 79.932452055418082, 19.047705804978989 ], [ 79.932813822999606, 19.047422216362236 ], [ 79.933156918856753, 19.047021204165276 ], [ 79.933452508026903, 19.046642570698115 ], [ 79.933855773025584, 19.046137833394368 ], [ 79.934277041552264, 19.045610555482828 ], [ 79.934920311323367, 19.044894251768369 ], [ 79.935296608351848, 19.044479755136653 ], [ 79.935706080471277, 19.044133025119038 ], [ 79.935896520907775, 19.043975487278942 ], [ 79.936472469229102, 19.043507283134655 ], [ 79.936715591951042, 19.04319637041624 ], [ 79.937073180383038, 19.042718613673117 ], [ 79.93757879992171, 19.041929533221438 ], [ 79.93807814617864, 19.041115748592123 ] ] ] } },
{ "type": "Feature", "properties": { "REGION": 1.0, "STATE.NAME": "Maharashtra", "DISTRICT.NAME": "Gadchiroli", "DISTRICT.AREA": 14527.292838, "GRID_G0": "177713", "woodland": 0.84843678863995675, "maskWdl": 1.0, "cropland": 0.061877726516962057, "maskCrp": 0.0, "one": 0.08958984816681427, "maskOne": 0.0, "GRID.AREA": 23.663606894428263, "REGION.AREA": 32202.066020262951 }, "geometry": { "type": "Polygon", "coordinates": [ [ [ 79.976536957850612, 19.041115092418018 ], [ 80.021533747255191, 19.041115123040225 ], [ 80.021533747255191, 19.086116337103785 ], [ 79.976536957850612, 19.086116335517133 ], [ 79.976536957850612, 19.041115092418018 ] ] ] } },
{ "type": "Feature", "properties": { "REGION": 1.0, "STATE.NAME": "Maharashtra", "DISTRICT.NAME": "Gadchiroli", "DISTRICT.AREA": 14527.292838, "GRID_G0": "177714", "woodland": 0.4616987837688582, "maskWdl": 1.0, "cropland": 0.42822138846162244, "maskCrp": 0.0, "one": 0.10801189535289765, "maskOne": 0.0, "GRID.AREA": 23.665916737565922, "REGION.AREA": 32202.066020262951 }, "geometry": { "type": "Polygon", "coordinates": [ [ [ 80.021533747255191, 19.041115123040225 ], [ 80.066534923665401, 19.041115113897373 ], [ 80.066534923665401, 19.086116367411417 ], [ 80.021533747255191, 19.086116337103785 ], [ 80.021533747255191, 19.041115123040225 ] ] ] } },
{ "type": "Feature", "properties": { "REGION": 1.0, "STATE.NAME": "Maharashtra", "DISTRICT.NAME": "Gadchiroli", "DISTRICT.AREA": 14527.292838, "GRID_G0": "177715", "woodland": 0.85493069469150451, "maskWdl": 1.0, "cropland": 0.095546718148318097, "maskCrp": 0.0, "one": 0.049375161271968247, "maskOne": 0.0, "GRID.AREA": 23.665978262033715, "REGION.AREA": 32202.066020262951 }, "geometry": { "type": "Polygon", "coordinates": [ [ [ 80.066534923665401, 19.041115113897373 ], [ 80.111536188429895, 19.041115106184769 ], [ 80.111536188429895, 19.086116377522696 ], [ 80.066534923665401, 19.086116367411417 ], [ 80.066534923665401, 19.041115113897373 ] ] ] } },
{ "type": "Feature", "properties": { "REGION": 1.0, "STATE.NAME": "Maharashtra", "DISTRICT.NAME": "Gadchiroli", "DISTRICT.AREA": 14527.292838, "GRID_G0": "177716", "woodland": 0.84153996467996928, "maskWdl": 1.0, "cropland": 0.11486136368197565, "maskCrp": 0.0, "one": 0.043240258712812119, "maskOne": 0.0, "GRID.AREA": 23.665966988634697, "REGION.AREA": 32202.066020262951 }, "geometry": { "type": "Polygon", "coordinates": [ [ [ 80.111536188429895, 19.041115106184769 ], [ 80.156537424750198, 19.041115100128653 ], [ 80.156537424750198, 19.08611636765615 ], [ 80.111536188429895, 19.086116377522696 ], [ 80.111536188429895, 19.041115106184769 ] ] ] } },
{ "type": "Feature", "properties": { "REGION": 1.0, "STATE.NAME": "Maharashtra", "DISTRICT.NAME": "Gadchiroli", "DISTRICT.AREA": 14527.292838, "GRID_G0": "177717", "woodland": 0.93779414217750345, "maskWdl": 1.0, "cropland": 0.042620159798223457, "maskCrp": 0.0, "one": 0.019537786407221806, "maskOne": 0.0, "GRID.AREA": 23.663644452223878, "REGION.AREA": 32202.066020262951 }, "geometry": { "type": "Polygon", "coordinates": [ [ [ 80.156537424750198, 19.041115100128653 ], [ 80.201534259565875, 19.041115048777133 ], [ 80.201534259565875, 19.086116290417891 ], [ 80.156537424750198, 19.08611636765615 ], [ 80.156537424750198, 19.041115100128653 ] ] ] } },
{ "type": "Feature", "properties": { "REGION": 1.0, "STATE.NAME": "Maharashtra", "DISTRICT.NAME": "Gadchiroli", "DISTRICT.AREA": 14527.292838, "GRID_G0": "177718", "woodland": 0.69541994566231047, "maskWdl": 1.0, "cropland": 0.18841520331688852, "maskCrp": 0.0, "one": 0.11232865970658348, "maskOne": 0.0, "GRID.AREA": 23.66597411259098, "REGION.AREA": 32202.066020262951 }, "geometry": { "type": "Polygon", "coordinates": [ [ [ 80.201534259565875, 19.041115048777133 ], [ 80.246535515872452, 19.041115070787814 ], [ 80.246535515872452, 19.086116355107269 ], [ 80.201534259565875, 19.086116290417891 ], [ 80.201534259565875, 19.041115048777133 ] ] ] } },
{ "type": "Feature", "properties": { "REGION": 1.0, "STATE.NAME": "Maharashtra", "DISTRICT.NAME": "Gadchiroli", "DISTRICT.AREA": 14527.292838, "GRID_G0": "177719", "woodland": 0.7082942126482622, "maskWdl": 1.0, "cropland": 0.18446584557302334, "maskCrp": 0.0, "one": 0.10567720486765622, "maskOne": 0.0, "GRID.AREA": 23.665946394065969, "REGION.AREA": 32202.066020262951 }, "geometry": { "type": "Polygon", "coordinates": [ [ [ 80.246535515872452, 19.041115070787814 ], [ 80.291536732472025, 19.04111511333149 ], [ 80.291536732472025, 19.086116328985742 ], [ 80.246535515872452, 19.086116355107269 ], [ 80.246535515872452, 19.041115070787814 ] ] ] } },
{ "type": "Feature", "properties": { "REGION": 1.0, "STATE.NAME": "Maharashtra", "DISTRICT.NAME": "Gadchiroli", "DISTRICT.AREA": 14527.292838, "GRID_G0": "177720", "woodland": 0.86744477031464184, "maskWdl": 1.0, "cropland": 0.00010759029615225222, "maskCrp": 0.0, "one": 0.057277885810832353, "maskOne": 0.0, "GRID.AREA": 12.82915210216699, "REGION.AREA": 32202.066020262951 }, "geometry": { "type": "Polygon", "coordinates": [ [ [ 80.329720290926574, 19.086117046408656 ], [ 80.291536732472025, 19.086116328985742 ], [ 80.291536732472025, 19.04111511333149 ], [ 80.298255622213475, 19.041115795022737 ], [ 80.298001153930159, 19.041850504397303 ], [ 80.297920300381634, 19.042519157533146 ], [ 80.297506891929572, 19.043580646229888 ], [ 80.296727709416302, 19.045383054884098 ], [ 80.296509104911308, 19.046101281349081 ], [ 80.296404467891932, 19.046715637017087 ], [ 80.296410478960468, 19.046755057899645 ], [ 80.296532598800468, 19.047556004006427 ], [ 80.29681756877585, 19.048075671854804 ], [ 80.297363639820162, 19.048839377035677 ], [ 80.297805365225486, 19.049259676992563 ], [ 80.298403783108142, 19.049856194607742 ], [ 80.298945251422253, 19.050497902256438 ], [ 80.299320273212118, 19.05126139429797 ], [ 80.299709766892306, 19.051758541323693 ], [ 80.300308208157333, 19.052228552205975 ], [ 80.301813978132657, 19.052671660768567 ], [ 80.302540765244203, 19.053069522640385 ], [ 80.303110698899673, 19.05326399203966 ], [ 80.304017926885876, 19.053661754086701 ], [ 80.304668669123828, 19.053982739212078 ], [ 80.305371597221495, 19.054452699732337 ], [ 80.305965358414596, 19.054846044309556 ], [ 80.306668295505517, 19.055316000333221 ], [ 80.307290590388504, 19.05568660645179 ], [ 80.309067059896961, 19.057019840593224 ], [ 80.309693998879027, 19.057638845756173 ], [ 80.310368501205403, 19.058158692569634 ], [ 80.31086251049652, 19.058529278003846 ], [ 80.311404041763183, 19.058949518605459 ], [ 80.312002455149241, 19.059541491946337 ], [ 80.312705492064879, 19.060034096496395 ], [ 80.313531977119112, 19.060675801447132 ], [ 80.313949927147462, 19.06104635450572 ], [ 80.315132765864519, 19.061886878876411 ], [ 80.315726568426442, 19.062230429790535 ], [ 80.316638507960818, 19.062700452364023 ], [ 80.317179977174249, 19.063120764911446 ], [ 80.31770261368473, 19.063617772542216 ], [ 80.318324858205699, 19.064060677858038 ], [ 80.318871113611067, 19.064580399665772 ], [ 80.319365074338748, 19.064950958120278 ], [ 80.31998742138245, 19.065714526604154 ], [ 80.320737913723804, 19.066161920436343 ], [ 80.32189223493873, 19.066830784912838 ], [ 80.322462279210868, 19.06707494095582 ], [ 80.323113151850521, 19.067124662673109 ], [ 80.323920702578391, 19.067124833544252 ], [ 80.324357764998922, 19.067075226040913 ], [ 80.32506082439761, 19.067423278961197 ], [ 80.325554884050689, 19.067744063537759 ], [ 80.32610113046286, 19.067965580946861 ], [ 80.32724125857726, 19.068458173805713 ], [ 80.327892097942026, 19.06880623751789 ], [ 80.3286188706644, 19.069249055599467 ], [ 80.329488185931098, 19.06974158820378 ], [ 80.32969732507155, 19.069940431006163 ], [ 80.329697159596336, 19.070853053125969 ], [ 80.329670303142066, 19.070997981571626 ], [ 80.329435975789693, 19.072262457146735 ], [ 80.329098655378687, 19.073771274025152 ], [ 80.328889522533473, 19.07475606044386 ], [ 80.328892740307765, 19.074803892685566 ], [ 80.328956067868319, 19.07574538304306 ], [ 80.329160322790699, 19.076310080845587 ], [ 80.329811226007337, 19.077841778275513 ], [ 80.330305273969259, 19.078880832484458 ], [ 80.330747050635921, 19.079278467727136 ], [ 80.331055930886578, 19.080561490920104 ], [ 80.331022357395909, 19.080738804851993 ], [ 80.330756542980112, 19.082142584512724 ], [ 80.330161542521239, 19.084143705567612 ], [ 80.329720290926574, 19.086117046408656 ] ] ] } },
{ "type": "Feature", "properties": { "REGION": 1.0, "STATE.NAME": "Maharashtra", "DISTRICT.NAME": "Gadchiroli", "DISTRICT.AREA": 14527.292838, "GRID_G0": "177062", "woodland": 0.60307576329285251, "maskWdl": 1.0, "cropland": 0.17143413828702528, "maskCrp": 0.0, "one": 0.10613562859423106, "maskOne": 0.0, "GRID.AREA": 18.69278555518396, "REGION.AREA": 32202.066020262951 }, "geometry": { "type": "Polygon", "coordinates": [ [ [ 79.941227075002516, 18.996114768130681 ], [ 79.976536957850627, 18.996113801398813 ], [ 79.976536957850612, 19.041115092418018 ], [ 79.93807814617864, 19.041115748592123 ], [ 79.938098921028441, 19.041081891616045 ], [ 79.938285431427573, 19.040639771408397 ], [ 79.938496841356198, 19.039777766730598 ], [ 79.938626517300008, 19.0392812771093 ], [ 79.938871461149063, 19.038329050645245 ], [ 79.938982238739356, 19.037778391259792 ], [ 79.939083326134664, 19.03730438109238 ], [ 79.939295059819187, 19.036347550998759 ], [ 79.939501950654574, 19.035417709559681 ], [ 79.939617553107666, 19.034858058752437 ], [ 79.939751947794207, 19.034361573627791 ], [ 79.940034685652279, 19.033472616268281 ], [ 79.940269829588999, 19.03258813933121 ], [ 79.940385422149575, 19.032037391812253 ], [ 79.940453293085056, 19.031567870161151 ], [ 79.940464236035723, 19.031053064947063 ], [ 79.940460871671974, 19.030583423686096 ], [ 79.940457068439002, 19.030235596495629 ], [ 79.94042534305521, 19.029729771911494 ], [ 79.940384414908863, 19.029079272490492 ], [ 79.940385557047875, 19.028681876467488 ], [ 79.940330208272542, 19.028121699556838 ], [ 79.940298383963295, 19.027620285248023 ], [ 79.940285347390954, 19.027200300953151 ], [ 79.940221110615823, 19.026441379266316 ], [ 79.940214526679142, 19.025402589457997 ], [ 79.940221873240887, 19.024508389050936 ], [ 79.940276022320631, 19.023849210272886 ], [ 79.940401979567753, 19.022977917397043 ], [ 79.94049831674397, 19.022517499582992 ], [ 79.940700459158904, 19.021565090556521 ], [ 79.940782395491226, 19.021140744549772 ], [ 79.940815227041128, 19.020818550735552 ], [ 79.940845889426328, 19.020517650169495 ], [ 79.940894965430346, 19.019975879683159 ], [ 79.940939208477758, 19.019447605322796 ], [ 79.94106064753089, 19.018517565133553 ], [ 79.941137864221105, 19.018066138741347 ], [ 79.941244225240837, 19.017397992823138 ], [ 79.941503506981292, 19.016409627102632 ], [ 79.941695728974764, 19.015597211042518 ], [ 79.941983252125453, 19.014681102251132 ], [ 79.942132351626825, 19.014035648926097 ], [ 79.942229017055524, 19.013453329807362 ], [ 79.942336161384787, 19.012514203767523 ], [ 79.942357790079996, 19.011588445250595 ], [ 79.942383116787482, 19.011041991095055 ], [ 79.942370643190714, 19.010418690769999 ], [ 79.94244448112795, 19.009497639304637 ], [ 79.942489729617364, 19.008630551658658 ], [ 79.942500891103293, 19.008029936732271 ], [ 79.942565600921796, 19.007004878672266 ], [ 79.942569691038443, 19.005564240297474 ], [ 79.942634968329173, 19.004340450051757 ], [ 79.942649378166323, 19.003504594061837 ], [ 79.942663465146836, 19.002687503325657 ], [ 79.942650999644002, 19.002046218358316 ], [ 79.942650662398194, 19.002044184091858 ], [ 79.942506328404363, 19.001169610489168 ], [ 79.942403278688403, 19.000681586186317 ], [ 79.940965383245896, 19.000249940382499 ], [ 79.940964299562836, 18.998980876466309 ], [ 79.941145154125593, 18.99718856989665 ], [ 79.941227075002516, 18.996114768130681 ] ] ] } },
{ "type": "Feature", "properties": { "REGION": 1.0, "STATE.NAME": "Maharashtra", "DISTRICT.NAME": "Gadchiroli", "DISTRICT.AREA": 14527.292838, "GRID_G0": "177063", "woodland": 0.68068162763311502, "maskWdl": 1.0, "cropland": 0.13673086646132424, "maskCrp": 0.0, "one": 0.18243608127071725, "maskOne": 0.0, "GRID.AREA": 23.670048181112019, "REGION.AREA": 32202.066020262951 }, "geometry": { "type": "Polygon", "coordinates": [ [ [ 79.976536957850627, 18.996113801398813 ], [ 80.021533747255191, 18.996113858550377 ], [ 80.021533747255191, 19.041115123040225 ], [ 79.976536957850612, 19.041115092418018 ], [ 79.976536957850627, 18.996113801398813 ] ] ] } },
{ "type": "Feature", "properties": { "REGION": 1.0, "STATE.NAME": "Maharashtra", "DISTRICT.NAME": "Gadchiroli", "DISTRICT.AREA": 14527.292838, "GRID_G0": "177064", "woodland": 0.65012779944414445, "maskWdl": 1.0, "cropland": 0.061796526805210729, "maskCrp": 0.0, "one": 0.28677674099125389, "maskOne": 0.0, "GRID.AREA": 23.67235996535014, "REGION.AREA": 32202.066020262951 }, "geometry": { "type": "Polygon", "coordinates": [ [ [ 80.021533747255191, 18.996113858550377 ], [ 80.066534923665401, 18.996113807477155 ], [ 80.066534923665401, 19.041115113897373 ], [ 80.021533747255191, 19.041115123040225 ], [ 80.021533747255191, 18.996113858550377 ] ] ] } },
{ "type": "Feature", "properties": { "REGION": 1.0, "STATE.NAME": "Maharashtra", "DISTRICT.NAME": "Gadchiroli", "DISTRICT.AREA": 14527.292838, "GRID_G0": "177065", "woodland": 0.98440435136041204, "maskWdl": 1.0, "cropland": 0.0013057894074659556, "maskCrp": 0.0, "one": 0.014257983304465704, "maskOne": 0.0, "GRID.AREA": 23.672399221406184, "REGION.AREA": 32202.066020262951 }, "geometry": { "type": "Polygon", "coordinates": [ [ [ 80.066534923665401, 18.996113807477155 ], [ 80.111536188429895, 18.996113869152797 ], [ 80.111536188429895, 19.041115106184769 ], [ 80.066534923665401, 19.041115113897373 ], [ 80.066534923665401, 18.996113807477155 ] ] ] } },
{ "type": "Feature", "properties": { "REGION": 1.0, "STATE.NAME": "Maharashtra", "DISTRICT.NAME": "Gadchiroli", "DISTRICT.AREA": 14527.292838, "GRID_G0": "177066", "woodland": 0.98819704333395419, "maskWdl": 1.0, "cropland": 0.00075306230395228216, "maskCrp": 0.0, "one": 0.011049894362093473, "maskOne": 0.0, "GRID.AREA": 23.672365650843808, "REGION.AREA": 32202.066020262951 }, "geometry": { "type": "Polygon", "coordinates": [ [ [ 80.111536188429895, 18.996113869152797 ], [ 80.156537424750198, 18.996113864449622 ], [ 80.156537424750198, 19.041115100128653 ], [ 80.111536188429895, 19.041115106184769 ], [ 80.111536188429895, 18.996113869152797 ] ] ] } },
{ "type": "Feature", "properties": { "REGION": 1.0, "STATE.NAME": "Maharashtra", "DISTRICT.NAME": "Gadchiroli", "DISTRICT.AREA": 14527.292838, "GRID_G0": "177067", "woodland": 0.99396298893812363, "maskWdl": 1.0, "cropland": 0.00028292263062258915, "maskCrp": 0.0, "one": 0.0057540884312537854, "maskOne": 0.0, "GRID.AREA": 23.670043775340762, "REGION.AREA": 32202.066020262951 }, "geometry": { "type": "Polygon", "coordinates": [ [ [ 80.156537424750198, 18.996113864449622 ], [ 80.201534259565875, 18.996113836534143 ], [ 80.201534259565875, 19.041115048777133 ], [ 80.156537424750198, 19.041115100128653 ], [ 80.156537424750198, 18.996113864449622 ] ] ] } },
{ "type": "Feature", "properties": { "REGION": 1.0, "STATE.NAME": "Maharashtra", "DISTRICT.NAME": "Gadchiroli", "DISTRICT.AREA": 14527.292838, "GRID_G0": "177068", "woodland": 0.97147358054695065, "maskWdl": 1.0, "cropland": 0.0074188935428158957, "maskCrp": 0.0, "one": 0.021063696918756238, "maskOne": 0.0, "GRID.AREA": 23.672375349365534, "REGION.AREA": 32202.066020262951 }, "geometry": { "type": "Polygon", "coordinates": [ [ [ 80.201534259565875, 18.996113836534143 ], [ 80.246535515872452, 18.996113813441575 ], [ 80.246535515872452, 19.041115070787814 ], [ 80.201534259565875, 19.041115048777133 ], [ 80.201534259565875, 18.996113836534143 ] ] ] } },
{ "type": "Feature", "properties": { "REGION": 1.0, "STATE.NAME": "Maharashtra", "DISTRICT.NAME": "Gadchiroli", "DISTRICT.AREA": 14527.292838, "GRID_G0": "177070", "woodland": 0.88269984415724345, "maskWdl": 1.0, "cropland": 0.00037298018379395518, "maskCrp": 0.0, "one": 0.04694716715772404, "maskOne": 0.0, "GRID.AREA": 3.3820163494841071, "REGION.AREA": 32202.066020262951 }, "geometry": { "type": "Polygon", "coordinates": [ [ [ 80.298255622213475, 19.041115795022737 ], [ 80.291536732472025, 19.04111511333149 ], [ 80.291536732472025, 19.009043033048425 ], [ 80.291537494359943, 19.009043702904592 ], [ 80.292188052236895, 19.009658379630594 ], [ 80.293275362268218, 19.010996098691066 ], [ 80.294547952426115, 19.012401650915535 ], [ 80.296404696319712, 19.014476056824609 ], [ 80.296613562066284, 19.014873671382876 ], [ 80.297235643809998, 19.01563746469731 ], [ 80.297596469801306, 19.016184221025014 ], [ 80.298142539946312, 19.016875644995082 ], [ 80.298845266595833, 19.018086692746753 ], [ 80.299248918303022, 19.018529537807982 ], [ 80.299999306323002, 19.018949927697065 ], [ 80.300621489690059, 19.019225715594359 ], [ 80.301272025083961, 19.019790697582668 ], [ 80.301894172478114, 19.020432478975749 ], [ 80.302416421380826, 19.021028929141838 ], [ 80.302801144157527, 19.021498976896339 ], [ 80.303143064600818, 19.021991509500594 ], [ 80.303242692396395, 19.022682727525932 ], [ 80.303532445865756, 19.023152692542794 ], [ 80.303803079748377, 19.024042854993809 ], [ 80.303935895225436, 19.024512774145251 ], [ 80.304244596510955, 19.025077622134635 ], [ 80.304505740747402, 19.025696631794176 ], [ 80.304895184065572, 19.026238913095426 ], [ 80.305075539504628, 19.026686151344848 ], [ 80.305180038028368, 19.027178620097292 ], [ 80.305144563370959, 19.027280678760349 ], [ 80.304999469450024, 19.027698109879907 ], [ 80.304505394508396, 19.028217601461165 ], [ 80.304334403709845, 19.029130246963401 ], [ 80.304334347951851, 19.029248380108697 ], [ 80.304334321871522, 19.029306407065064 ], [ 80.304334255321692, 19.029871062599511 ], [ 80.304318773492639, 19.029934558333256 ], [ 80.304153603106329, 19.03061197266447 ], [ 80.303944606958112, 19.031452268607378 ], [ 80.303583457210848, 19.0328345814508 ], [ 80.302984806403742, 19.034542167387144 ], [ 80.302272177319196, 19.035924465841504 ], [ 80.301854061815561, 19.036714973517292 ], [ 80.301464568135373, 19.03688651110366 ], [ 80.300842306527272, 19.036913474577261 ], [ 80.300581016600688, 19.036963116254867 ], [ 80.300324522758558, 19.037084993277855 ], [ 80.300063225637416, 19.037432797985275 ], [ 80.300051746690826, 19.037622095383426 ], [ 80.300039395401825, 19.037825749558749 ], [ 80.300039288382493, 19.038467338496901 ], [ 80.300021381081933, 19.038491086894169 ], [ 80.29970204891049, 19.038914533578922 ], [ 80.299155806994975, 19.039357098051706 ], [ 80.298818484785329, 19.039727455058028 ], [ 80.298257728711292, 19.041109713042886 ], [ 80.298255622213475, 19.041115795022737 ] ] ] } },
{ "type": "Feature", "properties": { "REGION": 1.0, "STATE.NAME": "Maharashtra", "DISTRICT.NAME": "Gadchiroli", "DISTRICT.AREA": 14527.292838, "GRID_G0": "176413", "woodland": 0.56350108134412635, "maskWdl": 1.0, "cropland": 0.26059797558923276, "maskCrp": 0.0, "one": 0.17187920944275953, "maskOne": 0.0, "GRID.AREA": 23.674094930733268, "REGION.AREA": 32202.066020262951 }, "geometry": { "type": "Polygon", "coordinates": [ [ [ 79.976536957850612, 18.951117029976324 ], [ 80.021533747255191, 18.951117021952427 ], [ 80.021533747255191, 18.996113858550377 ], [ 79.976536957850627, 18.996113801398813 ], [ 79.976536957850612, 18.951117029976324 ] ] ] } },
{ "type": "Feature", "properties": { "REGION": 1.0, "STATE.NAME": "Maharashtra", "DISTRICT.NAME": "Gadchiroli", "DISTRICT.AREA": 14527.292838, "GRID_G0": "176414", "woodland": 0.69344550639588032, "maskWdl": 1.0, "cropland": 0.14291288800560545, "maskCrp": 0.0, "one": 0.16347023097194641, "maskOne": 0.0, "GRID.AREA": 23.676408182942051, "REGION.AREA": 32202.066020262951 }, "geometry": { "type": "Polygon", "coordinates": [ [ [ 80.021533747255191, 18.951117021952427 ], [ 80.066534923665401, 18.951117016582455 ], [ 80.066534923665401, 18.996113807477155 ], [ 80.021533747255191, 18.996113858550377 ], [ 80.021533747255191, 18.951117021952427 ] ] ] } },
{ "type": "Feature", "properties": { "REGION": 1.0, "STATE.NAME": "Maharashtra", "DISTRICT.NAME": "Gadchiroli", "DISTRICT.AREA": 14527.292838, "GRID_G0": "176415", "woodland": 0.91824247536525416, "maskWdl": 1.0, "cropland": 0.025011552908134501, "maskCrp": 0.0, "one": 0.05563003752129491, "maskOne": 0.0, "GRID.AREA": 23.676448516771146, "REGION.AREA": 32202.066020262951 }, "geometry": { "type": "Polygon", "coordinates": [ [ [ 80.066534923665401, 18.951117016582455 ], [ 80.111536188429895, 18.951117055932059 ], [ 80.111536188429895, 18.996113869152797 ], [ 80.066534923665401, 18.996113807477155 ], [ 80.066534923665401, 18.951117016582455 ] ] ] } },
{ "type": "Feature", "properties": { "REGION": 1.0, "STATE.NAME": "Maharashtra", "DISTRICT.NAME": "Gadchiroli", "DISTRICT.AREA": 14527.292838, "GRID_G0": "176416", "woodland": 0.97325223276678552, "maskWdl": 1.0, "cropland": 0.00027499643351545737, "maskCrp": 0.0, "one": 0.026472770799698998, "maskOne": 0.0, "GRID.AREA": 23.676439598398872, "REGION.AREA": 32202.066020262951 }, "geometry": { "type": "Polygon", "coordinates": [ [ [ 80.111536188429895, 18.951117055932059 ], [ 80.156537424750198, 18.951117050558395 ], [ 80.156537424750198, 18.996113864449622 ], [ 80.111536188429895, 18.996113869152797 ], [ 80.111536188429895, 18.951117055932059 ] ] ] } },
{ "type": "Feature", "properties": { "REGION": 1.0, "STATE.NAME": "Maharashtra", "DISTRICT.NAME": "Gadchiroli", "DISTRICT.AREA": 14527.292838, "GRID_G0": "176417", "woodland": 0.81934218322590002, "maskWdl": 1.0, "cropland": 0.081018674260949886, "maskCrp": 0.0, "one": 0.099635156687892731, "maskOne": 0.0, "GRID.AREA": 23.674118384394291, "REGION.AREA": 32202.066020262951 }, "geometry": { "type": "Polygon", "coordinates": [ [ [ 80.156537424750198, 18.951117050558395 ], [ 80.201534259565875, 18.951117044060208 ], [ 80.201534259565875, 18.996113836534143 ], [ 80.156537424750198, 18.996113864449622 ], [ 80.156537424750198, 18.951117050558395 ] ] ] } },
{ "type": "Feature", "properties": { "REGION": 1.0, "STATE.NAME": "Maharashtra", "DISTRICT.NAME": "Gadchiroli", "DISTRICT.AREA": 14527.292838, "GRID_G0": "176418", "woodland": 0.83659094500529774, "maskWdl": 1.0, "cropland": 0.092181592496343848, "maskCrp": 0.0, "one": 0.071227462498358499, "maskOne": 0.0, "GRID.AREA": 23.67642781476863, "REGION.AREA": 32202.066020262951 }, "geometry": { "type": "Polygon", "coordinates": [ [ [ 80.201534259565875, 18.951117044060208 ], [ 80.246535515872466, 18.951117063572603 ], [ 80.246535515872452, 18.996113813441575 ], [ 80.201534259565875, 18.996113836534143 ], [ 80.201534259565875, 18.951117044060208 ] ] ] } },
{ "type": "Feature", "properties": { "REGION": 1.0, "STATE.NAME": "Maharashtra", "DISTRICT.NAME": "Gadchiroli", "DISTRICT.AREA": 14527.292838, "GRID_G0": "176419", "woodland": 0.54728226040434513, "maskWdl": 1.0, "cropland": 0.20039543366183848, "maskCrp": 0.0, "one": 0.1390474201560373, "maskOne": 0.0, "GRID.AREA": 13.974844175719351, "REGION.AREA": 32202.066020262951 }, "geometry": { "type": "Polygon", "coordinates": [ [ [ 80.276216015387973, 18.996115047339124 ], [ 80.246535515872452, 18.996113813441575 ], [ 80.246535515872466, 18.951117063572603 ], [ 80.269710326071191, 18.951118416101099 ], [ 80.269832772264692, 18.951473955558644 ], [ 80.269883986856541, 18.951587987795449 ], [ 80.270451015701894, 18.952850492056598 ], [ 80.270787216456938, 18.953545819983677 ], [ 80.271099393622194, 18.954191451374413 ], [ 80.271837804471147, 18.956156596849496 ], [ 80.272197331841426, 18.957285867448888 ], [ 80.272477242231005, 18.958446218618118 ], [ 80.272752393408268, 18.960062223892582 ], [ 80.27338076051376, 18.962961085985398 ], [ 80.273650803541784, 18.964428409043879 ], [ 80.273705044352369, 18.964882982163942 ], [ 80.273775538610266, 18.965324642818079 ], [ 80.273936139541263, 18.966539784283668 ], [ 80.27397860822623, 18.96701856085792 ], [ 80.274030198734749, 18.96813891288059 ], [ 80.274044133729831, 18.968563971150392 ], [ 80.274125490898783, 18.969426785217987 ], [ 80.274222027724491, 18.970450580629858 ], [ 80.274239907146068, 18.971289841453086 ], [ 80.274257788366299, 18.972129102276313 ], [ 80.274118392549838, 18.973694771596456 ], [ 80.273955430898468, 18.975155937896265 ], [ 80.273683580233126, 18.976357718134238 ], [ 80.273287706762289, 18.97777782678531 ], [ 80.273036226640613, 18.979605597220601 ], [ 80.272947245019395, 18.980872863391994 ], [ 80.272938313852151, 18.981814438285763 ], [ 80.272936127600261, 18.982044983988885 ], [ 80.272915010619329, 18.982774041888543 ], [ 80.272884472340593, 18.983828429538452 ], [ 80.272913580697264, 18.985187485913801 ], [ 80.272948441117705, 18.98681516798564 ], [ 80.272954505246275, 18.987098269169849 ], [ 80.272960188062314, 18.987363611441538 ], [ 80.272968236095267, 18.989209206439796 ], [ 80.272970164241769, 18.989651153977604 ], [ 80.272970882800053, 18.989815857615781 ], [ 80.273000270845898, 18.991309471454997 ], [ 80.273161226109778, 18.992205844624095 ], [ 80.273295430140024, 18.992953235203686 ], [ 80.27383077317171, 18.994544970474067 ], [ 80.273923638964845, 18.994598859649724 ], [ 80.274343887660336, 18.994842724312324 ], [ 80.275967646889455, 18.995954289958547 ], [ 80.276151585227524, 18.996073344909011 ], [ 80.276216015387973, 18.996115047339124 ] ] ] } },
{ "type": "Feature", "properties": { "REGION": 1.0, "STATE.NAME": "Maharashtra", "DISTRICT.NAME": "Gadchiroli", "DISTRICT.AREA": 14527.292838, "GRID_G0": "175763", "woodland": 0.83189195817990624, "maskWdl": 1.0, "cropland": 0.051997482358073929, "maskCrp": 0.0, "one": 0.11344958615994785, "maskOne": 0.0, "GRID.AREA": 23.682799364787215, "REGION.AREA": 32202.066020262951 }, "geometry": { "type": "Polygon", "coordinates": [ [ [ 79.976536957850627, 18.906115808418793 ], [ 80.021533747255191, 18.906115821901455 ], [ 80.021533747255191, 18.951117021952427 ], [ 79.976536957850612, 18.951117029976324 ], [ 79.976536957850627, 18.906115808418793 ] ] ] } },
{ "type": "Feature", "properties": { "REGION": 1.0, "STATE.NAME": "Maharashtra", "DISTRICT.NAME": "Gadchiroli", "DISTRICT.AREA": 14527.292838, "GRID_G0": "175764", "woodland": 0.93632715494617047, "maskWdl": 1.0, "cropland": 0.031262357405356371, "maskCrp": 0.0, "one": 0.032278967591465223, "maskOne": 0.0, "GRID.AREA": 23.685115032067195, "REGION.AREA": 32202.066020262951 }, "geometry": { "type": "Polygon", "coordinates": [ [ [ 80.021533747255191, 18.906115821901455 ], [ 80.066534923665401, 18.906115769611667 ], [ 80.066534923665401, 18.951117016582455 ], [ 80.021533747255191, 18.951117021952427 ], [ 80.021533747255191, 18.906115821901455 ] ] ] } },
{ "type": "Feature", "properties": { "REGION": 1.0, "STATE.NAME": "Maharashtra", "DISTRICT.NAME": "Gadchiroli", "DISTRICT.AREA": 14527.292838, "GRID_G0": "175765", "woodland": 0.67965513009078959, "maskWdl": 1.0, "cropland": 0.21041916858225901, "maskCrp": 0.0, "one": 0.10965468897833748, "maskOne": 0.0, "GRID.AREA": 23.685180533555148, "REGION.AREA": 32202.066020262951 }, "geometry": { "type": "Polygon", "coordinates": [ [ [ 80.066534923665401, 18.906115769611667 ], [ 80.111536188429895, 18.906115783687667 ], [ 80.111536188429895, 18.951117055932059 ], [ 80.066534923665401, 18.951117016582455 ], [ 80.066534923665401, 18.906115769611667 ] ] ] } },
{ "type": "Feature", "properties": { "REGION": 1.0, "STATE.NAME": "Maharashtra", "DISTRICT.NAME": "Gadchiroli", "DISTRICT.AREA": 14527.292838, "GRID_G0": "175766", "woodland": 0.97385055954270916, "maskWdl": 1.0, "cropland": 0.00062652988267840955, "maskCrp": 0.0, "one": 0.025522910574612364, "maskOne": 0.0, "GRID.AREA": 23.685173162228363, "REGION.AREA": 32202.066020262951 }, "geometry": { "type": "Polygon", "coordinates": [ [ [ 80.111536188429895, 18.906115783687667 ], [ 80.156537424750198, 18.90611577470462 ], [ 80.156537424750198, 18.951117050558395 ], [ 80.111536188429895, 18.951117055932059 ], [ 80.111536188429895, 18.906115783687667 ] ] ] } },
{ "type": "Feature", "properties": { "REGION": 1.0, "STATE.NAME": "Maharashtra", "DISTRICT.NAME": "Gadchiroli", "DISTRICT.AREA": 14527.292838, "GRID_G0": "175767", "woodland": 0.70675542509632683, "maskWdl": 1.0, "cropland": 0.19218556417576774, "maskCrp": 0.0, "one": 0.098793165996257357, "maskOne": 0.0, "GRID.AREA": 23.682852635601275, "REGION.AREA": 32202.066020262951 }, "geometry": { "type": "Polygon", "coordinates": [ [ [ 80.156537424750198, 18.90611577470462 ], [ 80.201534259565875, 18.906115786693647 ], [ 80.201534259565875, 18.951117044060208 ], [ 80.156537424750198, 18.951117050558395 ], [ 80.156537424750198, 18.90611577470462 ] ] ] } },
{ "type": "Feature", "properties": { "REGION": 1.0, "STATE.NAME": "Maharashtra", "DISTRICT.NAME": "Gadchiroli", "DISTRICT.AREA": 14527.292838, "GRID_G0": "175768", "woodland": 0.93666885893086749, "maskWdl": 1.0, "cropland": 0.023260730888821916, "maskCrp": 0.0, "one": 0.040018599306579208, "maskOne": 0.0, "GRID.AREA": 23.685164455308847, "REGION.AREA": 32202.066020262951 }, "geometry": { "type": "Polygon", "coordinates": [ [ [ 80.201534259565875, 18.906115786693647 ], [ 80.246535515872466, 18.906115845889317 ], [ 80.246535515872466, 18.951117063572603 ], [ 80.201534259565875, 18.951117044060208 ], [ 80.201534259565875, 18.906115786693647 ] ] ] } },
{ "type": "Feature", "properties": { "REGION": 1.0, "STATE.NAME": "Maharashtra", "DISTRICT.NAME": "Gadchiroli", "DISTRICT.AREA": 14527.292838, "GRID_G0": "175769", "woodland": 0.52052395107882776, "maskWdl": 1.0, "cropland": 0.2064464299422214, "maskCrp": 0.0, "one": 0.15716398251309097, "maskOne": 0.0, "GRID.AREA": 17.458003533870549, "REGION.AREA": 32202.066020262951 }, "geometry": { "type": "Polygon", "coordinates": [ [ [ 80.269710326071191, 18.951118416101099 ], [ 80.246535515872466, 18.951117063572603 ], [ 80.246535515872466, 18.906115845889317 ], [ 80.291536732472025, 18.906115811096431 ], [ 80.291536732472025, 18.918377501759821 ], [ 80.291385750851759, 18.918499583389117 ], [ 80.291352616230313, 18.91851848354122 ], [ 80.290418062343747, 18.919051540496241 ], [ 80.289062622142353, 18.919868052968297 ], [ 80.288070342572325, 18.920450310033857 ], [ 80.287348644724219, 18.920888127884833 ], [ 80.286584301924051, 18.921316841898772 ], [ 80.285957572484051, 18.921655349414891 ], [ 80.285625172263963, 18.921899116051407 ], [ 80.284713465653965, 18.922653013226014 ], [ 80.284048676005625, 18.923194692880827 ], [ 80.283170156177846, 18.923917036442106 ], [ 80.282324854608419, 18.924616735074324 ], [ 80.281736041485203, 18.925108789239289 ], [ 80.280852760646439, 18.925826546258179 ], [ 80.280330355261754, 18.926305072820924 ], [ 80.280032589732286, 18.9265153388119 ], [ 80.276448979336976, 18.929599702264511 ], [ 80.27505399414656, 18.931026917358398 ], [ 80.27428807123755, 18.931810517341546 ], [ 80.273505714117448, 18.933027117507493 ], [ 80.272319752954274, 18.935750397762721 ], [ 80.270858766518927, 18.938438293292677 ], [ 80.270538443294583, 18.939286055407198 ], [ 80.270047098694704, 18.940586422925151 ], [ 80.269777544897863, 18.941299799346325 ], [ 80.269502578980905, 18.942636298926121 ], [ 80.269418291820784, 18.943045977889597 ], [ 80.269170662596082, 18.944249578355425 ], [ 80.26909790294593, 18.94567609467606 ], [ 80.269016910002449, 18.947182667745949 ], [ 80.269071990779821, 18.947925453796699 ], [ 80.269129705671446, 18.948703736987909 ], [ 80.269130593302307, 18.948715705165739 ], [ 80.26914342752724, 18.948888785089423 ], [ 80.269342943921799, 18.950051658857038 ], [ 80.269425985520854, 18.950292785084002 ], [ 80.269678060094463, 18.951024727109544 ], [ 80.269710326071191, 18.951118416101099 ] ] ] } },
{ "type": "Feature", "properties": { "REGION": 1.0, "STATE.NAME": "Maharashtra", "DISTRICT.NAME": "Gadchiroli", "DISTRICT.AREA": 14527.292838, "GRID_G0": "175114", "woodland": 0.91373054301287593, "maskWdl": 1.0, "cropland": 0.002422547008389129, "maskCrp": 0.0, "one": 0.083739329766191306, "maskOne": 0.0, "GRID.AREA": 23.69149790580445, "REGION.AREA": 32202.066020262951 }, "geometry": { "type": "Polygon", "coordinates": [ [ [ 80.021533747255191, 18.861114558059128 ], [ 80.066534923665401, 18.861114545976751 ], [ 80.066534923665401, 18.906115769611667 ], [ 80.021533747255191, 18.906115821901455 ], [ 80.021533747255191, 18.861114558059128 ] ] ] } },
{ "type": "Feature", "properties": { "REGION": 1.0, "STATE.NAME": "Maharashtra", "DISTRICT.NAME": "Gadchiroli", "DISTRICT.AREA": 14527.292838, "GRID_G0": "175115", "woodland": 0.8626356992487747, "maskWdl": 1.0, "cropland": 0.026308239200716399, "maskCrp": 0.0, "one": 0.11094051166215738, "maskOne": 0.0, "GRID.AREA": 23.691541151080077, "REGION.AREA": 32202.066020262951 }, "geometry": { "type": "Polygon", "coordinates": [ [ [ 80.066534923665401, 18.861114545976751 ], [ 80.111536188429895, 18.861114532276737 ], [ 80.111536188429895, 18.906115783687667 ], [ 80.066534923665401, 18.906115769611667 ], [ 80.066534923665401, 18.861114545976751 ] ] ] } },
{ "type": "Feature", "properties": { "REGION": 1.0, "STATE.NAME": "Maharashtra", "DISTRICT.NAME": "Gadchiroli", "DISTRICT.AREA": 14527.292838, "GRID_G0": "175116", "woodland": 0.8858924877622345, "maskWdl": 1.0, "cropland": 0.016055932230740772, "maskCrp": 0.0, "one": 0.098051580007024589, "maskOne": 0.0, "GRID.AREA": 23.691535095696533, "REGION.AREA": 32202.066020262951 }, "geometry": { "type": "Polygon", "coordinates": [ [ [ 80.111536188429895, 18.861114532276737 ], [ 80.156537424750198, 18.861114517188479 ], [ 80.156537424750198, 18.90611577470462 ], [ 80.111536188429895, 18.906115783687667 ], [ 80.111536188429895, 18.861114532276737 ] ] ] } },
{ "type": "Feature", "properties": { "REGION": 1.0, "STATE.NAME": "Maharashtra", "DISTRICT.NAME": "Gadchiroli", "DISTRICT.AREA": 14527.292838, "GRID_G0": "175117", "woodland": 0.46900661002529942, "maskWdl": 1.0, "cropland": 0.35387608292906197, "maskCrp": 0.0, "one": 0.17463665028081679, "maskOne": 0.0, "GRID.AREA": 23.689215256976894, "REGION.AREA": 32202.066020262951 }, "geometry": { "type": "Polygon", "coordinates": [ [ [ 80.156537424750198, 18.861114517188479 ], [ 80.201534259565875, 18.861114545175528 ], [ 80.201534259565875, 18.906115786693647 ], [ 80.156537424750198, 18.90611577470462 ], [ 80.156537424750198, 18.861114517188479 ] ] ] } },
{ "type": "Feature", "properties": { "REGION": 1.0, "STATE.NAME": "Maharashtra", "DISTRICT.NAME": "Gadchiroli", "DISTRICT.AREA": 14527.292838, "GRID_G0": "175118", "woodland": 0.88445336181389822, "maskWdl": 1.0, "cropland": 0.038755637361196082, "maskCrp": 0.0, "one": 0.076791000824905684, "maskOne": 0.0, "GRID.AREA": 23.691552612914055, "REGION.AREA": 32202.066020262951 }, "geometry": { "type": "Polygon", "coordinates": [ [ [ 80.201534259565875, 18.861114545175528 ], [ 80.246535515872466, 18.861114551889905 ], [ 80.246535515872466, 18.906115845889317 ], [ 80.201534259565875, 18.906115786693647 ], [ 80.201534259565875, 18.861114545175528 ] ] ] } },
{ "type": "Feature", "properties": { "REGION": 1.0, "STATE.NAME": "Maharashtra", "DISTRICT.NAME": "Gadchiroli", "DISTRICT.AREA": 14527.292838, "GRID_G0": "175119", "woodland": 0.90791112431248688, "maskWdl": 1.0, "cropland": 0.046762413395074448, "maskCrp": 0.0, "one": 0.0440116018662077, "maskOne": 0.0, "GRID.AREA": 23.691530027881036, "REGION.AREA": 32202.066020262951 }, "geometry": { "type": "Polygon", "coordinates": [ [ [ 80.246535515872466, 18.861114551889905 ], [ 80.291536732472025, 18.861114575955757 ], [ 80.291536732472025, 18.906115811096431 ], [ 80.246535515872466, 18.906115845889317 ], [ 80.246535515872466, 18.861114551889905 ] ] ] } },
{ "type": "Feature", "properties": { "REGION": 1.0, "STATE.NAME": "Maharashtra", "DISTRICT.NAME": "Gadchiroli", "DISTRICT.AREA": 14527.292838, "GRID_G0": "175120", "woodland": 0.48520441920437685, "maskWdl": 1.0, "cropland": 0.29134699724999163, "maskCrp": 0.0, "one": 0.10476291956436602, "maskOne": 0.0, "GRID.AREA": 15.981806820262392, "REGION.AREA": 32202.066020262951 }, "geometry": { "type": "Polygon", "coordinates": [ [ [ 80.302362505782497, 18.906116802714877 ], [ 80.291536732472025, 18.906115811096431 ], [ 80.291536732472025, 18.861114575955757 ], [ 80.336533542262686, 18.861114575691587 ], [ 80.336533542262686, 18.866874045044209 ], [ 80.335414969125566, 18.868665812377401 ], [ 80.333485242549955, 18.871057586338566 ], [ 80.333428891030565, 18.871129970971424 ], [ 80.331539995474486, 18.873556301382283 ], [ 80.330612554325967, 18.874705327388995 ], [ 80.329586930592427, 18.875924414180417 ], [ 80.328630938666947, 18.877081113202848 ], [ 80.328075875301465, 18.878534932940852 ], [ 80.327946811795982, 18.878737653619851 ], [ 80.327312496574507, 18.879733972045244 ], [ 80.326819440564805, 18.880333276659428 ], [ 80.326326381857086, 18.880932580374349 ], [ 80.325260010740976, 18.882044628956521 ], [ 80.324131223976849, 18.883190124224882 ], [ 80.322973644518129, 18.884077772171512 ], [ 80.322377784307378, 18.884562564310958 ], [ 80.321529813550114, 18.884779900771832 ], [ 80.320791803798784, 18.884974693927006 ], [ 80.320033676213257, 18.885386862213974 ], [ 80.318776930311117, 18.886315811525549 ], [ 80.317604319583722, 18.887357185086049 ], [ 80.316502602413209, 18.888415656557356 ], [ 80.31556509605241, 18.889564817462428 ], [ 80.314671495493201, 18.890734625003006 ], [ 80.313804875494668, 18.891981053882603 ], [ 80.313773274217283, 18.892030203631069 ], [ 80.313738072054434, 18.892077133852695 ], [ 80.31294552291763, 18.893217004761027 ], [ 80.311208804342925, 18.895750700734311 ], [ 80.31028814138466, 18.897020076715197 ], [ 80.309420852290543, 18.898215838690081 ], [ 80.308212657188449, 18.899612966964924 ], [ 80.307415910915608, 18.9005342846296 ], [ 80.306331787182273, 18.901721640641259 ], [ 80.305341558066516, 18.902806136693922 ], [ 80.304280796921319, 18.90388717215529 ], [ 80.303220020487629, 18.904968199522841 ], [ 80.302362505782497, 18.906116802714877 ] ] ] } },
{ "type": "Feature", "properties": { "REGION": 1.0, "STATE.NAME": "Maharashtra", "DISTRICT.NAME": "Gadchiroli", "DISTRICT.AREA": 14527.292838, "GRID_G0": "175121", "woodland": 0.57251038508322094, "maskWdl": 1.0, "cropland": 0.27694631058602726, "maskCrp": 0.0, "one": 0.12594718461605156, "maskOne": 0.0, "GRID.AREA": 0.12409542072909077, "REGION.AREA": 32202.066020262951 }, "geometry": { "type": "Polygon", "coordinates": [ [ [ 80.336533542262686, 18.866874045044209 ], [ 80.336533542262686, 18.861114575691587 ], [ 80.340191134617342, 18.86111497883229 ], [ 80.33958257947252, 18.862193904225368 ], [ 80.338709149807471, 18.863446640949746 ], [ 80.336999989158244, 18.866126857168755 ], [ 80.336837401624848, 18.866387305329908 ], [ 80.336533542262686, 18.866874045044209 ] ] ] } },
{ "type": "Feature", "properties": { "REGION": 1.0, "STATE.NAME": "Maharashtra", "DISTRICT.NAME": "Gadchiroli", "DISTRICT.AREA": 14527.292838, "GRID_G0": "174464", "woodland": 0.79530051687299996, "maskWdl": 1.0, "cropland": 0.059921239538692141, "maskCrp": 0.0, "one": 0.14419636790007043, "maskOne": 0.0, "GRID.AREA": 23.695508141999369, "REGION.AREA": 32202.066020262951 }, "geometry": { "type": "Polygon", "coordinates": [ [ [ 80.021533747255191, 18.816117797051231 ], [ 80.066534923665401, 18.816117733459482 ], [ 80.066534923665401, 18.861114545976751 ], [ 80.021533747255191, 18.861114558059128 ], [ 80.021533747255191, 18.816117797051231 ] ] ] } },
{ "type": "Feature", "properties": { "REGION": 1.0, "STATE.NAME": "Maharashtra", "DISTRICT.NAME": "Gadchiroli", "DISTRICT.AREA": 14527.292838, "GRID_G0": "174465", "woodland": 0.87958946752411271, "maskWdl": 1.0, "cropland": 0.0051960813794622602, "maskCrp": 0.0, "one": 0.11514271229310354, "maskOne": 0.0, "GRID.AREA": 23.695552483305985, "REGION.AREA": 32202.066020262951 }, "geometry": { "type": "Polygon", "coordinates": [ [ [ 80.066534923665401, 18.816117733459482 ], [ 80.111536188429895, 18.816117779561388 ], [ 80.111536188429895, 18.861114532276737 ], [ 80.066534923665401, 18.861114545976751 ], [ 80.066534923665401, 18.816117733459482 ] ] ] } },
{ "type": "Feature", "properties": { "REGION": 1.0, "STATE.NAME": "Maharashtra", "DISTRICT.NAME": "Gadchiroli", "DISTRICT.AREA": 14527.292838, "GRID_G0": "174466", "woodland": 0.84422080431614099, "maskWdl": 1.0, "cropland": 0.058456111266919852, "maskCrp": 0.0, "one": 0.096418388475082398, "maskOne": 0.0, "GRID.AREA": 23.695523908004461, "REGION.AREA": 32202.066020262951 }, "geometry": { "type": "Polygon", "coordinates": [ [ [ 80.111536188429895, 18.816117779561388 ], [ 80.156537424750198, 18.816117756315723 ], [ 80.156537424750198, 18.861114517188479 ], [ 80.111536188429895, 18.861114532276737 ], [ 80.111536188429895, 18.816117779561388 ] ] ] } },
{ "type": "Feature", "properties": { "REGION": 1.0, "STATE.NAME": "Maharashtra", "DISTRICT.NAME": "Gadchiroli", "DISTRICT.AREA": 14527.292838, "GRID_G0": "174467", "woodland": 0.98513426145691052, "maskWdl": 1.0, "cropland": 0.0012914095813303947, "maskCrp": 0.0, "one": 0.013570343129717968, "maskOne": 0.0, "GRID.AREA": 23.693204757325933, "REGION.AREA": 32202.066020262951 }, "geometry": { "type": "Polygon", "coordinates": [ [ [ 80.156537424750198, 18.816117756315723 ], [ 80.201534259565875, 18.816117798253 ], [ 80.201534259565875, 18.861114545175528 ], [ 80.156537424750198, 18.861114517188479 ], [ 80.156537424750198, 18.816117756315723 ] ] ] } },
{ "type": "Feature", "properties": { "REGION": 1.0, "STATE.NAME": "Maharashtra", "DISTRICT.NAME": "Gadchiroli", "DISTRICT.AREA": 14527.292838, "GRID_G0": "174468", "woodland": 0.90236722230166344, "maskWdl": 1.0, "cropland": 0.025358505696937626, "maskCrp": 0.0, "one": 0.0721507228377333, "maskOne": 0.0, "GRID.AREA": 23.695543582239505, "REGION.AREA": 32202.066020262951 }, "geometry": { "type": "Polygon", "coordinates": [ [ [ 80.201534259565875, 18.816117798253 ], [ 80.246535515872466, 18.816117750463832 ], [ 80.246535515872466, 18.861114551889905 ], [ 80.201534259565875, 18.861114545175528 ], [ 80.201534259565875, 18.816117798253 ] ] ] } },
{ "type": "Feature", "properties": { "REGION": 1.0, "STATE.NAME": "Maharashtra", "DISTRICT.NAME": "Gadchiroli", "DISTRICT.AREA": 14527.292838, "GRID_G0": "174469", "woodland": 0.89106946241130502, "maskWdl": 1.0, "cropland": 0.02910424913931875, "maskCrp": 0.0, "one": 0.079730638231121281, "maskOne": 0.0, "GRID.AREA": 23.695545678388772, "REGION.AREA": 32202.066020262951 }, "geometry": { "type": "Polygon", "coordinates": [ [ [ 80.246535515872466, 18.816117750463832 ], [ 80.291536732472025, 18.816117741669441 ], [ 80.291536732472025, 18.861114575955757 ], [ 80.246535515872466, 18.861114551889905 ], [ 80.246535515872466, 18.816117750463832 ] ] ] } },
{ "type": "Feature", "properties": { "REGION": 1.0, "STATE.NAME": "Maharashtra", "DISTRICT.NAME": "Gadchiroli", "DISTRICT.AREA": 14527.292838, "GRID_G0": "174470", "woodland": 0.99263936953971776, "maskWdl": 1.0, "cropland": 0.0026817628800410815, "maskCrp": 0.0, "one": 0.0046071226189426731, "maskOne": 0.0, "GRID.AREA": 23.693236747389342, "REGION.AREA": 32202.066020262951 }, "geometry": { "type": "Polygon", "coordinates": [ [ [ 80.291536732472025, 18.816117741669441 ], [ 80.336533542262686, 18.816117730624303 ], [ 80.336533542262686, 18.861114575691587 ], [ 80.291536732472025, 18.861114575955757 ], [ 80.291536732472025, 18.816117741669441 ] ] ] } },
{ "type": "Feature", "properties": { "REGION": 1.0, "STATE.NAME": "Maharashtra", "DISTRICT.NAME": "Gadchiroli", "DISTRICT.AREA": 14527.292838, "GRID_G0": "174471", "woodland": 0.53372358866721148, "maskWdl": 1.0, "cropland": 0.23835027847340498, "maskCrp": 0.0, "one": 0.10619062052072703, "maskOne": 0.0, "GRID.AREA": 7.2782760583868811, "REGION.AREA": 32202.066020262951 }, "geometry": { "type": "Polygon", "coordinates": [ [ [ 80.340191134617342, 18.86111497883229 ], [ 80.336533542262686, 18.861114575691587 ], [ 80.336533542262686, 18.816117730624303 ], [ 80.351337361181365, 18.816118922798374 ], [ 80.351536643301529, 18.816423733368651 ], [ 80.352226805522719, 18.817837212217626 ], [ 80.352867116524237, 18.819235668791123 ], [ 80.353234982408594, 18.820629725881194 ], [ 80.353618564844965, 18.822170123352581 ], [ 80.353916919430333, 18.823585364872713 ], [ 80.354154384517315, 18.824948088683414 ], [ 80.354190925770638, 18.82515778360488 ], [ 80.354450315429744, 18.82659404767719 ], [ 80.354269427592044, 18.828094047602288 ], [ 80.354117707466287, 18.829315744226278 ], [ 80.354079929645081, 18.829619950700192 ], [ 80.353798497602668, 18.832613348627209 ], [ 80.353624281835209, 18.834017532083465 ], [ 80.353296062563288, 18.835613157821001 ], [ 80.352722027099901, 18.838590939919982 ], [ 80.352359506785888, 18.840053582007272 ], [ 80.351958012552316, 18.841579459924166 ], [ 80.350918024847033, 18.844394545671776 ], [ 80.349799815009533, 18.847318571694753 ], [ 80.34950200271534, 18.84803659041637 ], [ 80.349068678776575, 18.848615061336034 ], [ 80.348023359890192, 18.849792793702534 ], [ 80.346019807967821, 18.852072781933373 ], [ 80.344901573848631, 18.853383908940316 ], [ 80.344006658480566, 18.854433170454513 ], [ 80.343141770576324, 18.85559760994181 ], [ 80.342359050130142, 18.856857213889388 ], [ 80.341731092216207, 18.858175750410624 ], [ 80.340313783154613, 18.860897529697301 ], [ 80.340191134617342, 18.86111497883229 ] ] ] } },
{ "type": "Feature", "properties": { "REGION": 1.0, "STATE.NAME": "Maharashtra", "DISTRICT.NAME": "Gadchiroli", "DISTRICT.AREA": 14527.292838, "GRID_G0": "173811", "woodland": 0.46544354702464852, "maskWdl": 1.0, "cropland": 0.19360416264230307, "maskCrp": 0.0, "one": 0.16666937613917379, "maskOne": 0.0, "GRID.AREA": 1.450963285858756, "REGION.AREA": 32202.066020262951 }, "geometry": { "type": "Polygon", "coordinates": [ [ [ 79.931535627200489, 18.800956605503735 ], [ 79.931535627200489, 18.8161177255854 ], [ 79.918187807010796, 18.816118871482942 ], [ 79.918497578300673, 18.815501910284979 ], [ 79.91925667625469, 18.813846425672068 ], [ 79.919872440260974, 18.812511152767513 ], [ 79.920531128009202, 18.811108264334962 ], [ 79.921055363514256, 18.810256055972275 ], [ 79.921431678529189, 18.809701534897957 ], [ 79.922192882695413, 18.808868042326367 ], [ 79.923334506382446, 18.807741904964988 ], [ 79.924124138118557, 18.806926550819696 ], [ 79.925365491224511, 18.805719473574868 ], [ 79.926283308727761, 18.804854698985192 ], [ 79.927875721187661, 18.803594324318681 ], [ 79.929002502463561, 18.802657908835499 ], [ 79.930451784222498, 18.801686199458572 ], [ 79.931083586738168, 18.801290346672204 ], [ 79.931535627200489, 18.800956605503735 ] ] ] } },
{ "type": "Feature", "properties": { "REGION": 1.0, "STATE.NAME": "Maharashtra", "DISTRICT.NAME": "Gadchiroli", "DISTRICT.AREA": 14527.292838, "GRID_G0": "173814", "woodland": 0.68988162853375468, "maskWdl": 1.0, "cropland": 0.12713215248351528, "maskCrp": 0.0, "one": 0.17747966129809167, "maskOne": 0.0, "GRID.AREA": 23.704202613478078, "REGION.AREA": 32202.066020262951 }, "geometry": { "type": "Polygon", "coordinates": [ [ [ 80.021533747255191, 18.771116481974424 ], [ 80.066534923665401, 18.771116543116964 ], [ 80.066534923665401, 18.816117733459482 ], [ 80.021533747255191, 18.816117797051231 ], [ 80.021533747255191, 18.771116481974424 ] ] ] } },
{ "type": "Feature", "properties": { "REGION": 1.0, "STATE.NAME": "Maharashtra", "DISTRICT.NAME": "Gadchiroli", "DISTRICT.AREA": 14527.292838, "GRID_G0": "173815", "woodland": 0.83098137708069586, "maskWdl": 1.0, "cropland": 0.034600403320004754, "maskCrp": 0.0, "one": 0.13369702340815565, "maskOne": 0.0, "GRID.AREA": 23.704224946539416, "REGION.AREA": 32202.066020262951 }, "geometry": { "type": "Polygon", "coordinates": [ [ [ 80.066534923665401, 18.771116543116964 ], [ 80.111536188429895, 18.771116556389281 ], [ 80.111536188429895, 18.816117779561388 ], [ 80.066534923665401, 18.816117733459482 ], [ 80.066534923665401, 18.771116543116964 ] ] ] } },
{ "type": "Feature", "properties": { "REGION": 1.0, "STATE.NAME": "Maharashtra", "DISTRICT.NAME": "Gadchiroli", "DISTRICT.AREA": 14527.292838, "GRID_G0": "173816", "woodland": 0.90601995828244819, "maskWdl": 1.0, "cropland": 0.020516150111465951, "maskCrp": 0.0, "one": 0.073463891606085907, "maskOne": 0.0, "GRID.AREA": 23.70422154271473, "REGION.AREA": 32202.066020262951 }, "geometry": { "type": "Polygon", "coordinates": [ [ [ 80.111536188429895, 18.771116556389281 ], [ 80.156537424750198, 18.77111652200858 ], [ 80.156537424750198, 18.816117756315723 ], [ 80.111536188429895, 18.816117779561388 ], [ 80.111536188429895, 18.771116556389281 ] ] ] } },
{ "type": "Feature", "properties": { "REGION": 1.0, "STATE.NAME": "Maharashtra", "DISTRICT.NAME": "Gadchiroli", "DISTRICT.AREA": 14527.292838, "GRID_G0": "173817", "woodland": 0.98036067642268621, "maskWdl": 1.0, "cropland": 0.0017783579529900438, "maskCrp": 0.0, "one": 0.017860965624323794, "maskOne": 0.0, "GRID.AREA": 23.701926719286941, "REGION.AREA": 32202.066020262951 }, "geometry": { "type": "Polygon", "coordinates": [ [ [ 80.156537424750198, 18.77111652200858 ], [ 80.201534259565875, 18.771116485275975 ], [ 80.201534259565875, 18.816117798253 ], [ 80.156537424750198, 18.816117756315723 ], [ 80.156537424750198, 18.77111652200858 ] ] ] } },
{ "type": "Feature", "properties": { "REGION": 1.0, "STATE.NAME": "Maharashtra", "DISTRICT.NAME": "Gadchiroli", "DISTRICT.AREA": 14527.292838, "GRID_G0": "173818", "woodland": 0.98458192495422325, "maskWdl": 1.0, "cropland": 0.0058160317048608322, "maskCrp": 0.0, "one": 0.0094361951727222147, "maskOne": 0.0, "GRID.AREA": 23.704244345929045, "REGION.AREA": 32202.066020262951 }, "geometry": { "type": "Polygon", "coordinates": [ [ [ 80.201534259565875, 18.771116485275975 ], [ 80.246535515872466, 18.771116559355558 ], [ 80.246535515872466, 18.816117750463832 ], [ 80.201534259565875, 18.816117798253 ], [ 80.201534259565875, 18.771116485275975 ] ] ] } },
{ "type": "Feature", "properties": { "REGION": 1.0, "STATE.NAME": "Maharashtra", "DISTRICT.NAME": "Gadchiroli", "DISTRICT.AREA": 14527.292838, "GRID_G0": "173819", "woodland": 0.816492999206059, "maskWdl": 1.0, "cropland": 0.11377789302571062, "maskCrp": 0.0, "one": 0.033289262686740109, "maskOne": 0.0, "GRID.AREA": 23.284964594681433, "REGION.AREA": 32202.066020262951 }, "geometry": { "type": "Polygon", "coordinates": [ [ [ 80.291536732472025, 18.783620096936406 ], [ 80.291536732472025, 18.816117741669441 ], [ 80.246535515872466, 18.816117750463832 ], [ 80.246535515872466, 18.771116559355558 ], [ 80.28323685154048, 18.771117332907821 ], [ 80.283537734279093, 18.77141102549848 ], [ 80.283807124399345, 18.771651946680038 ], [ 80.284592168693678, 18.772279863225151 ], [ 80.284941903346237, 18.772518425484975 ], [ 80.285502050579225, 18.772805034924488 ], [ 80.285888768951565, 18.772946711421643 ], [ 80.286394452342179, 18.773036768632039 ], [ 80.287937368814596, 18.77350509418477 ], [ 80.287998318567588, 18.773540658774436 ], [ 80.288254686504615, 18.773690253802215 ], [ 80.28826542980579, 18.773696522976191 ], [ 80.288272705321162, 18.773707873319726 ], [ 80.288378168817474, 18.773810999478087 ], [ 80.288501387628983, 18.774036860612682 ], [ 80.288522115203534, 18.774096998277912 ], [ 80.288530484294483, 18.77411005463534 ], [ 80.288537166257299, 18.774140664859829 ], [ 80.288613578953573, 18.774490721469647 ], [ 80.28856744732991, 18.77490100207962 ], [ 80.288320132867909, 18.776240163652687 ], [ 80.288308108032822, 18.77678656205023 ], [ 80.288341320895313, 18.777178429940651 ], [ 80.288471831409936, 18.77747627910702 ], [ 80.288602341924616, 18.77777412827345 ], [ 80.288769499812645, 18.778267321879465 ], [ 80.288863679515259, 18.778427105326724 ], [ 80.288922261353321, 18.778526491204673 ], [ 80.289115478896292, 18.778793720254043 ], [ 80.289380020771375, 18.779094199038123 ], [ 80.290140381373533, 18.779890356255009 ], [ 80.290378437315098, 18.780139613252576 ], [ 80.290633734159542, 18.780439197211251 ], [ 80.290646439781426, 18.780452285044991 ], [ 80.290657256826989, 18.780466800102772 ], [ 80.290744511749892, 18.780569190615726 ], [ 80.290770325889866, 18.780618512134652 ], [ 80.290927169453369, 18.78091818872349 ], [ 80.290987157831125, 18.781213375896641 ], [ 80.291006761253072, 18.781500199374761 ], [ 80.291048048228902, 18.781834333487723 ], [ 80.291306072717134, 18.782947509819792 ], [ 80.291425193318048, 18.783496684424506 ], [ 80.291536732472025, 18.783620096936406 ] ] ] } },
{ "type": "Feature", "properties": { "REGION": 1.0, "STATE.NAME": "Maharashtra", "DISTRICT.NAME": "Gadchiroli", "DISTRICT.AREA": 14527.292838, "GRID_G0": "173820", "woodland": 0.75035643544550512, "maskWdl": 1.0, "cropland": 0.068718450646377591, "maskCrp": 0.0, "one": 0.050694028497381964, "maskOne": 0.0, "GRID.AREA": 9.4045150169062151, "REGION.AREA": 32202.066020262951 }, "geometry": { "type": "Polygon", "coordinates": [ [ [ 80.336533542262686, 18.808563102788785 ], [ 80.336533542262686, 18.816117730624303 ], [ 80.291536732472025, 18.816117741669441 ], [ 80.291536732472025, 18.783620096936406 ], [ 80.291800864418406, 18.783912344778912 ], [ 80.292072373341398, 18.784212755214526 ], [ 80.292561117101911, 18.78496137426805 ], [ 80.292830406498126, 18.785373848324472 ], [ 80.29288701882092, 18.78546056005683 ], [ 80.293086345458505, 18.785792364925726 ], [ 80.294168537448115, 18.787593781627777 ], [ 80.2944302815323, 18.788029472582139 ], [ 80.29524543872607, 18.789314254849046 ], [ 80.296093536287742, 18.79062998368687 ], [ 80.296817879941287, 18.791642832550732 ], [ 80.296956630044519, 18.791836845094398 ], [ 80.297123288808791, 18.791980913788166 ], [ 80.298198984095919, 18.792910796596061 ], [ 80.298998267356183, 18.793730231864743 ], [ 80.299323931654158, 18.793993972443896 ], [ 80.299940308998146, 18.794477520820976 ], [ 80.30052822459794, 18.794857250561734 ], [ 80.301021435291091, 18.79511043849601 ], [ 80.301661610494989, 18.795417834865251 ], [ 80.301900652992799, 18.795562658090262 ], [ 80.301923263747653, 18.79557373324127 ], [ 80.302085166896973, 18.795674442921271 ], [ 80.303235838663056, 18.796371556901875 ], [ 80.303956593122336, 18.79685524557317 ], [ 80.304544508722131, 18.797225868778867 ], [ 80.305137319331891, 18.797542253871995 ], [ 80.305269112279746, 18.797608566282349 ], [ 80.306113119724728, 18.797992530930628 ], [ 80.30748341852501, 18.798372836237434 ], [ 80.308234366822603, 18.798512152014268 ], [ 80.309073517928539, 18.798623366675088 ], [ 80.310211767359249, 18.798840588922076 ], [ 80.310638610783329, 18.79892201354016 ], [ 80.311530170780827, 18.799211409079305 ], [ 80.312075615897015, 18.799369753611302 ], [ 80.31328971414905, 18.799754077089066 ], [ 80.31401525569953, 18.799957639533488 ], [ 80.314489577931738, 18.80002555453575 ], [ 80.314788344406622, 18.800012075496909 ], [ 80.315096720137603, 18.799948925102857 ], [ 80.316282531113998, 18.799732500554512 ], [ 80.31712682274474, 18.799583691534167 ], [ 80.31864942982736, 18.79930412918225 ], [ 80.319422605768693, 18.799195930847588 ], [ 80.320698577377527, 18.799056354267403 ], [ 80.32137685325921, 18.798952660636814 ], [ 80.32245821247659, 18.798903244689029 ], [ 80.322780766019605, 18.798925944476821 ], [ 80.322998894783211, 18.798998332706958 ], [ 80.324250910251351, 18.799712383619632 ], [ 80.324601790640202, 18.799893124867882 ], [ 80.32513298599855, 18.80024563213027 ], [ 80.325523847547572, 18.80050864515789 ], [ 80.32568354465991, 18.800605509336837 ], [ 80.326722843484504, 18.801298598851304 ], [ 80.326811679415528, 18.801352767716082 ], [ 80.327153082748623, 18.801556193463625 ], [ 80.32780753379069, 18.801989994043026 ], [ 80.328618487553229, 18.802468960374256 ], [ 80.32940565334826, 18.803029283874423 ], [ 80.329941539570427, 18.803440489886725 ], [ 80.330035854171399, 18.803507895872769 ], [ 80.330790984316536, 18.804011439776161 ], [ 80.331990351673426, 18.80469373113084 ], [ 80.332694312192814, 18.805227296202816 ], [ 80.333265955459524, 18.80564573096575 ], [ 80.333419705355197, 18.805777099433669 ], [ 80.333424513130808, 18.805780744385913 ], [ 80.333459387940479, 18.805811005673434 ], [ 80.334001002844047, 18.806273778811889 ], [ 80.335039593002875, 18.807172862537637 ], [ 80.335608675000401, 18.807665374457546 ], [ 80.336054401489491, 18.808112733216092 ], [ 80.336238684267926, 18.808294799165708 ], [ 80.336533542262686, 18.808563102788785 ] ] ] } },
{ "type": "Feature", "properties": { "REGION": 1.0, "STATE.NAME": "Maharashtra", "DISTRICT.NAME": "Gadchiroli", "DISTRICT.AREA": 14527.292838, "GRID_G0": "173821", "woodland": 0.82330176653248655, "maskWdl": 1.0, "cropland": 0.057498878666874871, "maskCrp": 0.0, "one": 0.083688247835160656, "maskOne": 0.0, "GRID.AREA": 0.56927225302194773, "REGION.AREA": 32202.066020262951 }, "geometry": { "type": "Polygon", "coordinates": [ [ [ 80.351337361181365, 18.816118922798374 ], [ 80.336533542262686, 18.816117730624303 ], [ 80.336533542262686, 18.808563102788785 ], [ 80.336809072081053, 18.808813817703594 ], [ 80.338008708335281, 18.809802579125801 ], [ 80.338268704137434, 18.810013369421483 ], [ 80.338425638532442, 18.810132365016667 ], [ 80.339136981586478, 18.810665558668632 ], [ 80.33994549548828, 18.811227222158607 ], [ 80.340559736942339, 18.811598664646681 ], [ 80.341854829037175, 18.812455037769837 ], [ 80.342566062373919, 18.812861566408234 ], [ 80.343120935083164, 18.813164310584508 ], [ 80.344145458945832, 18.813607104384403 ], [ 80.344634027338543, 18.813756281227427 ], [ 80.345155787010015, 18.813923557826005 ], [ 80.345663276239236, 18.814009465564425 ], [ 80.346507600245616, 18.814149645589737 ], [ 80.347309275702571, 18.814267160001467 ], [ 80.347778861205541, 18.814303407176567 ], [ 80.348589948967003, 18.814407405677287 ], [ 80.349244553793199, 18.81447973904875 ], [ 80.349253846487898, 18.814481865046105 ], [ 80.349600257246152, 18.814561129492578 ], [ 80.350041431367003, 18.814714808341762 ], [ 80.350354452995646, 18.814872923546659 ], [ 80.350527430396653, 18.815025077145666 ], [ 80.350575504555948, 18.815046498996765 ], [ 80.350762774882185, 18.815240060980098 ], [ 80.351337361181365, 18.816118922798374 ] ] ] } },
{ "type": "Feature", "properties": { "REGION": 1.0, "STATE.NAME": "Maharashtra", "DISTRICT.NAME": "Gadchiroli", "DISTRICT.AREA": 14527.292838, "GRID_G0": "173165", "woodland": 0.80974143202567594, "maskWdl": 1.0, "cropland": 0.055853829418047986, "maskCrp": 0.0, "one": 0.10860868039977442, "maskOne": 0.0, "GRID.AREA": 23.710595602751589, "REGION.AREA": 32202.066020262951 }, "geometry": { "type": "Polygon", "coordinates": [ [ [ 80.066534923665401, 18.726115273814457 ], [ 80.111536188429895, 18.726115251707363 ], [ 80.111536188429895, 18.771116556389281 ], [ 80.066534923665401, 18.771116543116964 ], [ 80.066534923665401, 18.726115273814457 ] ] ] } },
{ "type": "Feature", "properties": { "REGION": 1.0, "STATE.NAME": "Maharashtra", "DISTRICT.NAME": "Gadchiroli", "DISTRICT.AREA": 14527.292838, "GRID_G0": "173168", "woodland": 0.50939208089247634, "maskWdl": 1.0, "cropland": 0.31034170104640751, "maskCrp": 0.0, "one": 0.15485587809375323, "maskOne": 0.0, "GRID.AREA": 23.45778263488095, "REGION.AREA": 32202.066020262951 }, "geometry": { "type": "Polygon", "coordinates": [ [ [ 80.246535515872466, 18.766668981365953 ], [ 80.246535515872466, 18.771116559355558 ], [ 80.201534259565875, 18.771116485275975 ], [ 80.201534259565875, 18.726115265011359 ], [ 80.246535515872466, 18.726115279127153 ], [ 80.246535515872466, 18.754511255701374 ], [ 80.245494039318544, 18.755266486958874 ], [ 80.244311221285898, 18.756256358144469 ], [ 80.244284138202488, 18.757569719067305 ], [ 80.244314652199492, 18.758191549000856 ], [ 80.244336756636073, 18.759168059858098 ], [ 80.244345189578894, 18.759460129981047 ], [ 80.244463604212001, 18.760002626220285 ], [ 80.244546213237186, 18.760190881304197 ], [ 80.244241836791389, 18.762142363379443 ], [ 80.24524562768363, 18.765495609734671 ], [ 80.245741623577146, 18.765902409968302 ], [ 80.246535515872466, 18.766668981365953 ] ] ] } },
{ "type": "Feature", "properties": { "REGION": 1.0, "STATE.NAME": "Maharashtra", "DISTRICT.NAME": "Gadchiroli", "DISTRICT.AREA": 14527.292838, "GRID_G0": "173169", "woodland": 0.5757854618076631, "maskWdl": 1.0, "cropland": 0.14602557301756902, "maskCrp": 0.0, "one": 0.13283334575464234, "maskOne": 0.0, "GRID.AREA": 5.7962127121756852, "REGION.AREA": 32202.066020262951 }, "geometry": { "type": "MultiPolygon", "coordinates": [ [ [ [ 80.28323685154048, 18.771117332907821 ], [ 80.246535515872466, 18.771116559355558 ], [ 80.246535515872466, 18.766668981365953 ], [ 80.247700734601267, 18.767794081731552 ], [ 80.249906381274513, 18.76906788417557 ], [ 80.254116806545426, 18.768901729930917 ], [ 80.265981728673921, 18.768432861187648 ], [ 80.267389950086169, 18.767844506718632 ], [ 80.268084783386087, 18.767489639635187 ], [ 80.268779610390766, 18.767134768954463 ], [ 80.270167056564446, 18.766527891149277 ], [ 80.271526286508958, 18.765979321788333 ], [ 80.272945596562067, 18.765563323288802 ], [ 80.273253843689986, 18.765458236608371 ], [ 80.274105244461509, 18.765365637913931 ], [ 80.274437326321618, 18.765374935105232 ], [ 80.274751531458094, 18.765451710228319 ], [ 80.276040199695501, 18.766112414256554 ], [ 80.27870272445125, 18.767706075874742 ], [ 80.279573848254529, 18.76825309210659 ], [ 80.281339910808299, 18.769362050618213 ], [ 80.282521107363266, 18.7704186874725 ], [ 80.2830294194722, 18.770914856935121 ], [ 80.28323685154048, 18.771117332907821 ] ] ], [ [ [ 80.246535515872466, 18.754511255701374 ], [ 80.246535515872466, 18.726115279127153 ], [ 80.269712238464962, 18.726116624739483 ], [ 80.269531984113826, 18.726360710678307 ], [ 80.268785400226079, 18.727599713855739 ], [ 80.26838939095768, 18.728237454594876 ], [ 80.267977387246674, 18.728900945622172 ], [ 80.267116195556014, 18.730200805023173 ], [ 80.266235618079349, 18.731495648905142 ], [ 80.265354599934881, 18.732703560720779 ], [ 80.265285658806192, 18.732807898265946 ], [ 80.264554097193866, 18.733956814555366 ], [ 80.263777192663397, 18.735101897034951 ], [ 80.263020021956493, 18.736297961182004 ], [ 80.262373768234852, 18.73753053150887 ], [ 80.261057247993676, 18.740148402227017 ], [ 80.260207906669635, 18.741571548787988 ], [ 80.26008752162187, 18.741750513875161 ], [ 80.259741655852793, 18.742351287082272 ], [ 80.259454080541445, 18.742692193989622 ], [ 80.259268822897923, 18.742967596977053 ], [ 80.258702253606202, 18.743583439224381 ], [ 80.258256331964219, 18.744112046333896 ], [ 80.256809088968339, 18.745710137113178 ], [ 80.256083101354079, 18.746487419358974 ], [ 80.25532662222588, 18.747358430747056 ], [ 80.255105795496149, 18.747533759875182 ], [ 80.254197323747576, 18.748255047632369 ], [ 80.25256043261794, 18.749684466964652 ], [ 80.251612638912206, 18.750669766896294 ], [ 80.250497632459826, 18.751613318499896 ], [ 80.248175438146006, 18.753320238038611 ], [ 80.24798805270656, 18.753457919747234 ], [ 80.246741054556097, 18.754362206950365 ], [ 80.246535515872466, 18.754511255701374 ] ] ] ] } },
{ "type": "Feature", "properties": { "REGION": 1.0, "STATE.NAME": "Maharashtra", "DISTRICT.NAME": "Gadchiroli", "DISTRICT.AREA": 14527.292838, "GRID_G0": "172519", "woodland": 0.61824312074834342, "maskWdl": 1.0, "cropland": 0.14272337919567513, "maskCrp": 0.0, "one": 0.11380225256867499, "maskOne": 0.0, "GRID.AREA": 3.1631988971495852, "REGION.AREA": 32202.066020262951 }, "geometry": { "type": "Polygon", "coordinates": [ [ [ 80.269712238464962, 18.726116624739483 ], [ 80.246535515872466, 18.726115279127153 ], [ 80.246535515872466, 18.706331747783324 ], [ 80.247230481801353, 18.706328855292497 ], [ 80.247454949886105, 18.706335590315291 ], [ 80.248481998145735, 18.706366404685866 ], [ 80.248768436714045, 18.70659653220423 ], [ 80.249832287030472, 18.707451227192447 ], [ 80.25070920336708, 18.707686867554973 ], [ 80.251221153233701, 18.708017062637396 ], [ 80.252088268758655, 18.708781275035847 ], [ 80.253230370884978, 18.709748888000831 ], [ 80.254533579361237, 18.710888333529795 ], [ 80.256064239872842, 18.712303454540859 ], [ 80.257665711203686, 18.71408913850297 ], [ 80.259163000572073, 18.715734565997479 ], [ 80.26083150646889, 18.71686524583447 ], [ 80.262580641983106, 18.717959723462513 ], [ 80.263490760390312, 18.718394078923666 ], [ 80.263841440230351, 18.71878287113265 ], [ 80.263898135290788, 18.71901320639444 ], [ 80.263883415187536, 18.719880611501079 ], [ 80.263992168403888, 18.720427308473575 ], [ 80.264157877484138, 18.720788866513033 ], [ 80.264551194182332, 18.721281496244103 ], [ 80.264830799701713, 18.721521232119244 ], [ 80.265698469209042, 18.721883189457685 ], [ 80.26704472013779, 18.722548225520256 ], [ 80.268708656579292, 18.723516124469597 ], [ 80.269969648180791, 18.72413586977461 ], [ 80.27001998413499, 18.724150373141242 ], [ 80.270516618547163, 18.724293349158813 ], [ 80.270517418943768, 18.724293545210969 ], [ 80.270535080729474, 18.724298960928365 ], [ 80.270659287895853, 18.724336892533586 ], [ 80.270783523840635, 18.724374848420553 ], [ 80.270824275719804, 18.724387228487842 ], [ 80.270852118730375, 18.724395843993083 ], [ 80.270883597699935, 18.724405464040956 ], [ 80.270907304728397, 18.724412707180761 ], [ 80.270913251045783, 18.724407543273571 ], [ 80.272289014126784, 18.723373952446025 ], [ 80.272891017606426, 18.722991541826215 ], [ 80.272659723667346, 18.723340075883868 ], [ 80.272131646258515, 18.723769145130007 ], [ 80.271603568849685, 18.724198212577505 ], [ 80.270407591936873, 18.72526085330577 ], [ 80.27010210752627, 18.725588830660055 ], [ 80.270101615597127, 18.725589358562104 ], [ 80.269712238464962, 18.726116624739483 ] ] ] } },
{ "type": "Feature", "properties": { "REGION": 1.0, "STATE.NAME": "Maharashtra", "DISTRICT.NAME": "Gadchiroli", "DISTRICT.AREA": 14527.292838, "GRID_G0": "171866", "woodland": 0.86517260532441531, "maskWdl": 1.0, "cropland": 0.059968763538934371, "maskCrp": 0.0, "one": 0.07393800053729091, "maskOne": 0.0, "GRID.AREA": 0.042927873859209487, "REGION.AREA": 32202.066020262951 }, "geometry": { "type": "Polygon", "coordinates": [ [ [ 80.123864538962764, 18.681115089678087 ], [ 80.11604165435503, 18.681114517387318 ], [ 80.11610742991401, 18.681092981156215 ], [ 80.118127734407494, 18.680545489183036 ], [ 80.121370025106614, 18.680497015724768 ], [ 80.12245545825283, 18.680498973548822 ], [ 80.123237040157335, 18.680784956160835 ], [ 80.123864538962764, 18.681115089678087 ] ] ] } },
{ "type": "Feature", "properties": { "REGION": 1.0, "STATE.NAME": "Maharashtra", "DISTRICT.NAME": "Gadchiroli", "DISTRICT.AREA": 14527.292838, "GRID_G0": "171867", "woodland": 0.75413123831831375, "maskWdl": 1.0, "cropland": 0.15292001590865281, "maskCrp": 0.0, "one": 0.088585847722599156, "maskOne": 0.0, "GRID.AREA": 0.050165144181751449, "REGION.AREA": 32202.066020262951 }, "geometry": { "type": "Polygon", "coordinates": [ [ [ 80.197129555328601, 18.681114510557244 ], [ 80.187980456123199, 18.681115151903875 ], [ 80.190474304345742, 18.680491145849771 ], [ 80.192493609692406, 18.680403678686844 ], [ 80.194569451818779, 18.680600900910918 ], [ 80.196574100014743, 18.68082516305088 ], [ 80.197129555328601, 18.681114510557244 ] ] ] } },
{ "type": "Feature", "properties": { "REGION": 1.0, "STATE.NAME": "Maharashtra", "DISTRICT.NAME": "Yavatmal", "DISTRICT.AREA": 13583.851744, "GRID_G0": "197819", "woodland": 0.47007211144039257, "maskWdl": 1.0, "cropland": 0.24204162391541728, "maskCrp": 0.0, "one": 0.28412185776573134, "maskOne": 0.0, "GRID.AREA": 23.459835806883195, "REGION.AREA": 32202.066020262951 }, "geometry": { "type": "Polygon", "coordinates": [ [ [ 77.996531068852022, 20.436118087205887 ], [ 78.041532344959762, 20.436118137732596 ], [ 78.041532344959762, 20.481119310136965 ], [ 77.996531068852022, 20.481119306779064 ], [ 77.996531068852022, 20.436118087205887 ] ] ] } },
{ "type": "Feature", "properties": { "REGION": 1.0, "STATE.NAME": "Maharashtra", "DISTRICT.NAME": "Yavatmal", "DISTRICT.AREA": 13583.851744, "GRID_G0": "197170", "woodland": 0.67066644252812813, "maskWdl": 1.0, "cropland": 0.14271101034351011, "maskCrp": 0.0, "one": 0.1787973681757993, "maskOne": 0.0, "GRID.AREA": 23.466692856860888, "REGION.AREA": 32202.066020262951 }, "geometry": { "type": "Polygon", "coordinates": [ [ [ 78.041532344959762, 20.391116835389361 ], [ 78.086533529357553, 20.391116828306419 ], [ 78.086533529357553, 20.436118064221645 ], [ 78.041532344959762, 20.436118137732596 ], [ 78.041532344959762, 20.391116835389361 ] ] ] } },
{ "type": "Feature", "properties": { "REGION": 1.0, "STATE.NAME": "Maharashtra", "DISTRICT.NAME": "Yavatmal", "DISTRICT.AREA": 13583.851744, "GRID_G0": "197173", "woodland": 0.43283196744625474, "maskWdl": 1.0, "cropland": 0.33156371081161862, "maskCrp": 0.0, "one": 0.21303357502235296, "maskOne": 0.0, "GRID.AREA": 23.466702961309242, "REGION.AREA": 32202.066020262951 }, "geometry": { "type": "Polygon", "coordinates": [ [ [ 78.176531634831932, 20.391116895177159 ], [ 78.221532867981381, 20.391116834441103 ], [ 78.221532867981381, 20.436118097814465 ], [ 78.176531634831932, 20.436118111323388 ], [ 78.176531634831932, 20.391116895177159 ] ] ] } },
{ "type": "Feature", "properties": { "REGION": 1.0, "STATE.NAME": "Maharashtra", "DISTRICT.NAME": "Yavatmal", "DISTRICT.AREA": 13583.851744, "GRID_G0": "197174", "woodland": 0.52354519378236553, "maskWdl": 1.0, "cropland": 0.17769051679231426, "maskCrp": 0.0, "one": 0.28412237616093033, "maskOne": 0.0, "GRID.AREA": 23.466701707043491, "REGION.AREA": 32202.066020262951 }, "geometry": { "type": "Polygon", "coordinates": [ [ [ 78.221532867981381, 20.391116834441103 ], [ 78.266534107122311, 20.391116890762813 ], [ 78.266534107122311, 20.436118090111812 ], [ 78.221532867981381, 20.436118097814465 ], [ 78.221532867981381, 20.391116834441103 ] ] ] } },
{ "type": "Feature", "properties": { "REGION": 1.0, "STATE.NAME": "Maharashtra", "DISTRICT.NAME": "Yavatmal", "DISTRICT.AREA": 13583.851744, "GRID_G0": "196526", "woodland": 0.46651710893094184, "maskWdl": 1.0, "cropland": 0.30443367269098576, "maskCrp": 0.0, "one": 0.21924698615012614, "maskOne": 0.0, "GRID.AREA": 23.471232862200488, "REGION.AREA": 32202.066020262951 }, "geometry": { "type": "Polygon", "coordinates": [ [ [ 78.311535332528592, 20.346115627320454 ], [ 78.356532096467092, 20.346115567253282 ], [ 78.356532096467092, 20.391116816009543 ], [ 78.311535332528592, 20.391116892106215 ], [ 78.311535332528592, 20.346115627320454 ] ] ] } },
{ "type": "Feature", "properties": { "REGION": 1.0, "STATE.NAME": "Maharashtra", "DISTRICT.NAME": "Yavatmal", "DISTRICT.AREA": 13583.851744, "GRID_G0": "196527", "woodland": 0.5651441574210706, "maskWdl": 1.0, "cropland": 0.33976042855149713, "maskCrp": 0.0, "one": 0.094510589081324162, "maskOne": 0.0, "GRID.AREA": 23.473592033408497, "REGION.AREA": 32202.066020262951 }, "geometry": { "type": "Polygon", "coordinates": [ [ [ 78.356532096467092, 20.346115567253282 ], [ 78.401533409796329, 20.346115619108343 ], [ 78.401533409796329, 20.391116830648905 ], [ 78.356532096467092, 20.391116816009543 ], [ 78.356532096467092, 20.346115567253282 ] ] ] } },
{ "type": "Feature", "properties": { "REGION": 1.0, "STATE.NAME": "Maharashtra", "DISTRICT.NAME": "Yavatmal", "DISTRICT.AREA": 13583.851744, "GRID_G0": "195876", "woodland": 0.46062611253679792, "maskWdl": 1.0, "cropland": 0.32234543149629674, "maskCrp": 0.0, "one": 0.21487566188608948, "maskOne": 0.0, "GRID.AREA": 23.47574712401433, "REGION.AREA": 32202.066020262951 }, "geometry": { "type": "Polygon", "coordinates": [ [ [ 78.311535332528592, 20.301118770385717 ], [ 78.356532096467092, 20.301118813894263 ], [ 78.356532096467092, 20.346115567253282 ], [ 78.311535332528592, 20.346115627320454 ], [ 78.311535332528592, 20.301118770385717 ] ] ] } },
{ "type": "Feature", "properties": { "REGION": 1.0, "STATE.NAME": "Maharashtra", "DISTRICT.NAME": "Yavatmal", "DISTRICT.AREA": 13583.851744, "GRID_G0": "195219", "woodland": 0.61715863613704336, "maskWdl": 1.0, "cropland": 0.076744095271559884, "maskCrp": 0.0, "one": 0.30214883865302627, "maskOne": 0.0, "GRID.AREA": 23.487245956442688, "REGION.AREA": 32202.066020262951 }, "geometry": { "type": "Polygon", "coordinates": [ [ [ 77.996531068852022, 20.25611759888697 ], [ 78.041532344959762, 20.256117544679785 ], [ 78.041532344959762, 20.301118825887482 ], [ 77.996531068852022, 20.301118827553907 ], [ 77.996531068852022, 20.25611759888697 ] ] ] } },
{ "type": "Feature", "properties": { "REGION": 1.0, "STATE.NAME": "Maharashtra", "DISTRICT.NAME": "Yavatmal", "DISTRICT.AREA": 13583.851744, "GRID_G0": "195220", "woodland": 0.54506529074253851, "maskWdl": 1.0, "cropland": 0.13343785293599306, "maskCrp": 0.0, "one": 0.30973676699012798, "maskOne": 0.0, "GRID.AREA": 23.487196478811885, "REGION.AREA": 32202.066020262951 }, "geometry": { "type": "Polygon", "coordinates": [ [ [ 78.041532344959762, 20.256117544679785 ], [ 78.086533529357553, 20.256117543153675 ], [ 78.086533529357553, 20.301118765626384 ], [ 78.041532344959762, 20.301118825887482 ], [ 78.041532344959762, 20.256117544679785 ] ] ] } },
{ "type": "Feature", "properties": { "REGION": 1.0, "STATE.NAME": "Maharashtra", "DISTRICT.NAME": "Yavatmal", "DISTRICT.AREA": 13583.851744, "GRID_G0": "195221", "woodland": 0.67778771745361965, "maskWdl": 1.0, "cropland": 0.16233555259049562, "maskCrp": 0.0, "one": 0.15860538229956278, "maskOne": 0.0, "GRID.AREA": 23.48724007812072, "REGION.AREA": 32202.066020262951 }, "geometry": { "type": "Polygon", "coordinates": [ [ [ 78.086533529357553, 20.256117543153675 ], [ 78.131534777466058, 20.256117523956036 ], [ 78.131534777466058, 20.301118844813519 ], [ 78.086533529357553, 20.301118765626384 ], [ 78.086533529357553, 20.256117543153675 ] ] ] } },
{ "type": "Feature", "properties": { "REGION": 1.0, "STATE.NAME": "Maharashtra", "DISTRICT.NAME": "Yavatmal", "DISTRICT.AREA": 13583.851744, "GRID_G0": "195222", "woodland": 0.59982777062994197, "maskWdl": 1.0, "cropland": 0.18424226737942473, "maskCrp": 0.0, "one": 0.21188381298217501, "maskOne": 0.0, "GRID.AREA": 23.484970614943503, "REGION.AREA": 32202.066020262951 }, "geometry": { "type": "Polygon", "coordinates": [ [ [ 78.131534777466058, 20.256117523956036 ], [ 78.176531634831932, 20.256117550422065 ], [ 78.176531634831946, 20.301118857879217 ], [ 78.131534777466058, 20.301118844813519 ], [ 78.131534777466058, 20.256117523956036 ] ] ] } },
{ "type": "Feature", "properties": { "REGION": 1.0, "STATE.NAME": "Maharashtra", "DISTRICT.NAME": "Yavatmal", "DISTRICT.AREA": 13583.851744, "GRID_G0": "195223", "woodland": 0.45886577297984393, "maskWdl": 1.0, "cropland": 0.24214410806756484, "maskCrp": 0.0, "one": 0.24211265482849456, "maskOne": 0.0, "GRID.AREA": 23.487218547602719, "REGION.AREA": 32202.066020262951 }, "geometry": { "type": "Polygon", "coordinates": [ [ [ 78.176531634831932, 20.256117550422065 ], [ 78.221532867981381, 20.256117601859245 ], [ 78.221532867981381, 20.301118785163062 ], [ 78.176531634831946, 20.301118857879217 ], [ 78.176531634831932, 20.256117550422065 ] ] ] } },
{ "type": "Feature", "properties": { "REGION": 1.0, "STATE.NAME": "Maharashtra", "DISTRICT.NAME": "Yavatmal", "DISTRICT.AREA": 13583.851744, "GRID_G0": "195224", "woodland": 0.74439791547859446, "maskWdl": 1.0, "cropland": 0.096281123040510383, "maskCrp": 0.0, "one": 0.15932096148089511, "maskOne": 0.0, "GRID.AREA": 23.487197898578927, "REGION.AREA": 32202.066020262951 }, "geometry": { "type": "Polygon", "coordinates": [ [ [ 78.221532867981381, 20.256117601859245 ], [ 78.266534107122311, 20.256117567172982 ], [ 78.266534107122311, 20.301118783512212 ], [ 78.221532867981381, 20.301118785163062 ], [ 78.221532867981381, 20.256117601859245 ] ] ] } },
{ "type": "Feature", "properties": { "REGION": 1.0, "STATE.NAME": "Maharashtra", "DISTRICT.NAME": "Yavatmal", "DISTRICT.AREA": 13583.851744, "GRID_G0": "194576", "woodland": 0.59635161959283889, "maskWdl": 1.0, "cropland": 0.18298044038057223, "maskCrp": 0.0, "one": 0.20217467594052829, "maskOne": 0.0, "GRID.AREA": 23.491700890286396, "REGION.AREA": 32202.066020262951 }, "geometry": { "type": "Polygon", "coordinates": [ [ [ 78.311535332528592, 20.211116324884081 ], [ 78.356532096467092, 20.211116298372858 ], [ 78.356532096467092, 20.256117597293702 ], [ 78.311535332528592, 20.256117542774373 ], [ 78.311535332528592, 20.211116324884081 ] ] ] } },
{ "type": "Feature", "properties": { "REGION": 1.0, "STATE.NAME": "Maharashtra", "DISTRICT.NAME": "Yavatmal", "DISTRICT.AREA": 13583.851744, "GRID_G0": "194577", "woodland": 0.44078838225790717, "maskWdl": 1.0, "cropland": 0.27644313121034197, "maskCrp": 0.0, "one": 0.2753359306565728, "maskOne": 0.0, "GRID.AREA": 23.494066045935682, "REGION.AREA": 32202.066020262951 }, "geometry": { "type": "Polygon", "coordinates": [ [ [ 78.356532096467092, 20.211116298372858 ], [ 78.401533409796329, 20.211116357859066 ], [ 78.401533409796329, 20.256117537562631 ], [ 78.356532096467092, 20.256117597293702 ], [ 78.356532096467092, 20.211116298372858 ] ] ] } },
{ "type": "Feature", "properties": { "REGION": 1.0, "STATE.NAME": "Maharashtra", "DISTRICT.NAME": "Yavatmal", "DISTRICT.AREA": 13583.851744, "GRID_G0": "193927", "woodland": 0.46592808349101139, "maskWdl": 1.0, "cropland": 0.30340822946847074, "maskCrp": 0.0, "one": 0.22241051833500972, "maskOne": 0.0, "GRID.AREA": 23.500860371071145, "REGION.AREA": 32202.066020262951 }, "geometry": { "type": "Polygon", "coordinates": [ [ [ 78.356532096467092, 20.166115090233525 ], [ 78.401533409796329, 20.166115087365284 ], [ 78.401533409796329, 20.211116357859066 ], [ 78.356532096467092, 20.211116298372858 ], [ 78.356532096467092, 20.166115090233525 ] ] ] } },
{ "type": "Feature", "properties": { "REGION": 1.0, "STATE.NAME": "Maharashtra", "DISTRICT.NAME": "Yavatmal", "DISTRICT.AREA": 13583.851744, "GRID_G0": "193277", "woodland": 0.59714555824714466, "maskWdl": 1.0, "cropland": 0.2335513341554768, "maskCrp": 0.0, "one": 0.1671123015160606, "maskOne": 0.0, "GRID.AREA": 23.50532851964196, "REGION.AREA": 32202.066020262951 }, "geometry": { "type": "Polygon", "coordinates": [ [ [ 78.356532096467092, 20.121118263009773 ], [ 78.401533409796329, 20.12111828527912 ], [ 78.401533409796329, 20.166115087365284 ], [ 78.356532096467092, 20.166115090233525 ], [ 78.356532096467092, 20.121118263009773 ] ] ] } },
{ "type": "Feature", "properties": { "REGION": 1.0, "STATE.NAME": "Maharashtra", "DISTRICT.NAME": "Yavatmal", "DISTRICT.AREA": 13583.851744, "GRID_G0": "192619", "woodland": 0.39909488859793341, "maskWdl": 1.0, "cropland": 0.44872568457658357, "maskCrp": 0.0, "one": 0.14628526664008637, "maskOne": 0.0, "GRID.AREA": 23.514403370363556, "REGION.AREA": 32202.066020262951 }, "geometry": { "type": "Polygon", "coordinates": [ [ [ 77.996531068852022, 20.076117016162069 ], [ 78.041532344959762, 20.076116994491528 ], [ 78.041532344959762, 20.121118299694473 ], [ 77.996531068852022, 20.121118258340935 ], [ 77.996531068852022, 20.076117016162069 ] ] ] } },
{ "type": "Feature", "properties": { "REGION": 1.0, "STATE.NAME": "Maharashtra", "DISTRICT.NAME": "Yavatmal", "DISTRICT.AREA": 13583.851744, "GRID_G0": "191983", "woodland": 0.43920283247373088, "maskWdl": 1.0, "cropland": 0.3041337554772639, "maskCrp": 0.0, "one": 0.25427404471530979, "maskOne": 0.0, "GRID.AREA": 23.518799470357994, "REGION.AREA": 32202.066020262951 }, "geometry": { "type": "Polygon", "coordinates": [ [ [ 78.626535152789216, 20.031115783033659 ], [ 78.671531984763533, 20.031115830904451 ], [ 78.671531984763533, 20.076117013098958 ], [ 78.626535152789216, 20.076117026263169 ], [ 78.626535152789216, 20.031115783033659 ] ] ] } },
{ "type": "Feature", "properties": { "REGION": 1.0, "STATE.NAME": "Maharashtra", "DISTRICT.NAME": "Yavatmal", "DISTRICT.AREA": 13583.851744, "GRID_G0": "191992", "woodland": 0.46789474776799794, "maskWdl": 1.0, "cropland": 0.14895420469547516, "maskCrp": 0.0, "one": 0.28642371288302559, "maskOne": 0.0, "GRID.AREA": 19.336156321756352, "REGION.AREA": 32202.066020262951 }, "geometry": { "type": "Polygon", "coordinates": [ [ [ 79.045474447637872, 20.076118252201073 ], [ 79.031532967179075, 20.076117022986573 ], [ 79.031532967179075, 20.031115763477594 ], [ 79.076534249862149, 20.031115785485689 ], [ 79.076534249862149, 20.048435269738043 ], [ 79.075777257414529, 20.049271666554201 ], [ 79.075589075175742, 20.049463979379201 ], [ 79.075502973183745, 20.049538736423585 ], [ 79.075414696631015, 20.049615382943617 ], [ 79.075355579696293, 20.049707567949952 ], [ 79.075265628605905, 20.049847828914213 ], [ 79.075074191720603, 20.050046785031157 ], [ 79.074988169768289, 20.050136189333728 ], [ 79.074829666056303, 20.050382178195036 ], [ 79.074738594410633, 20.050468028376883 ], [ 79.074683784329238, 20.05051969532775 ], [ 79.074508022627185, 20.050589928782241 ], [ 79.074244459214469, 20.050837472571345 ], [ 79.074226542920655, 20.050851822153902 ], [ 79.073951809028813, 20.051071872768773 ], [ 79.073688345440885, 20.051332927072963 ], [ 79.073473136775874, 20.051620477203297 ], [ 79.07313583165336, 20.05195992900758 ], [ 79.072913528236768, 20.052183648856385 ], [ 79.07282792177125, 20.052293228549729 ], [ 79.072449902541067, 20.052777106078622 ], [ 79.07193804890187, 20.053339654501485 ], [ 79.071761752103214, 20.053667152517107 ], [ 79.071584831175073, 20.053958615597708 ], [ 79.071385292297464, 20.054327053450834 ], [ 79.071318943914207, 20.054472843447005 ], [ 79.071265370400567, 20.054590563803515 ], [ 79.071119706309446, 20.05504408291813 ], [ 79.071098368994569, 20.055116293981829 ], [ 79.071001853752591, 20.0554429043666 ], [ 79.0709414930555, 20.055840981176406 ], [ 79.070951602334617, 20.055929557203342 ], [ 79.071014001794822, 20.056476293746016 ], [ 79.071257911423515, 20.057068464038423 ], [ 79.071506858155033, 20.0573851953705 ], [ 79.071684040785911, 20.057698629787978 ], [ 79.072059945710009, 20.058180589062999 ], [ 79.072230949998428, 20.058403815183965 ], [ 79.072628354115295, 20.05902534384461 ], [ 79.072758437451967, 20.05938444223824 ], [ 79.07291636020193, 20.059684610756221 ], [ 79.073034213658104, 20.060165789419671 ], [ 79.073135598728982, 20.060525350964213 ], [ 79.07319477142164, 20.060926198585264 ], [ 79.073249707408138, 20.061656536220198 ], [ 79.07336487009276, 20.062273181562148 ], [ 79.073433611572014, 20.062962704365361 ], [ 79.073505346894308, 20.063263991639932 ], [ 79.073448374842656, 20.063580841682551 ], [ 79.073333907334018, 20.063884831419895 ], [ 79.07308376540351, 20.064380448698788 ], [ 79.072877078714271, 20.064600037062124 ], [ 79.072296998907404, 20.065384789976122 ], [ 79.071885497018116, 20.065945857215581 ], [ 79.07170691863945, 20.066137951505308 ], [ 79.07134446397589, 20.066486260732404 ], [ 79.070759898350673, 20.066991187793121 ], [ 79.070538512242592, 20.067197536337293 ], [ 79.06972170119559, 20.067818663900258 ], [ 79.069315121295858, 20.068104373118388 ], [ 79.068844228178648, 20.068544467153458 ], [ 79.068537423563328, 20.068792652159232 ], [ 79.068191625243344, 20.068982687001437 ], [ 79.067912042207013, 20.069135725533329 ], [ 79.067546585606522, 20.069298979464403 ], [ 79.067067014031522, 20.06950453480647 ], [ 79.06643929893454, 20.069707688059395 ], [ 79.065985867054181, 20.069750343803378 ], [ 79.065316770552556, 20.069764620540866 ], [ 79.064953225910699, 20.069751767430148 ], [ 79.064472290963522, 20.069582744348224 ], [ 79.064221995248943, 20.069424445681648 ], [ 79.064032787782992, 20.069304782789573 ], [ 79.063916706890552, 20.069225280022692 ], [ 79.063594530163471, 20.069112587775745 ], [ 79.063334390469777, 20.068989895966979 ], [ 79.063116795004134, 20.068835118146239 ], [ 79.06288378515859, 20.068617370695168 ], [ 79.062737109330214, 20.068420849942299 ], [ 79.06247902368807, 20.068131249357748 ], [ 79.062258976670478, 20.067827550101413 ], [ 79.061836677520716, 20.067138639736473 ], [ 79.061576536028383, 20.066727235873259 ], [ 79.061313983453658, 20.066451117924831 ], [ 79.061138479856993, 20.066246140846772 ], [ 79.060819411186912, 20.066024999354283 ], [ 79.060251807674831, 20.065816628234867 ], [ 79.0598443266544, 20.065745761657634 ], [ 79.059638103116015, 20.065703648204874 ], [ 79.059083040649853, 20.065675508418053 ], [ 79.057840521123182, 20.065702506065861 ], [ 79.057840470761164, 20.065702512361099 ], [ 79.056593229793805, 20.065729608035042 ], [ 79.055647110625728, 20.065756793641185 ], [ 79.055294515229775, 20.065834064290701 ], [ 79.054838657877838, 20.065928538071603 ], [ 79.054756165764502, 20.065945634183723 ], [ 79.053911228420532, 20.066025566826511 ], [ 79.053501196922753, 20.066094655444029 ], [ 79.052846843007444, 20.066131120255022 ], [ 79.052158401189331, 20.066132071737794 ], [ 79.051476971385171, 20.06626827226302 ], [ 79.05109661481697, 20.066391131345711 ], [ 79.050496288572901, 20.066517089492152 ], [ 79.050176341265171, 20.066544277796254 ], [ 79.049857013590383, 20.066607501934698 ], [ 79.049245524961066, 20.066634390764591 ], [ 79.048647947045197, 20.066633974378473 ], [ 79.048124281710272, 20.066772362954225 ], [ 79.047668523283789, 20.066964035461922 ], [ 79.047436429847437, 20.067098219707134 ], [ 79.047055937481559, 20.067225570903421 ], [ 79.046516025893936, 20.067540238291425 ], [ 79.04609324290891, 20.067704359168886 ], [ 79.04588955455938, 20.067824567949515 ], [ 79.045263633609864, 20.068140426039861 ], [ 79.044720889157759, 20.068279140170205 ], [ 79.044456264545033, 20.068472489014201 ], [ 79.044020537617769, 20.068731471280447 ], [ 79.043625736138907, 20.069143389555851 ], [ 79.043407677522339, 20.069557177521805 ], [ 79.043321185224556, 20.069829338453246 ], [ 79.043285186262381, 20.070560950427588 ], [ 79.043343853536044, 20.071237101211299 ], [ 79.043426876249384, 20.071935378015322 ], [ 79.043576091763271, 20.072587752522793 ], [ 79.0437785597328, 20.073288911654 ], [ 79.043993288159754, 20.073854478201664 ], [ 79.044290134582127, 20.074473057985301 ], [ 79.044407148970834, 20.074611225327832 ], [ 79.044800289401906, 20.075273623678868 ], [ 79.045078102572461, 20.075603550763333 ], [ 79.045468846310257, 20.076112521175958 ], [ 79.045474447637872, 20.076118252201073 ] ] ] } },
{ "type": "Feature", "properties": { "REGION": 1.0, "STATE.NAME": "Maharashtra", "DISTRICT.NAME": "Yavatmal", "DISTRICT.AREA": 13583.851744, "GRID_G0": "191310", "woodland": 0.42215190811738068, "maskWdl": 1.0, "cropland": 0.19522329304597846, "maskCrp": 0.0, "one": 0.37752000371851008, "maskOne": 1.0, "GRID.AREA": 23.527886460152097, "REGION.AREA": 32202.066020262951 }, "geometry": { "type": "Polygon", "coordinates": [ [ [ 77.591533190519684, 19.986114498245975 ], [ 77.636534486368078, 19.986114530397153 ], [ 77.636534486368078, 20.031115775412992 ], [ 77.591533190519684, 20.031115745664522 ], [ 77.591533190519684, 19.986114498245975 ] ] ] } },
{ "type": "Feature", "properties": { "REGION": 1.0, "STATE.NAME": "Maharashtra", "DISTRICT.NAME": "Yavatmal", "DISTRICT.AREA": 13583.851744, "GRID_G0": "191311", "woodland": 0.40767551305315375, "maskWdl": 1.0, "cropland": 0.24430644301967219, "maskCrp": 0.0, "one": 0.34468333824647163, "maskOne": 1.0, "GRID.AREA": 23.525492671192183, "REGION.AREA": 32202.066020262951 }, "geometry": { "type": "Polygon", "coordinates": [ [ [ 77.636534486368078, 19.986114530397153 ], [ 77.681531217347981, 19.98611453435349 ], [ 77.681531217347981, 20.031115754413264 ], [ 77.636534486368078, 20.031115775412992 ], [ 77.636534486368078, 19.986114530397153 ] ] ] } },
{ "type": "Feature", "properties": { "REGION": 1.0, "STATE.NAME": "Maharashtra", "DISTRICT.NAME": "Yavatmal", "DISTRICT.AREA": 13583.851744, "GRID_G0": "191333", "woodland": 0.47934275617986782, "maskWdl": 1.0, "cropland": 0.29897844324443917, "maskCrp": 0.0, "one": 0.21609904065256261, "maskOne": 0.0, "GRID.AREA": 23.525578646572832, "REGION.AREA": 32202.066020262951 }, "geometry": { "type": "Polygon", "coordinates": [ [ [ 78.626535152789216, 19.986114502568238 ], [ 78.671531984763533, 19.986114519378063 ], [ 78.671531984763533, 20.031115830904451 ], [ 78.626535152789216, 20.031115783033659 ], [ 78.626535152789216, 19.986114502568238 ] ] ] } },
{ "type": "Feature", "properties": { "REGION": 1.0, "STATE.NAME": "Maharashtra", "DISTRICT.NAME": "Yavatmal", "DISTRICT.AREA": 13583.851744, "GRID_G0": "191334", "woodland": 0.73380754331761577, "maskWdl": 1.0, "cropland": 0.10016981987617732, "maskCrp": 0.0, "one": 0.16602263680620694, "maskOne": 0.0, "GRID.AREA": 23.527882758553879, "REGION.AREA": 32202.066020262951 }, "geometry": { "type": "Polygon", "coordinates": [ [ [ 78.671531984763533, 19.986114519378063 ], [ 78.716533203310703, 19.986114496571698 ], [ 78.716533203310703, 20.03111581793879 ], [ 78.671531984763533, 20.031115830904451 ], [ 78.671531984763533, 19.986114519378063 ] ] ] } },
{ "type": "Feature", "properties": { "REGION": 1.0, "STATE.NAME": "Maharashtra", "DISTRICT.NAME": "Yavatmal", "DISTRICT.AREA": 13583.851744, "GRID_G0": "190655", "woodland": 0.40584309770270605, "maskWdl": 1.0, "cropland": 0.24096913999007583, "maskCrp": 0.0, "one": 0.35047997438549461, "maskOne": 1.0, "GRID.AREA": 23.532237644464285, "REGION.AREA": 32202.066020262951 }, "geometry": { "type": "Polygon", "coordinates": [ [ [ 77.366531414075837, 19.941117760066145 ], [ 77.411532665061301, 19.941117777827497 ], [ 77.411532665061301, 19.986114502300293 ], [ 77.366531414075837, 19.986114553195449 ], [ 77.366531414075837, 19.941117760066145 ] ] ] } },
{ "type": "Feature", "properties": { "REGION": 1.0, "STATE.NAME": "Maharashtra", "DISTRICT.NAME": "Yavatmal", "DISTRICT.AREA": 13583.851744, "GRID_G0": "190672", "woodland": 0.40043139962508423, "maskWdl": 1.0, "cropland": 0.43048846667967849, "maskCrp": 0.0, "one": 0.15945294001561228, "maskOne": 0.0, "GRID.AREA": 23.529955760061071, "REGION.AREA": 32202.066020262951 }, "geometry": { "type": "Polygon", "coordinates": [ [ [ 78.131534777466058, 19.941117723382625 ], [ 78.176531634831946, 19.941117771980881 ], [ 78.176531634831946, 19.986114518159347 ], [ 78.131534777466058, 19.986114554639975 ], [ 78.131534777466058, 19.941117723382625 ] ] ] } },
{ "type": "Feature", "properties": { "REGION": 1.0, "STATE.NAME": "Maharashtra", "DISTRICT.NAME": "Yavatmal", "DISTRICT.AREA": 13583.851744, "GRID_G0": "190673", "woodland": 0.45231287346818871, "maskWdl": 1.0, "cropland": 0.38783942784986142, "maskCrp": 0.0, "one": 0.14885092140569328, "maskOne": 0.0, "GRID.AREA": 23.5322406676169, "REGION.AREA": 32202.066020262951 }, "geometry": { "type": "Polygon", "coordinates": [ [ [ 78.176531634831946, 19.941117771980881 ], [ 78.221532867981381, 19.941117726245043 ], [ 78.221532867981381, 19.986114544893965 ], [ 78.176531634831946, 19.986114518159347 ], [ 78.176531634831946, 19.941117771980881 ] ] ] } },
{ "type": "Feature", "properties": { "REGION": 1.0, "STATE.NAME": "Maharashtra", "DISTRICT.NAME": "Yavatmal", "DISTRICT.AREA": 13583.851744, "GRID_G0": "190684", "woodland": 0.56705461807600877, "maskWdl": 1.0, "cropland": 0.27575481876409497, "maskCrp": 0.0, "one": 0.15166269729490167, "maskOne": 0.0, "GRID.AREA": 23.532216691841899, "REGION.AREA": 32202.066020262951 }, "geometry": { "type": "Polygon", "coordinates": [ [ [ 78.671531984763533, 19.941117729354985 ], [ 78.716533203310703, 19.941117784260044 ], [ 78.716533203310703, 19.986114496571698 ], [ 78.671531984763533, 19.986114519378063 ], [ 78.671531984763533, 19.941117729354985 ] ] ] } },
{ "type": "Feature", "properties": { "REGION": 1.0, "STATE.NAME": "Maharashtra", "DISTRICT.NAME": "Yavatmal", "DISTRICT.AREA": 13583.851744, "GRID_G0": "190685", "woodland": 0.46090275516601098, "maskWdl": 1.0, "cropland": 0.35594293026976165, "maskCrp": 0.0, "one": 0.18075110167184705, "maskOne": 0.0, "GRID.AREA": 23.532235345247443, "REGION.AREA": 32202.066020262951 }, "geometry": { "type": "Polygon", "coordinates": [ [ [ 78.716533203310703, 19.941117784260044 ], [ 78.761534456541753, 19.941117726967423 ], [ 78.761534456541753, 19.986114518964854 ], [ 78.716533203310703, 19.986114496571698 ], [ 78.716533203310703, 19.941117784260044 ] ] ] } },
{ "type": "Feature", "properties": { "REGION": 1.0, "STATE.NAME": "Maharashtra", "DISTRICT.NAME": "Yavatmal", "DISTRICT.AREA": 13583.851744, "GRID_G0": "190006", "woodland": 0.42688201723932201, "maskWdl": 1.0, "cropland": 0.21597814886963349, "maskCrp": 0.0, "one": 0.34838570366504773, "maskOne": 1.0, "GRID.AREA": 23.54127893495366, "REGION.AREA": 32202.066020262951 }, "geometry": { "type": "Polygon", "coordinates": [ [ [ 77.411532665061301, 19.896116526194191 ], [ 77.456533885822068, 19.896116452930599 ], [ 77.456533885822068, 19.941117706531525 ], [ 77.411532665061301, 19.941117777827497 ], [ 77.411532665061301, 19.896116526194191 ] ] ] } },
{ "type": "Feature", "properties": { "REGION": 1.0, "STATE.NAME": "Maharashtra", "DISTRICT.NAME": "Yavatmal", "DISTRICT.AREA": 13583.851744, "GRID_G0": "190028", "woodland": 0.6156643326543455, "maskWdl": 1.0, "cropland": 0.092211753330939394, "maskCrp": 0.0, "one": 0.29194855421825994, "maskOne": 0.0, "GRID.AREA": 23.541286562441925, "REGION.AREA": 32202.066020262951 }, "geometry": { "type": "Polygon", "coordinates": [ [ [ 78.401533409796329, 19.896116508317082 ], [ 78.446534648681762, 19.896116462540821 ], [ 78.446534648681762, 19.9411177396195 ], [ 78.401533409796329, 19.941117729381155 ], [ 78.401533409796329, 19.896116508317082 ] ] ] } },
{ "type": "Feature", "properties": { "REGION": 1.0, "STATE.NAME": "Maharashtra", "DISTRICT.NAME": "Yavatmal", "DISTRICT.AREA": 13583.851744, "GRID_G0": "190029", "woodland": 0.5943708259552104, "maskWdl": 1.0, "cropland": 0.09128865369232958, "maskCrp": 0.0, "one": 0.31434052035246007, "maskOne": 0.0, "GRID.AREA": 23.541282362540304, "REGION.AREA": 32202.066020262951 }, "geometry": { "type": "Polygon", "coordinates": [ [ [ 78.446534648681762, 19.896116462540821 ], [ 78.491535879173696, 19.896116544730734 ], [ 78.491535879173696, 19.941117766535307 ], [ 78.446534648681762, 19.9411177396195 ], [ 78.446534648681762, 19.896116462540821 ] ] ] } },
{ "type": "Feature", "properties": { "REGION": 1.0, "STATE.NAME": "Maharashtra", "DISTRICT.NAME": "Yavatmal", "DISTRICT.AREA": 13583.851744, "GRID_G0": "190032", "woodland": 0.44185130775871212, "maskWdl": 1.0, "cropland": 0.41343078121176424, "maskCrp": 0.0, "one": 0.14150560638826162, "maskOne": 0.0, "GRID.AREA": 23.541296542013161, "REGION.AREA": 32202.066020262951 }, "geometry": { "type": "Polygon", "coordinates": [ [ [ 78.58153389932626, 19.896116481646217 ], [ 78.626535152789216, 19.896116462842869 ], [ 78.626535152789216, 19.941117745617973 ], [ 78.58153389932626, 19.941117706006271 ], [ 78.58153389932626, 19.896116481646217 ] ] ] } },
{ "type": "Feature", "properties": { "REGION": 1.0, "STATE.NAME": "Maharashtra", "DISTRICT.NAME": "Yavatmal", "DISTRICT.AREA": 13583.851744, "GRID_G0": "190035", "woodland": 0.49012691967705346, "maskWdl": 1.0, "cropland": 0.21414576911825778, "maskCrp": 0.0, "one": 0.29492225641712355, "maskOne": 0.0, "GRID.AREA": 23.541289777463277, "REGION.AREA": 32202.066020262951 }, "geometry": { "type": "Polygon", "coordinates": [ [ [ 78.716533203310703, 19.896116539965544 ], [ 78.761534456541753, 19.896116489504458 ], [ 78.761534456541753, 19.941117726967423 ], [ 78.716533203310703, 19.941117784260044 ], [ 78.716533203310703, 19.896116539965544 ] ] ] } },
{ "type": "Feature", "properties": { "REGION": 1.0, "STATE.NAME": "Maharashtra", "DISTRICT.NAME": "Yavatmal", "DISTRICT.AREA": 13583.851744, "GRID_G0": "189357", "woodland": 0.40294956322783365, "maskWdl": 1.0, "cropland": 0.30922526647456167, "maskCrp": 0.0, "one": 0.28543446214294615, "maskOne": 0.0, "GRID.AREA": 23.545645609917987, "REGION.AREA": 32202.066020262951 }, "geometry": { "type": "Polygon", "coordinates": [ [ [ 77.456533885822068, 19.851115215836629 ], [ 77.501530685759349, 19.851115236985866 ], [ 77.501530685759349, 19.896116456301016 ], [ 77.456533885822068, 19.896116452930599 ], [ 77.456533885822068, 19.851115215836629 ] ] ] } },
{ "type": "Feature", "properties": { "REGION": 1.0, "STATE.NAME": "Maharashtra", "DISTRICT.NAME": "Yavatmal", "DISTRICT.AREA": 13583.851744, "GRID_G0": "189378", "woodland": 0.47952110047438917, "maskWdl": 1.0, "cropland": 0.1850595715755409, "maskCrp": 0.0, "one": 0.33528784095971165, "maskOne": 0.0, "GRID.AREA": 23.547978100671944, "REGION.AREA": 32202.066020262951 }, "geometry": { "type": "Polygon", "coordinates": [ [ [ 78.401533409796329, 19.851115246135148 ], [ 78.446534648681762, 19.851115231206418 ], [ 78.446534648681762, 19.896116462540821 ], [ 78.401533409796329, 19.896116508317082 ], [ 78.401533409796329, 19.851115246135148 ] ] ] } },
{ "type": "Feature", "properties": { "REGION": 1.0, "STATE.NAME": "Maharashtra", "DISTRICT.NAME": "Yavatmal", "DISTRICT.AREA": 13583.851744, "GRID_G0": "189379", "woodland": 0.49027565105583026, "maskWdl": 1.0, "cropland": 0.20916504597504673, "maskCrp": 0.0, "one": 0.30011304000309197, "maskOne": 0.0, "GRID.AREA": 23.547975272778014, "REGION.AREA": 32202.066020262951 }, "geometry": { "type": "Polygon", "coordinates": [ [ [ 78.446534648681762, 19.851115231206418 ], [ 78.491535879173696, 19.85111527656078 ], [ 78.491535879173696, 19.896116544730734 ], [ 78.446534648681762, 19.896116462540821 ], [ 78.446534648681762, 19.851115231206418 ] ] ] } },
{ "type": "Feature", "properties": { "REGION": 1.0, "STATE.NAME": "Maharashtra", "DISTRICT.NAME": "Yavatmal", "DISTRICT.AREA": 13583.851744, "GRID_G0": "189380", "woodland": 0.4688867928513164, "maskWdl": 1.0, "cropland": 0.14147496490332523, "maskCrp": 0.0, "one": 0.38959042389769738, "maskOne": 1.0, "GRID.AREA": 23.545637035373737, "REGION.AREA": 32202.066020262951 }, "geometry": { "type": "Polygon", "coordinates": [ [ [ 78.491535879173696, 19.85111527656078 ], [ 78.536532660272343, 19.851115281558481 ], [ 78.536532660272343, 19.896116474733329 ], [ 78.491535879173696, 19.896116544730734 ], [ 78.491535879173696, 19.85111527656078 ] ] ] } },
{ "type": "Feature", "properties": { "REGION": 1.0, "STATE.NAME": "Maharashtra", "DISTRICT.NAME": "Yavatmal", "DISTRICT.AREA": 13583.851744, "GRID_G0": "186761", "woodland": 0.51378730066474532, "maskWdl": 1.0, "cropland": 0.27058152166220606, "maskCrp": 0.0, "one": 0.2106103150459441, "maskOne": 0.0, "GRID.AREA": 23.572239145295789, "REGION.AREA": 32202.066020262951 }, "geometry": { "type": "Polygon", "coordinates": [ [ [ 77.636534486368078, 19.671114710215527 ], [ 77.681531217347981, 19.671114722044617 ], [ 77.681531217347981, 19.716115961534079 ], [ 77.636534486368078, 19.716115954892249 ], [ 77.636534486368078, 19.671114710215527 ] ] ] } },
{ "type": "Feature", "properties": { "REGION": 1.0, "STATE.NAME": "Maharashtra", "DISTRICT.NAME": "Yavatmal", "DISTRICT.AREA": 13583.851744, "GRID_G0": "186770", "woodland": 0.41551976709631944, "maskWdl": 1.0, "cropland": 0.47729090339870467, "maskCrp": 0.0, "one": 0.080267226645279882, "maskOne": 0.0, "GRID.AREA": 2.6636611866975808, "REGION.AREA": 32202.066020262951 }, "geometry": { "type": "Polygon", "coordinates": [ [ [ 78.041532344959762, 19.691510524421606 ], [ 78.041532344959762, 19.67111469995837 ], [ 78.055615962938973, 19.671115899944908 ], [ 78.055766884334275, 19.672526285559684 ], [ 78.055761898492904, 19.672928391332221 ], [ 78.055642272472937, 19.673935607742184 ], [ 78.055613346678697, 19.674576932279653 ], [ 78.055317187338403, 19.675755688074617 ], [ 78.05517380842457, 19.676315769657094 ], [ 78.054810930180338, 19.677440263957063 ], [ 78.05443823583596, 19.678858473239988 ], [ 78.054003746375827, 19.68015008675712 ], [ 78.053564352912588, 19.681477930362234 ], [ 78.053387728760754, 19.681888818913936 ], [ 78.05293897155633, 19.683013386058974 ], [ 78.05266208648618, 19.683600479678429 ], [ 78.052098803317165, 19.684774633642466 ], [ 78.051774264970391, 19.685302939479126 ], [ 78.051263425766535, 19.686332511236458 ], [ 78.050938873929965, 19.687000847810911 ], [ 78.050537885115375, 19.68774150696504 ], [ 78.050146561314818, 19.688378185604847 ], [ 78.049779074944411, 19.688856951387262 ], [ 78.049526272819264, 19.689069012425023 ], [ 78.049311580365213, 19.689208982908269 ], [ 78.048753391855598, 19.68950689682589 ], [ 78.047737450223224, 19.689994233147392 ], [ 78.046878791922779, 19.690260445962849 ], [ 78.045839003867002, 19.69055358088309 ], [ 78.044579808211608, 19.690837573295425 ], [ 78.043726074598737, 19.691044931778205 ], [ 78.042772169100374, 19.691216143810038 ], [ 78.041851588879808, 19.691423531970486 ], [ 78.041532344959762, 19.691510524421606 ] ] ] } },
{ "type": "Feature", "properties": { "REGION": 1.0, "STATE.NAME": "Maharashtra", "DISTRICT.NAME": "Yavatmal", "DISTRICT.AREA": 13583.851744, "GRID_G0": "186114", "woodland": 0.5772956325266867, "maskWdl": 1.0, "cropland": 0.16208524116449027, "maskCrp": 0.0, "one": 0.25651279004509819, "maskOne": 0.0, "GRID.AREA": 23.578885058924293, "REGION.AREA": 32202.066020262951 }, "geometry": { "type": "Polygon", "coordinates": [ [ [ 77.771533724775892, 19.626117964209371 ], [ 77.816535009901216, 19.626117964240127 ], [ 77.816535009901216, 19.671114713841053 ], [ 77.771533724775892, 19.671114692895415 ], [ 77.771533724775892, 19.626117964209371 ] ] ] } },
{ "type": "Feature", "properties": { "REGION": 1.0, "STATE.NAME": "Maharashtra", "DISTRICT.NAME": "Yavatmal", "DISTRICT.AREA": 13583.851744, "GRID_G0": "186117", "woodland": 0.45320459496866933, "maskWdl": 1.0, "cropland": 0.19304497499830217, "maskCrp": 0.0, "one": 0.31735026640526182, "maskOne": 0.0, "GRID.AREA": 23.578882855997847, "REGION.AREA": 32202.066020262951 }, "geometry": { "type": "Polygon", "coordinates": [ [ [ 77.906533022918595, 19.62611791960941 ], [ 77.951534251315636, 19.6261179300473 ], [ 77.951534251315636, 19.671114699175053 ], [ 77.906533022918595, 19.671114733798611 ], [ 77.906533022918595, 19.62611791960941 ] ] ] } },
{ "type": "Feature", "properties": { "REGION": 1.0, "STATE.NAME": "Maharashtra", "DISTRICT.NAME": "Yavatmal", "DISTRICT.AREA": 13583.851744, "GRID_G0": "186118", "woodland": 0.46387921462453302, "maskWdl": 1.0, "cropland": 0.41309970237765165, "maskCrp": 0.0, "one": 0.11213178727893941, "maskOne": 0.0, "GRID.AREA": 23.576565632953169, "REGION.AREA": 32202.066020262951 }, "geometry": { "type": "Polygon", "coordinates": [ [ [ 77.951534251315636, 19.6261179300473 ], [ 77.996531068852022, 19.626117903074945 ], [ 77.996531068852022, 19.671114693954905 ], [ 77.951534251315636, 19.671114699175053 ], [ 77.951534251315636, 19.6261179300473 ] ] ] } },
{ "type": "Feature", "properties": { "REGION": 1.0, "STATE.NAME": "Maharashtra", "DISTRICT.NAME": "Yavatmal", "DISTRICT.AREA": 13583.851744, "GRID_G0": "186119", "woodland": 0.69853596191446421, "maskWdl": 1.0, "cropland": 0.25850449688927057, "maskCrp": 0.0, "one": 0.041437111971847781, "maskOne": 0.0, "GRID.AREA": 23.578907541222772, "REGION.AREA": 32202.066020262951 }, "geometry": { "type": "Polygon", "coordinates": [ [ [ 77.996531068852022, 19.626117903074945 ], [ 78.041532344959762, 19.626117908728009 ], [ 78.041532344959762, 19.67111469995837 ], [ 77.996531068852022, 19.671114693954905 ], [ 77.996531068852022, 19.626117903074945 ] ] ] } },
{ "type": "Feature", "properties": { "REGION": 1.0, "STATE.NAME": "Maharashtra", "DISTRICT.NAME": "Yavatmal", "DISTRICT.AREA": 13583.851744, "GRID_G0": "186120", "woodland": 0.59708903105718247, "maskWdl": 1.0, "cropland": 0.33112760939249181, "maskCrp": 0.0, "one": 0.040027367327863085, "maskOne": 0.0, "GRID.AREA": 17.041694762919196, "REGION.AREA": 32202.066020262951 }, "geometry": { "type": "Polygon", "coordinates": [ [ [ 78.055615962938973, 19.671115899944908 ], [ 78.041532344959762, 19.67111469995837 ], [ 78.041532344959762, 19.626117908728009 ], [ 78.086533529357553, 19.626117916043722 ], [ 78.086533529357553, 19.637462654855579 ], [ 78.086507407091233, 19.637473001877595 ], [ 78.086228576787448, 19.637583614891984 ], [ 78.085389370822838, 19.637922217736218 ], [ 78.084903081312234, 19.638062128864192 ], [ 78.084368982042918, 19.638269780525999 ], [ 78.083515450777512, 19.638504548546109 ], [ 78.082638089276429, 19.638825003970794 ], [ 78.081965887415834, 19.639154533554915 ], [ 78.081481847109615, 19.639407381545482 ], [ 78.080997804105436, 19.639660229535991 ], [ 78.080120416524039, 19.640183906562072 ], [ 78.079810531730701, 19.64046389968928 ], [ 78.079433690612404, 19.640874872777207 ], [ 78.078956617354038, 19.641579482607082 ], [ 78.078694260831526, 19.64206718315404 ], [ 78.078369878067463, 19.64284855551648 ], [ 78.078255287351681, 19.643209904013933 ], [ 78.07806921402306, 19.643693079172291 ], [ 78.077902146067231, 19.644189915032598 ], [ 78.077821009232267, 19.644551237449718 ], [ 78.077763617197206, 19.645088724465097 ], [ 78.07768245068462, 19.645404935989063 ], [ 78.077209990049084, 19.646642411218352 ], [ 78.076976325497071, 19.647116611142732 ], [ 78.076653419419813, 19.647827624145577 ], [ 78.076465719217651, 19.648241133321676 ], [ 78.076284459060616, 19.648625050305899 ], [ 78.075969386977704, 19.649740711464688 ], [ 78.075830912066976, 19.65023745919143 ], [ 78.07557314208691, 19.651118191351483 ], [ 78.075057780192481, 19.652315054995828 ], [ 78.074833612481314, 19.652694371947742 ], [ 78.074318273969197, 19.653868633830427 ], [ 78.074065353133619, 19.654297745344707 ], [ 78.073674117466624, 19.655151206463078 ], [ 78.073354474129758, 19.655788021799822 ], [ 78.073034740860635, 19.65635711908584 ], [ 78.072676992349386, 19.656871972863318 ], [ 78.072037693984441, 19.657608005904823 ], [ 78.071422459678843, 19.658208549784774 ], [ 78.070959744996287, 19.658596897728671 ], [ 78.070082258489492, 19.659116025084529 ], [ 78.069276216824008, 19.659590135976032 ], [ 78.068446454640252, 19.659987305369892 ], [ 78.067526049787432, 19.660488403117373 ], [ 78.066681843592278, 19.660971375928284 ], [ 78.065799600571154, 19.66131446549025 ], [ 78.064898273036931, 19.661521958871329 ], [ 78.064039978062567, 19.661711357892901 ], [ 78.063324707669153, 19.66172914288569 ], [ 78.062704867935338, 19.661787676160372 ], [ 78.062142149540648, 19.661706191287749 ], [ 78.060764225388766, 19.66166506169327 ], [ 78.059662720458221, 19.661637636867514 ], [ 78.058752039075387, 19.661560506512213 ], [ 78.057965205130188, 19.661650561024601 ], [ 78.057278532278474, 19.66173603888711 ], [ 78.056529776528009, 19.661975246860209 ], [ 78.056067249803789, 19.662160219418638 ], [ 78.055370809415365, 19.662616211668876 ], [ 78.054950988797145, 19.663045134325557 ], [ 78.054712515570202, 19.66332950805042 ], [ 78.054330627456523, 19.664070221163854 ], [ 78.054144490276087, 19.664603088361901 ], [ 78.054025141247337, 19.66490574620326 ], [ 78.05394860084732, 19.665452175177791 ], [ 78.053938678627162, 19.666292306544733 ], [ 78.053971858214766, 19.66663104968325 ], [ 78.054114723615669, 19.667137078413479 ], [ 78.054629035101925, 19.668311632575808 ], [ 78.055176890401242, 19.669581083200452 ], [ 78.055605441637866, 19.671017575700603 ], [ 78.055615962938973, 19.671115899944908 ] ] ] } },
{ "type": "Feature", "properties": { "REGION": 1.0, "STATE.NAME": "Maharashtra", "DISTRICT.NAME": "Yavatmal", "DISTRICT.AREA": 13583.851744, "GRID_G0": "186121", "woodland": 0.57324750774970767, "maskWdl": 1.0, "cropland": 0.334130810118618, "maskCrp": 0.0, "one": 0.054530669345456417, "maskOne": 0.0, "GRID.AREA": 12.837537480029667, "REGION.AREA": 32202.066020262951 }, "geometry": { "type": "Polygon", "coordinates": [ [ [ 78.086533529357553, 19.637462654855579 ], [ 78.086533529357553, 19.626117916043722 ], [ 78.131534777466058, 19.626117943644214 ], [ 78.131534777466058, 19.664386822318207 ], [ 78.13122459593842, 19.66438683198675 ], [ 78.130733393431399, 19.664264883917326 ], [ 78.130299509215035, 19.664129412742227 ], [ 78.129875158711684, 19.663867357492624 ], [ 78.129569993560438, 19.663551212518485 ], [ 78.129231409601914, 19.662941455084141 ], [ 78.128983517775168, 19.662123900297786 ], [ 78.128778528106636, 19.661401159236163 ], [ 78.128630641790721, 19.660714692329236 ], [ 78.128511497807452, 19.660122859282577 ], [ 78.128349488538106, 19.659440809845535 ], [ 78.128301768711708, 19.658880748048151 ], [ 78.128316099408494, 19.658031677420013 ], [ 78.128306552205686, 19.657439938802156 ], [ 78.128273202646255, 19.656595230785342 ], [ 78.128106412580905, 19.655569859761268 ], [ 78.12798722812812, 19.655271768677206 ], [ 78.12774880436389, 19.65481101811406 ], [ 78.127376886134471, 19.654305217811611 ], [ 78.12685244558395, 19.653907749842858 ], [ 78.12641377427633, 19.653514761397162 ], [ 78.125855939200278, 19.652968115686065 ], [ 78.12553167514676, 19.652543582620297 ], [ 78.124897636017124, 19.651947277245082 ], [ 78.124368456039463, 19.651667347969802 ], [ 78.123214523331626, 19.651387244225987 ], [ 78.122489908982175, 19.65126066734598 ], [ 78.121865227298485, 19.651048432739 ], [ 78.12100227743322, 19.650745712844412 ], [ 78.120482539437717, 19.650691545778272 ], [ 78.120020095451082, 19.650673475700387 ], [ 78.119533733095352, 19.650818003947791 ], [ 78.118932946398388, 19.651030268232319 ], [ 78.118546750532175, 19.651251495160405 ], [ 78.11818913781849, 19.651522605683741 ], [ 78.117850545766146, 19.651847798736977 ], [ 78.117421395581005, 19.652281271063885 ], [ 78.116744357166397, 19.652755612181803 ], [ 78.116524971150582, 19.652859412831674 ], [ 78.115814528317912, 19.653144054554506 ], [ 78.11486084675073, 19.653414949240585 ], [ 78.113878587426939, 19.653717541431437 ], [ 78.113506742941865, 19.653834836408635 ], [ 78.112901103503191, 19.654169125204987 ], [ 78.112190537463391, 19.654571079891468 ], [ 78.111732840098568, 19.654778793606511 ], [ 78.110988927197297, 19.65532980912343 ], [ 78.110650362124545, 19.655596366379253 ], [ 78.110006583337224, 19.656061455271981 ], [ 78.109430341836855, 19.656428987507809 ], [ 78.109086312483385, 19.656648532703684 ], [ 78.108552274368037, 19.656869782114825 ], [ 78.10810401808601, 19.656978283521028 ], [ 78.107617680911289, 19.657091076492009 ], [ 78.107088375927844, 19.657190365243196 ], [ 78.106706959058954, 19.657167773374113 ], [ 78.106020319482241, 19.657104444914239 ], [ 78.10526229262075, 19.656973406497571 ], [ 78.104795002187643, 19.656878507337296 ], [ 78.104280019807106, 19.656706737725813 ], [ 78.103436145461785, 19.656413069507611 ], [ 78.103021386228022, 19.65624588284129 ], [ 78.102554178532557, 19.655961243816421 ], [ 78.102311043220141, 19.655681119388191 ], [ 78.102125066118958, 19.655432687068924 ], [ 78.101948781910835, 19.655130079589526 ], [ 78.101824914688109, 19.654578960650554 ], [ 78.101591386833093, 19.653991710549061 ], [ 78.101310059111995, 19.653540016158843 ], [ 78.101086162096749, 19.653237350223609 ], [ 78.100771418266405, 19.652857906467261 ], [ 78.100442555979228, 19.652550772700067 ], [ 78.100027734692276, 19.652239049692412 ], [ 78.099503410154284, 19.651751076650896 ], [ 78.09908871297381, 19.651294826295274 ], [ 78.098716951226379, 19.650874680122456 ], [ 78.098321285498969, 19.650206152891712 ], [ 78.098068653345706, 19.649749859368569 ], [ 78.097639686622301, 19.648914142773489 ], [ 78.097344131626414, 19.648516653221009 ], [ 78.096900899856678, 19.647906777076177 ], [ 78.096681726980194, 19.647355723787655 ], [ 78.096538785136886, 19.646858845659267 ], [ 78.096505515617082, 19.646118056103436 ], [ 78.096410396122963, 19.645205576076535 ], [ 78.096291249441663, 19.644672529014031 ], [ 78.096229570338437, 19.643380744625688 ], [ 78.096139249626731, 19.642716771561822 ], [ 78.096167941597287, 19.641799819206369 ], [ 78.096125261571615, 19.640909975115338 ], [ 78.096096847491594, 19.640277578147789 ], [ 78.096044515941742, 19.639649742541621 ], [ 78.095949294824152, 19.639139331415038 ], [ 78.095801493943853, 19.638841127016462 ], [ 78.095458351321895, 19.638416568769685 ], [ 78.094948352984161, 19.637955691402112 ], [ 78.094528839034751, 19.637684689696702 ], [ 78.094056995334142, 19.637350265102729 ], [ 78.093265689959708, 19.636835147823888 ], [ 78.092688832423732, 19.636622855660331 ], [ 78.092264515195268, 19.636491810049055 ], [ 78.091887878223076, 19.636464555195118 ], [ 78.090924825720208, 19.636446304353509 ], [ 78.089899872880892, 19.636504795360054 ], [ 78.088955855428424, 19.636640121744282 ], [ 78.088197666689041, 19.636834245803872 ], [ 78.087320326771703, 19.637154819039726 ], [ 78.086786428051255, 19.637362481493366 ], [ 78.086533529357553, 19.637462654855579 ] ] ] } },
{ "type": "Feature", "properties": { "REGION": 1.0, "STATE.NAME": "Maharashtra", "DISTRICT.NAME": "Yavatmal", "DISTRICT.AREA": 13583.851744, "GRID_G0": "186122", "woodland": 0.51228643443703192, "maskWdl": 1.0, "cropland": 0.40257255023905214, "maskCrp": 0.0, "one": 0.052943143101258847, "maskOne": 0.0, "GRID.AREA": 16.52581956596914, "REGION.AREA": 32202.066020262951 }, "geometry": { "type": "Polygon", "coordinates": [ [ [ 78.131534777466058, 19.664386822318207 ], [ 78.131534777466058, 19.626117943644214 ], [ 78.176531634831946, 19.626117972798859 ], [ 78.176531634831946, 19.651543520488456 ], [ 78.176074560692484, 19.651543567082005 ], [ 78.175712148297066, 19.651507511462512 ], [ 78.175216287301851, 19.651372148206118 ], [ 78.174672760439591, 19.651205142303525 ], [ 78.174052855055265, 19.65095689524458 ], [ 78.173313905512373, 19.650726658908241 ], [ 78.172779820632286, 19.650613972057215 ], [ 78.172284007301144, 19.650645727118675 ], [ 78.171926549270893, 19.650722551704465 ], [ 78.171483156522527, 19.650835528137183 ], [ 78.171054201490279, 19.650934990457472 ], [ 78.170115048470791, 19.651174625608519 ], [ 78.169528678805534, 19.651359890446656 ], [ 78.169171174909877, 19.651531710420159 ], [ 78.168794620675271, 19.65184800468171 ], [ 78.168441981212538, 19.65220933968931 ], [ 78.167884262149016, 19.652751535554959 ], [ 78.167445878624449, 19.653212326587663 ], [ 78.166873827964821, 19.653695815609467 ], [ 78.166444828865792, 19.654016511153145 ], [ 78.165763194915542, 19.654527127325139 ], [ 78.165261316556553, 19.65479174294461 ], [ 78.164957625394152, 19.654951864536997 ], [ 78.164342641100063, 19.655227441992906 ], [ 78.16381358073221, 19.655390239068314 ], [ 78.163231926212461, 19.655498726984717 ], [ 78.1625071517837, 19.655548569211135 ], [ 78.161687206599368, 19.655544216492444 ], [ 78.161119731690349, 19.655453951538675 ], [ 78.160552464524699, 19.655390882982886 ], [ 78.159799129426347, 19.65540902770454 ], [ 78.159203191873871, 19.655476895942058 ], [ 78.158859970111578, 19.655616987833753 ], [ 78.158306991374616, 19.65592417915758 ], [ 78.157830317415289, 19.656254000122033 ], [ 78.157325034222993, 19.656534217180422 ], [ 78.156652888120334, 19.656845898819199 ], [ 78.156295389620595, 19.65695888604381 ], [ 78.155828102784767, 19.657071888556853 ], [ 78.155256007159039, 19.657189376888255 ], [ 78.15465529420652, 19.657293368194416 ], [ 78.153992456986373, 19.657429019233916 ], [ 78.153542196115495, 19.657538989232986 ], [ 78.153363121311045, 19.657582724163433 ], [ 78.152800446983122, 19.65780405271494 ], [ 78.151961282387333, 19.658142948738146 ], [ 78.151270033785067, 19.658508853201056 ], [ 78.150526196426881, 19.65891103721464 ], [ 78.149834918147008, 19.659299447211765 ], [ 78.149257979672086, 19.659611270943458 ], [ 78.14883835330744, 19.659846127996445 ], [ 78.148261403141305, 19.660067538386215 ], [ 78.147593911030242, 19.660243713776428 ], [ 78.146978783743918, 19.66040648297286 ], [ 78.146406654843304, 19.660573645357488 ], [ 78.145681937971119, 19.660840243982136 ], [ 78.145119225871611, 19.661034440886791 ], [ 78.144780744435877, 19.661138451078731 ], [ 78.144475622452092, 19.66115200655992 ], [ 78.143669706691639, 19.661147545922574 ], [ 78.143164294896337, 19.66122438309884 ], [ 78.142820967014089, 19.661341926288912 ], [ 78.141690938286217, 19.66173951566617 ], [ 78.141094905405623, 19.66190213197785 ], [ 78.140556080199019, 19.662114434933301 ], [ 78.13975502167699, 19.662317755460094 ], [ 78.139402232027464, 19.66238996742311 ], [ 78.138729839510518, 19.662498511996777 ], [ 78.138148173299612, 19.662624910811019 ], [ 78.137561581501814, 19.662909557030503 ], [ 78.137165822244981, 19.663162506644426 ], [ 78.136875087615252, 19.663465192364814 ], [ 78.136545947437583, 19.663871681433022 ], [ 78.136288595642213, 19.664047897292676 ], [ 78.135916608165019, 19.66416083955113 ], [ 78.135582846371335, 19.664210587348805 ], [ 78.135339611234144, 19.664174457984871 ], [ 78.134962904114801, 19.664007375639926 ], [ 78.134629147717078, 19.663876299451715 ], [ 78.134328776851646, 19.663813081608453 ], [ 78.133890002121973, 19.663853788521578 ], [ 78.133441884335525, 19.663993791380392 ], [ 78.133017395336594, 19.664219723561416 ], [ 78.132540630545748, 19.664355138978522 ], [ 78.131734867670048, 19.664386815798935 ], [ 78.131534777466058, 19.664386822318207 ] ] ] } },
{ "type": "Feature", "properties": { "REGION": 1.0, "STATE.NAME": "Maharashtra", "DISTRICT.NAME": "Yavatmal", "DISTRICT.AREA": 13583.851744, "GRID_G0": "185467", "woodland": 0.67758530934357686, "maskWdl": 1.0, "cropland": 0.09410473208245948, "maskCrp": 0.0, "one": 0.2271799431433344, "maskOne": 0.0, "GRID.AREA": 23.587827884614857, "REGION.AREA": 32202.066020262951 }, "geometry": { "type": "Polygon", "coordinates": [ [ [ 77.906533022918595, 19.581116686567707 ], [ 77.951534251315636, 19.58111664935873 ], [ 77.951534251315636, 19.6261179300473 ], [ 77.906533022918595, 19.62611791960941 ], [ 77.906533022918595, 19.581116686567707 ] ] ] } },
{ "type": "Feature", "properties": { "REGION": 1.0, "STATE.NAME": "Maharashtra", "DISTRICT.NAME": "Yavatmal", "DISTRICT.AREA": 13583.851744, "GRID_G0": "185468", "woodland": 0.58119131168580229, "maskWdl": 1.0, "cropland": 0.027379322538404686, "maskCrp": 0.0, "one": 0.39142936577579307, "maskOne": 1.0, "GRID.AREA": 23.585511551914728, "REGION.AREA": 32202.066020262951 }, "geometry": { "type": "Polygon", "coordinates": [ [ [ 77.951534251315636, 19.58111664935873 ], [ 77.996531068852022, 19.58111668658708 ], [ 77.996531068852022, 19.626117903074945 ], [ 77.951534251315636, 19.6261179300473 ], [ 77.951534251315636, 19.58111664935873 ] ] ] } },
{ "type": "Feature", "properties": { "REGION": 1.0, "STATE.NAME": "Maharashtra", "DISTRICT.NAME": "Yavatmal", "DISTRICT.AREA": 13583.851744, "GRID_G0": "185469", "woodland": 0.72486308718321812, "maskWdl": 1.0, "cropland": 0.088298112961730513, "maskCrp": 0.0, "one": 0.1863747295365264, "maskOne": 0.0, "GRID.AREA": 23.587832699969521, "REGION.AREA": 32202.066020262951 }, "geometry": { "type": "Polygon", "coordinates": [ [ [ 77.996531068852022, 19.58111668658708 ], [ 78.041532344959762, 19.581116688533196 ], [ 78.041532344959762, 19.626117908728009 ], [ 77.996531068852022, 19.626117903074945 ], [ 77.996531068852022, 19.58111668658708 ] ] ] } },
{ "type": "Feature", "properties": { "REGION": 1.0, "STATE.NAME": "Maharashtra", "DISTRICT.NAME": "Yavatmal", "DISTRICT.AREA": 13583.851744, "GRID_G0": "185470", "woodland": 0.82710615366372697, "maskWdl": 1.0, "cropland": 0.015361846341373232, "maskCrp": 0.0, "one": 0.15753199999489989, "maskOne": 0.0, "GRID.AREA": 23.587780812602482, "REGION.AREA": 32202.066020262951 }, "geometry": { "type": "Polygon", "coordinates": [ [ [ 78.041532344959762, 19.581116688533196 ], [ 78.086533529357553, 19.581116714113513 ], [ 78.086533529357553, 19.626117916043722 ], [ 78.041532344959762, 19.626117908728009 ], [ 78.041532344959762, 19.581116688533196 ] ] ] } },
{ "type": "Feature", "properties": { "REGION": 1.0, "STATE.NAME": "Maharashtra", "DISTRICT.NAME": "Yavatmal", "DISTRICT.AREA": 13583.851744, "GRID_G0": "185471", "woodland": 0.5017733836580951, "maskWdl": 1.0, "cropland": 0.29064438517759184, "maskCrp": 0.0, "one": 0.18384706793237207, "maskOne": 0.0, "GRID.AREA": 23.587822300639708, "REGION.AREA": 32202.066020262951 }, "geometry": { "type": "Polygon", "coordinates": [ [ [ 78.086533529357553, 19.581116714113513 ], [ 78.131534777466058, 19.581116692562208 ], [ 78.131534777466058, 19.626117943644214 ], [ 78.086533529357553, 19.626117916043722 ], [ 78.086533529357553, 19.581116714113513 ] ] ] } },
{ "type": "Feature", "properties": { "REGION": 1.0, "STATE.NAME": "Maharashtra", "DISTRICT.NAME": "Yavatmal", "DISTRICT.AREA": 13583.851744, "GRID_G0": "185472", "woodland": 0.66519227818921189, "maskWdl": 1.0, "cropland": 0.095943638511823998, "maskCrp": 0.0, "one": 0.23884415913034987, "maskOne": 0.0, "GRID.AREA": 23.585540725246744, "REGION.AREA": 32202.066020262951 }, "geometry": { "type": "Polygon", "coordinates": [ [ [ 78.131534777466058, 19.581116692562208 ], [ 78.176531634831946, 19.581116695026772 ], [ 78.176531634831946, 19.626117972798859 ], [ 78.131534777466058, 19.626117943644214 ], [ 78.131534777466058, 19.581116692562208 ] ] ] } },
{ "type": "Feature", "properties": { "REGION": 1.0, "STATE.NAME": "Maharashtra", "DISTRICT.NAME": "Yavatmal", "DISTRICT.AREA": 13583.851744, "GRID_G0": "184818", "woodland": 0.92698179876001185, "maskWdl": 1.0, "cropland": 0.02167213055946941, "maskCrp": 0.0, "one": 0.051310198314397371, "maskOne": 0.0, "GRID.AREA": 23.592105283788111, "REGION.AREA": 32202.066020262951 }, "geometry": { "type": "Polygon", "coordinates": [ [ [ 77.951534251315636, 19.536115408271002 ], [ 77.996531068852022, 19.53611541753417 ], [ 77.996531068852022, 19.58111668658708 ], [ 77.951534251315636, 19.58111664935873 ], [ 77.951534251315636, 19.536115408271002 ] ] ] } },
{ "type": "Feature", "properties": { "REGION": 1.0, "STATE.NAME": "Maharashtra", "DISTRICT.NAME": "Yavatmal", "DISTRICT.AREA": 13583.851744, "GRID_G0": "184819", "woodland": 0.69022176074679631, "maskWdl": 1.0, "cropland": 0.23234480870634244, "maskCrp": 0.0, "one": 0.071720221121885044, "maskOne": 0.0, "GRID.AREA": 23.594451984076862, "REGION.AREA": 32202.066020262951 }, "geometry": { "type": "Polygon", "coordinates": [ [ [ 77.996531068852022, 19.53611541753417 ], [ 78.041532344959762, 19.536115412940312 ], [ 78.041532344959762, 19.581116688533196 ], [ 77.996531068852022, 19.58111668658708 ], [ 77.996531068852022, 19.53611541753417 ] ] ] } },
{ "type": "Feature", "properties": { "REGION": 1.0, "STATE.NAME": "Maharashtra", "DISTRICT.NAME": "Yavatmal", "DISTRICT.AREA": 13583.851744, "GRID_G0": "184820", "woodland": 0.76898606213758736, "maskWdl": 1.0, "cropland": 0.081239965116087207, "maskCrp": 0.0, "one": 0.14975006000106333, "maskOne": 0.0, "GRID.AREA": 23.594401564873166, "REGION.AREA": 32202.066020262951 }, "geometry": { "type": "Polygon", "coordinates": [ [ [ 78.041532344959762, 19.536115412940312 ], [ 78.086533529357553, 19.536115453959066 ], [ 78.086533529357553, 19.581116714113513 ], [ 78.041532344959762, 19.581116688533196 ], [ 78.041532344959762, 19.536115412940312 ] ] ] } },
{ "type": "Feature", "properties": { "REGION": 1.0, "STATE.NAME": "Maharashtra", "DISTRICT.NAME": "Yavatmal", "DISTRICT.AREA": 13583.851744, "GRID_G0": "184821", "woodland": 0.72673023995640385, "maskWdl": 1.0, "cropland": 0.10171042990469489, "maskCrp": 0.0, "one": 0.15476838909535667, "maskOne": 0.0, "GRID.AREA": 21.829872260835018, "REGION.AREA": 32202.066020262951 }, "geometry": { "type": "Polygon", "coordinates": [ [ [ 78.131534777466058, 19.5505362900583 ], [ 78.131534777466058, 19.581116692562208 ], [ 78.086533529357553, 19.581116714113513 ], [ 78.086533529357553, 19.536115453959066 ], [ 78.126948360923194, 19.536115977966869 ], [ 78.126195509715046, 19.53647000618588 ], [ 78.125771459585224, 19.536754678485693 ], [ 78.125223661842597, 19.537246969172312 ], [ 78.124523303107992, 19.537852256976123 ], [ 78.124004002183028, 19.538294926669607 ], [ 78.12309405374765, 19.539361031586392 ], [ 78.122689088130983, 19.539803581670014 ], [ 78.121736203363128, 19.540779290332011 ], [ 78.121350341145387, 19.541199387941447 ], [ 78.12063090868952, 19.542035008309032 ], [ 78.120225991636289, 19.542631339764565 ], [ 78.119716122800867, 19.543503049026523 ], [ 78.119320651327044, 19.544198626065793 ], [ 78.119149190183066, 19.544614176702964 ], [ 78.118920506975883, 19.545115635977876 ], [ 78.118682334122468, 19.545644075813467 ], [ 78.11863468264454, 19.546068729388427 ], [ 78.118734631498128, 19.546547618377929 ], [ 78.118863296603934, 19.547017317195468 ], [ 78.119130139844117, 19.547591016312424 ], [ 78.119277880469838, 19.547834961014701 ], [ 78.119525644592898, 19.548146592291456 ], [ 78.119954409868171, 19.548652612927814 ], [ 78.120516734359853, 19.549081682173949 ], [ 78.120878882354589, 19.549370783634799 ], [ 78.121388626184228, 19.54967341629515 ], [ 78.122050940898248, 19.549994146013095 ], [ 78.122541657771364, 19.550278804823051 ], [ 78.123137293151615, 19.550545312616123 ], [ 78.123680484566762, 19.550744091566624 ], [ 78.124137859075006, 19.550857080589822 ], [ 78.124581041381987, 19.550924780654157 ], [ 78.124957366289493, 19.55090215640945 ], [ 78.125662616436671, 19.550816343099829 ], [ 78.125996094943901, 19.550870529051736 ], [ 78.126482211784719, 19.5510693107002 ], [ 78.126872887174045, 19.551191279454031 ], [ 78.127420844996038, 19.551313303965856 ], [ 78.127921123461135, 19.551304176746381 ], [ 78.129002713804255, 19.551146105608325 ], [ 78.1299031321239, 19.550942843537428 ], [ 78.131246768723429, 19.550604042842338 ], [ 78.131534777466058, 19.5505362900583 ] ] ] } },
{ "type": "Feature", "properties": { "REGION": 1.0, "STATE.NAME": "Maharashtra", "DISTRICT.NAME": "Yavatmal", "DISTRICT.AREA": 13583.851744, "GRID_G0": "184822", "woodland": 0.67428217168363236, "maskWdl": 1.0, "cropland": 0.19167757155424453, "maskCrp": 0.0, "one": 0.1114748221554366, "maskOne": 0.0, "GRID.AREA": 16.849107865289035, "REGION.AREA": 32202.066020262951 }, "geometry": { "type": "Polygon", "coordinates": [ [ [ 78.176531634831946, 19.554802441581948 ], [ 78.176531634831946, 19.581116695026772 ], [ 78.131534777466058, 19.581116692562208 ], [ 78.131534777466058, 19.5505362900583 ], [ 78.131899561415707, 19.550450475509081 ], [ 78.133219327310144, 19.55004383535476 ], [ 78.133800568141737, 19.549899281926347 ], [ 78.135382370400137, 19.549519801297834 ], [ 78.135835130486953, 19.549442987503937 ], [ 78.136797541773205, 19.549316528435099 ], [ 78.137688566674058, 19.549104098675286 ], [ 78.138650907813201, 19.548787827796048 ], [ 78.139813460522817, 19.548408372348543 ], [ 78.14052340962769, 19.548087641731346 ], [ 78.14091400227943, 19.547811967148618 ], [ 78.141094997136463, 19.547577120887468 ], [ 78.141380756716615, 19.546944695141633 ], [ 78.141666613423524, 19.546569775874502 ], [ 78.141814345955368, 19.5464477882349 ], [ 78.142109690509884, 19.546303207826842 ], [ 78.142748122827641, 19.546099898091882 ], [ 78.143357951308474, 19.545946296584361 ], [ 78.143753373319555, 19.545824278367775 ], [ 78.144415575618382, 19.545625484128834 ], [ 78.145268461170588, 19.54544928085966 ], [ 78.146159349374557, 19.545083196532342 ], [ 78.146678713252072, 19.544974752682716 ], [ 78.14714079301325, 19.5449160287518 ], [ 78.147364728699316, 19.544888874621904 ], [ 78.147755464343277, 19.544852683204795 ], [ 78.148350984610317, 19.544870674142373 ], [ 78.14897039986414, 19.544870589606091 ], [ 78.149537367555524, 19.544969890947755 ], [ 78.149928149064863, 19.544965389840911 ], [ 78.150385399466643, 19.544870490680637 ], [ 78.15083331400632, 19.54477097350167 ], [ 78.151214575292499, 19.5447890408816 ], [ 78.151609989209703, 19.544883902270328 ], [ 78.152142971520959, 19.544960447166943 ], [ 78.152238911196832, 19.544974134848474 ], [ 78.152424679655326, 19.545050951340386 ], [ 78.152634411449014, 19.545245012447424 ], [ 78.153072792275623, 19.545484454244217 ], [ 78.153406286970608, 19.545579276062767 ], [ 78.153892341758251, 19.545601763610534 ], [ 78.154178138210568, 19.54551592871718 ], [ 78.154602178447817, 19.545348671004437 ], [ 78.154911961617813, 19.545371261974196 ], [ 78.155164460671358, 19.545493184862668 ], [ 78.155869691932821, 19.545994539816206 ], [ 78.156722697994169, 19.546658312331317 ], [ 78.157299300122645, 19.547001519704395 ], [ 78.157647192963623, 19.547127931109177 ], [ 78.158190365493056, 19.547281473261421 ], [ 78.159195750883271, 19.547493570272085 ], [ 78.160377411488412, 19.547705729335974 ], [ 78.160901541772773, 19.547814012206974 ], [ 78.161301842606008, 19.547899812926065 ], [ 78.161668757906909, 19.548066870989373 ], [ 78.162402593005311, 19.548464186972694 ], [ 78.162793320555352, 19.548753263252536 ], [ 78.162941130428862, 19.548920362684608 ], [ 78.162950702812736, 19.54905580238341 ], [ 78.162926895959515, 19.549236579604496 ], [ 78.162831722506041, 19.549512110295723 ], [ 78.162774567892029, 19.549728945834264 ], [ 78.16274603510152, 19.550063177074037 ], [ 78.162817644518725, 19.550465159639426 ], [ 78.162870161328954, 19.550867274405224 ], [ 78.163032258731789, 19.551278186339289 ], [ 78.16324680639508, 19.551729892420664 ], [ 78.163394598282139, 19.552032496302729 ], [ 78.163637737191891, 19.552547485877824 ], [ 78.163852232694467, 19.55277778876399 ], [ 78.16427154879301, 19.553039655155999 ], [ 78.164586044410498, 19.553193196408927 ], [ 78.164948248163171, 19.55333768058955 ], [ 78.165272275695031, 19.553432450247442 ], [ 78.165591454082403, 19.553463953498696 ], [ 78.165839307238286, 19.553445976950343 ], [ 78.166039339843735, 19.553346474160495 ], [ 78.166310926108395, 19.55313862284919 ], [ 78.166453822985602, 19.553057245895221 ], [ 78.166610380564691, 19.553040297271938 ], [ 78.166620659815635, 19.553039185709906 ], [ 78.166626734736099, 19.553040380009577 ], [ 78.166873108507218, 19.553088787817334 ], [ 78.167082834005669, 19.553165607906521 ], [ 78.167392522746809, 19.553210678330174 ], [ 78.168016677427772, 19.553242172588227 ], [ 78.168355020367926, 19.553233117314562 ], [ 78.168969692597273, 19.55317868674706 ], [ 78.169627148274344, 19.552930112334877 ], [ 78.170198787943775, 19.552663573065502 ], [ 78.170784778994417, 19.552460138324761 ], [ 78.171127887442083, 19.552428351787057 ], [ 78.171423233795281, 19.552423812908668 ], [ 78.171780655852615, 19.552450814153815 ], [ 78.172014168419196, 19.55259525696556 ], [ 78.172157112960463, 19.552757969504739 ], [ 78.172333568939109, 19.553092063148259 ], [ 78.172443245759268, 19.553363138598002 ], [ 78.172767425276504, 19.553801207359868 ], [ 78.17301520378868, 19.554022535911376 ], [ 78.173467982761281, 19.554347624643185 ], [ 78.173744469431767, 19.554446935877422 ], [ 78.174335299734366, 19.55469067013837 ], [ 78.174707000327885, 19.554807962417556 ], [ 78.175907745446125, 19.554821247202824 ], [ 78.176508068992248, 19.5548030808975 ], [ 78.176531634831946, 19.554802441581948 ] ] ] } },
{ "type": "Feature", "properties": { "REGION": 1.0, "STATE.NAME": "Maharashtra", "DISTRICT.NAME": "Yavatmal", "DISTRICT.AREA": 13583.851744, "GRID_G0": "184169", "woodland": 0.47697175292697447, "maskWdl": 1.0, "cropland": 0.22212807385659042, "maskCrp": 0.0, "one": 0.29442542550946199, "maskOne": 0.0, "GRID.AREA": 23.601012400322876, "REGION.AREA": 32202.066020262951 }, "geometry": { "type": "Polygon", "coordinates": [ [ [ 77.996531068852022, 19.491114180445269 ], [ 78.041532344959762, 19.491114166474024 ], [ 78.041532344959762, 19.536115412940312 ], [ 77.996531068852022, 19.53611541753417 ], [ 77.996531068852022, 19.491114180445269 ] ] ] } },
{ "type": "Feature", "properties": { "REGION": 1.0, "STATE.NAME": "Maharashtra", "DISTRICT.NAME": "Yavatmal", "DISTRICT.AREA": 13583.851744, "GRID_G0": "184170", "woodland": 0.65018113093695995, "maskWdl": 1.0, "cropland": 0.15658488394415432, "maskCrp": 0.0, "one": 0.18801828753467403, "maskOne": 0.0, "GRID.AREA": 23.600963452959245, "REGION.AREA": 32202.066020262951 }, "geometry": { "type": "Polygon", "coordinates": [ [ [ 78.041532344959762, 19.491114166474024 ], [ 78.086533529357553, 19.491114220100609 ], [ 78.086533529357553, 19.536115453959066 ], [ 78.041532344959762, 19.536115412940312 ], [ 78.041532344959762, 19.491114166474024 ] ] ] } },
{ "type": "Feature", "properties": { "REGION": 1.0, "STATE.NAME": "Maharashtra", "DISTRICT.NAME": "Yavatmal", "DISTRICT.AREA": 13583.851744, "GRID_G0": "184171", "woodland": 0.52138645621750013, "maskWdl": 1.0, "cropland": 0.28317833031903317, "maskCrp": 0.0, "one": 0.17343577702941168, "maskOne": 0.0, "GRID.AREA": 20.872532129475452, "REGION.AREA": 32202.066020262951 }, "geometry": { "type": "Polygon", "coordinates": [ [ [ 78.126948360923194, 19.536115977966869 ], [ 78.086533529357553, 19.536115453959066 ], [ 78.086533529357553, 19.491114220100609 ], [ 78.118174639324806, 19.491115353074058 ], [ 78.11926400033343, 19.49222416461356 ], [ 78.120319839489085, 19.493856517764129 ], [ 78.120715139192384, 19.49538671332618 ], [ 78.120864091204908, 19.49682845157184 ], [ 78.120935937143827, 19.498346015256459 ], [ 78.120750251423047, 19.499901381943285 ], [ 78.12054440829786, 19.500644429696706 ], [ 78.120668191883624, 19.501692500508568 ], [ 78.12073970687203, 19.50206287999794 ], [ 78.121039771967958, 19.503237382898931 ], [ 78.121339951277776, 19.504597084987552 ], [ 78.121563887863218, 19.505785050739579 ], [ 78.121587698313704, 19.506241271417593 ], [ 78.121782973505503, 19.507338941638924 ], [ 78.121902146267075, 19.507930673961482 ], [ 78.122106896715991, 19.509064477143962 ], [ 78.122278484664378, 19.509800916679012 ], [ 78.12254529732769, 19.510482890572973 ], [ 78.12272632545961, 19.510713277995421 ], [ 78.122916890901877, 19.510857894376386 ], [ 78.123255079158639, 19.511038641020491 ], [ 78.124531728856255, 19.51163480520216 ], [ 78.125765545643446, 19.512280851180378 ], [ 78.126349031182883, 19.512630904192921 ], [ 78.126349066256466, 19.512630926675968 ], [ 78.126392612329255, 19.512657050182781 ], [ 78.126392659094009, 19.512657083457668 ], [ 78.126932640828784, 19.512981072318667 ], [ 78.127723402113361, 19.513373937557219 ], [ 78.129228780883579, 19.514015387100471 ], [ 78.129929074866993, 19.514435488307186 ], [ 78.130519845814263, 19.514796882670055 ], [ 78.131534777466058, 19.515452178040825 ], [ 78.131534777466058, 19.533019700654727 ], [ 78.131240620058634, 19.533208653456654 ], [ 78.130869079544425, 19.533502360345722 ], [ 78.129806705914802, 19.534464514425849 ], [ 78.129263636807423, 19.534925184050049 ], [ 78.128201176842879, 19.535670523276053 ], [ 78.127762986672565, 19.535837707244472 ], [ 78.127386492692551, 19.535909944388493 ], [ 78.126948360923194, 19.536115977966869 ] ] ] } },
{ "type": "Feature", "properties": { "REGION": 1.0, "STATE.NAME": "Maharashtra", "DISTRICT.NAME": "Yavatmal", "DISTRICT.AREA": 13583.851744, "GRID_G0": "183520", "woodland": 0.4506617632974852, "maskWdl": 1.0, "cropland": 0.29807539656270327, "maskCrp": 0.0, "one": 0.23322085016164334, "maskOne": 0.0, "GRID.AREA": 12.510728454166271, "REGION.AREA": 32202.066020262951 }, "geometry": { "type": "Polygon", "coordinates": [ [ [ 78.086533529357553, 19.474048831947098 ], [ 78.086533529357553, 19.491114220100609 ], [ 78.041532344959762, 19.491114166474024 ], [ 78.041532344959762, 19.47768558020535 ], [ 78.042213007524325, 19.476850098653191 ], [ 78.043390599596535, 19.475572407540653 ], [ 78.044634328711368, 19.474340593543612 ], [ 78.04578703474391, 19.473522965912199 ], [ 78.046918332415146, 19.472890331523615 ], [ 78.048885817926191, 19.472000817483771 ], [ 78.050404440112857, 19.471232517666639 ], [ 78.051476945504703, 19.470730072734739 ], [ 78.053563344772613, 19.469850880213986 ], [ 78.054130527401981, 19.469410314034803 ], [ 78.054730915699281, 19.468604579937445 ], [ 78.055447040448598, 19.467298898325566 ], [ 78.055974463151017, 19.466234997647064 ], [ 78.056385709632877, 19.465706955311816 ], [ 78.057337422584055, 19.464968279162807 ], [ 78.058407670677525, 19.464262655796972 ], [ 78.060083635551393, 19.463459950616254 ], [ 78.061105427273731, 19.462821469735108 ], [ 78.063548729690183, 19.461178682650143 ], [ 78.065161477620165, 19.460095388091759 ], [ 78.066089051868289, 19.459379037612564 ], [ 78.066448770794182, 19.459161885512628 ], [ 78.06727830544952, 19.458674631928773 ], [ 78.068171707258557, 19.458404808335274 ], [ 78.069508329146117, 19.458465008053736 ], [ 78.070758947967136, 19.458935051311638 ], [ 78.071592000770295, 19.46006857570427 ], [ 78.071920474550325, 19.460821677878187 ], [ 78.072066055004484, 19.462498251593107 ], [ 78.072439767381411, 19.463445947272703 ], [ 78.073098301345567, 19.464071885309295 ], [ 78.074617890303443, 19.465109316241978 ], [ 78.075530475551091, 19.465977280726975 ], [ 78.077129494430679, 19.467521222426516 ], [ 78.078684382678148, 19.46878918107592 ], [ 78.080628347320442, 19.470151812256407 ], [ 78.082596884138923, 19.471465040978899 ], [ 78.084662259056074, 19.473018607222969 ], [ 78.086506188509873, 19.47402336578574 ], [ 78.086533529357553, 19.474048831947098 ] ] ] } },
{ "type": "Feature", "properties": { "REGION": 1.0, "STATE.NAME": "Telangana", "DISTRICT.NAME": "Adilabad", "DISTRICT.AREA": 3996.656205, "GRID_G0": "186774", "woodland": 0.68900914742260078, "maskWdl": 1.0, "cropland": 0.20444198650239187, "maskCrp": 0.0, "one": 0.10653292841040125, "maskOne": 0.0, "GRID.AREA": 0.028425510634323477, "REGION.AREA": 32202.066020262951 }, "geometry": { "type": "Polygon", "coordinates": [ [ [ 78.265049770727728, 19.67111491319767 ], [ 78.266534107122311, 19.671114735046679 ], [ 78.266534107122311, 19.673819586669524 ], [ 78.265811919984174, 19.673088473354422 ], [ 78.265049770727728, 19.67111491319767 ] ] ] } },
{ "type": "Feature", "properties": { "REGION": 1.0, "STATE.NAME": "Telangana", "DISTRICT.NAME": "Adilabad", "DISTRICT.AREA": 3996.656205, "GRID_G0": "186775", "woodland": 0.95441329573893607, "maskWdl": 1.0, "cropland": 0.013522342541742375, "maskCrp": 0.0, "one": 0.032056892874275253, "maskOne": 0.0, "GRID.AREA": 8.6508618522177994, "REGION.AREA": 32202.066020262951 }, "geometry": { "type": "Polygon", "coordinates": [ [ [ 78.266534107122311, 19.673819586669524 ], [ 78.266534107122311, 19.671114735046679 ], [ 78.311535332528592, 19.671114687257141 ], [ 78.311535332528592, 19.691039423342364 ], [ 78.307801697990044, 19.690918060819911 ], [ 78.305604387132803, 19.690968001072463 ], [ 78.30342887764067, 19.691203118029534 ], [ 78.30203492037532, 19.689749146306099 ], [ 78.300205999707202, 19.687983851773364 ], [ 78.295498720589535, 19.687931314278785 ], [ 78.291041649952263, 19.688088885393771 ], [ 78.287868763532686, 19.688033807314412 ], [ 78.286227976539919, 19.688585668194094 ], [ 78.282947616639262, 19.690014249358168 ], [ 78.279272832974925, 19.691330508796 ], [ 78.276205944249, 19.692413735005911 ], [ 78.275537156214853, 19.69048415501976 ], [ 78.274761124926044, 19.687524431307512 ], [ 78.273872411282809, 19.684414555887088 ], [ 78.272354078677836, 19.68136591170753 ], [ 78.271102895981926, 19.678703699915843 ], [ 78.269737825840025, 19.676008643084458 ], [ 78.268819158477413, 19.675507114561753 ], [ 78.266843400102914, 19.674132699564492 ], [ 78.266534107122311, 19.673819586669524 ] ] ] } },
{ "type": "Feature", "properties": { "REGION": 1.0, "STATE.NAME": "Telangana", "DISTRICT.NAME": "Adilabad", "DISTRICT.AREA": 3996.656205, "GRID_G0": "186776", "woodland": 0.63385839744385153, "maskWdl": 1.0, "cropland": 0.25686712373898024, "maskCrp": 0.0, "one": 0.10733277616871903, "maskOne": 0.0, "GRID.AREA": 20.212813651843657, "REGION.AREA": 32202.066020262951 }, "geometry": { "type": "Polygon", "coordinates": [ [ [ 78.311535332528592, 19.691039423342364 ], [ 78.311535332528592, 19.671114687257141 ], [ 78.356532096467092, 19.671114740487738 ], [ 78.356532096467092, 19.716115951075334 ], [ 78.342813088401456, 19.716117144321615 ], [ 78.343514860122767, 19.715468798146564 ], [ 78.343161657684391, 19.713299136046317 ], [ 78.343161645093929, 19.713299056906006 ], [ 78.343153537705632, 19.71324924525652 ], [ 78.341207798701021, 19.712507719155951 ], [ 78.340377756828047, 19.712156366623049 ], [ 78.33768369914344, 19.711010140205872 ], [ 78.334761008613725, 19.709847980499948 ], [ 78.333731332535024, 19.709449516981692 ], [ 78.332977503708889, 19.709532212341799 ], [ 78.330133849197864, 19.70897563361865 ], [ 78.327247964322169, 19.70836890600026 ], [ 78.323850134975828, 19.707946551092505 ], [ 78.322067168764875, 19.707576537627176 ], [ 78.320035991467876, 19.706400630884445 ], [ 78.318673412448106, 19.705524821613267 ], [ 78.317508163570949, 19.704050773424516 ], [ 78.31669449835249, 19.703094788693591 ], [ 78.315751798406836, 19.702593266466124 ], [ 78.315057225011017, 19.70037476578284 ], [ 78.314251461235997, 19.69746009450779 ], [ 78.313724636582776, 19.694737780124512 ], [ 78.313471395588465, 19.693105915305807 ], [ 78.312385806859538, 19.691758905349278 ], [ 78.311841050624025, 19.691049357342024 ], [ 78.311535332528592, 19.691039423342364 ] ] ] } },
{ "type": "Feature", "properties": { "REGION": 1.0, "STATE.NAME": "Telangana", "DISTRICT.NAME": "Adilabad", "DISTRICT.AREA": 3996.656205, "GRID_G0": "186124", "woodland": 0.44002987261216886, "maskWdl": 1.0, "cropland": 0.34293834333388001, "maskCrp": 0.0, "one": 0.20662409516142377, "maskOne": 0.0, "GRID.AREA": 0.19898166039185661, "REGION.AREA": 32202.066020262951 }, "geometry": { "type": "Polygon", "coordinates": [ [ [ 78.266534107122311, 19.664479564331582 ], [ 78.266534107122311, 19.671114735046679 ], [ 78.265049770727728, 19.67111491319767 ], [ 78.264669171245316, 19.670129344093993 ], [ 78.26369845112265, 19.667542135760979 ], [ 78.262669338918897, 19.665062571780314 ], [ 78.264616156210707, 19.664807475484682 ], [ 78.266482810633249, 19.664488297996627 ], [ 78.266534107122311, 19.664479564331582 ] ] ] } },
{ "type": "Feature", "properties": { "REGION": 1.0, "STATE.NAME": "Telangana", "DISTRICT.NAME": "Adilabad", "DISTRICT.AREA": 3996.656205, "GRID_G0": "186125", "woodland": 0.61931461155963452, "maskWdl": 1.0, "cropland": 0.21844694379806884, "maskCrp": 0.0, "one": 0.16143345321721059, "maskOne": 0.0, "GRID.AREA": 15.130661556362043, "REGION.AREA": 32202.066020262951 }, "geometry": { "type": "Polygon", "coordinates": [ [ [ 78.292353321499093, 19.626119278068028 ], [ 78.311535332528592, 19.626117908183399 ], [ 78.311535332528592, 19.671114687257141 ], [ 78.266534107122311, 19.671114735046679 ], [ 78.266534107122311, 19.664479564331582 ], [ 78.268789026692275, 19.664095629709603 ], [ 78.268931792268461, 19.664071321034669 ], [ 78.269073670213743, 19.663950935986975 ], [ 78.2702981790178, 19.662911906059662 ], [ 78.271639028618324, 19.66191021598371 ], [ 78.271334527166744, 19.660214527178709 ], [ 78.271089415144445, 19.658672567584976 ], [ 78.271067910555701, 19.658537290663503 ], [ 78.271210736386422, 19.658520166672421 ], [ 78.274603194082204, 19.658113383525858 ], [ 78.277360577528668, 19.657798807868744 ], [ 78.278887044501573, 19.657653505305063 ], [ 78.279029901808599, 19.657639906656414 ], [ 78.279071536822016, 19.657504104530858 ], [ 78.279871314709453, 19.654895393407742 ], [ 78.280539181837824, 19.652325006893591 ], [ 78.280867677201627, 19.651060785826644 ], [ 78.280902950410905, 19.650925037660382 ], [ 78.281045568498257, 19.650886831761909 ], [ 78.281600608481369, 19.650738142351429 ], [ 78.283963274985183, 19.650392106610468 ], [ 78.284106056749181, 19.650371193775641 ], [ 78.284247831272467, 19.650242847029801 ], [ 78.284717352923565, 19.649817793256602 ], [ 78.285946822387984, 19.648128838575079 ], [ 78.286593580629301, 19.647447339523126 ], [ 78.286723159446296, 19.647310798154876 ], [ 78.286865530220098, 19.647246652211265 ], [ 78.287369567851329, 19.647019554508859 ], [ 78.289649483237113, 19.646370423856016 ], [ 78.290340230916968, 19.646063156989158 ], [ 78.290482607086687, 19.645999822234046 ], [ 78.290542738456679, 19.64586386272714 ], [ 78.291543790013975, 19.643600423820544 ], [ 78.292102506425579, 19.642225011475148 ], [ 78.292208241517187, 19.64130534046916 ], [ 78.292180748342901, 19.639959942097672 ], [ 78.292181818536164, 19.638610464401438 ], [ 78.292239266329148, 19.636909382362148 ], [ 78.292241891450203, 19.634589434554812 ], [ 78.292216314731206, 19.631813279559253 ], [ 78.29224665695773, 19.629570290336684 ], [ 78.292218795960707, 19.62741254065628 ], [ 78.292353321499093, 19.626119278068028 ] ] ] } },
{ "type": "Feature", "properties": { "REGION": 1.0, "STATE.NAME": "Telangana", "DISTRICT.NAME": "Adilabad", "DISTRICT.AREA": 3996.656205, "GRID_G0": "186135", "woodland": 0.52280367199884514, "maskWdl": 1.0, "cropland": 0.26747601766335843, "maskCrp": 0.0, "one": 0.2061424654931602, "maskOne": 0.0, "GRID.AREA": 23.578880924545061, "REGION.AREA": 32202.066020262951 }, "geometry": { "type": "Polygon", "coordinates": [ [ [ 78.716533203310703, 19.626117931479289 ], [ 78.761534456541753, 19.626117958512811 ], [ 78.761534456541753, 19.671114725738338 ], [ 78.716533203310703, 19.671114690539145 ], [ 78.716533203310703, 19.626117931479289 ] ] ] } },
{ "type": "Feature", "properties": { "REGION": 1.0, "STATE.NAME": "Telangana", "DISTRICT.NAME": "Adilabad", "DISTRICT.AREA": 3996.656205, "GRID_G0": "186136", "woodland": 0.5880095768813185, "maskWdl": 1.0, "cropland": 0.2176064667622484, "maskCrp": 0.0, "one": 0.1933716515927579, "maskOne": 0.0, "GRID.AREA": 23.578885790743652, "REGION.AREA": 32202.066020262951 }, "geometry": { "type": "Polygon", "coordinates": [ [ [ 78.761534456541753, 19.626117958512811 ], [ 78.806535721790198, 19.626117942453906 ], [ 78.806535721790198, 19.671114696056481 ], [ 78.761534456541753, 19.671114725738338 ], [ 78.761534456541753, 19.626117958512811 ] ] ] } },
{ "type": "Feature", "properties": { "REGION": 1.0, "STATE.NAME": "Telangana", "DISTRICT.NAME": "Adilabad", "DISTRICT.AREA": 3996.656205, "GRID_G0": "186137", "woodland": 0.43209947156310047, "maskWdl": 1.0, "cropland": 0.31789637321271053, "maskCrp": 0.0, "one": 0.24868883245932796, "maskOne": 0.0, "GRID.AREA": 23.576513249852553, "REGION.AREA": 32202.066020262951 }, "geometry": { "type": "Polygon", "coordinates": [ [ [ 78.806535721790198, 19.626117942453906 ], [ 78.851532483715133, 19.626117967581411 ], [ 78.851532483715133, 19.671114685268069 ], [ 78.806535721790198, 19.671114696056481 ], [ 78.806535721790198, 19.626117942453906 ] ] ] } },
{ "type": "Feature", "properties": { "REGION": 1.0, "STATE.NAME": "Telangana", "DISTRICT.NAME": "Adilabad", "DISTRICT.AREA": 3996.656205, "GRID_G0": "185475", "woodland": 0.4967412054063593, "maskWdl": 1.0, "cropland": 0.22994785554115013, "maskCrp": 0.0, "one": 0.23794198984236734, "maskOne": 0.0, "GRID.AREA": 5.4258815468737449, "REGION.AREA": 32202.066020262951 }, "geometry": { "type": "Polygon", "coordinates": [ [ [ 78.301619878215703, 19.581117631718119 ], [ 78.311535332528592, 19.581116680272665 ], [ 78.311535332528592, 19.626117908183399 ], [ 78.292353321499093, 19.626119278068028 ], [ 78.292443448406459, 19.625252830453803 ], [ 78.29260884632123, 19.624117038870281 ], [ 78.293250967658082, 19.621686232533644 ], [ 78.293919592914961, 19.619440771074778 ], [ 78.294749302938044, 19.618108651193324 ], [ 78.295723789421402, 19.616606568438442 ], [ 78.296504811947557, 19.615364195501289 ], [ 78.297083584140125, 19.614729181506561 ], [ 78.297565815010387, 19.61420597212793 ], [ 78.299598495973839, 19.612222631569239 ], [ 78.30129718311855, 19.610691786696631 ], [ 78.302689401095051, 19.609311220336622 ], [ 78.304249197842239, 19.607855566880971 ], [ 78.305587032015978, 19.607065746287219 ], [ 78.30547479842329, 19.606459756112883 ], [ 78.305060739761416, 19.606008711033212 ], [ 78.304529059668425, 19.605430089027436 ], [ 78.304722925622571, 19.604294545656785 ], [ 78.305476070064628, 19.602555439382062 ], [ 78.305307631542007, 19.601023560289153 ], [ 78.304835550420364, 19.598134385693413 ], [ 78.304666262038438, 19.595410829346349 ], [ 78.30461238815127, 19.593866580078668 ], [ 78.304307739210856, 19.590482588600651 ], [ 78.304113198765151, 19.58705466883794 ], [ 78.303838864172292, 19.584781400341399 ], [ 78.30239419053953, 19.583240940816836 ], [ 78.302007940713963, 19.582027322802734 ], [ 78.301619878215703, 19.581117631718119 ] ] ] } },
{ "type": "Feature", "properties": { "REGION": 1.0, "STATE.NAME": "Telangana", "DISTRICT.NAME": "Adilabad", "DISTRICT.AREA": 3996.656205, "GRID_G0": "185476", "woodland": 0.55694749059680293, "maskWdl": 1.0, "cropland": 0.32912924449324543, "maskCrp": 0.0, "one": 0.11012847784306608, "maskOne": 0.0, "GRID.AREA": 23.585480073059127, "REGION.AREA": 32202.066020262951 }, "geometry": { "type": "Polygon", "coordinates": [ [ [ 78.311535332528592, 19.581116680272665 ], [ 78.356532096467092, 19.581116679880132 ], [ 78.356532096467092, 19.626117936233573 ], [ 78.311535332528592, 19.626117908183399 ], [ 78.311535332528592, 19.581116680272665 ] ] ] } },
{ "type": "Feature", "properties": { "REGION": 1.0, "STATE.NAME": "Telangana", "DISTRICT.NAME": "Adilabad", "DISTRICT.AREA": 3996.656205, "GRID_G0": "185484", "woodland": 0.39903735207247509, "maskWdl": 1.0, "cropland": 0.28082670029894213, "maskCrp": 0.0, "one": 0.3177167767088096, "maskOne": 0.0, "GRID.AREA": 23.587827001494642, "REGION.AREA": 32202.066020262951 }, "geometry": { "type": "Polygon", "coordinates": [ [ [ 78.671531984763533, 19.581116651393661 ], [ 78.716533203310703, 19.58111669463716 ], [ 78.716533203310703, 19.626117931479289 ], [ 78.671531984763533, 19.626117944617 ], [ 78.671531984763533, 19.581116651393661 ] ] ] } },
{ "type": "Feature", "properties": { "REGION": 1.0, "STATE.NAME": "Telangana", "DISTRICT.NAME": "Adilabad", "DISTRICT.AREA": 3996.656205, "GRID_G0": "184825", "woodland": 0.56285250018771316, "maskWdl": 1.0, "cropland": 0.29844398153380858, "maskCrp": 0.0, "one": 0.13850823283572478, "maskOne": 0.0, "GRID.AREA": 11.335048978077722, "REGION.AREA": 32202.066020262951 }, "geometry": { "type": "Polygon", "coordinates": [ [ [ 78.293622950145377, 19.536116776855977 ], [ 78.311535332528592, 19.536115469588697 ], [ 78.311535332528592, 19.581116680272665 ], [ 78.301619878215703, 19.581117631718119 ], [ 78.301251753865415, 19.580254669117721 ], [ 78.300922271945367, 19.579068753819968 ], [ 78.30092226025414, 19.579068710652511 ], [ 78.301894378822567, 19.577336224287368 ], [ 78.302816252268258, 19.575833478732136 ], [ 78.303789369983519, 19.574010783171161 ], [ 78.30426625978015, 19.572688528852549 ], [ 78.303543206653728, 19.570514447483788 ], [ 78.303709188228552, 19.569319928372067 ], [ 78.302398906584301, 19.568954567099638 ], [ 78.299700937748128, 19.568344742216141 ], [ 78.297305944214031, 19.567895989508372 ], [ 78.297275045307174, 19.567263668083854 ], [ 78.297499999025774, 19.564647890987434 ], [ 78.298168867998925, 19.564036271057091 ], [ 78.297058306895394, 19.56286489330023 ], [ 78.295028996590986, 19.560411135365655 ], [ 78.293583344495801, 19.558983432839227 ], [ 78.290022283701489, 19.559745950015614 ], [ 78.286637099722441, 19.560537326436531 ], [ 78.285157847156995, 19.560797418466166 ], [ 78.281815728113429, 19.561566585229798 ], [ 78.280035337560832, 19.561931915925243 ], [ 78.27769801665022, 19.562277993934348 ], [ 78.275272079243109, 19.56246067861747 ], [ 78.275288203188111, 19.561887512798535 ], [ 78.275360222696179, 19.55934239903252 ], [ 78.275362354089452, 19.557496238360788 ], [ 78.27547334661773, 19.556120608379445 ], [ 78.274331363201895, 19.553973618187971 ], [ 78.275029610328318, 19.55204433677676 ], [ 78.27653266255237, 19.550114290941849 ], [ 78.278455859150654, 19.547664915403573 ], [ 78.280409449236743, 19.545468691826727 ], [ 78.281697630940982, 19.543996742655622 ], [ 78.282813207563549, 19.542622465254627 ], [ 78.283955544412891, 19.541410818554482 ], [ 78.284926184495873, 19.542310103728369 ], [ 78.287210803335938, 19.542387737703962 ], [ 78.29049622012451, 19.542389863701317 ], [ 78.293250129489934, 19.542232944594787 ], [ 78.292671268264485, 19.539956460122596 ], [ 78.292752646117776, 19.539086046783666 ], [ 78.293006350262885, 19.537711802657608 ], [ 78.293622950145377, 19.536116776855977 ] ] ] } },
{ "type": "Feature", "properties": { "REGION": 1.0, "STATE.NAME": "Telangana", "DISTRICT.NAME": "Adilabad", "DISTRICT.AREA": 3996.656205, "GRID_G0": "184826", "woodland": 0.50906880573962443, "maskWdl": 1.0, "cropland": 0.33488236759503764, "maskCrp": 0.0, "one": 0.15592526530815606, "maskOne": 0.0, "GRID.AREA": 23.592062082741894, "REGION.AREA": 32202.066020262951 }, "geometry": { "type": "Polygon", "coordinates": [ [ [ 78.311535332528592, 19.536115469588697 ], [ 78.356532096467092, 19.536115438011855 ], [ 78.356532096467092, 19.581116679880132 ], [ 78.311535332528592, 19.581116680272665 ], [ 78.311535332528592, 19.536115469588697 ] ] ] } },
{ "type": "Feature", "properties": { "REGION": 1.0, "STATE.NAME": "Telangana", "DISTRICT.NAME": "Adilabad", "DISTRICT.AREA": 3996.656205, "GRID_G0": "184827", "woodland": 0.50056945871637493, "maskWdl": 1.0, "cropland": 0.31095406658866226, "maskCrp": 0.0, "one": 0.1879379264814251, "maskOne": 0.0, "GRID.AREA": 23.594458109688038, "REGION.AREA": 32202.066020262951 }, "geometry": { "type": "Polygon", "coordinates": [ [ [ 78.356532096467092, 19.536115438011855 ], [ 78.401533409796329, 19.536115453770343 ], [ 78.401533409796329, 19.581116705481417 ], [ 78.356532096467092, 19.581116679880132 ], [ 78.356532096467092, 19.536115438011855 ] ] ] } },
{ "type": "Feature", "properties": { "REGION": 1.0, "STATE.NAME": "Telangana", "DISTRICT.NAME": "Adilabad", "DISTRICT.AREA": 3996.656205, "GRID_G0": "184832", "woodland": 0.60560708151334286, "maskWdl": 1.0, "cropland": 0.23976146686099378, "maskCrp": 0.0, "one": 0.15349558712656608, "maskOne": 0.0, "GRID.AREA": 23.594426100576925, "REGION.AREA": 32202.066020262951 }, "geometry": { "type": "Polygon", "coordinates": [ [ [ 78.58153389932626, 19.53611547183451 ], [ 78.626535152789216, 19.536115429820807 ], [ 78.626535152789216, 19.581116670400789 ], [ 78.58153389932626, 19.581116722468032 ], [ 78.58153389932626, 19.53611547183451 ] ] ] } },
{ "type": "Feature", "properties": { "REGION": 1.0, "STATE.NAME": "Telangana", "DISTRICT.NAME": "Adilabad", "DISTRICT.AREA": 3996.656205, "GRID_G0": "184839", "woodland": 0.4418318177302894, "maskWdl": 1.0, "cropland": 0.18748469467199302, "maskCrp": 0.0, "one": 0.37016234517325602, "maskOne": 1.0, "GRID.AREA": 22.845871999873825, "REGION.AREA": 32202.066020262951 }, "geometry": { "type": "Polygon", "coordinates": [ [ [ 78.941534957368745, 19.561772040832178 ], [ 78.941534957368745, 19.581116708800007 ], [ 78.896533706099333, 19.581116644908409 ], [ 78.896533706099333, 19.536115476434642 ], [ 78.941534957368745, 19.536115434455866 ], [ 78.941534957368745, 19.541023188453131 ], [ 78.941396476166517, 19.541176269069638 ], [ 78.94055156040622, 19.542041367415209 ], [ 78.938455529399235, 19.543353338885538 ], [ 78.936712735904109, 19.54514173430363 ], [ 78.936023213100839, 19.546211034511661 ], [ 78.935584986058302, 19.547408535775336 ], [ 78.935416933344868, 19.549953219665383 ], [ 78.938019127980454, 19.550834271084796 ], [ 78.940458150523284, 19.551876529578241 ], [ 78.940599211884205, 19.552699069306641 ], [ 78.940677150729982, 19.553074334812777 ], [ 78.940758275873804, 19.553634638527797 ], [ 78.94067607424148, 19.554383289057572 ], [ 78.940590866175569, 19.554924400340838 ], [ 78.940284462657871, 19.555716650003433 ], [ 78.940060928968762, 19.556274686527615 ], [ 78.939486400676913, 19.557259129405338 ], [ 78.939014798893936, 19.558460921334532 ], [ 78.938431821471454, 19.559896539693625 ], [ 78.937687271850166, 19.56188181739202 ], [ 78.939153949195443, 19.561878894595338 ], [ 78.941087967335875, 19.561798084214274 ], [ 78.941534957368745, 19.561772040832178 ] ] ] } },
{ "type": "Feature", "properties": { "REGION": 1.0, "STATE.NAME": "Telangana", "DISTRICT.NAME": "Adilabad", "DISTRICT.AREA": 3996.656205, "GRID_G0": "184175", "woodland": 0.39855632307526678, "maskWdl": 1.0, "cropland": 0.50103233052490881, "maskCrp": 0.0, "one": 0.096395023233712324, "maskOne": 0.0, "GRID.AREA": 8.2674451130103961, "REGION.AREA": 32202.066020262951 }, "geometry": { "type": "Polygon", "coordinates": [ [ [ 78.302562057421483, 19.491115066834698 ], [ 78.311535332528592, 19.491114181827573 ], [ 78.311535332528592, 19.536115469588697 ], [ 78.293622950145377, 19.536116776855977 ], [ 78.293752007848923, 19.535782925041985 ], [ 78.294129842718121, 19.534793651006225 ], [ 78.293712209251112, 19.53342162101103 ], [ 78.29358871524704, 19.532977961164022 ], [ 78.293324949486873, 19.531887428861804 ], [ 78.29283475871722, 19.530189547509679 ], [ 78.292459110099912, 19.529309939502184 ], [ 78.291727621332711, 19.528738209900496 ], [ 78.290416799196009, 19.527623317662005 ], [ 78.291076281045605, 19.525309859362554 ], [ 78.29129499706653, 19.524504063212021 ], [ 78.291535079180619, 19.523906125567297 ], [ 78.292730104610712, 19.522230032989683 ], [ 78.293566014559985, 19.521155188461254 ], [ 78.294110522582628, 19.519743344579751 ], [ 78.294692495462357, 19.518385945654927 ], [ 78.296018034105032, 19.51737027381915 ], [ 78.296461674167006, 19.51561425399467 ], [ 78.297033185233374, 19.513083091411598 ], [ 78.294975497721111, 19.513170442561943 ], [ 78.295152065215689, 19.512300966316616 ], [ 78.295222832867523, 19.511940574697807 ], [ 78.295630355256719, 19.510843266903297 ], [ 78.295948014689202, 19.509704417624846 ], [ 78.29611256454325, 19.509047009611837 ], [ 78.296282781924901, 19.508317461581612 ], [ 78.296756069936748, 19.50687771533433 ], [ 78.297128600604481, 19.505513700097257 ], [ 78.297826827945812, 19.503137339616558 ], [ 78.298578904892622, 19.500630512688076 ], [ 78.298862026761185, 19.499590670672948 ], [ 78.299032349363472, 19.498843031880483 ], [ 78.298932312376394, 19.498011368529884 ], [ 78.298648480942688, 19.497015280330974 ], [ 78.298684094095734, 19.496812491303501 ], [ 78.299027264596646, 19.496351055456898 ], [ 78.299139309331736, 19.49617555186029 ], [ 78.299894863057546, 19.494992082718515 ], [ 78.30076824775648, 19.493953675122043 ], [ 78.301616332727633, 19.492626072535248 ], [ 78.302358061175653, 19.491441840768402 ], [ 78.302562057421483, 19.491115066834698 ] ] ] } },
{ "type": "Feature", "properties": { "REGION": 1.0, "STATE.NAME": "Telangana", "DISTRICT.NAME": "Adilabad", "DISTRICT.AREA": 3996.656205, "GRID_G0": "184190", "woodland": 0.5361790550845047, "maskWdl": 1.0, "cropland": 0.26622361104281655, "maskCrp": 0.0, "one": 0.19216006195910609, "maskOne": 0.0, "GRID.AREA": 5.7378838193919615, "REGION.AREA": 32202.066020262951 }, "geometry": { "type": "Polygon", "coordinates": [ [ [ 78.94609643824073, 19.536115940600588 ], [ 78.941534957368745, 19.536115434455866 ], [ 78.941534957368745, 19.491114224285173 ], [ 78.976575898375657, 19.491115175502596 ], [ 78.976890704642358, 19.491626283626147 ], [ 78.977579945957814, 19.492362485740163 ], [ 78.975958671555532, 19.493326084131521 ], [ 78.973603737422593, 19.494365703114742 ], [ 78.971501948056527, 19.495294332267694 ], [ 78.970201182138908, 19.496047995618536 ], [ 78.968820877481562, 19.496638601989957 ], [ 78.967924968362638, 19.497367962961164 ], [ 78.966996358095514, 19.498015980253342 ], [ 78.966532369073605, 19.498292546963516 ], [ 78.965007792475717, 19.499058111043041 ], [ 78.963922599448438, 19.499646232587622 ], [ 78.963588069633772, 19.499815392366546 ], [ 78.96232241954408, 19.500339042412918 ], [ 78.961715426625688, 19.5006416921604 ], [ 78.961010552395123, 19.501286648160317 ], [ 78.958793738840029, 19.502891384030193 ], [ 78.958446185942762, 19.502902447489983 ], [ 78.958070022913262, 19.502917810608551 ], [ 78.957467473545137, 19.502660695334896 ], [ 78.955468058504152, 19.502073073813335 ], [ 78.955057165455855, 19.502851060228299 ], [ 78.954596104626603, 19.503366901461391 ], [ 78.953502966089047, 19.503747294901814 ], [ 78.952240980736747, 19.503805904618847 ], [ 78.951419501308976, 19.503538215116578 ], [ 78.950526729924718, 19.502678637709042 ], [ 78.94962275478639, 19.501421691258091 ], [ 78.949080668638032, 19.501350062055792 ], [ 78.949119004038835, 19.503693252841401 ], [ 78.949017501156789, 19.505674185914984 ], [ 78.949130226678676, 19.508252521536694 ], [ 78.948948165225715, 19.510178789319692 ], [ 78.948342154366969, 19.510359498192315 ], [ 78.946129185413611, 19.511463004114372 ], [ 78.942158895316823, 19.513822346723998 ], [ 78.942729787649625, 19.515058794927487 ], [ 78.943997135659345, 19.518503173182921 ], [ 78.9446857051812, 19.521085651081993 ], [ 78.946269387921987, 19.524861785642941 ], [ 78.947335857064218, 19.527239350315828 ], [ 78.948117933595825, 19.528874501257292 ], [ 78.949852733017281, 19.53222289487076 ], [ 78.95026815325275, 19.533264047198092 ], [ 78.947353752673621, 19.535125457673757 ], [ 78.94609643824073, 19.536115940600588 ] ] ] } },
{ "type": "Feature", "properties": { "REGION": 1.0, "STATE.NAME": "Telangana", "DISTRICT.NAME": "Adilabad", "DISTRICT.AREA": 3996.656205, "GRID_G0": "183540", "woodland": 0.5050838197742229, "maskWdl": 1.0, "cropland": 0.35679166941214235, "maskCrp": 0.0, "one": 0.13197317080771273, "maskOne": 0.0, "GRID.AREA": 5.6035497049303542, "REGION.AREA": 32202.066020262951 }, "geometry": { "type": "Polygon", "coordinates": [ [ [ 78.976575898375657, 19.491115175502596 ], [ 78.941534957368745, 19.491114224285173 ], [ 78.941534957368745, 19.468047990465184 ], [ 78.942494719255933, 19.46842996397169 ], [ 78.94510144467597, 19.469216239437969 ], [ 78.948366203137823, 19.470440591759939 ], [ 78.951207928603083, 19.471007241091339 ], [ 78.952198677527008, 19.471510897410045 ], [ 78.95299900759818, 19.472017795784723 ], [ 78.955457971708086, 19.472829945645511 ], [ 78.957642154262089, 19.473500136622079 ], [ 78.95930307527675, 19.475913607626921 ], [ 78.960543246673581, 19.477990042406589 ], [ 78.962234029676779, 19.479053892723016 ], [ 78.964454043019714, 19.480604578438605 ], [ 78.966227045641688, 19.482115928707177 ], [ 78.968421213368345, 19.484555724667018 ], [ 78.97105454882842, 19.486827046131339 ], [ 78.973009363791178, 19.488231287144227 ], [ 78.974079780957197, 19.488906945998792 ], [ 78.975941277767788, 19.490084816860875 ], [ 78.976575898375657, 19.491115175502596 ] ] ] } },
{ "type": "Feature", "properties": { "REGION": 1.0, "STATE.NAME": "Telangana", "DISTRICT.NAME": "Adilabad", "DISTRICT.AREA": 3996.656205, "GRID_G0": "182872", "woodland": 0.52686302691009823, "maskWdl": 1.0, "cropland": 0.16503003243979689, "maskCrp": 0.0, "one": 0.25956539658032762, "maskOne": 0.0, "GRID.AREA": 0.00087282912530367725, "REGION.AREA": 32202.066020262951 }, "geometry": { "type": "Polygon", "coordinates": [ [ [ 78.176531634831932, 19.411762903777202 ], [ 78.176531634831932, 19.412231299441451 ], [ 78.176212044550255, 19.412260825276917 ], [ 78.176531634831932, 19.411762903777202 ] ] ] } },
{ "type": "Feature", "properties": { "REGION": 1.0, "STATE.NAME": "Telangana", "DISTRICT.NAME": "Adilabad", "DISTRICT.AREA": 3996.656205, "GRID_G0": "182873", "woodland": 0.53288952502581743, "maskWdl": 1.0, "cropland": 0.33236892764893394, "maskCrp": 0.0, "one": 0.13260586129468313, "maskOne": 0.0, "GRID.AREA": 8.3281594307260782, "REGION.AREA": 32202.066020262951 }, "geometry": { "type": "Polygon", "coordinates": [ [ [ 78.183449050395268, 19.401116879909271 ], [ 78.221532867981381, 19.40111610972351 ], [ 78.221532867981381, 19.432117939950864 ], [ 78.219982876808388, 19.433017429011215 ], [ 78.215725342350709, 19.43045315698765 ], [ 78.211608518518361, 19.428477230439906 ], [ 78.209045756456533, 19.425872113007639 ], [ 78.205958153645952, 19.422177847329863 ], [ 78.204083408922259, 19.420961533148272 ], [ 78.202551780740123, 19.41970361183229 ], [ 78.201471187745199, 19.417326405089568 ], [ 78.20075656036704, 19.416194564227798 ], [ 78.199207031179583, 19.414841697886114 ], [ 78.199099882353721, 19.413043670728882 ], [ 78.198924868887673, 19.410951540980875 ], [ 78.198834328741327, 19.410155921558555 ], [ 78.1963824045244, 19.407867862811656 ], [ 78.195087118176048, 19.406752369826052 ], [ 78.192466084542218, 19.406692721392005 ], [ 78.186626805382843, 19.410372878505598 ], [ 78.183840399914573, 19.412198436608609 ], [ 78.181156731198257, 19.411803939100533 ], [ 78.176531634831932, 19.412231299441451 ], [ 78.176531634831932, 19.411762903777202 ], [ 78.178874037806679, 19.408113330965477 ], [ 78.181229372137878, 19.404522347928037 ], [ 78.183449050395268, 19.401116879909271 ] ] ] } },
{ "type": "Feature", "properties": { "REGION": 1.0, "STATE.NAME": "Telangana", "DISTRICT.NAME": "Adilabad", "DISTRICT.AREA": 3996.656205, "GRID_G0": "182874", "woodland": 0.5741552445567305, "maskWdl": 1.0, "cropland": 0.26203336250098075, "maskCrp": 0.0, "one": 0.16184124583461773, "maskOne": 0.0, "GRID.AREA": 17.314901651960707, "REGION.AREA": 32202.066020262951 }, "geometry": { "type": "Polygon", "coordinates": [ [ [ 78.221532867981381, 19.432117939950864 ], [ 78.221532867981381, 19.40111610972351 ], [ 78.266534107122311, 19.401116111910508 ], [ 78.266534107122311, 19.446117417280565 ], [ 78.263201462837714, 19.446117797952599 ], [ 78.263145195394486, 19.445835288068164 ], [ 78.262828759040076, 19.443971970130349 ], [ 78.262667986338556, 19.443058423507466 ], [ 78.260420764906428, 19.442723553749037 ], [ 78.25921638832574, 19.442345315983573 ], [ 78.258327993941805, 19.441794323849027 ], [ 78.257590158658957, 19.440992125885938 ], [ 78.256628714143915, 19.44017847775461 ], [ 78.255880605905304, 19.43943034613363 ], [ 78.255297528658105, 19.438828363338359 ], [ 78.254785888158267, 19.438213534626982 ], [ 78.253831467348391, 19.437205864958745 ], [ 78.253403507865642, 19.4367680084369 ], [ 78.252646531412324, 19.43668056195844 ], [ 78.251298128405949, 19.436524781393583 ], [ 78.249859092623069, 19.436275056748514 ], [ 78.248675976914853, 19.436118178111485 ], [ 78.246502275959301, 19.435197100565805 ], [ 78.246634639077399, 19.433631904289033 ], [ 78.24674201723036, 19.432170302717342 ], [ 78.244530211100425, 19.428801768786627 ], [ 78.239248832667556, 19.428749808656789 ], [ 78.237450040187241, 19.428732070428737 ], [ 78.23563154895686, 19.426753604195543 ], [ 78.231923553329352, 19.428470761616381 ], [ 78.229624065098562, 19.429773939515769 ], [ 78.225032953208256, 19.430086689549114 ], [ 78.221532867981381, 19.432117939950864 ] ] ] } },
{ "type": "Feature", "properties": { "REGION": 1.0, "STATE.NAME": "Telangana", "DISTRICT.NAME": "Adilabad", "DISTRICT.AREA": 3996.656205, "GRID_G0": "182222", "woodland": 0.61585481782276952, "maskWdl": 1.0, "cropland": 0.058292409072809907, "maskCrp": 0.0, "one": 0.32584081568717482, "maskOne": 0.0, "GRID.AREA": 0.24066739618821345, "REGION.AREA": 32202.066020262951 }, "geometry": { "type": "Polygon", "coordinates": [ [ [ 78.171758964973876, 19.356115404127785 ], [ 78.176531634831946, 19.356114880896381 ], [ 78.176531634831946, 19.361548327026046 ], [ 78.174466365130684, 19.360564753460661 ], [ 78.172117029277558, 19.359717650549157 ], [ 78.172083745368639, 19.359717239559018 ], [ 78.171751729159041, 19.357650280036466 ], [ 78.171758964973876, 19.356115404127785 ] ] ] } },
{ "type": "Feature", "properties": { "REGION": 1.0, "STATE.NAME": "Telangana", "DISTRICT.NAME": "Adilabad", "DISTRICT.AREA": 3996.656205, "GRID_G0": "182223", "woodland": 0.64635423641267964, "maskWdl": 1.0, "cropland": 0.12057013180800796, "maskCrp": 0.0, "one": 0.22490139906516429, "maskOne": 0.0, "GRID.AREA": 21.096585002247974, "REGION.AREA": 32202.066020262951 }, "geometry": { "type": "Polygon", "coordinates": [ [ [ 78.176531634831946, 19.361548327026046 ], [ 78.176531634831946, 19.356114880896381 ], [ 78.221532867981381, 19.356114891944149 ], [ 78.221532867981381, 19.40111610972351 ], [ 78.183449050395268, 19.401116879909271 ], [ 78.18544609895838, 19.398052829274718 ], [ 78.187694975143017, 19.39459156085189 ], [ 78.185878156651654, 19.390544851763533 ], [ 78.184306570691717, 19.387078599297976 ], [ 78.183027871439151, 19.383796045950813 ], [ 78.18068757017528, 19.37778414821992 ], [ 78.177630946311183, 19.370017067933361 ], [ 78.176810747518061, 19.367398613555228 ], [ 78.179248536191039, 19.362842183120275 ], [ 78.176531634831946, 19.361548327026046 ] ] ] } },
{ "type": "Feature", "properties": { "REGION": 1.0, "STATE.NAME": "Telangana", "DISTRICT.NAME": "Adilabad", "DISTRICT.AREA": 3996.656205, "GRID_G0": "181572", "woodland": 0.61727548881971961, "maskWdl": 1.0, "cropland": 0.25202443710068645, "maskCrp": 0.0, "one": 0.12798236116651251, "maskOne": 0.0, "GRID.AREA": 0.80615282370732977, "REGION.AREA": 32202.066020262951 }, "geometry": { "type": "Polygon", "coordinates": [ [ [ 78.176531634831946, 19.334680412892229 ], [ 78.176531634831946, 19.356114880896381 ], [ 78.171758964973876, 19.356115404127785 ], [ 78.171767159726699, 19.354377081437235 ], [ 78.172091973265992, 19.351490979824916 ], [ 78.17267443987356, 19.35051752576328 ], [ 78.172170529046753, 19.349297488388402 ], [ 78.173418382452439, 19.343608473352393 ], [ 78.174238303355082, 19.340285172622657 ], [ 78.174683324775685, 19.338077580715829 ], [ 78.175174351914848, 19.336787064371549 ], [ 78.175772580939906, 19.335687341897369 ], [ 78.176247874439923, 19.334924917351088 ], [ 78.176531634831946, 19.334680412892229 ] ] ] } },
{ "type": "Feature", "properties": { "REGION": 1.0, "STATE.NAME": "Telangana", "DISTRICT.NAME": "Adilabad", "DISTRICT.AREA": 3996.656205, "GRID_G0": "181573", "woodland": 0.63107118937407158, "maskWdl": 1.0, "cropland": 0.27119900059476448, "maskCrp": 0.0, "one": 0.093940561877366463, "maskOne": 0.0, "GRID.AREA": 19.912419541333964, "REGION.AREA": 32202.066020262951 }, "geometry": { "type": "Polygon", "coordinates": [ [ [ 78.219912339033613, 19.311118331724995 ], [ 78.221532867981381, 19.311118139880801 ], [ 78.221532867981381, 19.356114891944149 ], [ 78.176531634831946, 19.356114880896381 ], [ 78.176531634831946, 19.334680412892229 ], [ 78.177795305508994, 19.333591546512707 ], [ 78.179912964311939, 19.332314022674037 ], [ 78.181921202601472, 19.331026222282393 ], [ 78.183260688829762, 19.329979648841743 ], [ 78.185527052331679, 19.329385438886959 ], [ 78.187909306069685, 19.329040769216196 ], [ 78.189532075145223, 19.32896782880232 ], [ 78.192299509414909, 19.325827884549255 ], [ 78.191108367257414, 19.323196318955013 ], [ 78.190409867421522, 19.32154529587876 ], [ 78.190228729572254, 19.320775840432759 ], [ 78.190524901503068, 19.319871418331331 ], [ 78.191001387504059, 19.318996105485951 ], [ 78.19174831942945, 19.318173316645296 ], [ 78.192775390172187, 19.317394165608331 ], [ 78.193263519695734, 19.317137448734343 ], [ 78.195309090642084, 19.31629694055141 ], [ 78.196103567026057, 19.315474712887749 ], [ 78.196895681790352, 19.312846312007764 ], [ 78.196926747971077, 19.312228048785474 ], [ 78.196943147108584, 19.31205209912514 ], [ 78.196986952710276, 19.311119513129771 ], [ 78.216585089438311, 19.31111868078127 ], [ 78.216784577346402, 19.311242962892493 ], [ 78.217872517802505, 19.312153047125491 ], [ 78.218153939952401, 19.312485585841159 ], [ 78.219771881467238, 19.311188856080893 ], [ 78.219912339033613, 19.311118331724995 ] ] ] } },
{ "type": "Feature", "properties": { "REGION": 1.0, "STATE.NAME": "Telangana", "DISTRICT.NAME": "Adilabad", "DISTRICT.AREA": 3996.656205, "GRID_G0": "181574", "woodland": 0.44355741638423529, "maskWdl": 1.0, "cropland": 0.4252090045478561, "maskCrp": 0.0, "one": 0.12439625556927092, "maskOne": 0.0, "GRID.AREA": 23.624794777880563, "REGION.AREA": 32202.066020262951 }, "geometry": { "type": "Polygon", "coordinates": [ [ [ 78.221532867981381, 19.311118139880801 ], [ 78.266534107122311, 19.311118144991458 ], [ 78.266534107122311, 19.356114896746131 ], [ 78.221532867981381, 19.356114891944149 ], [ 78.221532867981381, 19.311118139880801 ] ] ] } },
{ "type": "Feature", "properties": { "REGION": 1.0, "STATE.NAME": "Telangana", "DISTRICT.NAME": "Adilabad", "DISTRICT.AREA": 3996.656205, "GRID_G0": "181583", "woodland": 0.52661547417853349, "maskWdl": 1.0, "cropland": 0.22710526434601283, "maskCrp": 0.0, "one": 0.24355019275993658, "maskOne": 0.0, "GRID.AREA": 23.525156831693046, "REGION.AREA": 32202.066020262951 }, "geometry": { "type": "Polygon", "coordinates": [ [ [ 78.671531984763533, 19.31461424828991 ], [ 78.671531984763533, 19.356114938867652 ], [ 78.626535152789216, 19.356114911836023 ], [ 78.626535152789216, 19.311118149019244 ], [ 78.666961316504057, 19.311118613560904 ], [ 78.670277392187984, 19.313809162163182 ], [ 78.671531984763533, 19.31461424828991 ] ] ] } },
{ "type": "Feature", "properties": { "REGION": 1.0, "STATE.NAME": "Telangana", "DISTRICT.NAME": "Adilabad", "DISTRICT.AREA": 3996.656205, "GRID_G0": "181584", "woodland": 0.70538671680072318, "maskWdl": 1.0, "cropland": 0.064502358929579923, "maskCrp": 0.0, "one": 0.22977223090129514, "maskOne": 0.0, "GRID.AREA": 19.474671826684499, "REGION.AREA": 32202.066020262951 }, "geometry": { "type": "Polygon", "coordinates": [ [ [ 78.716533203310703, 19.32480951486129 ], [ 78.716533203310703, 19.356114866398869 ], [ 78.671531984763533, 19.356114938867652 ], [ 78.671531984763533, 19.31461424828991 ], [ 78.673685764286631, 19.315996314278554 ], [ 78.674121985841055, 19.316135587787187 ], [ 78.674136187035458, 19.316140122168974 ], [ 78.674168385462679, 19.316150272816909 ], [ 78.675269474906372, 19.316497399435491 ], [ 78.677416766370754, 19.316754890625759 ], [ 78.683707695853514, 19.316356563804447 ], [ 78.690497443302434, 19.316531127609494 ], [ 78.698129105473868, 19.319258975521336 ], [ 78.70395420142529, 19.321416228776002 ], [ 78.709955506041808, 19.323046446036702 ], [ 78.716533203310703, 19.32480951486129 ] ] ] } },
{ "type": "Feature", "properties": { "REGION": 1.0, "STATE.NAME": "Telangana", "DISTRICT.NAME": "Adilabad", "DISTRICT.AREA": 3996.656205, "GRID_G0": "181585", "woodland": 0.40655856456753553, "maskWdl": 1.0, "cropland": 0.1947509260872608, "maskCrp": 0.0, "one": 0.39767821789517666, "maskOne": 1.0, "GRID.AREA": 22.72940862466665, "REGION.AREA": 32202.066020262951 }, "geometry": { "type": "Polygon", "coordinates": [ [ [ 78.721185947747571, 19.311118592883144 ], [ 78.761534456541753, 19.31111814587199 ], [ 78.761534456541753, 19.356114875527268 ], [ 78.716533203310703, 19.356114866398869 ], [ 78.716533203310703, 19.32480951486129 ], [ 78.716578572243364, 19.324821674480745 ], [ 78.722537619515606, 19.326410611960231 ], [ 78.722208969468397, 19.322827463816452 ], [ 78.721778600701896, 19.31788444091427 ], [ 78.721520255155738, 19.31441921187718 ], [ 78.721218698084499, 19.31150896166929 ], [ 78.721185947747571, 19.311118592883144 ] ] ] } },
{ "type": "Feature", "properties": { "REGION": 1.0, "STATE.NAME": "Telangana", "DISTRICT.NAME": "Adilabad", "DISTRICT.AREA": 3996.656205, "GRID_G0": "181588", "woodland": 0.46201374518105759, "maskWdl": 1.0, "cropland": 0.19075150348779199, "maskCrp": 0.0, "one": 0.34539147889435173, "maskOne": 1.0, "GRID.AREA": 2.7235581497493317, "REGION.AREA": 32202.066020262951 }, "geometry": { "type": "Polygon", "coordinates": [ [ [ 78.854829125380306, 19.356115263506133 ], [ 78.851532483715147, 19.356114886576876 ], [ 78.851532483715147, 19.311118079712916 ], [ 78.854277648457, 19.311118399454489 ], [ 78.8543246633526, 19.311741540739547 ], [ 78.855129348840421, 19.313314391146264 ], [ 78.855755945180761, 19.315138783727949 ], [ 78.856443454401983, 19.317636350337356 ], [ 78.856698937406065, 19.319480474044667 ], [ 78.857699821689494, 19.322034559447392 ], [ 78.858246859505016, 19.323713795155584 ], [ 78.858372392272145, 19.324057867676515 ], [ 78.857811258482855, 19.325728662347956 ], [ 78.857666668182276, 19.325962377261934 ], [ 78.85758406275437, 19.326164883902322 ], [ 78.857487082562841, 19.326385466016518 ], [ 78.857452187968136, 19.326574749924816 ], [ 78.857455230374626, 19.32677351088887 ], [ 78.857500973491213, 19.326990508305357 ], [ 78.857612808684223, 19.327262292420926 ], [ 78.857663251657812, 19.327483918648003 ], [ 78.857676373665754, 19.327623981761402 ], [ 78.857679880122419, 19.327768469539311 ], [ 78.857612168366927, 19.327903408315706 ], [ 78.857452542301019, 19.328787128922897 ], [ 78.857571006396881, 19.328837727479197 ], [ 78.858013458454423, 19.329942733470435 ], [ 78.858171271487038, 19.3304045164553 ], [ 78.858314559569351, 19.331457536236371 ], [ 78.857663674339165, 19.333619818499866 ], [ 78.857775855771195, 19.335539559902823 ], [ 78.857489248130378, 19.337379458595194 ], [ 78.857174227308803, 19.339192047575011 ], [ 78.857030339378696, 19.341028551326644 ], [ 78.856915404222605, 19.343926218220421 ], [ 78.856513958552398, 19.346406382048936 ], [ 78.855692359514819, 19.349623729151801 ], [ 78.855290558612467, 19.351575638405055 ], [ 78.855036462362932, 19.352932644326131 ], [ 78.854860542380209, 19.354606374384733 ], [ 78.854829125380306, 19.356115263506133 ] ] ] } },
{ "type": "Feature", "properties": { "REGION": 1.0, "STATE.NAME": "Telangana", "DISTRICT.NAME": "Adilabad", "DISTRICT.AREA": 3996.656205, "GRID_G0": "180924", "woodland": 0.54011961999620384, "maskWdl": 1.0, "cropland": 0.27025708812736177, "maskCrp": 0.0, "one": 0.1875241967852751, "maskOne": 0.0, "GRID.AREA": 6.5921503018364476, "REGION.AREA": 32202.066020262951 }, "geometry": { "type": "Polygon", "coordinates": [ [ [ 78.266534107122311, 19.285234823795317 ], [ 78.266534107122311, 19.311118144991458 ], [ 78.221532867981381, 19.311118139880801 ], [ 78.221532867981381, 19.310555813560743 ], [ 78.222391131745397, 19.310485100606968 ], [ 78.224032126481518, 19.310055391043534 ], [ 78.226128060361759, 19.309770521792188 ], [ 78.22809598294333, 19.309443682979634 ], [ 78.230261877783505, 19.308870479389157 ], [ 78.231260279937999, 19.30848821715756 ], [ 78.232754132097568, 19.307623449762445 ], [ 78.234331740817254, 19.306926629860129 ], [ 78.235364446711912, 19.306449879458398 ], [ 78.236847592442473, 19.305688816485773 ], [ 78.237445199136687, 19.305424168490617 ], [ 78.238064142246401, 19.304956624448721 ], [ 78.240093512805402, 19.303429194301941 ], [ 78.240449034595315, 19.303116844466842 ], [ 78.241754946433673, 19.302051390659187 ], [ 78.242120097264717, 19.301734652132552 ], [ 78.243090410893785, 19.299676840513825 ], [ 78.2435944341359, 19.298860305558719 ], [ 78.244011373326259, 19.298178384724736 ], [ 78.245208769369242, 19.296619645580222 ], [ 78.245315725740227, 19.296422079815162 ], [ 78.246263360265914, 19.294671010758577 ], [ 78.246753127454951, 19.293854393965148 ], [ 78.24781404418286, 19.292578633697019 ], [ 78.248310810795317, 19.290746095955626 ], [ 78.248491639277802, 19.29032798494859 ], [ 78.248659093942081, 19.290650384707529 ], [ 78.252373600661201, 19.290598891325832 ], [ 78.257923515757696, 19.2897401439925 ], [ 78.261548766562385, 19.28876192802062 ], [ 78.26588602232215, 19.28582682864527 ], [ 78.266534107122311, 19.285234823795317 ] ] ] } },
{ "type": "Feature", "properties": { "REGION": 1.0, "STATE.NAME": "Telangana", "DISTRICT.NAME": "Adilabad", "DISTRICT.AREA": 3996.656205, "GRID_G0": "180930", "woodland": 0.72685404060743219, "maskWdl": 1.0, "cropland": 0.096580653917846038, "maskCrp": 0.0, "one": 0.17386482735767678, "maskOne": 0.0, "GRID.AREA": 23.63131882126137, "REGION.AREA": 32202.066020262951 }, "geometry": { "type": "Polygon", "coordinates": [ [ [ 78.491535879173696, 19.266116858980137 ], [ 78.536532660272343, 19.266116881385972 ], [ 78.536532660272343, 19.311118112246895 ], [ 78.491535879173696, 19.311118129607056 ], [ 78.491535879173696, 19.266116858980137 ] ] ] } },
{ "type": "Feature", "properties": { "REGION": 1.0, "STATE.NAME": "Telangana", "DISTRICT.NAME": "Adilabad", "DISTRICT.AREA": 3996.656205, "GRID_G0": "180931", "woodland": 0.66179717622523793, "maskWdl": 1.0, "cropland": 0.216013391328542, "maskCrp": 0.0, "one": 0.11940167665487417, "maskOne": 0.0, "GRID.AREA": 18.538939147654592, "REGION.AREA": 32202.066020262951 }, "geometry": { "type": "Polygon", "coordinates": [ [ [ 78.58153389932626, 19.28872814067801 ], [ 78.58153389932626, 19.31111809105666 ], [ 78.536532660272343, 19.311118112246895 ], [ 78.536532660272343, 19.266116881385972 ], [ 78.551031625602363, 19.266118067564797 ], [ 78.553914450791353, 19.269415313765762 ], [ 78.555613328592301, 19.271178083002155 ], [ 78.556173331034472, 19.271761076612449 ], [ 78.557341604331612, 19.272846351477995 ], [ 78.561456618728016, 19.27693363078248 ], [ 78.565184792444256, 19.280719436652706 ], [ 78.567680791535338, 19.283627081524628 ], [ 78.570324901772835, 19.286468348335632 ], [ 78.5753314626769, 19.28749753338451 ], [ 78.579916108441694, 19.28839182642173 ], [ 78.58153389932626, 19.28872814067801 ] ] ] } },
{ "type": "Feature", "properties": { "REGION": 1.0, "STATE.NAME": "Telangana", "DISTRICT.NAME": "Adilabad", "DISTRICT.AREA": 3996.656205, "GRID_G0": "180932", "woodland": 0.71848242482985991, "maskWdl": 1.0, "cropland": 0.087099877725470565, "maskCrp": 0.0, "one": 0.19437385716358163, "maskOne": 0.0, "GRID.AREA": 17.99266298234911, "REGION.AREA": 32202.066020262951 }, "geometry": { "type": "Polygon", "coordinates": [ [ [ 78.626535152789216, 19.278723063632501 ], [ 78.626535152789216, 19.311118149019244 ], [ 78.58153389932626, 19.31111809105666 ], [ 78.58153389932626, 19.28872814067801 ], [ 78.584500194828209, 19.289344748061751 ], [ 78.586007828198774, 19.288838892900632 ], [ 78.587006585585527, 19.288337539745729 ], [ 78.587722936064722, 19.288027812333727 ], [ 78.588622356136923, 19.287480503822223 ], [ 78.589879237836612, 19.286353807981925 ], [ 78.591141548743579, 19.285159383298947 ], [ 78.59414746703203, 19.282666521043154 ], [ 78.596252802424942, 19.280847408381248 ], [ 78.597817900675636, 19.279800164046382 ], [ 78.599483082678205, 19.278243532013448 ], [ 78.601127859063538, 19.276831238470947 ], [ 78.60460762474213, 19.272531720962206 ], [ 78.607214651435072, 19.268974037122177 ], [ 78.608687801201143, 19.267104119059923 ], [ 78.60947616146683, 19.266118159643323 ], [ 78.616540104190435, 19.26611782314129 ], [ 78.616791096631857, 19.26695837942572 ], [ 78.61787718808182, 19.270191917922716 ], [ 78.618406181899843, 19.271040882430839 ], [ 78.619359433591057, 19.272281884801203 ], [ 78.621124978135299, 19.27408988813789 ], [ 78.623428332551555, 19.275852913681092 ], [ 78.6253180716717, 19.277612252903225 ], [ 78.626535152789216, 19.278723063632501 ] ] ] } },
{ "type": "Feature", "properties": { "REGION": 1.0, "STATE.NAME": "Telangana", "DISTRICT.NAME": "Adilabad", "DISTRICT.AREA": 3996.656205, "GRID_G0": "180933", "woodland": 0.86207329494349982, "maskWdl": 1.0, "cropland": 0.022211425961740743, "maskCrp": 0.0, "one": 0.11568339252676101, "maskOne": 0.0, "GRID.AREA": 7.2943346052893085, "REGION.AREA": 32202.066020262951 }, "geometry": { "type": "Polygon", "coordinates": [ [ [ 78.666961316504057, 19.311118613560904 ], [ 78.626535152789216, 19.311118149019244 ], [ 78.626535152789216, 19.278723063632501 ], [ 78.626656723329177, 19.278834017875685 ], [ 78.62771717960419, 19.279809469331614 ], [ 78.629458918194587, 19.28163976056652 ], [ 78.632715044064071, 19.284715873638731 ], [ 78.634937330893138, 19.286523177302854 ], [ 78.638477911426548, 19.28921324829281 ], [ 78.640828912824134, 19.290999062656681 ], [ 78.645329250744396, 19.294789976676157 ], [ 78.646992342722513, 19.296425326367796 ], [ 78.648483088623721, 19.297670806462577 ], [ 78.649854900083653, 19.298436636741428 ], [ 78.650659307680939, 19.299360114577663 ], [ 78.651046965844841, 19.300099431043979 ], [ 78.652303709948299, 19.300462410012244 ], [ 78.65319740583567, 19.300993814013339 ], [ 78.657840804309728, 19.304293540814289 ], [ 78.664288127694988, 19.308949572964476 ], [ 78.666961316504057, 19.311118613560904 ] ] ] } },
{ "type": "Feature", "properties": { "REGION": 1.0, "STATE.NAME": "Telangana", "DISTRICT.NAME": "Adilabad", "DISTRICT.AREA": 3996.656205, "GRID_G0": "180935", "woodland": 0.80790346112594036, "maskWdl": 1.0, "cropland": 0.024944913589819782, "maskCrp": 0.0, "one": 0.16650200259147643, "maskOne": 0.0, "GRID.AREA": 12.460656135663029, "REGION.AREA": 32202.066020262951 }, "geometry": { "type": "Polygon", "coordinates": [ [ [ 78.761534456541753, 19.271846099969412 ], [ 78.761534456541753, 19.31111814587199 ], [ 78.721185947747571, 19.311118592883144 ], [ 78.720858597846075, 19.30721663154236 ], [ 78.720769429165898, 19.306405774906633 ], [ 78.720643422456021, 19.305259856956866 ], [ 78.720211867483727, 19.299937375009904 ], [ 78.719953336677179, 19.296499220962346 ], [ 78.721330987435181, 19.295612047857791 ], [ 78.725549814172666, 19.292919698885044 ], [ 78.728238153068389, 19.291171949226115 ], [ 78.733594922567704, 19.287775324971339 ], [ 78.736511970750882, 19.285966116543079 ], [ 78.737514784979396, 19.285504750843643 ], [ 78.742055784846627, 19.283943440537428 ], [ 78.746430337290292, 19.282371772739165 ], [ 78.74862867247532, 19.281676256853814 ], [ 78.749881687090237, 19.281401964529095 ], [ 78.751560628720085, 19.280824161805697 ], [ 78.753726699827382, 19.280015438361829 ], [ 78.757008986975222, 19.278795822769041 ], [ 78.758859581304705, 19.278169606841914 ], [ 78.759101973777149, 19.277643324479868 ], [ 78.760132327045312, 19.275154658460789 ], [ 78.761022259269907, 19.272944908181046 ], [ 78.761534456541753, 19.271846099969412 ] ] ] } },
{ "type": "Feature", "properties": { "REGION": 1.0, "STATE.NAME": "Telangana", "DISTRICT.NAME": "Adilabad", "DISTRICT.AREA": 3996.656205, "GRID_G0": "180936", "woodland": 0.64773871729990762, "maskWdl": 1.0, "cropland": 0.15615099901200777, "maskCrp": 0.0, "one": 0.19583927330958273, "maskOne": 0.0, "GRID.AREA": 23.55579906459409, "REGION.AREA": 32202.066020262951 }, "geometry": { "type": "Polygon", "coordinates": [ [ [ 78.763821492318357, 19.266117168980927 ], [ 78.806535721790198, 19.26611689787897 ], [ 78.806535721790198, 19.311118148292795 ], [ 78.761534456541753, 19.31111814587199 ], [ 78.761534456541753, 19.271846099969412 ], [ 78.761923925848592, 19.271010567183964 ], [ 78.76272231878005, 19.268926414422538 ], [ 78.763471921691917, 19.266981897596565 ], [ 78.763821492318357, 19.266117168980927 ] ] ] } },
{ "type": "Feature", "properties": { "REGION": 1.0, "STATE.NAME": "Telangana", "DISTRICT.NAME": "Adilabad", "DISTRICT.AREA": 3996.656205, "GRID_G0": "180937", "woodland": 0.57584759493529614, "maskWdl": 1.0, "cropland": 0.22782159302927624, "maskCrp": 0.0, "one": 0.18775730969794246, "maskOne": 0.0, "GRID.AREA": 23.173308017757492, "REGION.AREA": 32202.066020262951 }, "geometry": { "type": "Polygon", "coordinates": [ [ [ 78.851532483715147, 19.301811193197583 ], [ 78.851532483715147, 19.311118079712916 ], [ 78.806535721790198, 19.311118148292795 ], [ 78.806535721790198, 19.26611689787897 ], [ 78.847468812078276, 19.266117300443291 ], [ 78.847115558436315, 19.266954316288718 ], [ 78.84667640149479, 19.267723012706941 ], [ 78.847300924897809, 19.269199829008926 ], [ 78.847608816793525, 19.270457463441232 ], [ 78.847835567357606, 19.271750559041092 ], [ 78.848709687701955, 19.272398426146484 ], [ 78.850005506449008, 19.273781002491319 ], [ 78.850353467638456, 19.274239738573101 ], [ 78.850833693020547, 19.274803269055663 ], [ 78.851532483715133, 19.27554519489583 ], [ 78.851532483715133, 19.291363141722396 ], [ 78.849866254524102, 19.29466279365306 ], [ 78.850465355891515, 19.297462322927913 ], [ 78.851206345096784, 19.300366641207575 ], [ 78.851532483715147, 19.301811193197583 ] ] ] } },
{ "type": "Feature", "properties": { "REGION": 1.0, "STATE.NAME": "Telangana", "DISTRICT.NAME": "Adilabad", "DISTRICT.AREA": 3996.656205, "GRID_G0": "180938", "woodland": 0.8654433747528234, "maskWdl": 1.0, "cropland": 0.003212504987213496, "maskCrp": 0.0, "one": 0.13134412025996317, "maskOne": 0.0, "GRID.AREA": 0.50910084702623759, "REGION.AREA": 32202.066020262951 }, "geometry": { "type": "MultiPolygon", "coordinates": [ [ [ [ 78.854277648457, 19.311118399454489 ], [ 78.851532483715147, 19.311118079712916 ], [ 78.851532483715147, 19.301811193197583 ], [ 78.851609720712077, 19.302153291940897 ], [ 78.851895739296992, 19.303189385581732 ], [ 78.85289751300985, 19.305061856819297 ], [ 78.853555901283869, 19.306498111898406 ], [ 78.854127993312318, 19.309134819816112 ], [ 78.854277648457, 19.311118399454489 ] ] ], [ [ [ 78.851532483715133, 19.291363141722396 ], [ 78.851532483715133, 19.27554519489583 ], [ 78.852153091092362, 19.276204103436669 ], [ 78.852623699124479, 19.276785646440484 ], [ 78.853571850760375, 19.277682376640424 ], [ 78.853843770673507, 19.27813601896213 ], [ 78.854693823361288, 19.278824351962324 ], [ 78.854041842756885, 19.282255402265037 ], [ 78.853181153787261, 19.286190667365474 ], [ 78.85258227455239, 19.288958383122917 ], [ 78.851921720710905, 19.290592310087103 ], [ 78.851532483715133, 19.291363141722396 ] ] ] ] } },
{ "type": "Feature", "properties": { "REGION": 1.0, "STATE.NAME": "Telangana", "DISTRICT.NAME": "Adilabad", "DISTRICT.AREA": 3996.656205, "GRID_G0": "180275", "woodland": 0.46089792230842447, "maskWdl": 1.0, "cropland": 0.37955715883706254, "maskCrp": 0.0, "one": 0.15732048821814223, "maskOne": 0.0, "GRID.AREA": 4.6003511856062902, "REGION.AREA": 32202.066020262951 }, "geometry": { "type": "Polygon", "coordinates": [ [ [ 78.311535332528592, 19.222390988462603 ], [ 78.311535332528592, 19.266116874409825 ], [ 78.275225660764903, 19.266117694778941 ], [ 78.275462900992125, 19.265900379199195 ], [ 78.277140603356202, 19.265131948980297 ], [ 78.277864138519249, 19.265062667008522 ], [ 78.279760675614739, 19.264698433485989 ], [ 78.281075085147108, 19.264513299948877 ], [ 78.282073420751829, 19.264528181030755 ], [ 78.283654286815931, 19.264738611597689 ], [ 78.285073533017169, 19.264951839056149 ], [ 78.286819863545929, 19.264829875698236 ], [ 78.288026203346647, 19.264950615978194 ], [ 78.289624171818105, 19.264497403532403 ], [ 78.291336204901995, 19.263630031700639 ], [ 78.292784740223624, 19.263775843280598 ], [ 78.294020998670192, 19.263354965958971 ], [ 78.295684306485612, 19.26258185027223 ], [ 78.297456503315061, 19.261024052717914 ], [ 78.298651799441089, 19.260011354040788 ], [ 78.299414897579538, 19.259382418563803 ], [ 78.299853110232903, 19.258470305460264 ], [ 78.300269865062262, 19.257359220052027 ], [ 78.300256279903465, 19.256875929780392 ], [ 78.300070188588393, 19.255677394296356 ], [ 78.300392371610712, 19.254520229425111 ], [ 78.300807314306155, 19.253558170673102 ], [ 78.301013001848617, 19.252611988552474 ], [ 78.300707803422426, 19.251434869523678 ], [ 78.300554582328175, 19.250632976430779 ], [ 78.300713997952698, 19.249568998410609 ], [ 78.300729445607487, 19.249045364551989 ], [ 78.30088908965979, 19.247963206736642 ], [ 78.300918671959209, 19.247453328008703 ], [ 78.300986986260455, 19.24645158127549 ], [ 78.301886311004523, 19.245968567995078 ], [ 78.302675687333135, 19.245105115408819 ], [ 78.303673077750375, 19.243932275354272 ], [ 78.304409352709513, 19.243144980956174 ], [ 78.304705098361637, 19.242642279717472 ], [ 78.305079870139934, 19.241869489585326 ], [ 78.305271374474387, 19.241329508749857 ], [ 78.305262319200722, 19.240448926776594 ], [ 78.305084403622402, 19.239358877410321 ], [ 78.304551598477531, 19.23770974380966 ], [ 78.304369524434037, 19.23699450489255 ], [ 78.304207332602402, 19.236198036510245 ], [ 78.303963343833288, 19.235752594206929 ], [ 78.303951160717546, 19.235730349476114 ], [ 78.304189984680079, 19.235628946418785 ], [ 78.30537186292122, 19.235379095868609 ], [ 78.306726127708657, 19.235013571818907 ], [ 78.307138385927828, 19.234706241999504 ], [ 78.307442055506499, 19.234339082083011 ], [ 78.308205179725348, 19.232852156501849 ], [ 78.308582760985701, 19.232250938130335 ], [ 78.309006397427368, 19.231776604206971 ], [ 78.309266628851901, 19.231472216969284 ], [ 78.309266977788866, 19.231016102411274 ], [ 78.308681008321912, 19.230283132460674 ], [ 78.308290152168865, 19.229954052537551 ], [ 78.308100121823202, 19.229523129788674 ], [ 78.308198171308618, 19.228833230169474 ], [ 78.308453196557821, 19.22814493943747 ], [ 78.308934303275521, 19.226786117785142 ], [ 78.309319551256351, 19.225507657752246 ], [ 78.309796630809899, 19.223670087404685 ], [ 78.30997943240493, 19.22305783615025 ], [ 78.310246649763144, 19.22268098693803 ], [ 78.310669400372603, 19.222572673490163 ], [ 78.311535332528592, 19.222390988462603 ] ] ] } },
{ "type": "Feature", "properties": { "REGION": 1.0, "STATE.NAME": "Telangana", "DISTRICT.NAME": "Adilabad", "DISTRICT.AREA": 3996.656205, "GRID_G0": "180276", "woodland": 0.54348986891433526, "maskWdl": 1.0, "cropland": 0.25736201257300245, "maskCrp": 0.0, "one": 0.19889707288771008, "maskOne": 0.0, "GRID.AREA": 23.619892542963875, "REGION.AREA": 32202.066020262951 }, "geometry": { "type": "Polygon", "coordinates": [ [ [ 78.31354325832929, 19.221115881586666 ], [ 78.356532096467092, 19.221115591242565 ], [ 78.356532096467092, 19.266116866422827 ], [ 78.311535332528592, 19.266116874409825 ], [ 78.311535332528592, 19.222390988462603 ], [ 78.312003588694722, 19.222292739718227 ], [ 78.312286322056195, 19.222087875954742 ], [ 78.31337408264784, 19.221317788285376 ], [ 78.31354325832929, 19.221115881586666 ] ] ] } },
{ "type": "Feature", "properties": { "REGION": 1.0, "STATE.NAME": "Telangana", "DISTRICT.NAME": "Adilabad", "DISTRICT.AREA": 3996.656205, "GRID_G0": "180280", "woodland": 0.5884326620035808, "maskWdl": 1.0, "cropland": 0.26173292894950667, "maskCrp": 0.0, "one": 0.14963516593165882, "maskOne": 0.0, "GRID.AREA": 16.490973447611267, "REGION.AREA": 32202.066020262951 }, "geometry": { "type": "Polygon", "coordinates": [ [ [ 78.536532660272343, 19.258581495091395 ], [ 78.536532660272343, 19.266116881385972 ], [ 78.491535879173696, 19.266116858980137 ], [ 78.491535879173696, 19.222342818243511 ], [ 78.4918884296074, 19.22214530666065 ], [ 78.493785926342127, 19.221115910214341 ], [ 78.514614046233831, 19.221117007634945 ], [ 78.514742270339582, 19.221265963053781 ], [ 78.515645115929431, 19.222236076134038 ], [ 78.516415479690693, 19.223132773059092 ], [ 78.517370539918545, 19.224112400067266 ], [ 78.517740347439144, 19.224666696311033 ], [ 78.518229251278967, 19.225204003462068 ], [ 78.518667168055401, 19.225614445050667 ], [ 78.519060709584153, 19.226182570169556 ], [ 78.518997918918899, 19.226746407320888 ], [ 78.518861558314313, 19.228000425579239 ], [ 78.518821641905333, 19.228654854138259 ], [ 78.51878207713122, 19.229268603663172 ], [ 78.518660720815674, 19.230450507085266 ], [ 78.518630749109846, 19.23245969056234 ], [ 78.518485961857721, 19.233600776454693 ], [ 78.518455037769868, 19.234769997637329 ], [ 78.518405296267474, 19.235446831905794 ], [ 78.518340965962864, 19.236629313592001 ], [ 78.518341638655784, 19.237965894110804 ], [ 78.518266782685956, 19.239243136461649 ], [ 78.518266352809974, 19.239753336247531 ], [ 78.518138642784223, 19.241088820492738 ], [ 78.518123154659918, 19.241675641617636 ], [ 78.518015489623224, 19.242911880279113 ], [ 78.517994411313111, 19.243575508003346 ], [ 78.517964809228602, 19.244153189318297 ], [ 78.517949323802327, 19.244731013625422 ], [ 78.517894435479889, 19.245452983968107 ], [ 78.518202526125719, 19.246015770711324 ], [ 78.518986100927862, 19.247034379732895 ], [ 78.519690070440447, 19.247925924441915 ], [ 78.520160570553969, 19.248413375876623 ], [ 78.520540730170637, 19.248895517714004 ], [ 78.520849542972101, 19.249386035836949 ], [ 78.521854230488429, 19.250637061151508 ], [ 78.525675370721842, 19.254979795581164 ], [ 78.528308499337811, 19.255997379375628 ], [ 78.531365697868694, 19.256923890625103 ], [ 78.535502704286444, 19.25826663329855 ], [ 78.536532660272343, 19.258581495091395 ] ] ] } },
{ "type": "Feature", "properties": { "REGION": 1.0, "STATE.NAME": "Telangana", "DISTRICT.NAME": "Adilabad", "DISTRICT.AREA": 3996.656205, "GRID_G0": "180281", "woodland": 0.65585718630477563, "maskWdl": 1.0, "cropland": 0.19991563315555627, "maskCrp": 0.0, "one": 0.14241505052866343, "maskOne": 0.0, "GRID.AREA": 0.82902805752487563, "REGION.AREA": 32202.066020262951 }, "geometry": { "type": "Polygon", "coordinates": [ [ [ 78.551031625602363, 19.266118067564797 ], [ 78.536532660272343, 19.266116881385972 ], [ 78.536532660272343, 19.258581495091395 ], [ 78.543252447442569, 19.260635590560128 ], [ 78.547351395450619, 19.261995815154823 ], [ 78.550543991412155, 19.265560315855961 ], [ 78.551031625602363, 19.266118067564797 ] ] ] } },
{ "type": "Feature", "properties": { "REGION": 1.0, "STATE.NAME": "Telangana", "DISTRICT.NAME": "Adilabad", "DISTRICT.AREA": 3996.656205, "GRID_G0": "180282", "woodland": 0.4689462085830724, "maskWdl": 1.0, "cropland": 0.34475174630893479, "maskCrp": 0.0, "one": 0.17738429341110756, "maskOne": 0.0, "GRID.AREA": 0.22385124077956164, "REGION.AREA": 32202.066020262951 }, "geometry": { "type": "Polygon", "coordinates": [ [ [ 78.616540104190435, 19.26611782314129 ], [ 78.60947616146683, 19.266118159643323 ], [ 78.610261726297665, 19.265135681166782 ], [ 78.611572023230337, 19.263864797022791 ], [ 78.613032896351115, 19.262766853407584 ], [ 78.614188257182377, 19.261783585044437 ], [ 78.615393578950545, 19.261044586938169 ], [ 78.615828628688348, 19.263735092300696 ], [ 78.616540104190435, 19.26611782314129 ] ] ] } },
{ "type": "Feature", "properties": { "REGION": 1.0, "STATE.NAME": "Telangana", "DISTRICT.NAME": "Adilabad", "DISTRICT.AREA": 3996.656205, "GRID_G0": "180286", "woodland": 0.79002857047647035, "maskWdl": 1.0, "cropland": 0.085726216219224299, "maskCrp": 0.0, "one": 0.12369356236163373, "maskOne": 0.0, "GRID.AREA": 12.415617942297235, "REGION.AREA": 32202.066020262951 }, "geometry": { "type": "Polygon", "coordinates": [ [ [ 78.797795913050848, 19.221116464095481 ], [ 78.806535721790198, 19.221115601082129 ], [ 78.806535721790198, 19.26611689787897 ], [ 78.763821492318357, 19.266117168980927 ], [ 78.764599951226842, 19.264191469460798 ], [ 78.765357570695414, 19.262409564449911 ], [ 78.766323950689809, 19.260132595243135 ], [ 78.766968332022941, 19.258787685203576 ], [ 78.767442181211777, 19.257364678037504 ], [ 78.767929563398695, 19.256560351379164 ], [ 78.769827832588476, 19.255347439332922 ], [ 78.771183336641741, 19.254356916138818 ], [ 78.771679782196259, 19.253994173692206 ], [ 78.772820071289289, 19.253009933161938 ], [ 78.774600540082943, 19.25167413325471 ], [ 78.775931412604692, 19.250641679170201 ], [ 78.778245996855333, 19.250186117695247 ], [ 78.779456594046621, 19.249848154268928 ], [ 78.780502311332668, 19.249332696147061 ], [ 78.782376636072968, 19.247582150495873 ], [ 78.783718521692492, 19.24636918628897 ], [ 78.784222200494241, 19.245862936325523 ], [ 78.784836095709295, 19.244174563505339 ], [ 78.786159990391297, 19.240685660714746 ], [ 78.789440523861117, 19.240653089968191 ], [ 78.790117081138419, 19.240482398643849 ], [ 78.791494713909984, 19.237350563577703 ], [ 78.792604935069733, 19.234898457697742 ], [ 78.794821122696703, 19.2304638152529 ], [ 78.795541802512219, 19.228509822270549 ], [ 78.796627323791995, 19.225605915880347 ], [ 78.79740690020833, 19.22235187643798 ], [ 78.797795913050848, 19.221116464095481 ] ] ] } },
{ "type": "Feature", "properties": { "REGION": 1.0, "STATE.NAME": "Telangana", "DISTRICT.NAME": "Adilabad", "DISTRICT.AREA": 3996.656205, "GRID_G0": "180287", "woodland": 0.9238597528263528, "maskWdl": 1.0, "cropland": 0.0048464342772832885, "maskCrp": 0.0, "one": 0.071293812896363912, "maskOne": 0.0, "GRID.AREA": 10.249946278834205, "REGION.AREA": 32202.066020262951 }, "geometry": { "type": "Polygon", "coordinates": [ [ [ 78.847468812078276, 19.266117300443291 ], [ 78.806535721790198, 19.26611689787897 ], [ 78.806535721790198, 19.221115601082129 ], [ 78.811519240898079, 19.221116147161144 ], [ 78.812145329843133, 19.221519750835913 ], [ 78.812970594517367, 19.224470296966672 ], [ 78.813668775093959, 19.226733522733923 ], [ 78.81510219820791, 19.231373136860835 ], [ 78.818042408430472, 19.234940773497954 ], [ 78.818375948091614, 19.235399447526504 ], [ 78.819052631273962, 19.239053234719055 ], [ 78.81975177232647, 19.243420535029713 ], [ 78.819685051623878, 19.246743361816755 ], [ 78.823967885809338, 19.249016382100418 ], [ 78.824634647670905, 19.249432515498256 ], [ 78.826668491457781, 19.250649390856776 ], [ 78.829144884428956, 19.252366441258289 ], [ 78.829674679542904, 19.252682110491037 ], [ 78.830134664783031, 19.252821190645477 ], [ 78.832090971721016, 19.253107245203239 ], [ 78.832851328725894, 19.253140234134548 ], [ 78.834147430759415, 19.25336247190063 ], [ 78.836150711985852, 19.253707612816132 ], [ 78.838163261625255, 19.254088887592161 ], [ 78.839597233325719, 19.254303160962138 ], [ 78.84025289125799, 19.254357882010709 ], [ 78.84094165143614, 19.254430950128324 ], [ 78.841510847647555, 19.254588847697224 ], [ 78.842085522528919, 19.254661017392095 ], [ 78.843249947627044, 19.254706111198118 ], [ 78.843895098779853, 19.255428976366201 ], [ 78.844402969321607, 19.256083182792679 ], [ 78.844865187578421, 19.256515629892476 ], [ 78.844955647685026, 19.257058221459832 ], [ 78.844898137838868, 19.257671838784404 ], [ 78.844721684558181, 19.258298118563342 ], [ 78.844620250923924, 19.259597729751476 ], [ 78.844754052057908, 19.260081890566827 ], [ 78.845225914644288, 19.260496415077569 ], [ 78.845745214669989, 19.260938399487603 ], [ 78.846350999798858, 19.261263695962842 ], [ 78.846972092288297, 19.261462567543504 ], [ 78.847725061362553, 19.261820593045972 ], [ 78.848449025502191, 19.26222347943008 ], [ 78.848849222014053, 19.262687116817062 ], [ 78.848544492134636, 19.263298817686348 ], [ 78.847867744201096, 19.265172040757136 ], [ 78.847468812078276, 19.266117300443291 ] ] ] } },
{ "type": "Feature", "properties": { "REGION": 1.0, "STATE.NAME": "Telangana", "DISTRICT.NAME": "Adilabad", "DISTRICT.AREA": 3996.656205, "GRID_G0": "179626", "woodland": 0.45800378348040888, "maskWdl": 1.0, "cropland": 0.35738449331550221, "maskCrp": 0.0, "one": 0.1731265937344974, "maskOne": 0.0, "GRID.AREA": 6.3673323374581834, "REGION.AREA": 32202.066020262951 }, "geometry": { "type": "Polygon", "coordinates": [ [ [ 78.356532096467092, 19.197824031145586 ], [ 78.356532096467092, 19.221115591242565 ], [ 78.31354325832929, 19.221115881586666 ], [ 78.313764306577539, 19.220852065370593 ], [ 78.31403557807954, 19.219983331065922 ], [ 78.314239520937178, 19.219601531085857 ], [ 78.314949310862062, 19.219044309347453 ], [ 78.31536178401916, 19.218714375967746 ], [ 78.315631449331988, 19.218409999521896 ], [ 78.316157548232297, 19.217277398733017 ], [ 78.316632838135035, 19.21643329685924 ], [ 78.317172978150495, 19.215743374756983 ], [ 78.317782706806554, 19.215207685486348 ], [ 78.318449395822995, 19.214677141237132 ], [ 78.319430752227504, 19.214059346561669 ], [ 78.320734360902065, 19.213535187498962 ], [ 78.322323472850044, 19.212982295096882 ], [ 78.323335788415946, 19.212992559958707 ], [ 78.323892667512666, 19.212930448281611 ], [ 78.324370828950634, 19.212677912355847 ], [ 78.325119839209265, 19.212008142261997 ], [ 78.325646338307934, 19.211654130433828 ], [ 78.326136278166757, 19.211363429079032 ], [ 78.326653784944256, 19.210993791530314 ], [ 78.327240172595964, 19.209992792133676 ], [ 78.327444515651905, 19.209574896064623 ], [ 78.327955949307693, 19.208893617346636 ], [ 78.328432931734483, 19.208315897360819 ], [ 78.328893509627846, 19.207936703616042 ], [ 78.329716787699624, 19.206996771783622 ], [ 78.330088777874835, 19.206892150052742 ], [ 78.33142833514961, 19.206964356619835 ], [ 78.333708512238104, 19.207095710698528 ], [ 78.335342521040559, 19.207188916435371 ], [ 78.336922690130109, 19.207430534591538 ], [ 78.338145233915498, 19.207772533275829 ], [ 78.338944431740188, 19.206859368864858 ], [ 78.339634761235288, 19.205908986010968 ], [ 78.340032481014248, 19.205614913097808 ], [ 78.340621991112073, 19.205607284148869 ], [ 78.34162478285748, 19.205617317884958 ], [ 78.342494776213016, 19.206032466525187 ], [ 78.343367749022434, 19.206605679108861 ], [ 78.34428644786135, 19.207350930201297 ], [ 78.345104399248669, 19.207309471455005 ], [ 78.34610724585275, 19.207324067451793 ], [ 78.347201445590315, 19.207235634417032 ], [ 78.348140859413206, 19.206531513818334 ], [ 78.34936984863964, 19.205866520023903 ], [ 78.350679470181433, 19.205206730606164 ], [ 78.351139697339192, 19.204850055885405 ], [ 78.351448359054586, 19.20444679088672 ], [ 78.351538418962946, 19.203616763402977 ], [ 78.351586170265605, 19.203161193834095 ], [ 78.351667543622284, 19.202683316581837 ], [ 78.352262151077468, 19.201781587050675 ], [ 78.352594576478566, 19.20137849382246 ], [ 78.353013853906305, 19.200420818366126 ], [ 78.353265057936142, 19.199195072094941 ], [ 78.353349571725403, 19.198861766257551 ], [ 78.354389902072398, 19.19847930077918 ], [ 78.356297442373148, 19.197911229619596 ], [ 78.356532096467092, 19.197824031145586 ] ] ] } },
{ "type": "Feature", "properties": { "REGION": 1.0, "STATE.NAME": "Telangana", "DISTRICT.NAME": "Adilabad", "DISTRICT.AREA": 3996.656205, "GRID_G0": "179627", "woodland": 0.40578924232573366, "maskWdl": 1.0, "cropland": 0.26722945267121972, "maskCrp": 0.0, "one": 0.3248357945924053, "maskOne": 0.0, "GRID.AREA": 19.785843840033046, "REGION.AREA": 32202.066020262951 }, "geometry": { "type": "Polygon", "coordinates": [ [ [ 78.401533409796329, 19.179976377539607 ], [ 78.401533409796329, 19.221115640047657 ], [ 78.356532096467092, 19.221115591242565 ], [ 78.356532096467092, 19.197824031145586 ], [ 78.356593290548005, 19.197801291096766 ], [ 78.356887943523816, 19.197804191410341 ], [ 78.357459553515639, 19.198126042582832 ], [ 78.358025657857866, 19.198511006377888 ], [ 78.359618452529617, 19.199759573845313 ], [ 78.360149179341192, 19.200342942472844 ], [ 78.361400952891699, 19.20018369951816 ], [ 78.362987306618948, 19.199860838407002 ], [ 78.363234002347383, 19.199470457995286 ], [ 78.363630212164594, 19.198882832876507 ], [ 78.364373852571305, 19.196952974999871 ], [ 78.364726254613004, 19.196026214638152 ], [ 78.365140404106398, 19.195100044231712 ], [ 78.365413288992158, 19.194059644636926 ], [ 78.36567629752318, 19.191745712394777 ], [ 78.3656807212883, 19.191343844043217 ], [ 78.36539569465566, 19.190893972578806 ], [ 78.364755689423589, 19.189447099204301 ], [ 78.364367873878336, 19.188409151161462 ], [ 78.364215686105069, 19.187987648810974 ], [ 78.364896013340399, 19.18663065098383 ], [ 78.365194228530868, 19.186308425693369 ], [ 78.366349969775342, 19.185367122394837 ], [ 78.367850809667175, 19.184591683759265 ], [ 78.368329503503844, 19.184280348359433 ], [ 78.368653149723116, 19.183804867800461 ], [ 78.369024593110566, 19.182864732721271 ], [ 78.369344723879976, 19.182280861372703 ], [ 78.370540471465645, 19.182017261987085 ], [ 78.371031048044472, 19.18192725334012 ], [ 78.371750065013543, 19.181798890406526 ], [ 78.37328322833838, 19.181538611317933 ], [ 78.373721031800244, 19.181488782581312 ], [ 78.374365266543862, 19.18168482579415 ], [ 78.375542840629635, 19.181786720780565 ], [ 78.37613218974883, 19.181783540777815 ], [ 78.376595772277142, 19.181544278845422 ], [ 78.377271833128646, 19.181004511149293 ], [ 78.377864293902121, 19.180712297134846 ], [ 78.378656546262675, 19.180408587985998 ], [ 78.379286513262059, 19.180170863894318 ], [ 78.380095459737731, 19.17963694359014 ], [ 78.380699014547929, 19.179209402292145 ], [ 78.381334403559947, 19.179337645615931 ], [ 78.382149438445879, 19.179562423966729 ], [ 78.38302643752013, 19.179769695215324 ], [ 78.383560481930772, 19.179607855018556 ], [ 78.384187099854842, 19.179230226993415 ], [ 78.38519714553189, 19.178133762762968 ], [ 78.386603548514984, 19.176847037960496 ], [ 78.387552598683456, 19.176115568156348 ], [ 78.389351441819926, 19.176115477069722 ], [ 78.390168207496856, 19.176385291847797 ], [ 78.390873901909117, 19.176613517300041 ], [ 78.392360796913295, 19.176230692992135 ], [ 78.393527285056223, 19.176472352517127 ], [ 78.394272161131369, 19.176592544210621 ], [ 78.395252311544994, 19.177360794565061 ], [ 78.39737396333777, 19.178935019135849 ], [ 78.398227435247975, 19.179995532068173 ], [ 78.399143301222409, 19.180130954679836 ], [ 78.400212695859295, 19.180123315838387 ], [ 78.400730725142921, 19.18011935972072 ], [ 78.401533409796329, 19.179976377539607 ] ] ] } },
{ "type": "Feature", "properties": { "REGION": 1.0, "STATE.NAME": "Telangana", "DISTRICT.NAME": "Adilabad", "DISTRICT.AREA": 3996.656205, "GRID_G0": "179628", "woodland": 0.41891706722671029, "maskWdl": 1.0, "cropland": 0.34657420405936523, "maskCrp": 0.0, "one": 0.22325708119380008, "maskOne": 0.0, "GRID.AREA": 22.653547217091269, "REGION.AREA": 32202.066020262951 }, "geometry": { "type": "Polygon", "coordinates": [ [ [ 78.446534648681762, 19.179835300219036 ], [ 78.446534648681762, 19.221115596305257 ], [ 78.401533409796329, 19.221115640047657 ], [ 78.401533409796329, 19.179976377539607 ], [ 78.401716407286415, 19.179943779681761 ], [ 78.402858917704918, 19.179331705593768 ], [ 78.404420554465048, 19.178190921873579 ], [ 78.404282957292708, 19.176843869648909 ], [ 78.404247794595705, 19.176114706616119 ], [ 78.433683505084161, 19.176115479119076 ], [ 78.433746216115026, 19.17616250369662 ], [ 78.433911209334894, 19.176737585970841 ], [ 78.434218580523122, 19.178673334406877 ], [ 78.434263179702043, 19.179396267923497 ], [ 78.434582463310107, 19.179760597673521 ], [ 78.435553868716113, 19.181372984975326 ], [ 78.435365963468485, 19.182509147978863 ], [ 78.435227731374766, 19.183000044716319 ], [ 78.435816485142723, 19.183949470691573 ], [ 78.43618114404461, 19.184517482495895 ], [ 78.438552499798107, 19.183641618366039 ], [ 78.441578090756366, 19.182473899950594 ], [ 78.443991371104971, 19.18121897967222 ], [ 78.445764437578816, 19.180292093405459 ], [ 78.446534648681762, 19.179835300219036 ] ] ] } },
{ "type": "Feature", "properties": { "REGION": 1.0, "STATE.NAME": "Telangana", "DISTRICT.NAME": "Adilabad", "DISTRICT.AREA": 3996.656205, "GRID_G0": "179629", "woodland": 0.48502362647353847, "maskWdl": 1.0, "cropland": 0.36630583803719613, "maskCrp": 0.0, "one": 0.14156583666788736, "maskOne": 0.0, "GRID.AREA": 3.9982835522625448, "REGION.AREA": 32202.066020262951 }, "geometry": { "type": "Polygon", "coordinates": [ [ [ 78.457982001831596, 19.221116652156361 ], [ 78.446534648681762, 19.221115596305257 ], [ 78.446534648681762, 19.179835300219036 ], [ 78.447390444213681, 19.179327742281544 ], [ 78.448421870373068, 19.178867959388867 ], [ 78.449364524453301, 19.180064546041987 ], [ 78.449281884851189, 19.18069147243358 ], [ 78.449252819661979, 19.182091101723017 ], [ 78.449240594278081, 19.18280443857401 ], [ 78.449713740197012, 19.183906308629279 ], [ 78.450324325007671, 19.185041021925656 ], [ 78.451563978394972, 19.186475320080035 ], [ 78.45241305172101, 19.187531072900754 ], [ 78.453144002693648, 19.188531505724487 ], [ 78.454344335922428, 19.190087224945501 ], [ 78.454622785812944, 19.190722154403943 ], [ 78.454760278663969, 19.191662673493621 ], [ 78.455132731990034, 19.192853845328727 ], [ 78.455992822011183, 19.194225759311394 ], [ 78.456583939197515, 19.195414526359343 ], [ 78.456547157825128, 19.196651479981881 ], [ 78.456527981581132, 19.197576967802888 ], [ 78.456525466177368, 19.197811829352478 ], [ 78.45612343414922, 19.198982081158192 ], [ 78.455554129119832, 19.200241036694536 ], [ 78.455000769969615, 19.202236232116491 ], [ 78.455017171805082, 19.204742597692757 ], [ 78.455067259546468, 19.205402338547117 ], [ 78.45493088095543, 19.2061641722388 ], [ 78.45537209734448, 19.208502990520628 ], [ 78.456134212523921, 19.211070592733734 ], [ 78.456956351154759, 19.212442046263448 ], [ 78.457174988934639, 19.212895742544561 ], [ 78.45723284501986, 19.214174207973372 ], [ 78.45726013224936, 19.215194964576025 ], [ 78.457172013977299, 19.216801662766557 ], [ 78.457272155285807, 19.217674145445528 ], [ 78.457647151894605, 19.219533605291705 ], [ 78.457982001831596, 19.221116652156361 ] ] ] } },
{ "type": "Feature", "properties": { "REGION": 1.0, "STATE.NAME": "Telangana", "DISTRICT.NAME": "Adilabad", "DISTRICT.AREA": 3996.656205, "GRID_G0": "179636", "woodland": 0.93633915369361043, "maskWdl": 1.0, "cropland": 0.00043430568665522065, "maskCrp": 0.0, "one": 0.063226540619734289, "maskOne": 0.0, "GRID.AREA": 0.45120750734337295, "REGION.AREA": 32202.066020262951 }, "geometry": { "type": "Polygon", "coordinates": [ [ [ 78.806535721790198, 19.21835013700532 ], [ 78.806535721790198, 19.221115601082129 ], [ 78.797795913050848, 19.221116464095481 ], [ 78.799264881569059, 19.216451194267279 ], [ 78.799960857907308, 19.214045423257744 ], [ 78.800556806251677, 19.213846950076743 ], [ 78.801786773041215, 19.21615059497401 ], [ 78.802010426340132, 19.216671581228525 ], [ 78.802689579060882, 19.216735657924346 ], [ 78.804688980612013, 19.216936556576854 ], [ 78.805338858601488, 19.217086147108031 ], [ 78.806530486392887, 19.218346410258675 ], [ 78.806535721790198, 19.21835013700532 ] ] ] } },
{ "type": "Feature", "properties": { "REGION": 1.0, "STATE.NAME": "Telangana", "DISTRICT.NAME": "Adilabad", "DISTRICT.AREA": 3996.656205, "GRID_G0": "179637", "woodland": 0.83597590154715107, "maskWdl": 1.0, "cropland": 0.014217089381281, "maskCrp": 0.0, "one": 0.14968746439810193, "maskOne": 0.0, "GRID.AREA": 0.079226955568043336, "REGION.AREA": 32202.066020262951 }, "geometry": { "type": "Polygon", "coordinates": [ [ [ 78.811519240898079, 19.221116147161144 ], [ 78.806535721790198, 19.221115601082129 ], [ 78.806535721790198, 19.21835013700532 ], [ 78.807498999579252, 19.219035827841253 ], [ 78.810457745728456, 19.220431852647948 ], [ 78.811519240898079, 19.221116147161144 ] ] ] } },
{ "type": "Feature", "properties": { "REGION": 1.0, "STATE.NAME": "Telangana", "DISTRICT.NAME": "Adilabad", "DISTRICT.AREA": 3996.656205, "GRID_G0": "178977", "woodland": 0.44154427293763315, "maskWdl": 1.0, "cropland": 0.35631933349045442, "maskCrp": 0.0, "one": 0.19666413401431027, "maskOne": 0.0, "GRID.AREA": 0.0031036751954573432, "REGION.AREA": 32202.066020262951 }, "geometry": { "type": "Polygon", "coordinates": [ [ [ 78.389351441819926, 19.176115477069722 ], [ 78.387552598683456, 19.176115568156348 ], [ 78.387581304933349, 19.176093442958063 ], [ 78.388477620545814, 19.175826809259888 ], [ 78.389351441819926, 19.176115477069722 ] ] ] } },
{ "type": "Feature", "properties": { "REGION": 1.0, "STATE.NAME": "Telangana", "DISTRICT.NAME": "Adilabad", "DISTRICT.AREA": 3996.656205, "GRID_G0": "178978", "woodland": 0.53386026208437043, "maskWdl": 1.0, "cropland": 0.27173739221130672, "maskCrp": 0.0, "one": 0.17284758617520807, "maskOne": 0.0, "GRID.AREA": 0.6009176660781268, "REGION.AREA": 32202.066020262951 }, "geometry": { "type": "Polygon", "coordinates": [ [ [ 78.433683505084161, 19.176115479119076 ], [ 78.404247794595705, 19.176114706616119 ], [ 78.404216941658603, 19.175474909039849 ], [ 78.404781296819465, 19.175141795657396 ], [ 78.406368594834817, 19.17382056926391 ], [ 78.407002828218026, 19.173623454059229 ], [ 78.408203630892899, 19.173328114900642 ], [ 78.409464484898137, 19.173191345104559 ], [ 78.411508782404439, 19.173116316464871 ], [ 78.412302446700608, 19.173115000756749 ], [ 78.413430942084346, 19.172918287548953 ], [ 78.414614965208557, 19.172405925792873 ], [ 78.415090398103473, 19.172830457060002 ], [ 78.41671471131491, 19.174259685735933 ], [ 78.41846131793551, 19.175360378578659 ], [ 78.419166519519308, 19.17563363848166 ], [ 78.421065157431144, 19.175850664676492 ], [ 78.422381303554346, 19.175434406272871 ], [ 78.42513680831712, 19.175519646714346 ], [ 78.425560528395749, 19.17545601878027 ], [ 78.426519461104306, 19.175108561211179 ], [ 78.428522602036537, 19.174441431526873 ], [ 78.429624249959204, 19.174077195306381 ], [ 78.430172104359201, 19.173513521831641 ], [ 78.430662905768543, 19.17294474110696 ], [ 78.430960232428845, 19.172690148431627 ], [ 78.430998501279873, 19.173110546414648 ], [ 78.431313568866187, 19.174319232546623 ], [ 78.432666518844826, 19.175352873736184 ], [ 78.433683505084161, 19.176115479119076 ] ] ] } }
]
}
