{
"type": "FeatureCollection",
"name": "Region 1 Cropland Mask",
"crs": { "type": "name", "properties": { "name": "urn:ogc:def:crs:OGC:1.3:CRS84" } },
"features": [
{ "type": "Feature", "properties": { "REGION": 1.0, "STATE.NAME": "Maharashtra", "DISTRICT.NAME": "Gadchiroli", "DISTRICT.AREA": 14527.292838, "GRID_G0": "201764", "woodland": 0.14831651893348474, "maskWdl": 0.0, "cropland": 0.75957490746821954, "maskCrp": 1.0, "one": 0.062555778361679817, "maskOne": 0.0, "GRID.AREA": 1.1021276678740228, "REGION.AREA": 32202.066020262951 }, "geometry": { "type": "Polygon", "coordinates": [ [ [ 80.042236244423449, 20.706118121343003 ], [ 80.066534923665401, 20.706116664382307 ], [ 80.066534923665401, 20.71006396835028 ], [ 80.06629793340295, 20.710116103275599 ], [ 80.065287672787917, 20.710646570183147 ], [ 80.064329189740363, 20.711130840715779 ], [ 80.063572554130133, 20.711214115239272 ], [ 80.062432162514369, 20.711521862344114 ], [ 80.060615645295854, 20.711861508401967 ], [ 80.059645074460661, 20.711831815485937 ], [ 80.059163228500267, 20.711963613829766 ], [ 80.059088189068746, 20.712037314170743 ], [ 80.058657826597482, 20.712321303885115 ], [ 80.058472228110872, 20.712388145996215 ], [ 80.058319759749168, 20.712436397321937 ], [ 80.057995067618322, 20.712515340710468 ], [ 80.057707698251704, 20.7125482837763 ], [ 80.057620289544786, 20.712504997607596 ], [ 80.057537971899933, 20.712475136518378 ], [ 80.057511833104684, 20.712385474110416 ], [ 80.057518025836259, 20.712236478031059 ], [ 80.057545175469556, 20.711960827730081 ], [ 80.057601172656064, 20.711481725601228 ], [ 80.05759579381089, 20.711251798631682 ], [ 80.057614251496545, 20.711215279861335 ], [ 80.057534135392075, 20.711077168276748 ], [ 80.057302545576079, 20.71102786474421 ], [ 80.056691174757987, 20.711369583739327 ], [ 80.055939301957281, 20.711863197328743 ], [ 80.055682449285655, 20.712175166750569 ], [ 80.055361321168107, 20.710964108207065 ], [ 80.054754187056119, 20.710458021020884 ], [ 80.053569468756052, 20.7094812412663 ], [ 80.052877911686323, 20.709265532578343 ], [ 80.052557351041003, 20.708902262229682 ], [ 80.050430364469776, 20.708900951917428 ], [ 80.049648472299225, 20.709133434760247 ], [ 80.047762444681169, 20.709172291767917 ], [ 80.0467838339069, 20.709002996191373 ], [ 80.045528948702113, 20.708717617024433 ], [ 80.044695867120652, 20.708198038208931 ], [ 80.043193686339634, 20.706988673988178 ], [ 80.04239887001188, 20.706251928683628 ], [ 80.042236244423449, 20.706118121343003 ] ] ] } },
{ "type": "Feature", "properties": { "REGION": 1.0, "STATE.NAME": "Maharashtra", "DISTRICT.NAME": "Gadchiroli", "DISTRICT.AREA": 14527.292838, "GRID_G0": "201765", "woodland": 0.35474527714517123, "maskWdl": 0.0, "cropland": 0.57256217888480987, "maskCrp": 1.0, "one": 0.066398034615815962, "maskOne": 0.0, "GRID.AREA": 0.1513238073310943, "REGION.AREA": 32202.066020262951 }, "geometry": { "type": "Polygon", "coordinates": [ [ [ 80.066534923665401, 20.71006396835028 ], [ 80.066534923665401, 20.706116664382307 ], [ 80.072432432147593, 20.706117330819833 ], [ 80.071785188235879, 20.706615760209218 ], [ 80.070666648347185, 20.707644614307583 ], [ 80.069929814009754, 20.708160362910466 ], [ 80.068272738496148, 20.709159739930101 ], [ 80.067248429571407, 20.709907003705325 ], [ 80.066534923665401, 20.71006396835028 ] ] ] } },
{ "type": "Feature", "properties": { "REGION": 1.0, "STATE.NAME": "Maharashtra", "DISTRICT.NAME": "Gadchiroli", "DISTRICT.AREA": 14527.292838, "GRID_G0": "201111", "woodland": 0.11656141382733748, "maskWdl": 0.0, "cropland": 0.57159870451067984, "maskCrp": 1.0, "one": 0.21711453765653302, "maskOne": 0.0, "GRID.AREA": 0.046240228515946342, "REGION.AREA": 32202.066020262951 }, "geometry": { "type": "MultiPolygon", "coordinates": [ [ [ [ 79.931535627200489, 20.667832168147697 ], [ 79.931535627200489, 20.672235406856021 ], [ 79.931167953937972, 20.671691078680396 ], [ 79.930355606226328, 20.67057070237604 ], [ 79.929848843649268, 20.669809515296944 ], [ 79.929621255816357, 20.669502735862633 ], [ 79.930171529392624, 20.669216748754028 ], [ 79.930679515047643, 20.66875107710058 ], [ 79.931172843551963, 20.668281259572495 ], [ 79.931535627200489, 20.667832168147697 ] ] ], [ [ [ 79.931535627200489, 20.673956584169105 ], [ 79.931535627200489, 20.674758321655574 ], [ 79.931514094000306, 20.674701650061142 ], [ 79.931468907564067, 20.674400339404201 ], [ 79.931495643509209, 20.674093084228499 ], [ 79.931535627200489, 20.673956584169105 ] ] ] ] } },
{ "type": "Feature", "properties": { "REGION": 1.0, "STATE.NAME": "Maharashtra", "DISTRICT.NAME": "Gadchiroli", "DISTRICT.AREA": 14527.292838, "GRID_G0": "201114", "woodland": 0.13744759153138597, "maskWdl": 0.0, "cropland": 0.64715438939377634, "maskCrp": 1.0, "one": 0.1748818989060533, "maskOne": 0.0, "GRID.AREA": 20.344575404538624, "REGION.AREA": 32202.066020262951 }, "geometry": { "type": "Polygon", "coordinates": [ [ [ 80.021533747255191, 20.674261187218395 ], [ 80.021533747255191, 20.661115423233007 ], [ 80.066534923665401, 20.661115455374933 ], [ 80.066534923665401, 20.706116664382307 ], [ 80.042236244423449, 20.706118121343003 ], [ 80.041532424481886, 20.705539018111264 ], [ 80.040397620353929, 20.704637816482091 ], [ 80.039767617381699, 20.704177203515201 ], [ 80.038692289917321, 20.703355899455236 ], [ 80.03822390770722, 20.703031725333915 ], [ 80.037774485903867, 20.702698164089043 ], [ 80.037006743666325, 20.702100629340638 ], [ 80.035885040862027, 20.701347834734857 ], [ 80.034354731985331, 20.700360046379107 ], [ 80.033568451123188, 20.699785307645865 ], [ 80.032596435976814, 20.699070073225361 ], [ 80.032042472482203, 20.698779192006157 ], [ 80.031225403329756, 20.698119469138248 ], [ 80.030339618778441, 20.696978564009559 ], [ 80.029929939814906, 20.695872972559698 ], [ 80.029749250727377, 20.694704063441804 ], [ 80.029262528642846, 20.692549290517377 ], [ 80.028926270331169, 20.689227761452063 ], [ 80.028645503787004, 20.686640333684522 ], [ 80.028437297243556, 20.685106686524421 ], [ 80.027697704685409, 20.683845547434093 ], [ 80.027099230145438, 20.682049304531802 ], [ 80.026548532988443, 20.681068360916186 ], [ 80.025324335349865, 20.679194690882351 ], [ 80.024296376976281, 20.677709275262885 ], [ 80.022433414270722, 20.675194661104797 ], [ 80.021533747255191, 20.674261187218395 ] ] ] } },
{ "type": "Feature", "properties": { "REGION": 1.0, "STATE.NAME": "Maharashtra", "DISTRICT.NAME": "Gadchiroli", "DISTRICT.AREA": 14527.292838, "GRID_G0": "201117", "woodland": 0.26931178816712997, "maskWdl": 0.0, "cropland": 0.65455080811727173, "maskCrp": 1.0, "one": 0.057995705661188071, "maskOne": 0.0, "GRID.AREA": 10.209143040108, "REGION.AREA": 32202.066020262951 }, "geometry": { "type": "Polygon", "coordinates": [ [ [ 80.156537424750198, 20.69353429562268 ], [ 80.156537424750198, 20.661115451129575 ], [ 80.201534259565875, 20.66111544239897 ], [ 80.201534259565875, 20.666909055581513 ], [ 80.201416345787777, 20.666885731191599 ], [ 80.201320287401415, 20.666883192405461 ], [ 80.20116751147151, 20.666918069013722 ], [ 80.201000790654007, 20.666971265711371 ], [ 80.200835113050061, 20.667069523839533 ], [ 80.200736554548428, 20.667157300369187 ], [ 80.200629259133052, 20.667285831475965 ], [ 80.200593254774958, 20.667385757846489 ], [ 80.200598573365539, 20.667606657421349 ], [ 80.200703397443874, 20.668361945847149 ], [ 80.200748805113335, 20.669050912869409 ], [ 80.200715086831849, 20.669240963899426 ], [ 80.200637036470141, 20.669386930162773 ], [ 80.200425776728252, 20.669585495074614 ], [ 80.200254987377832, 20.669665735285488 ], [ 80.199891560547144, 20.669723145306932 ], [ 80.199634085544687, 20.669796234108958 ], [ 80.199458402982941, 20.669872157574048 ], [ 80.19925546286936, 20.670016264938738 ], [ 80.19916501805119, 20.670045354409638 ], [ 80.199085090804374, 20.670114711025121 ], [ 80.19845097433307, 20.670493539645179 ], [ 80.198134795184728, 20.67071670281365 ], [ 80.198083903449458, 20.670794484278076 ], [ 80.197951002536797, 20.671054285826699 ], [ 80.197895017041446, 20.671321528365866 ], [ 80.19786806076246, 20.671592685653994 ], [ 80.197820286976707, 20.671796642900802 ], [ 80.197756080778561, 20.671924289074752 ], [ 80.197661787761376, 20.671993848937007 ], [ 80.197563436103735, 20.672095234907204 ], [ 80.197038890332578, 20.672435654382014 ], [ 80.196884236618303, 20.672592202967849 ], [ 80.196742375760095, 20.672874823914015 ], [ 80.196689608938357, 20.673074372684201 ], [ 80.196662245266452, 20.673336519664705 ], [ 80.196664744482405, 20.674229256874753 ], [ 80.196679842300966, 20.674458885269416 ], [ 80.196667971249951, 20.674756879226663 ], [ 80.196610214090185, 20.674951927789266 ], [ 80.19631463031601, 20.675431838408656 ], [ 80.196154452965686, 20.675556942199194 ], [ 80.195911322149868, 20.675625223225495 ], [ 80.195849498255825, 20.675649123608196 ], [ 80.195255407910793, 20.675891864118285 ], [ 80.195029973054886, 20.675901169403517 ], [ 80.194933803152537, 20.675894212248124 ], [ 80.194856056761694, 20.675855226637452 ], [ 80.194772378442565, 20.675771367554603 ], [ 80.194573478083612, 20.675482472937798 ], [ 80.194400712922629, 20.675287813781605 ], [ 80.193983049777955, 20.674890862923004 ], [ 80.193797268729043, 20.674750481449621 ], [ 80.19372951650405, 20.674729415729981 ], [ 80.193680389238651, 20.674680918889351 ], [ 80.192847963262977, 20.674594985070538 ], [ 80.191950808582988, 20.674618662421377 ], [ 80.19112192143956, 20.674681426106982 ], [ 80.190807707309887, 20.674791911417628 ], [ 80.190646482249406, 20.674871943885137 ], [ 80.190434255736363, 20.675025340347247 ], [ 80.189992944019195, 20.675436078712099 ], [ 80.189708179089223, 20.675572919554668 ], [ 80.189317564853809, 20.675698488294646 ], [ 80.189076402653939, 20.675848056342776 ], [ 80.18894983206917, 20.67597246585666 ], [ 80.18863550372555, 20.676073841934286 ], [ 80.188448889904407, 20.676100285599773 ], [ 80.188160694060855, 20.676093012782363 ], [ 80.188049643975944, 20.676068318298288 ], [ 80.187905592369248, 20.676062336907368 ], [ 80.18767328759219, 20.675981602968651 ], [ 80.187441716661965, 20.675937009185702 ], [ 80.187167677046716, 20.675920244024098 ], [ 80.186990218323956, 20.675924050854292 ], [ 80.186487925377492, 20.675997879798391 ], [ 80.186240313239921, 20.676079854801518 ], [ 80.186059834593721, 20.67616036570837 ], [ 80.185960742794123, 20.67623010903236 ], [ 80.185740184062297, 20.67644218625793 ], [ 80.18563004499066, 20.676647505078336 ], [ 80.185599856548208, 20.676792484785381 ], [ 80.185564434051457, 20.67710890225408 ], [ 80.185292317186736, 20.677768563068753 ], [ 80.184828198662501, 20.678030969054021 ], [ 80.184243659117612, 20.678277885116355 ], [ 80.183854498186577, 20.678263645251096 ], [ 80.183269571033918, 20.678091271295159 ], [ 80.183202339516413, 20.678092640063312 ], [ 80.182389343393538, 20.67821824567557 ], [ 80.181840814502038, 20.678360724367963 ], [ 80.181606318077172, 20.678392735736224 ], [ 80.181419174555344, 20.67839222582063 ], [ 80.181307610058241, 20.678349501728178 ], [ 80.181122559258768, 20.678236235713765 ], [ 80.180774134019146, 20.6779234982709 ], [ 80.180672344253367, 20.677880578126235 ], [ 80.180512793730486, 20.677834325094068 ], [ 80.180185047501993, 20.677778247867877 ], [ 80.180060152354201, 20.677776373680729 ], [ 80.179768820574679, 20.677836685814437 ], [ 80.179448035098801, 20.677870544390149 ], [ 80.179322829684907, 20.677855151594034 ], [ 80.179196377810626, 20.677785681663924 ], [ 80.179096897503882, 20.677643521331504 ], [ 80.179007092103689, 20.677501076813314 ], [ 80.178809987690855, 20.677288862890748 ], [ 80.178545029429642, 20.677050976921127 ], [ 80.178327307159577, 20.676983545754069 ], [ 80.17802942831554, 20.676971756541377 ], [ 80.177857689280984, 20.677016105708788 ], [ 80.177682297200306, 20.677105520803199 ], [ 80.177573732841552, 20.677184373360205 ], [ 80.177429451008436, 20.677372437787824 ], [ 80.177355846894898, 20.677504683094696 ], [ 80.177279523231448, 20.677722739912554 ], [ 80.177206513569786, 20.678080585550617 ], [ 80.177184612380017, 20.678365164320951 ], [ 80.177171147730348, 20.678599884676998 ], [ 80.177164683403475, 20.678735271315755 ], [ 80.177086289500721, 20.678867799009765 ], [ 80.176913966806197, 20.679281771336719 ], [ 80.17670586548337, 20.679615402728697 ], [ 80.176419183198789, 20.679869573621996 ], [ 80.176254085657604, 20.679985739949984 ], [ 80.176088267759383, 20.680079558125161 ], [ 80.175449786878232, 20.680273438468475 ], [ 80.175278871622709, 20.680353742531224 ], [ 80.175051739746038, 20.680489386376109 ], [ 80.174851550658616, 20.680750625041355 ], [ 80.174667475623551, 20.681079169867871 ], [ 80.174509650000402, 20.681303482369852 ], [ 80.174392636511016, 20.681427775871214 ], [ 80.174063160886249, 20.681696339514531 ], [ 80.173784290112962, 20.681878115882398 ], [ 80.173561636860086, 20.682004646896985 ], [ 80.173179248723386, 20.682468154781589 ], [ 80.173048083502295, 20.682606258272248 ], [ 80.172852702190539, 20.682664606286608 ], [ 80.172546063050461, 20.682689053457125 ], [ 80.172300633567431, 20.682662754582513 ], [ 80.17202472336237, 20.682569352793454 ], [ 80.171549502707421, 20.68236756201344 ], [ 80.171177213058002, 20.682258264707173 ], [ 80.170873713451158, 20.682215107141531 ], [ 80.170681781039434, 20.682219187365657 ], [ 80.170510652644566, 20.682290473026967 ], [ 80.170283816644883, 20.682435030052659 ], [ 80.170236662492016, 20.682472146872158 ], [ 80.170176073367145, 20.682550020966744 ], [ 80.170125159148824, 20.682627792538653 ], [ 80.16997530871356, 20.682982779231907 ], [ 80.169905447578401, 20.68306986148497 ], [ 80.16985870621437, 20.683125004315571 ], [ 80.169774789574944, 20.683225990087408 ], [ 80.169729388200778, 20.683335208253311 ], [ 80.169688981661238, 20.683453251466457 ], [ 80.169674061009175, 20.68362948081591 ], [ 80.169579497296013, 20.683888572799447 ], [ 80.169524413820682, 20.683993388783904 ], [ 80.169354111902805, 20.684100723769461 ], [ 80.169292279914828, 20.684124614259584 ], [ 80.168685219547285, 20.68422774941115 ], [ 80.168546883132194, 20.684266714337465 ], [ 80.16835274108621, 20.684379041459636 ], [ 80.168263930336209, 20.684475616056886 ], [ 80.168212808374449, 20.684544375522535 ], [ 80.168189595073784, 20.684580914077969 ], [ 80.16814263877184, 20.684622444770074 ], [ 80.168063203454153, 20.684714411241142 ], [ 80.167988860997198, 20.684815199162188 ], [ 80.16793743416531, 20.684874853891472 ], [ 80.167866748351798, 20.684930481456604 ], [ 80.167593161994887, 20.685130268547084 ], [ 80.167280545960466, 20.685303701904388 ], [ 80.166840573333843, 20.685773049986324 ], [ 80.166807986399547, 20.685818796700175 ], [ 80.166752585463485, 20.685905676605728 ], [ 80.166705428612715, 20.685942700795067 ], [ 80.166673666356701, 20.686020081161871 ], [ 80.166627330586891, 20.686088741702122 ], [ 80.166562356367706, 20.686180325062026 ], [ 80.166502172837056, 20.686271626934062 ], [ 80.166339950428437, 20.686514144412289 ], [ 80.166180877445584, 20.68708572832378 ], [ 80.166024220941097, 20.687557981215893 ], [ 80.16586467851215, 20.687913068633236 ], [ 80.165716400991187, 20.688132764015901 ], [ 80.165514223502669, 20.688312879335967 ], [ 80.165358169543936, 20.688410906338333 ], [ 80.165197010133966, 20.688491004456353 ], [ 80.164415244767781, 20.688724082650367 ], [ 80.164290954863759, 20.688744635756393 ], [ 80.163885807583995, 20.688866016353643 ], [ 80.163659067811807, 20.689024175625264 ], [ 80.163603042746274, 20.689083923884031 ], [ 80.163576066682197, 20.689161208922712 ], [ 80.163546410638389, 20.689522591594368 ], [ 80.163558876141281, 20.689644069318376 ], [ 80.163714320359645, 20.689920362634663 ], [ 80.163803911721232, 20.690053714107648 ], [ 80.163941897400719, 20.690199612921845 ], [ 80.164240123383024, 20.690626214428281 ], [ 80.164342376299658, 20.690881044524644 ], [ 80.164389805645044, 20.691060425098613 ], [ 80.164394651192254, 20.691263214126081 ], [ 80.164335702430776, 20.691408868324686 ], [ 80.164276541429274, 20.691540910384731 ], [ 80.164180004603566, 20.691718792688164 ], [ 80.163934925856211, 20.691908884187686 ], [ 80.16366734786989, 20.692162554158585 ], [ 80.163077505022898, 20.692788405860313 ], [ 80.162929939764979, 20.693039460602677 ], [ 80.162840658669495, 20.693316387941024 ], [ 80.162731094264643, 20.693553237891649 ], [ 80.162595833530929, 20.693718470331191 ], [ 80.162430813331412, 20.693843727905744 ], [ 80.162188555757325, 20.693948006994955 ], [ 80.161724075705592, 20.693998537202788 ], [ 80.160691774505835, 20.693993294155234 ], [ 80.160362091137642, 20.694059035496139 ], [ 80.159670438739795, 20.694244998208148 ], [ 80.159363666500042, 20.694265004526414 ], [ 80.159166412799777, 20.694246633175627 ], [ 80.158761091950907, 20.694160516794451 ], [ 80.158520640215443, 20.694143109516915 ], [ 80.158026501421944, 20.694158067940521 ], [ 80.157949372865346, 20.694146192392903 ], [ 80.157401855711157, 20.693738323764702 ], [ 80.157172578951418, 20.693585432721594 ], [ 80.157070893507012, 20.693551507596055 ], [ 80.15678713941503, 20.693530466158105 ], [ 80.156628914492842, 20.693538356809768 ], [ 80.156537424750198, 20.69353429562268 ] ] ] } },
{ "type": "Feature", "properties": { "REGION": 1.0, "STATE.NAME": "Maharashtra", "DISTRICT.NAME": "Gadchiroli", "DISTRICT.AREA": 14527.292838, "GRID_G0": "200462", "woodland": 0.11271246514894788, "maskWdl": 0.0, "cropland": 0.59312239625178464, "maskCrp": 1.0, "one": 0.12991644212584164, "maskOne": 0.0, "GRID.AREA": 20.048328081207725, "REGION.AREA": 32202.066020262951 }, "geometry": { "type": "Polygon", "coordinates": [ [ [ 79.938709849318911, 20.616119395328798 ], [ 79.976536957850612, 20.616118610071524 ], [ 79.976536957850627, 20.661115402321141 ], [ 79.934971667461781, 20.661115816531275 ], [ 79.935107408979775, 20.660116206797568 ], [ 79.935329131434344, 20.658880444776745 ], [ 79.935489180181605, 20.657673074352942 ], [ 79.93575407998685, 20.656436413010113 ], [ 79.935884722701871, 20.655207053262924 ], [ 79.93607206857115, 20.653290999080411 ], [ 79.936158765914399, 20.651385940908483 ], [ 79.936424593819993, 20.65083039280842 ], [ 79.936664950227339, 20.650207789457966 ], [ 79.936907142150972, 20.648385298043138 ], [ 79.937106703511631, 20.647655169050839 ], [ 79.937234922553671, 20.647170007290072 ], [ 79.937634316870287, 20.6459397581134 ], [ 79.937782840805539, 20.644646957491144 ], [ 79.937977892066101, 20.643506475043868 ], [ 79.938233168226191, 20.642265499653146 ], [ 79.938329973049861, 20.641663712010768 ], [ 79.938372967838234, 20.641013440118229 ], [ 79.938372681853821, 20.640363975816857 ], [ 79.938397348458921, 20.639371395873301 ], [ 79.938420564457545, 20.638437125273185 ], [ 79.938387533258094, 20.637824344318062 ], [ 79.938494964471104, 20.637263028865732 ], [ 79.938653232560682, 20.636619428144112 ], [ 79.938952337180694, 20.635413699882406 ], [ 79.939180593209869, 20.634890510288873 ], [ 79.939650879284727, 20.633613764363758 ], [ 79.939950646705029, 20.633071107145952 ], [ 79.940139925217409, 20.632526105395467 ], [ 79.940226565903359, 20.631897374064632 ], [ 79.940327183852503, 20.631250439556197 ], [ 79.940319229349029, 20.630686781369889 ], [ 79.940318455932072, 20.630014883480154 ], [ 79.940161055688236, 20.629413552693332 ], [ 79.940065214937775, 20.628995991172133 ], [ 79.939878612807775, 20.628165378229653 ], [ 79.939849793133476, 20.62752096721891 ], [ 79.939681288061024, 20.626861234458431 ], [ 79.939534138289901, 20.626286853655419 ], [ 79.939301779553546, 20.625132322898423 ], [ 79.939292299799831, 20.624496659593206 ], [ 79.939234568720451, 20.623852789974304 ], [ 79.939205081749208, 20.623181345342857 ], [ 79.939152617998957, 20.621910464796144 ], [ 79.938889636447641, 20.6213113913077 ], [ 79.938654226311542, 20.620662024133143 ], [ 79.93865623899427, 20.61947127138211 ], [ 79.938616895453436, 20.618574510605239 ], [ 79.938645327519907, 20.617919921966859 ], [ 79.938694157109694, 20.61667419725643 ], [ 79.938709849318911, 20.616119395328798 ] ] ] } },
{ "type": "Feature", "properties": { "REGION": 1.0, "STATE.NAME": "Maharashtra", "DISTRICT.NAME": "Gadchiroli", "DISTRICT.AREA": 14527.292838, "GRID_G0": "200464", "woodland": 0.27333661421018007, "maskWdl": 0.0, "cropland": 0.6151982851016512, "maskCrp": 1.0, "one": 0.096234697629650284, "maskOne": 0.0, "GRID.AREA": 23.429883365117309, "REGION.AREA": 32202.066020262951 }, "geometry": { "type": "Polygon", "coordinates": [ [ [ 80.021533747255191, 20.616118650042303 ], [ 80.066534923665401, 20.616118632197743 ], [ 80.066534923665401, 20.661115455374933 ], [ 80.021533747255191, 20.661115423233007 ], [ 80.021533747255191, 20.616118650042303 ] ] ] } },
{ "type": "Feature", "properties": { "REGION": 1.0, "STATE.NAME": "Maharashtra", "DISTRICT.NAME": "Gadchiroli", "DISTRICT.AREA": 14527.292838, "GRID_G0": "200467", "woodland": 0.11564465197293226, "maskWdl": 0.0, "cropland": 0.72923810007802237, "maskCrp": 1.0, "one": 0.12966438378687009, "maskOne": 0.0, "GRID.AREA": 23.427650962992473, "REGION.AREA": 32202.066020262951 }, "geometry": { "type": "Polygon", "coordinates": [ [ [ 80.156537424750198, 20.616118591892448 ], [ 80.201534259565875, 20.616118597525269 ], [ 80.201534259565875, 20.66111544239897 ], [ 80.156537424750198, 20.661115451129575 ], [ 80.156537424750198, 20.616118591892448 ] ] ] } },
{ "type": "Feature", "properties": { "REGION": 1.0, "STATE.NAME": "Maharashtra", "DISTRICT.NAME": "Gadchiroli", "DISTRICT.AREA": 14527.292838, "GRID_G0": "200470", "woodland": 0.1425608847019125, "maskWdl": 0.0, "cropland": 0.69705644197750072, "maskCrp": 1.0, "one": 0.14050139468684228, "maskOne": 0.0, "GRID.AREA": 23.427612916900305, "REGION.AREA": 32202.066020262951 }, "geometry": { "type": "Polygon", "coordinates": [ [ [ 80.291536732472025, 20.616118621336536 ], [ 80.336533542262686, 20.616118602878995 ], [ 80.336533542262686, 20.661115457751333 ], [ 80.291536732472025, 20.661115374472903 ], [ 80.291536732472025, 20.616118621336536 ] ] ] } },
{ "type": "Feature", "properties": { "REGION": 1.0, "STATE.NAME": "Maharashtra", "DISTRICT.NAME": "Gadchiroli", "DISTRICT.AREA": 14527.292838, "GRID_G0": "199812", "woodland": 0.078503014066213433, "maskWdl": 0.0, "cropland": 0.60655425160005039, "maskCrp": 1.0, "one": 0.17235582718837056, "maskOne": 0.0, "GRID.AREA": 20.684359947073428, "REGION.AREA": 32202.066020262951 }, "geometry": { "type": "Polygon", "coordinates": [ [ [ 79.93217029654673, 20.571117479906324 ], [ 79.976536957850612, 20.571117388274999 ], [ 79.976536957850612, 20.616118610071524 ], [ 79.938709849318911, 20.616119395328798 ], [ 79.93871024238382, 20.616105498370132 ], [ 79.938709474362781, 20.616073953750004 ], [ 79.9388084609418, 20.614714400948912 ], [ 79.938795155472121, 20.614123802671429 ], [ 79.938739252714413, 20.61355213242501 ], [ 79.93862773138477, 20.612647807450401 ], [ 79.938500800171823, 20.611482115207483 ], [ 79.938490948098831, 20.610187906246949 ], [ 79.938610995001454, 20.607632753348923 ], [ 79.938658666264473, 20.606977719546194 ], [ 79.9386395268927, 20.605056692112726 ], [ 79.938639625818155, 20.60378033829204 ], [ 79.938675141844385, 20.602584467499238 ], [ 79.938655234451574, 20.601912853795223 ], [ 79.938497496961986, 20.600012654660361 ], [ 79.938372873409435, 20.599379070587702 ], [ 79.938167470052747, 20.598138409060365 ], [ 79.937959872350291, 20.596581947898642 ], [ 79.937919769781615, 20.596289491966555 ], [ 79.937796121993472, 20.594415799449624 ], [ 79.937777367531567, 20.593793668243222 ], [ 79.937672086597559, 20.593168832775458 ], [ 79.937542880999217, 20.592539940465944 ], [ 79.937329478172956, 20.591700533952519 ], [ 79.937327251451563, 20.591691775455104 ], [ 79.937238145723882, 20.591359846479804 ], [ 79.937014093125981, 20.590777815144119 ], [ 79.936667261485013, 20.589215234095832 ], [ 79.9365876373097, 20.588874021419031 ], [ 79.936215550906979, 20.587045662827109 ], [ 79.935900712647822, 20.585198202635013 ], [ 79.935617660027049, 20.583268821399031 ], [ 79.935413165884938, 20.582068729188563 ], [ 79.935307526121505, 20.581421275771337 ], [ 79.934994029650795, 20.580277325538194 ], [ 79.934769910503007, 20.579690974758705 ], [ 79.934152783124489, 20.57784044518047 ], [ 79.933833278283203, 20.576642513141508 ], [ 79.933655969747235, 20.576005513443757 ], [ 79.933279829200842, 20.574628324037974 ], [ 79.933154289239098, 20.574166257766649 ], [ 79.932615871425355, 20.572399911027105 ], [ 79.932391963618272, 20.571826987125807 ], [ 79.93217029654673, 20.571117479906324 ] ] ] } },
{ "type": "Feature", "properties": { "REGION": 1.0, "STATE.NAME": "Maharashtra", "DISTRICT.NAME": "Gadchiroli", "DISTRICT.AREA": 14527.292838, "GRID_G0": "199813", "woodland": 0.095824833517740904, "maskWdl": 0.0, "cropland": 0.75178453589012439, "maskCrp": 1.0, "one": 0.12890858123912566, "maskOne": 0.0, "GRID.AREA": 23.436845096787312, "REGION.AREA": 32202.066020262951 }, "geometry": { "type": "Polygon", "coordinates": [ [ [ 79.976536957850612, 20.571117388274999 ], [ 80.021533747255191, 20.571117354880545 ], [ 80.021533747255191, 20.616118650042303 ], [ 79.976536957850612, 20.616118610071524 ], [ 79.976536957850612, 20.571117388274999 ] ] ] } },
{ "type": "Feature", "properties": { "REGION": 1.0, "STATE.NAME": "Maharashtra", "DISTRICT.NAME": "Gadchiroli", "DISTRICT.AREA": 14527.292838, "GRID_G0": "199814", "woodland": 0.21965548879333893, "maskWdl": 0.0, "cropland": 0.63305435367760698, "maskCrp": 1.0, "one": 0.12867119308837136, "maskOne": 0.0, "GRID.AREA": 23.439139450026225, "REGION.AREA": 32202.066020262951 }, "geometry": { "type": "Polygon", "coordinates": [ [ [ 80.021533747255191, 20.571117354880545 ], [ 80.066534923665401, 20.571117374477701 ], [ 80.066534923665401, 20.616118632197743 ], [ 80.021533747255191, 20.616118650042303 ], [ 80.021533747255191, 20.571117354880545 ] ] ] } },
{ "type": "Feature", "properties": { "REGION": 1.0, "STATE.NAME": "Maharashtra", "DISTRICT.NAME": "Gadchiroli", "DISTRICT.AREA": 14527.292838, "GRID_G0": "199820", "woodland": 0.31100605773910422, "maskWdl": 0.0, "cropland": 0.60588229795044524, "maskCrp": 1.0, "one": 0.07670004383558246, "maskOne": 0.0, "GRID.AREA": 23.436828939227055, "REGION.AREA": 32202.066020262951 }, "geometry": { "type": "Polygon", "coordinates": [ [ [ 80.291536732472025, 20.571117421353311 ], [ 80.336533542262686, 20.571117388724037 ], [ 80.336533542262686, 20.616118602878995 ], [ 80.291536732472025, 20.616118621336536 ], [ 80.291536732472025, 20.571117421353311 ] ] ] } },
{ "type": "Feature", "properties": { "REGION": 1.0, "STATE.NAME": "Maharashtra", "DISTRICT.NAME": "Gadchiroli", "DISTRICT.AREA": 14527.292838, "GRID_G0": "199161", "woodland": 0.082182269164666921, "maskWdl": 0.0, "cropland": 0.79329459894814314, "maskCrp": 1.0, "one": 0.070684347813645312, "maskOne": 0.0, "GRID.AREA": 1.0622573925250016, "REGION.AREA": 32202.066020262951 }, "geometry": { "type": "Polygon", "coordinates": [ [ [ 79.931535627200489, 20.546376472950922 ], [ 79.931535627200489, 20.569597975869399 ], [ 79.931227012416741, 20.568855119867919 ], [ 79.929937903511473, 20.565899285723503 ], [ 79.92921313447863, 20.564375625534755 ], [ 79.928828595163566, 20.563697695892017 ], [ 79.928568922218062, 20.563238231359321 ], [ 79.927747119034393, 20.562095325239113 ], [ 79.92712350034931, 20.561016056945508 ], [ 79.926729011834482, 20.56053684420004 ], [ 79.926317128632675, 20.559913522291254 ], [ 79.925984178027477, 20.559396818608324 ], [ 79.925574583600223, 20.558881732805784 ], [ 79.925282986520642, 20.558278606972181 ], [ 79.925089555838383, 20.557781745930871 ], [ 79.924950566515463, 20.557355996082379 ], [ 79.924928499850466, 20.557009207608871 ], [ 79.924952178999945, 20.556571126256529 ], [ 79.92492730195346, 20.555669640441579 ], [ 79.925005444945384, 20.555086199868299 ], [ 79.92508618068274, 20.554408136226527 ], [ 79.92512580121479, 20.554244974925723 ], [ 79.925125812906003, 20.554244929060303 ], [ 79.925240135623824, 20.553782607381493 ], [ 79.925377324503984, 20.553265803873785 ], [ 79.925689853304164, 20.552010193815416 ], [ 79.926142050415365, 20.551211993338885 ], [ 79.926508470189788, 20.550654500005233 ], [ 79.927018826457754, 20.549882148742196 ], [ 79.927563222065089, 20.549348285994654 ], [ 79.927563260735951, 20.549348250021751 ], [ 79.92846599301123, 20.54853660737859 ], [ 79.929521096521455, 20.547676883381541 ], [ 79.929521139688916, 20.547676850106598 ], [ 79.930517410450193, 20.546976140636446 ], [ 79.930711090244699, 20.546862072426734 ], [ 79.931535627200489, 20.546376472950922 ] ] ] } },
{ "type": "Feature", "properties": { "REGION": 1.0, "STATE.NAME": "Maharashtra", "DISTRICT.NAME": "Gadchiroli", "DISTRICT.AREA": 14527.292838, "GRID_G0": "199162", "woodland": 0.21899079453210901, "maskWdl": 0.0, "cropland": 0.59596394492860327, "maskCrp": 1.0, "one": 0.12465460614349611, "maskOne": 0.0, "GRID.AREA": 20.012877686864027, "REGION.AREA": 32202.066020262951 }, "geometry": { "type": "Polygon", "coordinates": [ [ [ 79.950732200453615, 20.526117565946926 ], [ 79.976536957850627, 20.526116135951916 ], [ 79.976536957850612, 20.571117388274999 ], [ 79.93217029654673, 20.571117479906324 ], [ 79.932009620447673, 20.570603186987512 ], [ 79.931713850513859, 20.570031793732369 ], [ 79.931581999110051, 20.569709595421561 ], [ 79.931535627200489, 20.569597975869399 ], [ 79.931535627200489, 20.546376472950922 ], [ 79.931610929400904, 20.546332124428034 ], [ 79.932353378205903, 20.545879546004301 ], [ 79.932727506069625, 20.545651501315774 ], [ 79.934522098715959, 20.544831224281609 ], [ 79.935758615267957, 20.544369230855356 ], [ 79.936380802232293, 20.544095405278771 ], [ 79.937555855518383, 20.543670672563564 ], [ 79.937555905880401, 20.543670656375753 ], [ 79.938921686486708, 20.543197132741508 ], [ 79.939736210557726, 20.542908149991209 ], [ 79.94073929638148, 20.542552297250783 ], [ 79.94183766267804, 20.54212908798706 ], [ 79.943575420869024, 20.541345914282545 ], [ 79.944018945817731, 20.541115004354026 ], [ 79.944746294106267, 20.540736357397012 ], [ 79.945684157497908, 20.54000064451418 ], [ 79.946172174606204, 20.53952190751005 ], [ 79.946641530782074, 20.539066061849326 ], [ 79.946641564956352, 20.539066022279144 ], [ 79.947075961786254, 20.53855236280134 ], [ 79.947075990564542, 20.538552324130478 ], [ 79.947406202734101, 20.538090211993733 ], [ 79.947792403996289, 20.537563893658845 ], [ 79.947946250119401, 20.537327467288836 ], [ 79.948107625366674, 20.537079525999388 ], [ 79.948243125320062, 20.536835990488612 ], [ 79.948384271217208, 20.536582366383129 ], [ 79.949142587660333, 20.535543521716193 ], [ 79.949142613740662, 20.535543482146011 ], [ 79.949455391653032, 20.534950963815959 ], [ 79.949811052837902, 20.534344075218943 ], [ 79.949961305270051, 20.53377279527831 ], [ 79.95017843668559, 20.533191150651138 ], [ 79.950251009276712, 20.532854009205209 ], [ 79.950313021129091, 20.532566071467105 ], [ 79.950413598608762, 20.532135560607685 ], [ 79.950470825168509, 20.531904449230979 ], [ 79.950524803377064, 20.53158413050329 ], [ 79.950563867228766, 20.531352310460818 ], [ 79.950616640345757, 20.531128729107593 ], [ 79.950622013794955, 20.531105961870708 ], [ 79.950704031066266, 20.530758699454452 ], [ 79.950792396651821, 20.530019489108216 ], [ 79.950841334160316, 20.529610328154149 ], [ 79.950779208094048, 20.528339711108856 ], [ 79.950760634395806, 20.527086244134917 ], [ 79.950752280593349, 20.526712069506459 ], [ 79.950732200453615, 20.526117565946926 ] ] ] } },
{ "type": "Feature", "properties": { "REGION": 1.0, "STATE.NAME": "Maharashtra", "DISTRICT.NAME": "Gadchiroli", "DISTRICT.AREA": 14527.292838, "GRID_G0": "198513", "woodland": 0.21258986005562511, "maskWdl": 0.0, "cropland": 0.59482682293598388, "maskCrp": 1.0, "one": 0.18521556082621299, "maskOne": 0.0, "GRID.AREA": 23.448319737087647, "REGION.AREA": 32202.066020262951 }, "geometry": { "type": "Polygon", "coordinates": [ [ [ 79.976536957850627, 20.481119341243815 ], [ 80.021533747255191, 20.48111933518955 ], [ 80.021533747255191, 20.526116117041589 ], [ 79.976536957850627, 20.526116135951916 ], [ 79.976536957850627, 20.481119341243815 ] ] ] } },
{ "type": "Feature", "properties": { "REGION": 1.0, "STATE.NAME": "Maharashtra", "DISTRICT.NAME": "Gadchiroli", "DISTRICT.AREA": 14527.292838, "GRID_G0": "198514", "woodland": 0.17944343897651635, "maskWdl": 0.0, "cropland": 0.61127489826077097, "maskCrp": 1.0, "one": 0.19548723850939662, "maskOne": 0.0, "GRID.AREA": 23.450617135638037, "REGION.AREA": 32202.066020262951 }, "geometry": { "type": "Polygon", "coordinates": [ [ [ 80.021533747255191, 20.48111933518955 ], [ 80.066534923665401, 20.481119334017681 ], [ 80.066534923665401, 20.526116172024533 ], [ 80.021533747255191, 20.526116117041589 ], [ 80.021533747255191, 20.48111933518955 ] ] ] } },
{ "type": "Feature", "properties": { "REGION": 1.0, "STATE.NAME": "Maharashtra", "DISTRICT.NAME": "Gadchiroli", "DISTRICT.AREA": 14527.292838, "GRID_G0": "198517", "woodland": 0.31868268578406805, "maskWdl": 0.0, "cropland": 0.57562045176639887, "maskCrp": 1.0, "one": 0.092514013247642524, "maskOne": 0.0, "GRID.AREA": 23.448345465715473, "REGION.AREA": 32202.066020262951 }, "geometry": { "type": "Polygon", "coordinates": [ [ [ 80.156537424750198, 20.481119339179394 ], [ 80.201534259565875, 20.481119374881615 ], [ 80.201534259565875, 20.526116162989368 ], [ 80.156537424750198, 20.526116135567079 ], [ 80.156537424750198, 20.481119339179394 ] ] ] } },
{ "type": "Feature", "properties": { "REGION": 1.0, "STATE.NAME": "Maharashtra", "DISTRICT.NAME": "Gadchiroli", "DISTRICT.AREA": 14527.292838, "GRID_G0": "197862", "woodland": 0.079028866342304757, "maskWdl": 0.0, "cropland": 0.70552591691317901, "maskCrp": 1.0, "one": 0.12557733611228777, "maskOne": 0.0, "GRID.AREA": 18.807306390266277, "REGION.AREA": 32202.066020262951 }, "geometry": { "type": "Polygon", "coordinates": [ [ [ 79.940851048375791, 20.436119077004587 ], [ 79.976536957850627, 20.436118097092496 ], [ 79.976536957850627, 20.481119341243815 ], [ 79.943365554249993, 20.481120483804688 ], [ 79.94284330347574, 20.480345161599988 ], [ 79.942573543734113, 20.479785063829699 ], [ 79.942305443241651, 20.479228278262497 ], [ 79.942010298336641, 20.478034342810702 ], [ 79.941764970477038, 20.476063709672534 ], [ 79.941814307284517, 20.475474683409974 ], [ 79.941863350912968, 20.474889060182022 ], [ 79.94199442260458, 20.473028279231759 ], [ 79.942172535134432, 20.471130465098955 ], [ 79.942270526163895, 20.469937797691273 ], [ 79.942200899751754, 20.469393415573734 ], [ 79.941924533590395, 20.468826057576564 ], [ 79.941793610286936, 20.468115957385578 ], [ 79.941746075720857, 20.467485426511299 ], [ 79.941709813257319, 20.466290963157459 ], [ 79.941643707691028, 20.464402441719358 ], [ 79.941547866940539, 20.4626859533941 ], [ 79.94138071264986, 20.461850235000384 ], [ 79.941066204441825, 20.460647760485816 ], [ 79.94072502593923, 20.459535937633461 ], [ 79.940402601898597, 20.459262621073147 ], [ 79.94010101784778, 20.457771151217685 ], [ 79.939609548242117, 20.455936074690158 ], [ 79.939487696400136, 20.455239920286147 ], [ 79.939274454552503, 20.454021395570976 ], [ 79.939168996452054, 20.453116529204522 ], [ 79.939055278078683, 20.452140414048927 ], [ 79.938887416021487, 20.4510637025279 ], [ 79.938764375275753, 20.450274284830414 ], [ 79.938638818226934, 20.44829677457653 ], [ 79.938638814629655, 20.448296733207716 ], [ 79.93847440237181, 20.445864447486315 ], [ 79.93830660956246, 20.443923831020015 ], [ 79.938524887613539, 20.442101861211995 ], [ 79.938644546908392, 20.441604717783548 ], [ 79.938650316059295, 20.441580749052378 ], [ 79.938941589382921, 20.440370685159053 ], [ 79.939503035236953, 20.438677261746307 ], [ 79.940359350803476, 20.436887771853264 ], [ 79.940851048375791, 20.436119077004587 ] ] ] } },
{ "type": "Feature", "properties": { "REGION": 1.0, "STATE.NAME": "Maharashtra", "DISTRICT.NAME": "Gadchiroli", "DISTRICT.AREA": 14527.292838, "GRID_G0": "197863", "woodland": 0.11442037244316308, "maskWdl": 0.0, "cropland": 0.62476299104051325, "maskCrp": 1.0, "one": 0.19546816947253653, "maskOne": 0.0, "GRID.AREA": 23.457519238304513, "REGION.AREA": 32202.066020262951 }, "geometry": { "type": "Polygon", "coordinates": [ [ [ 79.976536957850627, 20.436118097092496 ], [ 80.021533747255191, 20.436118101349077 ], [ 80.021533747255191, 20.48111933518955 ], [ 79.976536957850627, 20.481119341243815 ], [ 79.976536957850627, 20.436118097092496 ] ] ] } },
{ "type": "Feature", "properties": { "REGION": 1.0, "STATE.NAME": "Maharashtra", "DISTRICT.NAME": "Gadchiroli", "DISTRICT.AREA": 14527.292838, "GRID_G0": "197866", "woodland": 0.25528841173941696, "maskWdl": 0.0, "cropland": 0.57249088914696045, "maskCrp": 1.0, "one": 0.15377899583954219, "maskOne": 0.0, "GRID.AREA": 23.459842146589793, "REGION.AREA": 32202.066020262951 }, "geometry": { "type": "Polygon", "coordinates": [ [ [ 80.111536188429895, 20.436118125312365 ], [ 80.156537424750198, 20.436118083241642 ], [ 80.156537424750198, 20.481119339179394 ], [ 80.111536188429895, 20.481119365259364 ], [ 80.111536188429895, 20.436118125312365 ] ] ] } },
{ "type": "Feature", "properties": { "REGION": 1.0, "STATE.NAME": "Maharashtra", "DISTRICT.NAME": "Gadchiroli", "DISTRICT.AREA": 14527.292838, "GRID_G0": "197870", "woodland": 0.29704832429193095, "maskWdl": 0.0, "cropland": 0.54547271793805963, "maskCrp": 1.0, "one": 0.14803472620428723, "maskOne": 0.0, "GRID.AREA": 23.457525464293354, "REGION.AREA": 32202.066020262951 }, "geometry": { "type": "Polygon", "coordinates": [ [ [ 80.291536732472025, 20.436118112684493 ], [ 80.336533542262686, 20.436118115891095 ], [ 80.336533542262686, 20.481119311566967 ], [ 80.291536732472025, 20.481119378118599 ], [ 80.291536732472025, 20.436118112684493 ] ] ] } },
{ "type": "Feature", "properties": { "REGION": 1.0, "STATE.NAME": "Maharashtra", "DISTRICT.NAME": "Gadchiroli", "DISTRICT.AREA": 14527.292838, "GRID_G0": "197871", "woodland": 0.19658141833560286, "maskWdl": 0.0, "cropland": 0.65001060328401705, "maskCrp": 1.0, "one": 0.14073509114699317, "maskOne": 0.0, "GRID.AREA": 23.459824949599287, "REGION.AREA": 32202.066020262951 }, "geometry": { "type": "Polygon", "coordinates": [ [ [ 80.336533542262686, 20.436118115891095 ], [ 80.381534753204193, 20.436118095205696 ], [ 80.381534753204193, 20.481119380195306 ], [ 80.336533542262686, 20.481119311566967 ], [ 80.336533542262686, 20.436118115891095 ] ] ] } },
{ "type": "Feature", "properties": { "REGION": 1.0, "STATE.NAME": "Maharashtra", "DISTRICT.NAME": "Gadchiroli", "DISTRICT.AREA": 14527.292838, "GRID_G0": "197212", "woodland": 0.1472524213153206, "maskWdl": 0.0, "cropland": 0.59383964532585609, "maskCrp": 1.0, "one": 0.13686597510287471, "maskOne": 0.0, "GRID.AREA": 10.042609877938732, "REGION.AREA": 32202.066020262951 }, "geometry": { "type": "Polygon", "coordinates": [ [ [ 79.957875825059745, 20.39111827733252 ], [ 79.976536957850612, 20.391116891962241 ], [ 79.976536957850627, 20.436118097092496 ], [ 79.940851048375791, 20.436119077004587 ], [ 79.940937943131644, 20.435983229242709 ], [ 79.941475547058928, 20.435142816387895 ], [ 79.942165088747927, 20.434364709463807 ], [ 79.942854668208454, 20.433586609734277 ], [ 79.943813050531901, 20.432335865907532 ], [ 79.944349544695797, 20.431635737399407 ], [ 79.945399647076101, 20.430803173827485 ], [ 79.948020021506863, 20.428820906159956 ], [ 79.948576956361478, 20.428405052451243 ], [ 79.9495897152932, 20.427648839522362 ], [ 79.95255640965064, 20.425731897708943 ], [ 79.954296212000656, 20.42470377655809 ], [ 79.954296274953208, 20.424703740585187 ], [ 79.955181509119427, 20.424182578962871 ], [ 79.956713133704227, 20.423029110305261 ], [ 79.957068048451731, 20.422692701806795 ], [ 79.95780655552818, 20.421992718988861 ], [ 79.959054410732506, 20.420790769678316 ], [ 79.960354751270813, 20.419154846219215 ], [ 79.962236347929149, 20.416510669431887 ], [ 79.96248377840368, 20.415148081418863 ], [ 79.962515579330557, 20.414864259877731 ], [ 79.962551675419547, 20.414542399712044 ], [ 79.962759974593212, 20.413469306163616 ], [ 79.963011364782687, 20.412174390335906 ], [ 79.963129365727696, 20.409736545904934 ], [ 79.963128889986365, 20.409029514200764 ], [ 79.963127290092416, 20.406651580805889 ], [ 79.962811003025422, 20.404294511682398 ], [ 79.962355691561982, 20.401719204078063 ], [ 79.962355681669408, 20.401719166306524 ], [ 79.962303388790417, 20.401559609488459 ], [ 79.962303376199884, 20.401559572616236 ], [ 79.96213976973462, 20.401060357149788 ], [ 79.9619085900095, 20.400463175834943 ], [ 79.961905537710436, 20.400455293277222 ], [ 79.961666781197039, 20.399838446487141 ], [ 79.960676617731792, 20.398565640491938 ], [ 79.960063552590952, 20.397777528610106 ], [ 79.959291634801161, 20.395397772289417 ], [ 79.958015337637789, 20.391666005781584 ], [ 79.957875825059745, 20.39111827733252 ] ] ] } },
{ "type": "Feature", "properties": { "REGION": 1.0, "STATE.NAME": "Maharashtra", "DISTRICT.NAME": "Gadchiroli", "DISTRICT.AREA": 14527.292838, "GRID_G0": "197213", "woodland": 0.090906008083429732, "maskWdl": 0.0, "cropland": 0.69243162424002425, "maskCrp": 1.0, "one": 0.18301695542159105, "maskOne": 0.0, "GRID.AREA": 23.464388932419336, "REGION.AREA": 32202.066020262951 }, "geometry": { "type": "Polygon", "coordinates": [ [ [ 79.976536957850612, 20.391116891962241 ], [ 80.021533747255191, 20.391116814529312 ], [ 80.021533747255191, 20.436118101349077 ], [ 79.976536957850627, 20.436118097092496 ], [ 79.976536957850612, 20.391116891962241 ] ] ] } },
{ "type": "Feature", "properties": { "REGION": 1.0, "STATE.NAME": "Maharashtra", "DISTRICT.NAME": "Gadchiroli", "DISTRICT.AREA": 14527.292838, "GRID_G0": "197217", "woodland": 0.22676406430201279, "maskWdl": 0.0, "cropland": 0.57917844215798697, "maskCrp": 1.0, "one": 0.16989797491966785, "maskOne": 0.0, "GRID.AREA": 23.464424289502134, "REGION.AREA": 32202.066020262951 }, "geometry": { "type": "Polygon", "coordinates": [ [ [ 80.156537424750198, 20.391116857982613 ], [ 80.201534259565875, 20.391116813249894 ], [ 80.201534259565875, 20.436118124725262 ], [ 80.156537424750198, 20.436118083241642 ], [ 80.156537424750198, 20.391116857982613 ] ] ] } },
{ "type": "Feature", "properties": { "REGION": 1.0, "STATE.NAME": "Maharashtra", "DISTRICT.NAME": "Gadchiroli", "DISTRICT.AREA": 14527.292838, "GRID_G0": "196562", "woodland": 0.20409068530813693, "maskWdl": 0.0, "cropland": 0.55485374072133453, "maskCrp": 1.0, "one": 0.143900293396551, "maskOne": 0.0, "GRID.AREA": 6.1404519842531533, "REGION.AREA": 32202.066020262951 }, "geometry": { "type": "Polygon", "coordinates": [ [ [ 79.969575196706558, 20.34611637931669 ], [ 79.976536957850627, 20.346115629291596 ], [ 79.976536957850612, 20.391116891962241 ], [ 79.957875825059745, 20.39111827733252 ], [ 79.957773458678219, 20.390716382854858 ], [ 79.957581850022393, 20.389964096365986 ], [ 79.956823220615206, 20.386985355589729 ], [ 79.956821532587696, 20.385194838670941 ], [ 79.956931753497656, 20.383262281029488 ], [ 79.957344845388377, 20.380732783990826 ], [ 79.957373189321288, 20.380681296005037 ], [ 79.958205782570872, 20.379168816187981 ], [ 79.958205805953241, 20.379168775718483 ], [ 79.958215207465912, 20.37915270483353 ], [ 79.958338469444868, 20.378942141166931 ], [ 79.959442496973736, 20.377056122542058 ], [ 79.959442525752024, 20.377056086569212 ], [ 79.959442544637795, 20.377056053294268 ], [ 79.96085091713617, 20.374903832645828 ], [ 79.962397030698469, 20.372920300531515 ], [ 79.96364126703088, 20.371357590880166 ], [ 79.964995485053635, 20.370004798282878 ], [ 79.966340239510487, 20.368656679462219 ], [ 79.966947542694982, 20.367913179349785 ], [ 79.967557164331708, 20.367166758239364 ], [ 79.968161497055519, 20.366126378429669 ], [ 79.968880526615067, 20.364434337274872 ], [ 79.969510990939511, 20.361995336315772 ], [ 79.970146924041387, 20.360271186665955 ], [ 79.970147804477676, 20.360268798066613 ], [ 79.971004439303499, 20.358091423380529 ], [ 79.97138324274249, 20.355540118681574 ], [ 79.971661483990374, 20.353631283357117 ], [ 79.971659911076074, 20.351849736276336 ], [ 79.971216167592104, 20.349995838737019 ], [ 79.970580109484501, 20.348118642461433 ], [ 79.969692063138268, 20.346314118601754 ], [ 79.969575196706558, 20.34611637931669 ] ] ] } },
{ "type": "Feature", "properties": { "REGION": 1.0, "STATE.NAME": "Maharashtra", "DISTRICT.NAME": "Gadchiroli", "DISTRICT.AREA": 14527.292838, "GRID_G0": "195912", "woodland": 0.099135892438989112, "maskWdl": 0.0, "cropland": 0.64715428625161719, "maskCrp": 1.0, "one": 0.14190047084239629, "maskOne": 0.0, "GRID.AREA": 13.208372703562762, "REGION.AREA": 32202.066020262951 }, "geometry": { "type": "Polygon", "coordinates": [ [ [ 79.942100068678357, 20.301119826290556 ], [ 79.976536957850627, 20.301118796466859 ], [ 79.976536957850627, 20.346115629291596 ], [ 79.969575196706558, 20.34611637931669 ], [ 79.969195892776284, 20.345474588881249 ], [ 79.968701368173654, 20.344637827273974 ], [ 79.967454742342568, 20.342863007122105 ], [ 79.966706766304299, 20.342183212285473 ], [ 79.9649385112034, 20.340720297703626 ], [ 79.964662128854229, 20.340491667556478 ], [ 79.962778016792072, 20.33869339668297 ], [ 79.962063591761421, 20.338124561099676 ], [ 79.960793499920158, 20.337113339109351 ], [ 79.95868959624795, 20.335266995875202 ], [ 79.95836081579904, 20.334978462785898 ], [ 79.955347644478252, 20.332367769556981 ], [ 79.953254315933975, 20.330839538114219 ], [ 79.951848358115285, 20.329644972237702 ], [ 79.95141860448507, 20.329148541971676 ], [ 79.950988271691415, 20.3286515586226 ], [ 79.950160475425662, 20.327607859415252 ], [ 79.949134175401923, 20.326252416515842 ], [ 79.94877662294283, 20.325666858039142 ], [ 79.9487766013591, 20.325666824764198 ], [ 79.948418641507146, 20.325080312106767 ], [ 79.94778689474947, 20.324023894687063 ], [ 79.947238829008825, 20.322848443900625 ], [ 79.946737671006758, 20.321626950523406 ], [ 79.946321911726898, 20.320372206512161 ], [ 79.945894903726867, 20.319234218784235 ], [ 79.945466834526826, 20.318093291172485 ], [ 79.944691157570901, 20.315718053945094 ], [ 79.944029261041635, 20.313295423345153 ], [ 79.943961738143742, 20.313026571019464 ], [ 79.943711890291581, 20.312031340773785 ], [ 79.943393845049968, 20.310764135756298 ], [ 79.942784512994933, 20.30768197204543 ], [ 79.942286570069214, 20.304656217410582 ], [ 79.942283410750861, 20.304528664766114 ], [ 79.942283409851541, 20.304528607209477 ], [ 79.942280443887455, 20.304401090537965 ], [ 79.942228554804046, 20.302253333224826 ], [ 79.942100068678357, 20.301119826290556 ] ] ] } },
{ "type": "Feature", "properties": { "REGION": 1.0, "STATE.NAME": "Maharashtra", "DISTRICT.NAME": "Gadchiroli", "DISTRICT.AREA": 14527.292838, "GRID_G0": "195915", "woodland": 0.12698662367294153, "maskWdl": 0.0, "cropland": 0.78699886607232183, "maskCrp": 1.0, "one": 0.066996101479614129, "maskOne": 0.0, "GRID.AREA": 23.478058565232821, "REGION.AREA": 32202.066020262951 }, "geometry": { "type": "Polygon", "coordinates": [ [ [ 80.066534923665401, 20.30111884109559 ], [ 80.111536188429895, 20.301118800797685 ], [ 80.111536188429895, 20.346115557125071 ], [ 80.066534923665401, 20.346115554255771 ], [ 80.066534923665401, 20.30111884109559 ] ] ] } },
{ "type": "Feature", "properties": { "REGION": 1.0, "STATE.NAME": "Maharashtra", "DISTRICT.NAME": "Gadchiroli", "DISTRICT.AREA": 14527.292838, "GRID_G0": "195262", "woodland": 0.12131218521351736, "maskWdl": 0.0, "cropland": 0.6131429112995489, "maskCrp": 1.0, "one": 0.15970028393205687, "maskOne": 0.0, "GRID.AREA": 12.696832123814486, "REGION.AREA": 32202.066020262951 }, "geometry": { "type": "Polygon", "coordinates": [ [ [ 79.97454596814832, 20.256117821868521 ], [ 79.976536957850612, 20.256117578446705 ], [ 79.976536957850627, 20.301118796466859 ], [ 79.942100068678357, 20.301119826290556 ], [ 79.942014305715702, 20.300363214590732 ], [ 79.942035096242762, 20.298486522834821 ], [ 79.94203519426884, 20.298485419366671 ], [ 79.942093514404235, 20.296577488760136 ], [ 79.942023105581953, 20.295353422422579 ], [ 79.941953375747744, 20.294140114674576 ], [ 79.941926895210088, 20.292291364854634 ], [ 79.941926993236223, 20.292290261386484 ], [ 79.942037929107187, 20.290385764391544 ], [ 79.942119337537463, 20.289827012007041 ], [ 79.942200061583605, 20.28927304041855 ], [ 79.942537422464113, 20.288075712724037 ], [ 79.943389753134682, 20.285912163315743 ], [ 79.944218963134688, 20.284218026740579 ], [ 79.945542957641464, 20.281954902596738 ], [ 79.946618492849211, 20.280576094411288 ], [ 79.947863118588089, 20.279270703280361 ], [ 79.949426724863542, 20.277818987955982 ], [ 79.949472664931591, 20.277776334010639 ], [ 79.94970210266996, 20.277561183801652 ], [ 79.951524911545505, 20.275991931582439 ], [ 79.953128662657718, 20.27468846050408 ], [ 79.954589060936485, 20.273405891468769 ], [ 79.956378145235249, 20.271828209004696 ], [ 79.958311049115707, 20.270049122469057 ], [ 79.958690923647296, 20.269686183970233 ], [ 79.958694365352756, 20.269682751258021 ], [ 79.958955851331552, 20.269421929878206 ], [ 79.960219072352345, 20.268225417868795 ], [ 79.962333498092505, 20.265996228743006 ], [ 79.963829881843665, 20.264613658693463 ], [ 79.964312323155255, 20.264197504611214 ], [ 79.966253653683225, 20.262522676480387 ], [ 79.969120815573277, 20.259922352434668 ], [ 79.970171533989173, 20.259166335558003 ], [ 79.971299289230899, 20.258435978137925 ], [ 79.971788586074467, 20.258102176774116 ], [ 79.971788640033765, 20.258102139901894 ], [ 79.973402499525776, 20.25700076537305 ], [ 79.974441941342604, 20.256227893402585 ], [ 79.974441981812049, 20.256227865523613 ], [ 79.97444206904629, 20.256227802571061 ], [ 79.974443141038194, 20.256226974295487 ], [ 79.97454596814832, 20.256117821868521 ] ] ] } },
{ "type": "Feature", "properties": { "REGION": 1.0, "STATE.NAME": "Maharashtra", "DISTRICT.NAME": "Gadchiroli", "DISTRICT.AREA": 14527.292838, "GRID_G0": "195265", "woodland": 0.17354741466745291, "maskWdl": 0.0, "cropland": 0.76764767140383305, "maskCrp": 1.0, "one": 0.048544238736492849, "maskOne": 0.0, "GRID.AREA": 23.487243326340213, "REGION.AREA": 32202.066020262951 }, "geometry": { "type": "Polygon", "coordinates": [ [ [ 80.066534923665401, 20.256117557777959 ], [ 80.111536188429895, 20.256117561637858 ], [ 80.111536188429895, 20.301118800797685 ], [ 80.066534923665401, 20.30111884109559 ], [ 80.066534923665401, 20.256117557777959 ] ] ] } },
{ "type": "Feature", "properties": { "REGION": 1.0, "STATE.NAME": "Maharashtra", "DISTRICT.NAME": "Gadchiroli", "DISTRICT.AREA": 14527.292838, "GRID_G0": "194612", "woodland": 0.022805173075767574, "maskWdl": 0.0, "cropland": 0.78055707275976582, "maskCrp": 1.0, "one": 0.16366715792738445, "maskOne": 0.0, "GRID.AREA": 0.029297930484514078, "REGION.AREA": 32202.066020262951 }, "geometry": { "type": "Polygon", "coordinates": [ [ [ 79.976536957850612, 20.253243629659814 ], [ 79.976536957850612, 20.256117578446705 ], [ 79.97454596814832, 20.256117821868521 ], [ 79.974910726448911, 20.255730624069088 ], [ 79.975350249414532, 20.255257339654573 ], [ 79.976044416316824, 20.254188285860774 ], [ 79.976294387376129, 20.253587917348572 ], [ 79.976536957850612, 20.253243629659814 ] ] ] } },
{ "type": "Feature", "properties": { "REGION": 1.0, "STATE.NAME": "Maharashtra", "DISTRICT.NAME": "Gadchiroli", "DISTRICT.AREA": 14527.292838, "GRID_G0": "194613", "woodland": 0.066697945420991209, "maskWdl": 0.0, "cropland": 0.62393065393371117, "maskCrp": 1.0, "one": 0.17941965291899797, "maskOne": 0.0, "GRID.AREA": 18.689918611653226, "REGION.AREA": 32202.066020262951 }, "geometry": { "type": "Polygon", "coordinates": [ [ [ 79.986210612342958, 20.211117255242655 ], [ 80.021533747255191, 20.211116307664977 ], [ 80.021533747255191, 20.256117603228173 ], [ 79.976536957850612, 20.256117578446705 ], [ 79.976536957850612, 20.253243629659814 ], [ 79.977064620735689, 20.252494695174104 ], [ 79.97772034611711, 20.251633855118371 ], [ 79.977844002898451, 20.25138335885498 ], [ 79.978458885569196, 20.250622441572485 ], [ 79.97958817055769, 20.249314694217787 ], [ 79.980687662805451, 20.247745850290812 ], [ 79.981367816471618, 20.24669056691619 ], [ 79.982754502718194, 20.244484663936134 ], [ 79.983807860644333, 20.242781487375794 ], [ 79.984293052082762, 20.241784089763996 ], [ 79.986900041903482, 20.236351779011443 ], [ 79.989487316786338, 20.229187801176124 ], [ 79.99015421534483, 20.227329949317777 ], [ 79.990033951705584, 20.221730601186323 ], [ 79.9899798008272, 20.219093240360788 ], [ 79.989865315332111, 20.215893278052363 ], [ 79.986210612342958, 20.211117255242655 ] ] ] } },
{ "type": "Feature", "properties": { "REGION": 1.0, "STATE.NAME": "Maharashtra", "DISTRICT.NAME": "Gadchiroli", "DISTRICT.AREA": 14527.292838, "GRID_G0": "194614", "woodland": 0.26575922529599605, "maskWdl": 0.0, "cropland": 0.5550699138742734, "maskCrp": 1.0, "one": 0.16874096693523255, "maskOne": 0.0, "GRID.AREA": 23.494018548453589, "REGION.AREA": 32202.066020262951 }, "geometry": { "type": "Polygon", "coordinates": [ [ [ 80.021533747255191, 20.211116307664977 ], [ 80.066534923665401, 20.211116282840756 ], [ 80.066534923665401, 20.256117557777959 ], [ 80.021533747255191, 20.256117603228173 ], [ 80.021533747255191, 20.211116307664977 ] ] ] } },
{ "type": "Feature", "properties": { "REGION": 1.0, "STATE.NAME": "Maharashtra", "DISTRICT.NAME": "Gadchiroli", "DISTRICT.AREA": 14527.292838, "GRID_G0": "194615", "woodland": 0.16639054577582849, "maskWdl": 0.0, "cropland": 0.64948542459030822, "maskCrp": 1.0, "one": 0.1674482377425375, "maskOne": 0.0, "GRID.AREA": 23.494048323868125, "REGION.AREA": 32202.066020262951 }, "geometry": { "type": "Polygon", "coordinates": [ [ [ 80.066534923665401, 20.211116282840756 ], [ 80.111536188429895, 20.211116328720752 ], [ 80.111536188429895, 20.256117561637858 ], [ 80.066534923665401, 20.256117557777959 ], [ 80.066534923665401, 20.211116282840756 ] ] ] } },
{ "type": "Feature", "properties": { "REGION": 1.0, "STATE.NAME": "Maharashtra", "DISTRICT.NAME": "Gadchiroli", "DISTRICT.AREA": 14527.292838, "GRID_G0": "193961", "woodland": 0.06605118584293139, "maskWdl": 0.0, "cropland": 0.79874156485130599, "maskCrp": 1.0, "one": 0.051268542421291211, "maskOne": 0.0, "GRID.AREA": 2.3040859394673832, "REGION.AREA": 32202.066020262951 }, "geometry": { "type": "Polygon", "coordinates": [ [ [ 79.915510967393701, 20.166116383723093 ], [ 79.931535627200489, 20.166115056617713 ], [ 79.931535627200489, 20.190018240739043 ], [ 79.929322420993003, 20.187373027643162 ], [ 79.929306324926984, 20.187350904320848 ], [ 79.926896642765882, 20.18402806854056 ], [ 79.926896609490996, 20.184028023574452 ], [ 79.926742051104839, 20.183814815901087 ], [ 79.924247867744953, 20.17981754344493 ], [ 79.921996417700598, 20.175531086790272 ], [ 79.919910303517725, 20.172896960826112 ], [ 79.918948529850809, 20.171575962860459 ], [ 79.91642345657732, 20.168115770026819 ], [ 79.915510967393701, 20.166116383723093 ] ] ] } },
{ "type": "Feature", "properties": { "REGION": 1.0, "STATE.NAME": "Maharashtra", "DISTRICT.NAME": "Gadchiroli", "DISTRICT.AREA": 14527.292838, "GRID_G0": "193962", "woodland": 0.088333567939108362, "maskWdl": 0.0, "cropland": 0.63943574539196735, "maskCrp": 1.0, "one": 0.12369142615868221, "maskOne": 0.0, "GRID.AREA": 18.557302554336928, "REGION.AREA": 32202.066020262951 }, "geometry": { "type": "Polygon", "coordinates": [ [ [ 79.931535627200489, 20.190018240739043 ], [ 79.931535627200489, 20.166115056617713 ], [ 79.976536957850627, 20.166115084102081 ], [ 79.976536957850612, 20.207303288108843 ], [ 79.975027026775933, 20.20695881839481 ], [ 79.973516130664976, 20.206799232798403 ], [ 79.968301305660759, 20.206428437822183 ], [ 79.964475109438808, 20.206097890205513 ], [ 79.963287459348805, 20.205846078233947 ], [ 79.96094118838522, 20.205346477857749 ], [ 79.960112866915324, 20.205114593963401 ], [ 79.958514649331676, 20.204681439996538 ], [ 79.951221425428514, 20.201419235609308 ], [ 79.949511700904353, 20.200704100114194 ], [ 79.945582792212122, 20.199175221159578 ], [ 79.942524966853796, 20.197868408200524 ], [ 79.941945511176471, 20.197631650880055 ], [ 79.941377466097265, 20.197399544853173 ], [ 79.941366155323863, 20.197394890861574 ], [ 79.941365352229298, 20.197394480770697 ], [ 79.937604428801421, 20.195479729705827 ], [ 79.934992815566034, 20.194150020007438 ], [ 79.931535627200489, 20.190018240739043 ] ] ] } },
{ "type": "Feature", "properties": { "REGION": 1.0, "STATE.NAME": "Maharashtra", "DISTRICT.NAME": "Gadchiroli", "DISTRICT.AREA": 14527.292838, "GRID_G0": "193311", "woodland": 0.083623425320469194, "maskWdl": 0.0, "cropland": 0.74076127722879426, "maskCrp": 1.0, "one": 0.062159326414785304, "maskOne": 0.0, "GRID.AREA": 6.8773336888410794, "REGION.AREA": 32202.066020262951 }, "geometry": { "type": "Polygon", "coordinates": [ [ [ 79.931535627200489, 20.129901154293744 ], [ 79.931535627200489, 20.166115056617713 ], [ 79.915510967393701, 20.166116383723093 ], [ 79.914645896191189, 20.164220844916084 ], [ 79.913499507896006, 20.161708816308874 ], [ 79.911087236586752, 20.155057365704923 ], [ 79.910826329771353, 20.152048754846192 ], [ 79.910576350618157, 20.149162967097311 ], [ 79.91181641139832, 20.143275271136929 ], [ 79.91269862204382, 20.142393073081905 ], [ 79.916015815477579, 20.139075989365491 ], [ 79.916513533572754, 20.138646907528823 ], [ 79.917180409648267, 20.138521262346444 ], [ 79.917527921176656, 20.138442313561995 ], [ 79.919305120934666, 20.13702320765498 ], [ 79.920935443416056, 20.13589107091622 ], [ 79.922673506477224, 20.134874063587233 ], [ 79.924298129055444, 20.133913415871515 ], [ 79.927197694418112, 20.132206350642605 ], [ 79.929910985004028, 20.130728392201604 ], [ 79.930010187420294, 20.130672275405228 ], [ 79.930634201807038, 20.130335499084087 ], [ 79.931535627200489, 20.129901154293744 ] ] ] } },
{ "type": "Feature", "properties": { "REGION": 1.0, "STATE.NAME": "Maharashtra", "DISTRICT.NAME": "Gadchiroli", "DISTRICT.AREA": 14527.292838, "GRID_G0": "193312", "woodland": 0.071023162227514827, "maskWdl": 0.0, "cropland": 0.73803540384046407, "maskCrp": 1.0, "one": 0.10181302132214951, "maskOne": 0.0, "GRID.AREA": 21.453871548121526, "REGION.AREA": 32202.066020262951 }, "geometry": { "type": "Polygon", "coordinates": [ [ [ 79.964482962678673, 20.12111940695381 ], [ 79.976536957850627, 20.121118287843437 ], [ 79.976536957850627, 20.166115084102081 ], [ 79.931535627200489, 20.166115056617713 ], [ 79.931535627200489, 20.129901154293744 ], [ 79.932390230624719, 20.129489363843103 ], [ 79.934431899412687, 20.128795741929991 ], [ 79.937117257055831, 20.128454884485393 ], [ 79.93980031063586, 20.128226675220954 ], [ 79.940391861295439, 20.128152000914152 ], [ 79.942443006239785, 20.127904547057259 ], [ 79.946103959230413, 20.127332547659023 ], [ 79.948400485993716, 20.126931412254919 ], [ 79.950293540914231, 20.126447925931075 ], [ 79.952240380689091, 20.126017473527614 ], [ 79.954218216497566, 20.125694643892757 ], [ 79.955486227307574, 20.125281948603117 ], [ 79.957375970924375, 20.124654151667812 ], [ 79.959304423160631, 20.124043529085668 ], [ 79.961664857547206, 20.123068168461259 ], [ 79.963347970232689, 20.12196170736695 ], [ 79.963767575013605, 20.121687432129367 ], [ 79.964482962678673, 20.12111940695381 ] ] ] } },
{ "type": "Feature", "properties": { "REGION": 1.0, "STATE.NAME": "Maharashtra", "DISTRICT.NAME": "Gadchiroli", "DISTRICT.AREA": 14527.292838, "GRID_G0": "192662", "woodland": 0.074038340517700058, "maskWdl": 0.0, "cropland": 0.65093718263090894, "maskCrp": 1.0, "one": 0.22275644538487699, "maskOne": 0.0, "GRID.AREA": 1.4635677138669227, "REGION.AREA": 32202.066020262951 }, "geometry": { "type": "Polygon", "coordinates": [ [ [ 79.976536957850627, 20.094991173255142 ], [ 79.976536957850627, 20.121118287843437 ], [ 79.964482962678673, 20.12111940695381 ], [ 79.965765298429872, 20.120101201609202 ], [ 79.967670498694588, 20.118223634812921 ], [ 79.968747764198042, 20.116538163205689 ], [ 79.969478057766196, 20.114958780123629 ], [ 79.969797691210545, 20.114271385116353 ], [ 79.970503400911298, 20.112444457345873 ], [ 79.970788722521604, 20.111500692602931 ], [ 79.971252720536654, 20.109989549178408 ], [ 79.972026240019048, 20.107552390030833 ], [ 79.972732174550288, 20.105734381736397 ], [ 79.974156441666494, 20.101579490501134 ], [ 79.975580137713223, 20.097835051646371 ], [ 79.975580153001715, 20.097835013874825 ], [ 79.976374947745683, 20.095501052831366 ], [ 79.976536957850627, 20.094991173255142 ] ] ] } },
{ "type": "Feature", "properties": { "REGION": 1.0, "STATE.NAME": "Maharashtra", "DISTRICT.NAME": "Gadchiroli", "DISTRICT.AREA": 14527.292838, "GRID_G0": "192663", "woodland": 0.11495806451870057, "maskWdl": 0.0, "cropland": 0.71153203813374555, "maskCrp": 1.0, "one": 0.12018116638114454, "maskOne": 0.0, "GRID.AREA": 23.115403387625054, "REGION.AREA": 32202.066020262951 }, "geometry": { "type": "Polygon", "coordinates": [ [ [ 79.979926713382099, 20.07611738958644 ], [ 80.021533747255191, 20.076117002797812 ], [ 80.021533747255191, 20.12111830556313 ], [ 79.976536957850627, 20.121118287843437 ], [ 79.976536957850627, 20.094991173255142 ], [ 79.976996488996804, 20.09354491406657 ], [ 79.97722557240229, 20.092444964063869 ], [ 79.97761899522051, 20.090555876052864 ], [ 79.977955498147765, 20.088037044074383 ], [ 79.97840671140068, 20.0851152339809 ], [ 79.978641577446922, 20.083594465112526 ], [ 79.979065445913648, 20.081137009165673 ], [ 79.979065453108205, 20.081136971394187 ], [ 79.979926713382099, 20.07611738958644 ] ] ] } },
{ "type": "Feature", "properties": { "REGION": 1.0, "STATE.NAME": "Maharashtra", "DISTRICT.NAME": "Gadchiroli", "DISTRICT.AREA": 14527.292838, "GRID_G0": "192009", "woodland": 0.043003817488384347, "maskWdl": 0.0, "cropland": 0.89241349268344139, "maskCrp": 1.0, "one": 0.040608613481578432, "maskOne": 0.0, "GRID.AREA": 0.0036769911176640457, "REGION.AREA": 32202.066020262951 }, "geometry": { "type": "Polygon", "coordinates": [ [ [ 79.836275936941021, 20.031116391052617 ], [ 79.841533198038874, 20.03111580775894 ], [ 79.841533198038874, 20.031158520634484 ], [ 79.839460140473136, 20.031180915966559 ], [ 79.837247383759802, 20.031200004076993 ], [ 79.836275936941021, 20.031116391052617 ] ] ] } },
{ "type": "Feature", "properties": { "REGION": 1.0, "STATE.NAME": "Maharashtra", "DISTRICT.NAME": "Gadchiroli", "DISTRICT.AREA": 14527.292838, "GRID_G0": "192010", "woodland": 0.1481794856957255, "maskWdl": 0.0, "cropland": 0.72384980082565498, "maskCrp": 1.0, "one": 0.10762883150412109, "maskOne": 0.0, "GRID.AREA": 0.00018571770910297549, "REGION.AREA": 32202.066020262951 }, "geometry": { "type": "Polygon", "coordinates": [ [ [ 79.841533198038874, 20.031158520634484 ], [ 79.841533198038874, 20.03111580775894 ], [ 79.842131114130169, 20.031115881638495 ], [ 79.841711121071455, 20.031156597399104 ], [ 79.841533198038874, 20.031158520634484 ] ] ] } },
{ "type": "Feature", "properties": { "REGION": 1.0, "STATE.NAME": "Maharashtra", "DISTRICT.NAME": "Gadchiroli", "DISTRICT.AREA": 14527.292838, "GRID_G0": "192013", "woodland": 0.12686490291516511, "maskWdl": 0.0, "cropland": 0.64870398474903468, "maskCrp": 1.0, "one": 0.13578487659099164, "maskOne": 0.0, "GRID.AREA": 19.675693767973097, "REGION.AREA": 32202.066020262951 }, "geometry": { "type": "Polygon", "coordinates": [ [ [ 79.981417846487304, 20.031116323247705 ], [ 80.021533747255191, 20.031115774962103 ], [ 80.021533747255191, 20.076117002797812 ], [ 79.979926713382099, 20.07611738958644 ], [ 79.98001432959768, 20.075606728068124 ], [ 79.980325554380897, 20.072813284505514 ], [ 79.980501758549394, 20.071267298646948 ], [ 79.980785592681002, 20.069398984075917 ], [ 79.981250916296801, 20.065574113454602 ], [ 79.98163395644201, 20.063645158497305 ], [ 79.981976385002213, 20.060535383800982 ], [ 79.982466578469882, 20.058703602389414 ], [ 79.983192432984424, 20.056934814889871 ], [ 79.98430963108467, 20.054698325067704 ], [ 79.985293778085463, 20.052938019074364 ], [ 79.986100170486509, 20.051536761112686 ], [ 79.986101566234368, 20.051534336540445 ], [ 79.986101972727909, 20.051533628773999 ], [ 79.986317095957247, 20.051159883122182 ], [ 79.986317117540978, 20.051159845350639 ], [ 79.986863719185351, 20.050209925647607 ], [ 79.987734578588004, 20.048515042635188 ], [ 79.98964503628946, 20.045622438924454 ], [ 79.988372416453899, 20.044068831311563 ], [ 79.987853914126902, 20.042017856339047 ], [ 79.987644475512184, 20.041408644793197 ], [ 79.986739065955192, 20.039811773494588 ], [ 79.986042327891198, 20.03878357680065 ], [ 79.98417221557537, 20.036136686758713 ], [ 79.98343262931246, 20.035118312460209 ], [ 79.982219608448247, 20.03278333967944 ], [ 79.981417846487304, 20.031116323247705 ] ] ] } },
{ "type": "Feature", "properties": { "REGION": 1.0, "STATE.NAME": "Maharashtra", "DISTRICT.NAME": "Gadchiroli", "DISTRICT.AREA": 14527.292838, "GRID_G0": "191358", "woodland": 0.059057914146192936, "maskWdl": 0.0, "cropland": 0.80496391211608609, "maskCrp": 1.0, "one": 0.046154839698444597, "maskOne": 0.0, "GRID.AREA": 5.4362055788966304, "REGION.AREA": 32202.066020262951 }, "geometry": { "type": "Polygon", "coordinates": [ [ [ 79.774158209769766, 19.986115970904805 ], [ 79.796536350520469, 19.98611453245697 ], [ 79.796536350520469, 20.01728737813292 ], [ 79.796314354124206, 20.01715156309422 ], [ 79.795158761267885, 20.01651450494052 ], [ 79.79297419740135, 20.015125011909845 ], [ 79.790556224390286, 20.013541413705354 ], [ 79.788149286060786, 20.012025163030895 ], [ 79.783026033624594, 20.009738311174146 ], [ 79.781354835157572, 20.007739224385773 ], [ 79.781091264550298, 20.007247858202163 ], [ 79.780962138991583, 20.007011094586403 ], [ 79.780897303267992, 20.006881499581596 ], [ 79.780827882800622, 20.006760996722672 ], [ 79.780475448383299, 20.005441309968546 ], [ 79.780472644297177, 20.004841418996364 ], [ 79.780798883261923, 20.003522648651366 ], [ 79.780949196848042, 20.00293336967934 ], [ 79.78095360262671, 20.002915270823166 ], [ 79.780838403069879, 20.002430190900615 ], [ 79.78040624824979, 20.001409738268872 ], [ 79.780232521713572, 20.001101587368399 ], [ 79.779806870790537, 20.000622297281268 ], [ 79.779664251803808, 19.99996632098896 ], [ 79.780267311087584, 19.998398808058596 ], [ 79.78019901837007, 19.996947574770786 ], [ 79.779811313441428, 19.99645850905301 ], [ 79.779419484221876, 19.9959966415318 ], [ 79.778292554557822, 19.995119723396556 ], [ 79.77736604510693, 19.994225635404803 ], [ 79.7767138540612, 19.993191064316193 ], [ 79.775846971460638, 19.991483863289716 ], [ 79.775573026274188, 19.990487452234163 ], [ 79.775120986544323, 19.988736395768115 ], [ 79.774945295888756, 19.988284040376186 ], [ 79.774404296121418, 19.986891104740725 ], [ 79.774158209769766, 19.986115970904805 ] ] ] } },
{ "type": "Feature", "properties": { "REGION": 1.0, "STATE.NAME": "Maharashtra", "DISTRICT.NAME": "Gadchiroli", "DISTRICT.AREA": 14527.292838, "GRID_G0": "191359", "woodland": 0.048034364522854915, "maskWdl": 0.0, "cropland": 0.81513609680162558, "maskCrp": 1.0, "one": 0.039001890041584268, "maskOne": 0.0, "GRID.AREA": 21.646589779619628, "REGION.AREA": 32202.066020262951 }, "geometry": { "type": "Polygon", "coordinates": [ [ [ 79.796536350520469, 20.01728737813292 ], [ 79.796536350520469, 19.98611453245697 ], [ 79.841533198038874, 19.986114554412669 ], [ 79.841533198038874, 20.03111580775894 ], [ 79.836275936941021, 20.031116391052617 ], [ 79.834924908857502, 20.031000098275968 ], [ 79.834589718041116, 20.030974815635261 ], [ 79.831249226770467, 20.030785013717434 ], [ 79.827950358822079, 20.030752170476319 ], [ 79.824646451072908, 20.030484874877118 ], [ 79.821462279060995, 20.029994214661315 ], [ 79.818753545339916, 20.029386332313432 ], [ 79.81776296009258, 20.029107177354376 ], [ 79.81624822657443, 20.028675345390923 ], [ 79.81099366052905, 20.027469937287833 ], [ 79.809524961507805, 20.026495824023129 ], [ 79.808599173313283, 20.025886181701992 ], [ 79.807927814117363, 20.025325760175747 ], [ 79.801755068141915, 20.020199048947006 ], [ 79.798768952924888, 20.018653232161 ], [ 79.796536350520469, 20.01728737813292 ] ] ] } },
{ "type": "Feature", "properties": { "REGION": 1.0, "STATE.NAME": "Maharashtra", "DISTRICT.NAME": "Gadchiroli", "DISTRICT.AREA": 14527.292838, "GRID_G0": "191360", "woodland": 0.07598721823491783, "maskWdl": 0.0, "cropland": 0.71166794517999632, "maskCrp": 1.0, "one": 0.087137856802798883, "maskOne": 0.0, "GRID.AREA": 11.602971264401088, "REGION.AREA": 32202.066020262951 }, "geometry": { "type": "Polygon", "coordinates": [ [ [ 79.842131114130169, 20.031115881638495 ], [ 79.841533198038874, 20.03111580775894 ], [ 79.841533198038874, 19.986114554412669 ], [ 79.869683102181597, 19.986115860644798 ], [ 79.868925009981297, 19.987695073468899 ], [ 79.868273756928374, 19.989651558472705 ], [ 79.867512000578415, 19.991357498649677 ], [ 79.867492577020869, 19.992020959100046 ], [ 79.867573493521959, 19.99267798400183 ], [ 79.867966302103241, 19.994515471611749 ], [ 79.868026677189448, 19.995105203842115 ], [ 79.867804301827107, 19.996110841042533 ], [ 79.868064370474372, 19.997102757286488 ], [ 79.868395758057829, 19.999424001916228 ], [ 79.866892015154406, 20.000625267741952 ], [ 79.866937787948586, 20.00142739106127 ], [ 79.866919189968712, 20.001454671995589 ], [ 79.865880464911584, 20.004293605065865 ], [ 79.865279861676356, 20.005942449084785 ], [ 79.864684565340497, 20.008957888495786 ], [ 79.864523801632174, 20.011965004681262 ], [ 79.863907333456723, 20.01443504933809 ], [ 79.863766810789741, 20.015019649137574 ], [ 79.861214842391121, 20.02020575968811 ], [ 79.860093421074566, 20.022085366146772 ], [ 79.859345569142761, 20.023330959556176 ], [ 79.857388561632888, 20.025934650663658 ], [ 79.855169820830611, 20.028146252647502 ], [ 79.852855804052183, 20.029471158167439 ], [ 79.850023710326013, 20.030259940943552 ], [ 79.849624471592165, 20.030371298596606 ], [ 79.846333353101841, 20.030708444539126 ], [ 79.842131114130169, 20.031115881638495 ] ] ] } },
{ "type": "Feature", "properties": { "REGION": 1.0, "STATE.NAME": "Maharashtra", "DISTRICT.NAME": "Gadchiroli", "DISTRICT.AREA": 14527.292838, "GRID_G0": "191362", "woodland": 0.11041984843842328, "maskWdl": 0.0, "cropland": 0.60744165030706376, "maskCrp": 1.0, "one": 0.17246375021466376, "maskOne": 0.0, "GRID.AREA": 6.5389960999221826, "REGION.AREA": 32202.066020262951 }, "geometry": { "type": "Polygon", "coordinates": [ [ [ 79.944774984435085, 19.986115715437638 ], [ 79.976536957850612, 19.986114535488312 ], [ 79.976536957850627, 20.023750495841245 ], [ 79.976361254668234, 20.023543792212308 ], [ 79.975960109371613, 20.023048179429964 ], [ 79.975157445559717, 20.022056479922636 ], [ 79.974450205212861, 20.02097870810093 ], [ 79.973345638990111, 20.019435336571572 ], [ 79.972253178541393, 20.017792332749991 ], [ 79.971644361797928, 20.016839109837118 ], [ 79.971575053745767, 20.016732113896012 ], [ 79.969765359683663, 20.014859728993372 ], [ 79.967894354341013, 20.013015436213433 ], [ 79.966017330735269, 20.011333618551699 ], [ 79.964964321746095, 20.01038900035212 ], [ 79.963549135983911, 20.009063505776226 ], [ 79.962279149363326, 20.007378858847289 ], [ 79.961669431499104, 20.006596922609958 ], [ 79.960882824183059, 20.005597482637764 ], [ 79.959486630303786, 20.003820507710316 ], [ 79.959128755887434, 20.003407922137967 ], [ 79.959695633646618, 20.002016776153368 ], [ 79.958881380271521, 20.0006209213185 ], [ 79.95764594020801, 19.998980559705103 ], [ 79.956824429304064, 19.997909591254711 ], [ 79.956434865476695, 19.996049815746456 ], [ 79.956050229934249, 19.99550707669027 ], [ 79.955330593332292, 19.995160182096757 ], [ 79.954670719378271, 19.994924969811567 ], [ 79.954529493441441, 19.99480590406927 ], [ 79.954345349158586, 19.994245671400677 ], [ 79.95389018518398, 19.992445891464797 ], [ 79.953597044867763, 19.991932955041875 ], [ 79.952531533503532, 19.99128154101038 ], [ 79.951358752804254, 19.99075866078363 ], [ 79.949539861375584, 19.98996396406574 ], [ 79.947795302511281, 19.9890732296459 ], [ 79.946682581236189, 19.98845438456226 ], [ 79.945593122724517, 19.987794457548205 ], [ 79.944997889341153, 19.987237555968477 ], [ 79.944668493756012, 19.986815488843771 ], [ 79.944774984435085, 19.986115715437638 ] ] ] } },
{ "type": "Feature", "properties": { "REGION": 1.0, "STATE.NAME": "Maharashtra", "DISTRICT.NAME": "Gadchiroli", "DISTRICT.AREA": 14527.292838, "GRID_G0": "191363", "woodland": 0.037382382827241753, "maskWdl": 0.0, "cropland": 0.83435162135382113, "maskCrp": 1.0, "one": 0.063007974695012209, "maskOne": 0.0, "GRID.AREA": 23.29333057925097, "REGION.AREA": 32202.066020262951 }, "geometry": { "type": "Polygon", "coordinates": [ [ [ 79.976536957850627, 20.023750495841245 ], [ 79.976536957850612, 19.986114535488312 ], [ 80.021533747255191, 19.986114525985673 ], [ 80.021533747255191, 20.031115774962103 ], [ 79.981417846487304, 20.031116323247705 ], [ 79.981357818708432, 20.030991512448395 ], [ 79.981108246048791, 20.030509404785278 ], [ 79.980310529407461, 20.029018500603346 ], [ 79.978853949650102, 20.026476222399818 ], [ 79.976536957850627, 20.023750495841245 ] ] ] } },
{ "type": "Feature", "properties": { "REGION": 1.0, "STATE.NAME": "Maharashtra", "DISTRICT.NAME": "Gadchiroli", "DISTRICT.AREA": 14527.292838, "GRID_G0": "190708", "woodland": 0.072783156037095814, "maskWdl": 0.0, "cropland": 0.72810655668939506, "maskCrp": 1.0, "one": 0.063783801879898738, "maskOne": 0.0, "GRID.AREA": 12.001330365184053, "REGION.AREA": 32202.066020262951 }, "geometry": { "type": "Polygon", "coordinates": [ [ [ 79.782433882636326, 19.941118973158627 ], [ 79.796536350520469, 19.941117760205849 ], [ 79.796536350520469, 19.98611453245697 ], [ 79.774158209769766, 19.986115970904805 ], [ 79.773806296423516, 19.985007484607763 ], [ 79.772678017776343, 19.981518646568361 ], [ 79.77252182801999, 19.981042975353095 ], [ 79.771918262417969, 19.97920502908886 ], [ 79.771652466887872, 19.978136212716095 ], [ 79.771392447703377, 19.976422229902028 ], [ 79.771142678991524, 19.974969825696974 ], [ 79.770940640897891, 19.973746527380399 ], [ 79.770282718472743, 19.971272980763505 ], [ 79.769834958616514, 19.969485834503701 ], [ 79.769343461131882, 19.966973217739849 ], [ 79.769264508750155, 19.965693505850652 ], [ 79.769384171642287, 19.965240142318748 ], [ 79.770024143599414, 19.963608913320744 ], [ 79.770844231775925, 19.962362307274702 ], [ 79.771269599412562, 19.961587848000814 ], [ 79.771419896810883, 19.961314200489994 ], [ 79.772156004496082, 19.959482674485912 ], [ 79.77229841214205, 19.958280146911306 ], [ 79.772405390096708, 19.957673654015991 ], [ 79.772754423278059, 19.956760482410402 ], [ 79.773642213317544, 19.955327684325198 ], [ 79.774369545418267, 19.953762482652508 ], [ 79.775001368618348, 19.952688819833213 ], [ 79.775934165229614, 19.951103705371736 ], [ 79.776674842370142, 19.949723245131739 ], [ 79.777757397685832, 19.948471776451356 ], [ 79.778264755614032, 19.948096287913419 ], [ 79.778510313700053, 19.947914524136024 ], [ 79.779013765872662, 19.947541899938756 ], [ 79.779917428046929, 19.946650094426388 ], [ 79.780277399682291, 19.946047849029075 ], [ 79.780882539097945, 19.945035418349907 ], [ 79.780909427028519, 19.944995188077545 ], [ 79.781660974274601, 19.943870730649738 ], [ 79.782118411735382, 19.943348067159601 ], [ 79.782376544142267, 19.942896741491491 ], [ 79.78244531080253, 19.94232119246908 ], [ 79.782474331924959, 19.942078408791591 ], [ 79.782433882636326, 19.941118973158627 ] ] ] } },
{ "type": "Feature", "properties": { "REGION": 1.0, "STATE.NAME": "Maharashtra", "DISTRICT.NAME": "Gadchiroli", "DISTRICT.AREA": 14527.292838, "GRID_G0": "190709", "woodland": 0.017155052547447504, "maskWdl": 0.0, "cropland": 0.94620197730114119, "maskCrp": 1.0, "one": 0.021418928219077742, "maskOne": 0.0, "GRID.AREA": 23.529944391377018, "REGION.AREA": 32202.066020262951 }, "geometry": { "type": "Polygon", "coordinates": [ [ [ 79.796536350520469, 19.941117760205849 ], [ 79.841533198038874, 19.941117773006756 ], [ 79.841533198038874, 19.986114554412669 ], [ 79.796536350520469, 19.98611453245697 ], [ 79.796536350520469, 19.941117760205849 ] ] ] } },
{ "type": "Feature", "properties": { "REGION": 1.0, "STATE.NAME": "Maharashtra", "DISTRICT.NAME": "Gadchiroli", "DISTRICT.AREA": 14527.292838, "GRID_G0": "190710", "woodland": 0.037924932597163931, "maskWdl": 0.0, "cropland": 0.86991187207114085, "maskCrp": 1.0, "one": 0.050588508322208257, "maskOne": 0.0, "GRID.AREA": 21.860509292575653, "REGION.AREA": 32202.066020262951 }, "geometry": { "type": "Polygon", "coordinates": [ [ [ 79.869683102181597, 19.986115860644798 ], [ 79.841533198038874, 19.986114554412669 ], [ 79.841533198038874, 19.941117773006756 ], [ 79.886534392283508, 19.941117747429715 ], [ 79.886534392283508, 19.972191139815202 ], [ 79.884455316959361, 19.973132592595107 ], [ 79.882240707642609, 19.974370091206822 ], [ 79.88099527701047, 19.975345585830155 ], [ 79.878533501619884, 19.977318353958935 ], [ 79.876948745987875, 19.978295745252467 ], [ 79.875166886842408, 19.978992731529384 ], [ 79.87387691818526, 19.979675782811167 ], [ 79.873039322007173, 19.980508099069535 ], [ 79.872158816476258, 19.981571336048376 ], [ 79.87128113391725, 19.983220840169679 ], [ 79.870096434502898, 19.985255069765685 ], [ 79.869683495496986, 19.986115041975665 ], [ 79.869683476611215, 19.986115080646524 ], [ 79.869683102181597, 19.986115860644798 ] ] ] } },
{ "type": "Feature", "properties": { "REGION": 1.0, "STATE.NAME": "Maharashtra", "DISTRICT.NAME": "Gadchiroli", "DISTRICT.AREA": 14527.292838, "GRID_G0": "190711", "woodland": 0.059727709906255755, "maskWdl": 0.0, "cropland": 0.73004564100467129, "maskCrp": 1.0, "one": 0.079199685433450059, "maskOne": 0.0, "GRID.AREA": 14.864338850305659, "REGION.AREA": 32202.066020262951 }, "geometry": { "type": "Polygon", "coordinates": [ [ [ 79.886534392283508, 19.972191139815202 ], [ 79.886534392283508, 19.941117747429715 ], [ 79.931535627200489, 19.941117711276512 ], [ 79.931535627200489, 19.97656198638289 ], [ 79.931079070342889, 19.976514840287681 ], [ 79.93076038658262, 19.976382254137778 ], [ 79.93044743779906, 19.976251967554333 ], [ 79.929607665261585, 19.975650228475331 ], [ 79.929117469995276, 19.97485675573472 ], [ 79.928726971772392, 19.973596819037994 ], [ 79.928354631760897, 19.971844923504477 ], [ 79.927085613710176, 19.970389991305129 ], [ 79.926471765259805, 19.969846986049617 ], [ 79.925712698782093, 19.969654060786358 ], [ 79.924408325683714, 19.969440174124774 ], [ 79.92318241843391, 19.969535945627456 ], [ 79.922589099707253, 19.969497767607944 ], [ 79.918703560820745, 19.968796637255082 ], [ 79.917664503913784, 19.968692904953631 ], [ 79.916620595164375, 19.968588681622407 ], [ 79.915347001363102, 19.968468752530956 ], [ 79.914118026525784, 19.968199216720507 ], [ 79.913162031002969, 19.967739405948862 ], [ 79.911169225979052, 19.966613943978363 ], [ 79.91065364554936, 19.966637343438716 ], [ 79.909507116959958, 19.967096899702199 ], [ 79.908053708212094, 19.967273557129033 ], [ 79.906742874384179, 19.967199483569345 ], [ 79.906458200285783, 19.967290655039733 ], [ 79.905903297898931, 19.967932715222673 ], [ 79.905392527043546, 19.968844634971962 ], [ 79.90498271138307, 19.969118614332615 ], [ 79.904313878382823, 19.969343439448213 ], [ 79.903101616546451, 19.969637201195955 ], [ 79.90185347265971, 19.969810074275582 ], [ 79.899457104961471, 19.969246915213034 ], [ 79.897919130263688, 19.968608679846742 ], [ 79.89696891198578, 19.968414834577008 ], [ 79.895822939177378, 19.96845483372363 ], [ 79.895311668298916, 19.968672008306612 ], [ 79.89342432767063, 19.969790699281418 ], [ 79.892526999421534, 19.97006493494882 ], [ 79.891004144125986, 19.970346515379447 ], [ 79.889321840830348, 19.971005599728699 ], [ 79.88735632663321, 19.971818939392563 ], [ 79.886534392283508, 19.972191139815202 ] ] ] } },
{ "type": "Feature", "properties": { "REGION": 1.0, "STATE.NAME": "Maharashtra", "DISTRICT.NAME": "Gadchiroli", "DISTRICT.AREA": 14527.292838, "GRID_G0": "190712", "woodland": 0.061044358789127458, "maskWdl": 0.0, "cropland": 0.75010973939852044, "maskCrp": 1.0, "one": 0.12414529010139067, "maskOne": 0.0, "GRID.AREA": 22.655599233350088, "REGION.AREA": 32202.066020262951 }, "geometry": { "type": "Polygon", "coordinates": [ [ [ 79.931535627200489, 19.97656198638289 ], [ 79.931535627200489, 19.941117711276512 ], [ 79.976536957850612, 19.941117764369643 ], [ 79.976536957850612, 19.986114535488312 ], [ 79.944774984435085, 19.986115715437638 ], [ 79.94483577305256, 19.985716257399421 ], [ 79.944818039321092, 19.985342190689607 ], [ 79.944728283383654, 19.98516808553876 ], [ 79.944236737335643, 19.984979123587721 ], [ 79.943544346594365, 19.984785024709197 ], [ 79.942230079154911, 19.984336926707844 ], [ 79.941718626613408, 19.983891253278784 ], [ 79.941084934622097, 19.982879660767761 ], [ 79.940241076464588, 19.981213517389961 ], [ 79.93987522416235, 19.980647869903354 ], [ 79.939403234771532, 19.980260015687236 ], [ 79.938078450660043, 19.979767027126627 ], [ 79.93633180986518, 19.978993438396518 ], [ 79.93572778650821, 19.978684738909635 ], [ 79.933719887263067, 19.977095342775893 ], [ 79.933367085023008, 19.976949604041067 ], [ 79.933020698546443, 19.976806624426217 ], [ 79.932367428314251, 19.976647878796598 ], [ 79.931535627200489, 19.97656198638289 ] ] ] } },
{ "type": "Feature", "properties": { "REGION": 1.0, "STATE.NAME": "Maharashtra", "DISTRICT.NAME": "Gadchiroli", "DISTRICT.AREA": 14527.292838, "GRID_G0": "190058", "woodland": 0.047335998988970784, "maskWdl": 0.0, "cropland": 0.73868740684755485, "maskCrp": 1.0, "one": 0.12654289263956142, "maskOne": 0.0, "GRID.AREA": 2.5013777555222538, "REGION.AREA": 32202.066020262951 }, "geometry": { "type": "Polygon", "coordinates": [ [ [ 79.796536350520469, 19.9150935131442 ], [ 79.796536350520469, 19.941117760205849 ], [ 79.782433882636326, 19.941118973158627 ], [ 79.782352328097545, 19.939184507359187 ], [ 79.782407218218623, 19.938987350785677 ], [ 79.782556876198953, 19.938449991473991 ], [ 79.783003055047004, 19.93761900891019 ], [ 79.783403325303254, 19.936873614825515 ], [ 79.783692876425164, 19.936317948914279 ], [ 79.784547392448246, 19.934678100813759 ], [ 79.785367985144433, 19.933706606374813 ], [ 79.78576212202438, 19.933356482315844 ], [ 79.786479417691055, 19.933162872668504 ], [ 79.787798637697051, 19.93296708846043 ], [ 79.78841085117989, 19.932545219186579 ], [ 79.788941832499631, 19.932115970975303 ], [ 79.789125206962808, 19.931747156306244 ], [ 79.789025954184467, 19.931338513361766 ], [ 79.788284368728682, 19.930129691432175 ], [ 79.788123816361121, 19.929528246431463 ], [ 79.788078025580489, 19.928929077614896 ], [ 79.788141559085716, 19.927840694692353 ], [ 79.788647913370539, 19.926690086778137 ], [ 79.789349638175338, 19.924823114894878 ], [ 79.789453013445893, 19.92427985513126 ], [ 79.789348483445792, 19.923154110773623 ], [ 79.789400727761461, 19.922559865745257 ], [ 79.789452874050937, 19.921965712447733 ], [ 79.789693359061346, 19.921356848939464 ], [ 79.790044021814197, 19.920754849057062 ], [ 79.790558580614061, 19.920231104581887 ], [ 79.791030212074702, 19.919938243055526 ], [ 79.791543642225349, 19.919820414780364 ], [ 79.792157106665172, 19.91992181603905 ], [ 79.792714394054087, 19.91984393115257 ], [ 79.792868829233157, 19.919687655960615 ], [ 79.793023201459619, 19.919531438325297 ], [ 79.794133214876013, 19.917548627467227 ], [ 79.79491070846251, 19.916343357859713 ], [ 79.794910741737397, 19.916343311094973 ], [ 79.795565235047604, 19.915659103285066 ], [ 79.796536350520469, 19.9150935131442 ] ] ] } },
{ "type": "Feature", "properties": { "REGION": 1.0, "STATE.NAME": "Maharashtra", "DISTRICT.NAME": "Gadchiroli", "DISTRICT.AREA": 14527.292838, "GRID_G0": "190059", "woodland": 0.027768400572627427, "maskWdl": 0.0, "cropland": 0.8988113415114608, "maskCrp": 1.0, "one": 0.027679815628524524, "maskOne": 0.0, "GRID.AREA": 22.618327974684181, "REGION.AREA": 32202.066020262951 }, "geometry": { "type": "Polygon", "coordinates": [ [ [ 79.803257396219053, 19.896117194341127 ], [ 79.841533198038874, 19.896116476710514 ], [ 79.841533198038874, 19.941117773006756 ], [ 79.796536350520469, 19.941117760205849 ], [ 79.796536350520469, 19.9150935131442 ], [ 79.796797029259551, 19.914941688907845 ], [ 79.796797060735798, 19.914941663726836 ], [ 79.797557034629506, 19.914278005425672 ], [ 79.798071558355787, 19.913289607329546 ], [ 79.798379892717946, 19.911578715485405 ], [ 79.798645776381534, 19.910924067491749 ], [ 79.798911585401413, 19.910269660516462 ], [ 79.799817127158761, 19.908331270771555 ], [ 79.800495326598082, 19.906951872630884 ], [ 79.800821912701167, 19.906345868966753 ], [ 79.801190945006169, 19.905026334197998 ], [ 79.80129203330074, 19.904743323845366 ], [ 79.801398581379487, 19.904445111352857 ], [ 79.801536024767813, 19.904134013374062 ], [ 79.801685950746105, 19.903794733340305 ], [ 79.802407791586347, 19.90152581216654 ], [ 79.802524301455378, 19.900974733697073 ], [ 79.80271226425964, 19.900085716982293 ], [ 79.803088559489481, 19.897967605820384 ], [ 79.803257396219053, 19.896117194341127 ] ] ] } },
{ "type": "Feature", "properties": { "REGION": 1.0, "STATE.NAME": "Maharashtra", "DISTRICT.NAME": "Gadchiroli", "DISTRICT.AREA": 14527.292838, "GRID_G0": "190060", "woodland": 0.073946527710329474, "maskWdl": 0.0, "cropland": 0.8568369222420622, "maskCrp": 1.0, "one": 0.047656474835698626, "maskOne": 0.0, "GRID.AREA": 23.541285519863226, "REGION.AREA": 32202.066020262951 }, "geometry": { "type": "Polygon", "coordinates": [ [ [ 79.841533198038874, 19.896116476710514 ], [ 79.886534392283508, 19.896116460284951 ], [ 79.886534392283508, 19.941117747429715 ], [ 79.841533198038874, 19.941117773006756 ], [ 79.841533198038874, 19.896116476710514 ] ] ] } },
{ "type": "Feature", "properties": { "REGION": 1.0, "STATE.NAME": "Maharashtra", "DISTRICT.NAME": "Gadchiroli", "DISTRICT.AREA": 14527.292838, "GRID_G0": "190061", "woodland": 0.15090616273397861, "maskWdl": 0.0, "cropland": 0.63681341330722152, "maskCrp": 1.0, "one": 0.17196205989688024, "maskOne": 0.0, "GRID.AREA": 23.541296389194613, "REGION.AREA": 32202.066020262951 }, "geometry": { "type": "Polygon", "coordinates": [ [ [ 79.886534392283508, 19.896116460284951 ], [ 79.931535627200489, 19.896116454781591 ], [ 79.931535627200489, 19.941117711276512 ], [ 79.886534392283508, 19.941117747429715 ], [ 79.886534392283508, 19.896116460284951 ] ] ] } },
{ "type": "Feature", "properties": { "REGION": 1.0, "STATE.NAME": "Maharashtra", "DISTRICT.NAME": "Gadchiroli", "DISTRICT.AREA": 14527.292838, "GRID_G0": "190062", "woodland": 0.21981130281265718, "maskWdl": 0.0, "cropland": 0.65605344690621292, "maskCrp": 1.0, "one": 0.11221762883667438, "maskOne": 0.0, "GRID.AREA": 23.541348311404452, "REGION.AREA": 32202.066020262951 }, "geometry": { "type": "Polygon", "coordinates": [ [ [ 79.931535627200489, 19.896116454781591 ], [ 79.976536957850627, 19.896116470179745 ], [ 79.976536957850612, 19.941117764369643 ], [ 79.931535627200489, 19.941117711276512 ], [ 79.931535627200489, 19.896116454781591 ] ] ] } },
{ "type": "Feature", "properties": { "REGION": 1.0, "STATE.NAME": "Maharashtra", "DISTRICT.NAME": "Gadchiroli", "DISTRICT.AREA": 14527.292838, "GRID_G0": "190063", "woodland": 0.32811048651937302, "maskWdl": 0.0, "cropland": 0.58397901465294555, "maskCrp": 1.0, "one": 0.083637666357470913, "maskOne": 0.0, "GRID.AREA": 23.538963148888357, "REGION.AREA": 32202.066020262951 }, "geometry": { "type": "Polygon", "coordinates": [ [ [ 79.976536957850627, 19.896116470179745 ], [ 80.021533747255191, 19.896116521708525 ], [ 80.021533747255191, 19.941117741815027 ], [ 79.976536957850612, 19.941117764369643 ], [ 79.976536957850627, 19.896116470179745 ] ] ] } },
{ "type": "Feature", "properties": { "REGION": 1.0, "STATE.NAME": "Maharashtra", "DISTRICT.NAME": "Gadchiroli", "DISTRICT.AREA": 14527.292838, "GRID_G0": "189408", "woodland": 0.1430118647352604, "maskWdl": 0.0, "cropland": 0.60458846052334636, "maskCrp": 1.0, "one": 0.095898455180996031, "maskOne": 0.0, "GRID.AREA": 5.7464045406371964, "REGION.AREA": 32202.066020262951 }, "geometry": { "type": "Polygon", "coordinates": [ [ [ 79.764365900281774, 19.851116375487884 ], [ 79.796536350520469, 19.851115253216626 ], [ 79.796536350520469, 19.885071385949267 ], [ 79.79587084806127, 19.884771147470531 ], [ 79.795686864757045, 19.884639297865363 ], [ 79.794329408275644, 19.883667231457594 ], [ 79.794137991175432, 19.883519971969179 ], [ 79.793819839813807, 19.883275172910942 ], [ 79.79318191651231, 19.883142594854917 ], [ 79.792891961594819, 19.883141766579342 ], [ 79.792888322937813, 19.883141755787452 ], [ 79.792551500751188, 19.883140754842032 ], [ 79.791809489016771, 19.88284379150781 ], [ 79.791236887072728, 19.882614584895233 ], [ 79.790230317275359, 19.881740058956609 ], [ 79.790230283101153, 19.881740030178321 ], [ 79.789291405274184, 19.880904760546287 ], [ 79.78927089173834, 19.880871062049948 ], [ 79.78926915964405, 19.880868215695671 ], [ 79.788960183165955, 19.880360505233167 ], [ 79.788618371540679, 19.879387052070854 ], [ 79.788325965071294, 19.87855416294434 ], [ 79.787539858677576, 19.876858960672568 ], [ 79.787106402538484, 19.875924200841268 ], [ 79.786878294897463, 19.874818670545267 ], [ 79.786859760769403, 19.874435658279079 ], [ 79.786838945061334, 19.87400439468712 ], [ 79.786794471787516, 19.873086438688233 ], [ 79.786778407197801, 19.872754482733225 ], [ 79.78677838831203, 19.872754440465087 ], [ 79.786757131036836, 19.872696992672108 ], [ 79.786576151468296, 19.872207831626152 ], [ 79.785670606113626, 19.870672704182027 ], [ 79.785331526628681, 19.869758869776092 ], [ 79.784811021511487, 19.8683562583347 ], [ 79.784151451528331, 19.866703860195059 ], [ 79.783544821936061, 19.865537567205024 ], [ 79.783254322029393, 19.865109835250735 ], [ 79.782130443765027, 19.86409752957735 ], [ 79.781699828584308, 19.863591202272229 ], [ 79.781307735863379, 19.862872101666198 ], [ 79.781024772275487, 19.861884833118609 ], [ 79.780900083971744, 19.861160890562701 ], [ 79.780614003333653, 19.860714965323435 ], [ 79.780449762846331, 19.860510432510527 ], [ 79.780285639270915, 19.860306042689785 ], [ 79.780285612291209, 19.86030601481076 ], [ 79.779771944719528, 19.859936476187503 ], [ 79.779397562347697, 19.859755075736192 ], [ 79.77913522111362, 19.859627959262976 ], [ 79.777719448993423, 19.859274996943611 ], [ 79.7763048172136, 19.859215245087569 ], [ 79.775105843759718, 19.859187602625806 ], [ 79.773792650110749, 19.858715382109263 ], [ 79.771863141171082, 19.857997396662597 ], [ 79.7702667132383, 19.856984562187847 ], [ 79.768974328102843, 19.855898478831762 ], [ 79.766907946844356, 19.854086810757735 ], [ 79.766907913569412, 19.854086780180808 ], [ 79.765084821407413, 19.852026912711896 ], [ 79.765084786333887, 19.852026872242391 ], [ 79.764365900281774, 19.851116375487884 ] ] ] } },
{ "type": "Feature", "properties": { "REGION": 1.0, "STATE.NAME": "Maharashtra", "DISTRICT.NAME": "Gadchiroli", "DISTRICT.AREA": 14527.292838, "GRID_G0": "189411", "woodland": 0.20036429204785486, "maskWdl": 0.0, "cropland": 0.65198951273561856, "maskCrp": 1.0, "one": 0.14132548059024688, "maskOne": 0.0, "GRID.AREA": 23.547959788082732, "REGION.AREA": 32202.066020262951 }, "geometry": { "type": "Polygon", "coordinates": [ [ [ 79.886534392283508, 19.851115230369267 ], [ 79.931535627200489, 19.851115253243435 ], [ 79.931535627200489, 19.896116454781591 ], [ 79.886534392283508, 19.896116460284951 ], [ 79.886534392283508, 19.851115230369267 ] ] ] } },
{ "type": "Feature", "properties": { "REGION": 1.0, "STATE.NAME": "Maharashtra", "DISTRICT.NAME": "Gadchiroli", "DISTRICT.AREA": 14527.292838, "GRID_G0": "189413", "woodland": 0.32778371356402702, "maskWdl": 0.0, "cropland": 0.55907634849025978, "maskCrp": 1.0, "one": 0.10948930487543068, "maskOne": 0.0, "GRID.AREA": 23.545651752328101, "REGION.AREA": 32202.066020262951 }, "geometry": { "type": "Polygon", "coordinates": [ [ [ 79.976536957850627, 19.851115228694781 ], [ 80.021533747255191, 19.851115262220556 ], [ 80.021533747255191, 19.896116521708525 ], [ 79.976536957850627, 19.896116470179745 ], [ 79.976536957850627, 19.851115228694781 ] ] ] } },
{ "type": "Feature", "properties": { "REGION": 1.0, "STATE.NAME": "Maharashtra", "DISTRICT.NAME": "Gadchiroli", "DISTRICT.AREA": 14527.292838, "GRID_G0": "188757", "woodland": 0.032468049147945863, "maskWdl": 0.0, "cropland": 0.79131982325662875, "maskCrp": 1.0, "one": 0.070160349890305271, "maskOne": 0.0, "GRID.AREA": 4.5374759405677008, "REGION.AREA": 32202.066020262951 }, "geometry": { "type": "Polygon", "coordinates": [ [ [ 79.737979256936626, 19.806119650959314 ], [ 79.751535158442124, 19.806118484002841 ], [ 79.751535158442124, 19.840540091682382 ], [ 79.750785819410112, 19.840355578647063 ], [ 79.75078577983993, 19.840355576848424 ], [ 79.750178300388313, 19.840366604335372 ], [ 79.749836048095176, 19.840372817751415 ], [ 79.749489152602393, 19.840418434962828 ], [ 79.748521802239452, 19.840545644066257 ], [ 79.748404527047342, 19.840497251546996 ], [ 79.748330836598882, 19.840466843669958 ], [ 79.747082555115881, 19.83965469111115 ], [ 79.745932737705743, 19.838750535209105 ], [ 79.744862109199062, 19.83798488749261 ], [ 79.74440502427251, 19.837582545198359 ], [ 79.743500511339562, 19.836534140738081 ], [ 79.742525959205693, 19.834859935837418 ], [ 79.741950252801985, 19.83378307053232 ], [ 79.741673572777245, 19.833093313905351 ], [ 79.741598043215163, 19.832431565764182 ], [ 79.74187483745385, 19.831253545614686 ], [ 79.741957081354258, 19.830602458936369 ], [ 79.741863667874043, 19.829999675744485 ], [ 79.741584279091285, 19.829409249237528 ], [ 79.740982264819706, 19.828445551920705 ], [ 79.740687010197405, 19.827778645268324 ], [ 79.740460527631285, 19.826501614258124 ], [ 79.740220119063281, 19.825247255156739 ], [ 79.74015314565122, 19.824535632413529 ], [ 79.739876631101708, 19.823376687783995 ], [ 79.739246161381288, 19.82218808441263 ], [ 79.738690637562911, 19.821160418318698 ], [ 79.738433836152694, 19.820506353985081 ], [ 79.738442083835139, 19.819270083847357 ], [ 79.738540314983595, 19.817996208558213 ], [ 79.73881524492765, 19.816728066447183 ], [ 79.738511093312354, 19.81655762693299 ], [ 79.738149116188822, 19.816365582105959 ], [ 79.737622443520991, 19.816284797805224 ], [ 79.736858219431326, 19.815793303917872 ], [ 79.737244567283028, 19.812727649061799 ], [ 79.737803455465155, 19.808756745627367 ], [ 79.737855905725553, 19.807113689645117 ], [ 79.737979256936626, 19.806119650959314 ] ] ] } },
{ "type": "Feature", "properties": { "REGION": 1.0, "STATE.NAME": "Maharashtra", "DISTRICT.NAME": "Gadchiroli", "DISTRICT.AREA": 14527.292838, "GRID_G0": "188758", "woodland": 0.080106386056848958, "maskWdl": 0.0, "cropland": 0.83811660619009209, "maskCrp": 1.0, "one": 0.046142246036448231, "maskOne": 0.0, "GRID.AREA": 22.514472460564921, "REGION.AREA": 32202.066020262951 }, "geometry": { "type": "Polygon", "coordinates": [ [ [ 79.751535158442124, 19.840540091682382 ], [ 79.751535158442124, 19.806118484002841 ], [ 79.796536350520469, 19.806118485488867 ], [ 79.796536350520469, 19.851115253216626 ], [ 79.764365900281774, 19.851116375487884 ], [ 79.763624182110391, 19.850176947008549 ], [ 79.762059443588498, 19.848143885631881 ], [ 79.760787914630612, 19.845965731233552 ], [ 79.760010582922135, 19.844843106624129 ], [ 79.758578080713903, 19.843430143985984 ], [ 79.758300748680654, 19.843233632226369 ], [ 79.757429932445461, 19.842616583988217 ], [ 79.757429892875336, 19.842616565102443 ], [ 79.755685751296426, 19.841840813502813 ], [ 79.754509546878126, 19.841417023277074 ], [ 79.753242483953557, 19.840960480641741 ], [ 79.751535158442124, 19.840540091682382 ] ] ] } },
{ "type": "Feature", "properties": { "REGION": 1.0, "STATE.NAME": "Maharashtra", "DISTRICT.NAME": "Gadchiroli", "DISTRICT.AREA": 14527.292838, "GRID_G0": "188759", "woodland": 0.18685847712780465, "maskWdl": 0.0, "cropland": 0.72113865021128443, "maskCrp": 1.0, "one": 0.07735199112086627, "maskOne": 0.0, "GRID.AREA": 23.550017449657183, "REGION.AREA": 32202.066020262951 }, "geometry": { "type": "Polygon", "coordinates": [ [ [ 79.796536350520469, 19.806118485488867 ], [ 79.841533198038874, 19.80611845616334 ], [ 79.841533198038874, 19.851115239922713 ], [ 79.796536350520469, 19.851115253216626 ], [ 79.796536350520469, 19.806118485488867 ] ] ] } },
{ "type": "Feature", "properties": { "REGION": 1.0, "STATE.NAME": "Maharashtra", "DISTRICT.NAME": "Gadchiroli", "DISTRICT.AREA": 14527.292838, "GRID_G0": "188760", "woodland": 0.16026845732806941, "maskWdl": 0.0, "cropland": 0.73399400818127059, "maskCrp": 1.0, "one": 0.10261293465565018, "maskOne": 0.0, "GRID.AREA": 23.552295277375254, "REGION.AREA": 32202.066020262951 }, "geometry": { "type": "Polygon", "coordinates": [ [ [ 79.841533198038874, 19.80611845616334 ], [ 79.886534392283508, 19.806118451645851 ], [ 79.886534392283508, 19.851115230369267 ], [ 79.841533198038874, 19.851115239922713 ], [ 79.841533198038874, 19.80611845616334 ] ] ] } },
{ "type": "Feature", "properties": { "REGION": 1.0, "STATE.NAME": "Maharashtra", "DISTRICT.NAME": "Gadchiroli", "DISTRICT.AREA": 14527.292838, "GRID_G0": "188763", "woodland": 0.1609780049645444, "maskWdl": 0.0, "cropland": 0.75070827683547015, "maskCrp": 1.0, "one": 0.068550922134010317, "maskOne": 0.0, "GRID.AREA": 23.550001742450494, "REGION.AREA": 32202.066020262951 }, "geometry": { "type": "Polygon", "coordinates": [ [ [ 79.976536957850627, 19.806118434758481 ], [ 80.021533747255191, 19.806118448473942 ], [ 80.021533747255191, 19.851115262220556 ], [ 79.976536957850627, 19.851115228694781 ], [ 79.976536957850627, 19.806118434758481 ] ] ] } },
{ "type": "Feature", "properties": { "REGION": 1.0, "STATE.NAME": "Maharashtra", "DISTRICT.NAME": "Gadchiroli", "DISTRICT.AREA": 14527.292838, "GRID_G0": "188764", "woodland": 0.21209087995147571, "maskWdl": 0.0, "cropland": 0.7030412750454319, "maskCrp": 1.0, "one": 0.080975547345901414, "maskOne": 0.0, "GRID.AREA": 23.552302635624528, "REGION.AREA": 32202.066020262951 }, "geometry": { "type": "Polygon", "coordinates": [ [ [ 80.021533747255191, 19.806118448473942 ], [ 80.066534923665401, 19.806118422290801 ], [ 80.066534923665401, 19.851115234806841 ], [ 80.021533747255191, 19.851115262220556 ], [ 80.021533747255191, 19.806118448473942 ] ] ] } },
{ "type": "Feature", "properties": { "REGION": 1.0, "STATE.NAME": "Maharashtra", "DISTRICT.NAME": "Gadchiroli", "DISTRICT.AREA": 14527.292838, "GRID_G0": "188107", "woodland": 0.026767802136371911, "maskWdl": 0.0, "cropland": 0.74666234223149619, "maskCrp": 1.0, "one": 0.065741309259935876, "maskOne": 0.0, "GRID.AREA": 3.6838984613540666, "REGION.AREA": 32202.066020262951 }, "geometry": { "type": "Polygon", "coordinates": [ [ [ 79.751535158442124, 19.763871166114232 ], [ 79.751535158442124, 19.806118484002841 ], [ 79.737979256936626, 19.806119650959314 ], [ 79.738159439506603, 19.804667608323541 ], [ 79.738335319019825, 19.802756191944752 ], [ 79.739367091418217, 19.799746685361299 ], [ 79.739730667536321, 19.798143132999257 ], [ 79.739758966503132, 19.797953080170544 ], [ 79.739999405648121, 19.796338288081589 ], [ 79.740353969660021, 19.79438419797242 ], [ 79.740475724375244, 19.793713171525724 ], [ 79.740851357704074, 19.792556741400517 ], [ 79.741239254188315, 19.791362604500648 ], [ 79.741410020156366, 19.790840807057634 ], [ 79.741410030948202, 19.790840771084788 ], [ 79.742196668841245, 19.788458145926764 ], [ 79.742644307289027, 19.787232057913176 ], [ 79.743081602633936, 19.785979028909082 ], [ 79.743942589279129, 19.784429758726446 ], [ 79.744380226366388, 19.783190238438806 ], [ 79.745022561741905, 19.782159100961792 ], [ 79.746025374171722, 19.779610262203903 ], [ 79.746234912611158, 19.7786545526655 ], [ 79.746574019075751, 19.776325107118058 ], [ 79.746752333953111, 19.774070733377698 ], [ 79.747048352099853, 19.772202207465966 ], [ 79.747402325257156, 19.772084975441317 ], [ 79.748531956484669, 19.771710861067444 ], [ 79.750537328634891, 19.771090541095642 ], [ 79.75088752194165, 19.768359496093922 ], [ 79.750991689514933, 19.766405929390203 ], [ 79.751012011495163, 19.766024901028402 ], [ 79.751343783988489, 19.764737680699454 ], [ 79.751343793881063, 19.764737641129273 ], [ 79.751535158442124, 19.763871166114232 ] ] ] } },
{ "type": "Feature", "properties": { "REGION": 1.0, "STATE.NAME": "Maharashtra", "DISTRICT.NAME": "Gadchiroli", "DISTRICT.AREA": 14527.292838, "GRID_G0": "188108", "woodland": 0.33492533378936695, "maskWdl": 0.0, "cropland": 0.54733598846485654, "maskCrp": 1.0, "one": 0.09986670419487724, "maskOne": 0.0, "GRID.AREA": 23.551488389041126, "REGION.AREA": 32202.066020262951 }, "geometry": { "type": "Polygon", "coordinates": [ [ [ 79.75215431665022, 19.761117304060825 ], [ 79.796536350520469, 19.761117188974119 ], [ 79.796536350520469, 19.806118485488867 ], [ 79.751535158442124, 19.806118484002841 ], [ 79.751535158442124, 19.763871166114232 ], [ 79.75157048958647, 19.763711190019478 ], [ 79.751876948862161, 19.762323567578616 ], [ 79.752016716997957, 19.76171570861311 ], [ 79.75215431665022, 19.761117304060825 ] ] ] } },
{ "type": "Feature", "properties": { "REGION": 1.0, "STATE.NAME": "Maharashtra", "DISTRICT.NAME": "Gadchiroli", "DISTRICT.AREA": 14527.292838, "GRID_G0": "186808", "woodland": 0.037647524207906728, "maskWdl": 0.0, "cropland": 0.77699268734913729, "maskCrp": 1.0, "one": 0.040304100002496263, "maskOne": 0.0, "GRID.AREA": 5.7348566587350085, "REGION.AREA": 32202.066020262951 }, "geometry": { "type": "Polygon", "coordinates": [ [ [ 79.785273395353954, 19.671115783922133 ], [ 79.796536350520469, 19.67111472324898 ], [ 79.796536350520469, 19.716115936790789 ], [ 79.783643324186357, 19.716117081997311 ], [ 79.783809215423005, 19.715752228482582 ], [ 79.784139581376621, 19.715324648513786 ], [ 79.784393614673661, 19.714941886259112 ], [ 79.784394198333644, 19.71493978364413 ], [ 79.784394240601785, 19.714939718892936 ], [ 79.784611561774227, 19.714155148541295 ], [ 79.784721444539116, 19.712815398811646 ], [ 79.784772764351672, 19.711845364871749 ], [ 79.784841663212262, 19.711591402621195 ], [ 79.784966001679663, 19.711133076630233 ], [ 79.785083768800973, 19.710267123029382 ], [ 79.785167881492612, 19.709414560333759 ], [ 79.785076342199488, 19.708412411603543 ], [ 79.785124496398453, 19.707018234903671 ], [ 79.785199180597772, 19.706156602545207 ], [ 79.785355210274815, 19.705232145347281 ], [ 79.785289110104429, 19.703787844033798 ], [ 79.785457043208055, 19.702213564604392 ], [ 79.785586836963034, 19.700652787596141 ], [ 79.785586799191492, 19.700652761515755 ], [ 79.785586016781281, 19.700620950696358 ], [ 79.785549551070972, 19.699140798808855 ], [ 79.785387120918926, 19.696843387112665 ], [ 79.785380426365634, 19.696748707386973 ], [ 79.785303826610345, 19.696062461713268 ], [ 79.785326172065254, 19.69519609892086 ], [ 79.785406154170744, 19.694199079923639 ], [ 79.785598372566881, 19.693487662225891 ], [ 79.785691196091875, 19.693144110412387 ], [ 79.785987642315888, 19.691628858884769 ], [ 79.786134221017562, 19.690654542373295 ], [ 79.786161805922688, 19.689661955235124 ], [ 79.785922432474308, 19.688677342385517 ], [ 79.785941520584743, 19.687418397641011 ], [ 79.786028791695458, 19.687012525507669 ], [ 79.786151643583537, 19.686011075550763 ], [ 79.786188092206771, 19.68517634910927 ], [ 79.786161849989469, 19.684603101452012 ], [ 79.786225203630295, 19.684170184006859 ], [ 79.786225218019482, 19.68417014803396 ], [ 79.78654757461095, 19.683349928556424 ], [ 79.786788930165073, 19.682542878750894 ], [ 79.786862361608769, 19.681992468477688 ], [ 79.786912240707409, 19.681428610641944 ], [ 79.78687293403874, 19.680471770655739 ], [ 79.786671829441445, 19.679460305848465 ], [ 79.786318003772919, 19.678484359765434 ], [ 79.785946229435012, 19.677273741889739 ], [ 79.785626297415774, 19.676082160863075 ], [ 79.785607904481253, 19.6760136541069 ], [ 79.785424795318079, 19.67528206911226 ], [ 79.785205627837513, 19.673995142861596 ], [ 79.785248467942495, 19.673397013661315 ], [ 79.785260891177245, 19.673223571310814 ], [ 79.785264468680339, 19.672620479651471 ], [ 79.785267342913585, 19.672136022959137 ], [ 79.785273395353954, 19.671115783922133 ] ] ] } },
{ "type": "Feature", "properties": { "REGION": 1.0, "STATE.NAME": "Maharashtra", "DISTRICT.NAME": "Gadchiroli", "DISTRICT.AREA": 14527.292838, "GRID_G0": "186158", "woodland": 0.024267020900631292, "maskWdl": 0.0, "cropland": 0.79564904581298557, "maskCrp": 1.0, "one": 0.048972219095629703, "maskOne": 0.0, "GRID.AREA": 5.2944851431237856, "REGION.AREA": 32202.066020262951 }, "geometry": { "type": "Polygon", "coordinates": [ [ [ 79.789462265822536, 19.626118680325909 ], [ 79.796536350520469, 19.626117940245745 ], [ 79.796536350520469, 19.67111472324898 ], [ 79.785273395353954, 19.671115783922133 ], [ 79.785273794649981, 19.671048475506776 ], [ 79.785279553908367, 19.670481825276056 ], [ 79.785292384535978, 19.669920292187783 ], [ 79.785391458349181, 19.668923237217655 ], [ 79.785541640634278, 19.668228709687245 ], [ 79.785511925235198, 19.667285400900596 ], [ 79.785662850360325, 19.666428532251022 ], [ 79.785751653915725, 19.665602995981544 ], [ 79.785754856401596, 19.664754460450013 ], [ 79.785673543299424, 19.663571750336079 ], [ 79.785633715024005, 19.661495733741162 ], [ 79.785529032139152, 19.660191172684506 ], [ 79.785608786716182, 19.659261719752632 ], [ 79.78564576863738, 19.65827350152091 ], [ 79.785633992914484, 19.65794899375112 ], [ 79.785606947602616, 19.657203683303408 ], [ 79.785557122463274, 19.656526694351498 ], [ 79.785354455743573, 19.655912144429976 ], [ 79.785242139413242, 19.655379306010218 ], [ 79.785245396757716, 19.654499268126756 ], [ 79.785222436166578, 19.65418864229207 ], [ 79.785191012954954, 19.65376347790226 ], [ 79.785223992893009, 19.653220390808432 ], [ 79.78522403516115, 19.653219717216245 ], [ 79.785257054669387, 19.652675993402397 ], [ 79.785313022178286, 19.651701407094322 ], [ 79.78551500721187, 19.649955496548959 ], [ 79.785680441998863, 19.649048873806517 ], [ 79.785775524620817, 19.647808011730437 ], [ 79.785707433351433, 19.645641498156692 ], [ 79.785816834979016, 19.644418761017054 ], [ 79.785966100854921, 19.644035600362713 ], [ 79.786214564650493, 19.642560607885798 ], [ 79.786216892095979, 19.642537311847494 ], [ 79.786302726090014, 19.64167767418536 ], [ 79.78630276296218, 19.641677305463304 ], [ 79.786664858796271, 19.640630319233878 ], [ 79.787151801214691, 19.639119936635836 ], [ 79.787292219560356, 19.638502127571201 ], [ 79.787462328123979, 19.637627123193226 ], [ 79.787541212157294, 19.636923237317603 ], [ 79.787615358561993, 19.636210430167296 ], [ 79.787815852519657, 19.634820910156918 ], [ 79.788025977317034, 19.633408988933752 ], [ 79.788398247181419, 19.63197488413363 ], [ 79.788564035401976, 19.630941866174226 ], [ 79.788730784098448, 19.629665119349852 ], [ 79.788928320185903, 19.629092506613915 ], [ 79.789045271622058, 19.628402275144939 ], [ 79.789249636261786, 19.627247495275753 ], [ 79.789394508050179, 19.626742514255685 ], [ 79.789425140757714, 19.626191987070573 ], [ 79.789462265822536, 19.626118680325909 ] ] ] } },
{ "type": "Feature", "properties": { "REGION": 1.0, "STATE.NAME": "Maharashtra", "DISTRICT.NAME": "Gadchiroli", "DISTRICT.AREA": 14527.292838, "GRID_G0": "185508", "woodland": 0.031849661225275626, "maskWdl": 0.0, "cropland": 0.78613793626649076, "maskCrp": 1.0, "one": 0.035539510223805519, "maskOne": 0.0, "GRID.AREA": 1.288268131528032, "REGION.AREA": 32202.066020262951 }, "geometry": { "type": "Polygon", "coordinates": [ [ [ 79.796536350520469, 19.600886723958759 ], [ 79.796536350520469, 19.626117940245745 ], [ 79.789462265822536, 19.626118680325909 ], [ 79.789890709888425, 19.625272673994743 ], [ 79.790064418438192, 19.624677428020956 ], [ 79.790372316629146, 19.622593180830677 ], [ 79.790375201654285, 19.622222715905654 ], [ 79.790375715167158, 19.622156809988837 ], [ 79.790425761539723, 19.621031676270889 ], [ 79.79053039586114, 19.619840475657497 ], [ 79.790822462386814, 19.618135266629281 ], [ 79.791061853821532, 19.616569898581986 ], [ 79.79114986417494, 19.615960756283926 ], [ 79.791482781505238, 19.614842551842344 ], [ 79.791671550102024, 19.614026114913315 ], [ 79.791861248597797, 19.612984145102242 ], [ 79.792490505132776, 19.610309668356535 ], [ 79.792960377519492, 19.608252781240932 ], [ 79.79339422036702, 19.606854991065063 ], [ 79.793541813503964, 19.606446297758509 ], [ 79.79354182699376, 19.606446261785607 ], [ 79.793726402051846, 19.605935317361062 ], [ 79.794157818528561, 19.605223494069037 ], [ 79.794810865728948, 19.603857885233253 ], [ 79.795744411475482, 19.602391019929655 ], [ 79.79580279995929, 19.602299275591122 ], [ 79.796536350520469, 19.600886723958759 ] ] ] } },
{ "type": "Feature", "properties": { "REGION": 1.0, "STATE.NAME": "Maharashtra", "DISTRICT.NAME": "Gadchiroli", "DISTRICT.AREA": 14527.292838, "GRID_G0": "185514", "woodland": 0.24877791929217033, "maskWdl": 0.0, "cropland": 0.64359630107542298, "maskCrp": 1.0, "one": 0.09311441169691162, "maskOne": 0.0, "GRID.AREA": 23.587804971961024, "REGION.AREA": 32202.066020262951 }, "geometry": { "type": "Polygon", "coordinates": [ [ [ 80.021533747255191, 19.581116696071582 ], [ 80.066534923665401, 19.581116639993507 ], [ 80.066534923665401, 19.626117910472871 ], [ 80.021533747255191, 19.626117955872299 ], [ 80.021533747255191, 19.581116696071582 ] ] ] } },
{ "type": "Feature", "properties": { "REGION": 1.0, "STATE.NAME": "Maharashtra", "DISTRICT.NAME": "Gadchiroli", "DISTRICT.AREA": 14527.292838, "GRID_G0": "185518", "woodland": 0.1837196803577511, "maskWdl": 0.0, "cropland": 0.57179210329867858, "maskCrp": 1.0, "one": 0.21622541953581081, "maskOne": 0.0, "GRID.AREA": 23.587849400314685, "REGION.AREA": 32202.066020262951 }, "geometry": { "type": "Polygon", "coordinates": [ [ [ 80.201534259565875, 19.581116670114422 ], [ 80.246535515872466, 19.581116686819502 ], [ 80.246535515872466, 19.626117964053176 ], [ 80.201534259565875, 19.626117932897436 ], [ 80.201534259565875, 19.581116670114422 ] ] ] } },
{ "type": "Feature", "properties": { "REGION": 1.0, "STATE.NAME": "Maharashtra", "DISTRICT.NAME": "Gadchiroli", "DISTRICT.AREA": 14527.292838, "GRID_G0": "184209", "woodland": 0.013455817120975079, "maskWdl": 0.0, "cropland": 0.8963797040612842, "maskCrp": 1.0, "one": 0.06111456539234511, "maskOne": 0.0, "GRID.AREA": 0.040709772793026955, "REGION.AREA": 32202.066020262951 }, "geometry": { "type": "Polygon", "coordinates": [ [ [ 79.841533198038874, 19.534486265397675 ], [ 79.841533198038874, 19.536115478448551 ], [ 79.83738537308507, 19.536115944194027 ], [ 79.837949979108316, 19.535844878438414 ], [ 79.841368046797982, 19.53454181295433 ], [ 79.841533198038874, 19.534486265397675 ] ] ] } },
{ "type": "Feature", "properties": { "REGION": 1.0, "STATE.NAME": "Maharashtra", "DISTRICT.NAME": "Gadchiroli", "DISTRICT.AREA": 14527.292838, "GRID_G0": "184210", "woodland": 0.18463069873783286, "maskWdl": 0.0, "cropland": 0.5530294569628541, "maskCrp": 1.0, "one": 0.064286745781404198, "maskOne": 0.0, "GRID.AREA": 11.111411736724289, "REGION.AREA": 32202.066020262951 }, "geometry": { "type": "Polygon", "coordinates": [ [ [ 79.886534392283508, 19.5027855472418 ], [ 79.886534392283508, 19.536115452889476 ], [ 79.841533198038874, 19.536115478448551 ], [ 79.841533198038874, 19.534486265397675 ], [ 79.842950572111249, 19.534009533013602 ], [ 79.844089315269741, 19.533746647689668 ], [ 79.844904655925177, 19.53338806550687 ], [ 79.845190855273827, 19.533226419563679 ], [ 79.845644568642001, 19.532817022987278 ], [ 79.845649118312224, 19.532810409372928 ], [ 79.846252193783755, 19.531934163031224 ], [ 79.846874224266116, 19.530988119406231 ], [ 79.847157419879068, 19.530311875992314 ], [ 79.847159732036062, 19.529643884757544 ], [ 79.847137102395436, 19.529269172334466 ], [ 79.847344279215179, 19.528556568430925 ], [ 79.847408399078404, 19.527893235684303 ], [ 79.847648480293174, 19.527293560549424 ], [ 79.847651961568829, 19.527288717700227 ], [ 79.848179368083436, 19.526554927567929 ], [ 79.848602436153556, 19.526124137019334 ], [ 79.849005856734948, 19.52571334919179 ], [ 79.850061074459063, 19.524782163266252 ], [ 79.852104746037242, 19.522982718777484 ], [ 79.853277956612487, 19.522372397468246 ], [ 79.854456073888741, 19.521694281665816 ], [ 79.85532471466388, 19.521046901093655 ], [ 79.856007939514882, 19.520295077755694 ], [ 79.856308590069432, 19.520079323202253 ], [ 79.856404378659192, 19.519921604598434 ], [ 79.85760845936295, 19.518571098977077 ], [ 79.858177145658829, 19.517913768305792 ], [ 79.860323683491231, 19.515180144947809 ], [ 79.861953023912989, 19.513388458910303 ], [ 79.862540917929095, 19.51266343626861 ], [ 79.863797677321031, 19.511204641481072 ], [ 79.863810193185941, 19.511194056460567 ], [ 79.86459008976091, 19.510534365968283 ], [ 79.866005446394297, 19.510078126404437 ], [ 79.867915469723187, 19.509763226092044 ], [ 79.869739348791995, 19.509565432798524 ], [ 79.870959613695291, 19.509077008297368 ], [ 79.872347183975421, 19.508363304522955 ], [ 79.873873854195097, 19.507329592286908 ], [ 79.875790370629147, 19.506427823185561 ], [ 79.877864887154885, 19.505273742988891 ], [ 79.879829547895383, 19.504200564004861 ], [ 79.8808596853263, 19.50358964554573 ], [ 79.882465194613076, 19.503201564700476 ], [ 79.884693706549399, 19.502959638976218 ], [ 79.886393649147635, 19.502792959527483 ], [ 79.886534392283508, 19.5027855472418 ] ] ] } },
{ "type": "Feature", "properties": { "REGION": 1.0, "STATE.NAME": "Maharashtra", "DISTRICT.NAME": "Gadchiroli", "DISTRICT.AREA": 14527.292838, "GRID_G0": "183562", "woodland": 0.07340510734005877, "maskWdl": 0.0, "cropland": 0.66945030649873516, "maskCrp": 1.0, "one": 0.071352358089802712, "maskOne": 0.0, "GRID.AREA": 18.641267589859204, "REGION.AREA": 32202.066020262951 }, "geometry": { "type": "Polygon", "coordinates": [ [ [ 79.950093601621546, 19.44611871888279 ], [ 79.976536957850612, 19.44611740516018 ], [ 79.976536957850627, 19.491114214113502 ], [ 79.931535627200489, 19.491114191275031 ], [ 79.931535627200489, 19.477484159273953 ], [ 79.932416461150808, 19.476566163797489 ], [ 79.933585509663601, 19.475558074145855 ], [ 79.934696110337256, 19.474845785005016 ], [ 79.935807640909957, 19.474132884325233 ], [ 79.937018979142636, 19.473296460863025 ], [ 79.938339262147281, 19.472654338626853 ], [ 79.940420787089707, 19.472077460406524 ], [ 79.942269195167285, 19.471490906380268 ], [ 79.943884852404096, 19.470732204127952 ], [ 79.944824977590713, 19.469836368753473 ], [ 79.944928185587344, 19.469710946602955 ], [ 79.946033376838955, 19.468367846898673 ], [ 79.946448934670684, 19.467845275139382 ], [ 79.946542653920403, 19.466685322369756 ], [ 79.946497472880139, 19.465845604690969 ], [ 79.946665610129855, 19.46529529604112 ], [ 79.947193916865842, 19.464257062913195 ], [ 79.947718564260413, 19.463226007274439 ], [ 79.948042394840684, 19.461452672802633 ], [ 79.948220891381084, 19.460622501427338 ], [ 79.948206286391041, 19.459074084701285 ], [ 79.94821966020919, 19.45856410075271 ], [ 79.94823291711549, 19.458058507294311 ], [ 79.947979846992382, 19.45668094466993 ], [ 79.947823973797426, 19.454613074134102 ], [ 79.947333345057871, 19.453099490848899 ], [ 79.94697914617069, 19.452109961405654 ], [ 79.947614216822728, 19.449700987010999 ], [ 79.948368974648531, 19.448718841001778 ], [ 79.949620837231919, 19.446920789562856 ], [ 79.949623253710229, 19.446916693150911 ], [ 79.950093601621546, 19.44611871888279 ] ] ] } },
{ "type": "Feature", "properties": { "REGION": 1.0, "STATE.NAME": "Maharashtra", "DISTRICT.NAME": "Gadchiroli", "DISTRICT.AREA": 14527.292838, "GRID_G0": "183563", "woodland": 0.2623552454959881, "maskWdl": 0.0, "cropland": 0.64242479528321272, "maskCrp": 1.0, "one": 0.089803382510377783, "maskOne": 0.0, "GRID.AREA": 23.602881524637255, "REGION.AREA": 32202.066020262951 }, "geometry": { "type": "Polygon", "coordinates": [ [ [ 79.976536957850612, 19.44611740516018 ], [ 80.021533747255191, 19.446117444058316 ], [ 80.021533747255191, 19.491114201611559 ], [ 79.976536957850627, 19.491114214113502 ], [ 79.976536957850612, 19.44611740516018 ] ] ] } },
{ "type": "Feature", "properties": { "REGION": 1.0, "STATE.NAME": "Maharashtra", "DISTRICT.NAME": "Gadchiroli", "DISTRICT.AREA": 14527.292838, "GRID_G0": "182912", "woodland": 0.23080020550353905, "maskWdl": 0.0, "cropland": 0.54436762278513706, "maskCrp": 1.0, "one": 0.060525924261889019, "maskOne": 0.0, "GRID.AREA": 5.8105271169312225, "REGION.AREA": 32202.066020262951 }, "geometry": { "type": "Polygon", "coordinates": [ [ [ 79.976536957850627, 19.401820932099756 ], [ 79.976536957850612, 19.44611740516018 ], [ 79.950093601621546, 19.44611871888279 ], [ 79.950194693730182, 19.445947208696793 ], [ 79.950787181483292, 19.44510451606061 ], [ 79.951137139167727, 19.444197997639549 ], [ 79.951195380162744, 19.443796457540543 ], [ 79.952483444955078, 19.440969247133125 ], [ 79.952779556631299, 19.44059524517445 ], [ 79.953988032321888, 19.439009330316367 ], [ 79.954260432473063, 19.438581130714685 ], [ 79.955649081040292, 19.437194203449792 ], [ 79.956685466960778, 19.435851616359063 ], [ 79.957807400890886, 19.43455882832734 ], [ 79.959835104106844, 19.432658814452793 ], [ 79.960761042488173, 19.431654445296488 ], [ 79.962403686580956, 19.429568400361461 ], [ 79.96322103812048, 19.428279359804662 ], [ 79.964099825946278, 19.427080710106736 ], [ 79.96518208898226, 19.425973819136516 ], [ 79.96518303596838, 19.425972849667343 ], [ 79.966537597532181, 19.424811502049241 ], [ 79.96750189020014, 19.42370341767861 ], [ 79.967926601331669, 19.42323491406006 ], [ 79.968768106862683, 19.421765289636486 ], [ 79.969565963798232, 19.420589010574414 ], [ 79.970034808259868, 19.419655681564507 ], [ 79.971338776663288, 19.417826020754319 ], [ 79.972399396614946, 19.416235011236836 ], [ 79.973050176624383, 19.414909351185656 ], [ 79.973427418840359, 19.413920668004494 ], [ 79.973428770521423, 19.413917130071521 ], [ 79.974462024103161, 19.411870097726876 ], [ 79.974697503487064, 19.411017454991622 ], [ 79.974484886668222, 19.408696506238815 ], [ 79.97436977254705, 19.407278685463041 ], [ 79.974454961727133, 19.405698799659945 ], [ 79.974705907651582, 19.40438115976275 ], [ 79.975031362407492, 19.403686696084208 ], [ 79.975495158974468, 19.402834650498789 ], [ 79.976310879143796, 19.402023993512557 ], [ 79.976536957850627, 19.401820932099756 ] ] ] } },
{ "type": "Feature", "properties": { "REGION": 1.0, "STATE.NAME": "Maharashtra", "DISTRICT.NAME": "Gadchiroli", "DISTRICT.AREA": 14527.292838, "GRID_G0": "182263", "woodland": 0.21425859601494948, "maskWdl": 0.0, "cropland": 0.60200055682849307, "maskCrp": 1.0, "one": 0.1310083916883881, "maskOne": 0.0, "GRID.AREA": 23.350677207525937, "REGION.AREA": 32202.066020262951 }, "geometry": { "type": "Polygon", "coordinates": [ [ [ 79.976536957850627, 19.386330426758377 ], [ 79.976536957850612, 19.356114885112937 ], [ 80.021533747255191, 19.356114928978268 ], [ 80.021533747255191, 19.401116192133735 ], [ 79.977321466189537, 19.401116289221978 ], [ 79.977589117044147, 19.400875883914978 ], [ 79.977942488555072, 19.400380168609956 ], [ 79.97802989906063, 19.399725799406156 ], [ 79.977884348284078, 19.399003061941812 ], [ 79.977321731512745, 19.397687961730128 ], [ 79.977095476475142, 19.396883840117194 ], [ 79.97694653525447, 19.395655508295139 ], [ 79.97698652720652, 19.394969448781069 ], [ 79.977183619928155, 19.394197911404543 ], [ 79.977631034444755, 19.393309480148449 ], [ 79.977633245877655, 19.393305088758893 ], [ 79.978870770569642, 19.391339759822134 ], [ 79.979285749237988, 19.390934431778643 ], [ 79.979620324018811, 19.390348341802564 ], [ 79.979722665069005, 19.389427639274178 ], [ 79.979677095521595, 19.388682611213596 ], [ 79.979383738468812, 19.388104054858278 ], [ 79.978467929151691, 19.387221499772465 ], [ 79.977075841576891, 19.386518322562608 ], [ 79.976536957850627, 19.386330426758377 ] ] ] } },
{ "type": "Feature", "properties": { "REGION": 1.0, "STATE.NAME": "Maharashtra", "DISTRICT.NAME": "Gadchiroli", "DISTRICT.AREA": 14527.292838, "GRID_G0": "181612", "woodland": 0.11738395741982567, "maskWdl": 0.0, "cropland": 0.66120896713736921, "maskCrp": 1.0, "one": 0.097648820671071626, "maskOne": 0.0, "GRID.AREA": 7.3417715642864225, "REGION.AREA": 32202.066020262951 }, "geometry": { "type": "Polygon", "coordinates": [ [ [ 79.965926081576768, 19.31111912329342 ], [ 79.976536957850612, 19.311118137750032 ], [ 79.976536957850612, 19.356114885112937 ], [ 79.967724960446716, 19.356115752790863 ], [ 79.967559762473115, 19.355754570317231 ], [ 79.96693183063951, 19.354032829051842 ], [ 79.966309608601591, 19.351990671032695 ], [ 79.965673082846536, 19.349952917892892 ], [ 79.964801255773409, 19.348722726272854 ], [ 79.963577671472422, 19.347414934851425 ], [ 79.962900399234115, 19.346361296336795 ], [ 79.962220972220166, 19.344409124481558 ], [ 79.961564411368556, 19.34274606218105 ], [ 79.961015887872975, 19.34157986451919 ], [ 79.960326397445328, 19.339803834779218 ], [ 79.959993294854726, 19.338707557607734 ], [ 79.959661915365132, 19.337616938071278 ], [ 79.959312782359063, 19.336577715689085 ], [ 79.959086198169587, 19.335963086627203 ], [ 79.958877085109464, 19.334215300096048 ], [ 79.958832635218016, 19.333095535330756 ], [ 79.958796359264625, 19.332454330403092 ], [ 79.959090835074051, 19.330883844314034 ], [ 79.959369131180495, 19.330017735130411 ], [ 79.959829868253848, 19.328519943040988 ], [ 79.960830461156888, 19.326129572921499 ], [ 79.96109398410016, 19.325425916372978 ], [ 79.962176364947368, 19.322706159661607 ], [ 79.962707898450788, 19.321402712864938 ], [ 79.963508088227741, 19.319242063770275 ], [ 79.963929333372107, 19.318254314085376 ], [ 79.964547943732669, 19.316373163490766 ], [ 79.96494106347933, 19.315236361968577 ], [ 79.96538746356066, 19.313756577004483 ], [ 79.965574706007942, 19.31308881149948 ], [ 79.965755388800233, 19.312075973427458 ], [ 79.965926081576768, 19.31111912329342 ] ] ] } },
{ "type": "Feature", "properties": { "REGION": 1.0, "STATE.NAME": "Maharashtra", "DISTRICT.NAME": "Gadchiroli", "DISTRICT.AREA": 14527.292838, "GRID_G0": "180317", "woodland": 0.2805861260101426, "maskWdl": 0.0, "cropland": 0.62303503400528337, "maskCrp": 1.0, "one": 0.092386047413495265, "maskOne": 0.0, "GRID.AREA": 23.637808671661052, "REGION.AREA": 32202.066020262951 }, "geometry": { "type": "Polygon", "coordinates": [ [ [ 80.156537424750198, 19.221115652124183 ], [ 80.201534259565875, 19.221115661673572 ], [ 80.201534259565875, 19.266116888610011 ], [ 80.156537424750198, 19.266116824869325 ], [ 80.156537424750198, 19.221115652124183 ] ] ] } },
{ "type": "Feature", "properties": { "REGION": 1.0, "STATE.NAME": "Maharashtra", "DISTRICT.NAME": "Gadchiroli", "DISTRICT.AREA": 14527.292838, "GRID_G0": "178360", "woodland": 0.046835859790341293, "maskWdl": 0.0, "cropland": 0.69289907635230363, "maskCrp": 1.0, "one": 0.11398268120166526, "maskOne": 0.0, "GRID.AREA": 11.505022758184305, "REGION.AREA": 32202.066020262951 }, "geometry": { "type": "Polygon", "coordinates": [ [ [ 79.861083620297535, 19.086117682508338 ], [ 79.886534392283508, 19.086116350259907 ], [ 79.886534392283508, 19.130986952632036 ], [ 79.886374829035162, 19.13090298678344 ], [ 79.885369336625615, 19.130358221554729 ], [ 79.884681612466522, 19.129972351243058 ], [ 79.883585946834046, 19.129391239014527 ], [ 79.882888651190342, 19.129027939887578 ], [ 79.882143950482998, 19.128641919389111 ], [ 79.881484595437769, 19.128310409497828 ], [ 79.880896909165074, 19.127879707982174 ], [ 79.879607011554413, 19.127099272713338 ], [ 79.878232127111062, 19.126210145381947 ], [ 79.877098469618716, 19.12561986726314 ], [ 79.875665731788175, 19.124969926321114 ], [ 79.874992082019048, 19.124674367727948 ], [ 79.874161712792841, 19.124328818520212 ], [ 79.873758679819289, 19.124074708780824 ], [ 79.87338938221427, 19.123694294656051 ], [ 79.872693242199432, 19.122987854705801 ], [ 79.872686312923065, 19.122982439887721 ], [ 79.871451626491421, 19.122017809074691 ], [ 79.870916140467557, 19.121605294548772 ], [ 79.870110659079728, 19.12092555726872 ], [ 79.868855620090869, 19.11969354632015 ], [ 79.868078905317304, 19.118955157054927 ], [ 79.867188370546899, 19.118166812248663 ], [ 79.866686175626569, 19.117718233109997 ], [ 79.865781641109891, 19.116844025531407 ], [ 79.865203439087509, 19.1163997793264 ], [ 79.864606142659412, 19.116023180125694 ], [ 79.863961919606936, 19.115447765102317 ], [ 79.863677907409567, 19.115117264250387 ], [ 79.863233216939477, 19.11456048587775 ], [ 79.862485496308693, 19.113673095137301 ], [ 79.862168568025027, 19.113238633556136 ], [ 79.861847030715978, 19.11277708349564 ], [ 79.861468643663045, 19.112283712723244 ], [ 79.86101528462774, 19.111442406841661 ], [ 79.860679990389315, 19.110845331646772 ], [ 79.860320967538655, 19.110221060053902 ], [ 79.859877202470955, 19.109361765932814 ], [ 79.859418804534243, 19.108646874153976 ], [ 79.859336436527371, 19.108347829788556 ], [ 79.859254469618122, 19.108050237828252 ], [ 79.859184871085006, 19.107557803250074 ], [ 79.8591150306342, 19.107110538020947 ], [ 79.858998493785521, 19.106432790041254 ], [ 79.858863457882308, 19.105624106167621 ], [ 79.858746939919399, 19.104932772129754 ], [ 79.858659297388726, 19.104151308935794 ], [ 79.858561940381321, 19.10342391388258 ], [ 79.858436850979956, 19.102439061813296 ], [ 79.85840633518427, 19.101612581255665 ], [ 79.858380668533073, 19.100768018928989 ], [ 79.858322106480102, 19.099796913896512 ], [ 79.858314657395567, 19.09916922128258 ], [ 79.858321660416379, 19.09848278495264 ], [ 79.858334366038207, 19.097516435535116 ], [ 79.858375559484557, 19.096550113996617 ], [ 79.858368254291577, 19.09587725563091 ], [ 79.858464706581003, 19.095439521416836 ], [ 79.858613558768752, 19.094947671397961 ], [ 79.858763775228113, 19.094076570976995 ], [ 79.858889884460666, 19.093259520710376 ], [ 79.858972274051268, 19.09278560317307 ], [ 79.85921257649926, 19.091919272756289 ], [ 79.859313868040658, 19.091467956980694 ], [ 79.859635305524989, 19.090488966692533 ], [ 79.859908210195783, 19.089834924841966 ], [ 79.86013846451857, 19.089149262828244 ], [ 79.860253510291329, 19.088837965199954 ], [ 79.860316188541333, 19.088553609461545 ], [ 79.860475001620102, 19.087939947170867 ], [ 79.860748453078713, 19.087123409517801 ], [ 79.861083620297535, 19.086117682508338 ] ] ] } },
{ "type": "Feature", "properties": { "REGION": 1.0, "STATE.NAME": "Maharashtra", "DISTRICT.NAME": "Gadchiroli", "DISTRICT.AREA": 14527.292838, "GRID_G0": "177710", "woodland": 0.04271575728766934, "maskWdl": 0.0, "cropland": 0.64807572697392923, "maskCrp": 1.0, "one": 0.1799902221453665, "maskOne": 0.0, "GRID.AREA": 11.369841393339406, "REGION.AREA": 32202.066020262951 }, "geometry": { "type": "Polygon", "coordinates": [ [ [ 79.871027369825839, 19.041116321740017 ], [ 79.886534392283508, 19.041115114996973 ], [ 79.886534392283508, 19.086116350259907 ], [ 79.861083620297535, 19.086117682508338 ], [ 79.86115141500585, 19.085914251241775 ], [ 79.861333846979505, 19.085332283757964 ], [ 79.861631882305588, 19.084262847752257 ], [ 79.861877140018066, 19.083337863551606 ], [ 79.862112099593787, 19.082656613611903 ], [ 79.862385111283913, 19.081966494558113 ], [ 79.862759267026604, 19.080852148208123 ], [ 79.862858963170652, 19.080552992326773 ], [ 79.862960729554061, 19.080247617633521 ], [ 79.863071999972874, 19.079647317469778 ], [ 79.863201933122753, 19.079114785718847 ], [ 79.863323203103391, 19.078365497569735 ], [ 79.863405612479085, 19.077846418777256 ], [ 79.863498275924769, 19.077119596592183 ], [ 79.863566640588033, 19.076546248210835 ], [ 79.863563458786643, 19.076067577756536 ], [ 79.863588912298496, 19.075534676384279 ], [ 79.863552546412961, 19.075024302129865 ], [ 79.863459475574416, 19.07444594092749 ], [ 79.863305713088266, 19.073542261666091 ], [ 79.863240422307683, 19.073180859209348 ], [ 79.863195047013846, 19.072512299602977 ], [ 79.863135046944933, 19.071983730265007 ], [ 79.863165223696171, 19.0714600163667 ], [ 79.863274302467119, 19.070064885486151 ], [ 79.863338072494116, 19.069450869761855 ], [ 79.863387764533741, 19.068717910603141 ], [ 79.863387965981929, 19.068714927551923 ], [ 79.863543559487709, 19.067622426633704 ], [ 79.863583287938468, 19.067103225533458 ], [ 79.86364207122466, 19.066547961619161 ], [ 79.863763068710682, 19.065861844548522 ], [ 79.863960645267639, 19.064968234096796 ], [ 79.864095953665426, 19.064259640270219 ], [ 79.86426970268468, 19.063438257969267 ], [ 79.864399303085406, 19.063023153395875 ], [ 79.864624372816607, 19.062432150423433 ], [ 79.864716183704957, 19.061958257167877 ], [ 79.864752150291565, 19.061140972178183 ], [ 79.864872477782683, 19.060631028699049 ], [ 79.865008049681819, 19.059841101086022 ], [ 79.865230139059747, 19.058748856474608 ], [ 79.865312117660153, 19.058351705966516 ], [ 79.865495189951105, 19.057557417540863 ], [ 79.865659778476086, 19.056609437675434 ], [ 79.865770739528045, 19.056094987693598 ], [ 79.865848953566399, 19.055404250805566 ], [ 79.866004788989883, 19.05422602561066 ], [ 79.866086754100479, 19.05383787102096 ], [ 79.866245778519897, 19.05313830458914 ], [ 79.866366618624625, 19.05248836814371 ], [ 79.866578404469863, 19.051635449316564 ], [ 79.866870526753473, 19.050864034247812 ], [ 79.867077036276271, 19.050169193753334 ], [ 79.867379245355949, 19.049244204156764 ], [ 79.867594787669361, 19.048684870810177 ], [ 79.867763540055364, 19.047895076296811 ], [ 79.867918245031035, 19.047055514200679 ], [ 79.868005318290841, 19.046568038484224 ], [ 79.868254874762727, 19.045769413527637 ], [ 79.868433597932267, 19.044844131651416 ], [ 79.868601752269115, 19.044261992397082 ], [ 79.869003517198621, 19.043382537274336 ], [ 79.869452103531785, 19.042692873277534 ], [ 79.86982398668772, 19.042255869312953 ], [ 79.870419478176416, 19.041675025082384 ], [ 79.871027369825839, 19.041116321740017 ] ] ] } },
{ "type": "Feature", "properties": { "REGION": 1.0, "STATE.NAME": "Maharashtra", "DISTRICT.NAME": "Gadchiroli", "DISTRICT.AREA": 14527.292838, "GRID_G0": "177711", "woodland": 0.10842118139354377, "maskWdl": 0.0, "cropland": 0.6211821107521085, "maskCrp": 1.0, "one": 0.15133454541542499, "maskOne": 0.0, "GRID.AREA": 21.530057374275355, "REGION.AREA": 32202.066020262951 }, "geometry": { "type": "Polygon", "coordinates": [ [ [ 79.931535627200489, 19.048350680343283 ], [ 79.931535627200489, 19.086116317857705 ], [ 79.886534392283508, 19.086116350259907 ], [ 79.886534392283508, 19.041115114996973 ], [ 79.902020093871343, 19.0411163288653 ], [ 79.902172446001657, 19.041246639321006 ], [ 79.902442466546631, 19.041486692656804 ], [ 79.90318160045058, 19.042039729849709 ], [ 79.903712374926215, 19.042389011243927 ], [ 79.904654792484735, 19.043249705609469 ], [ 79.904934281092267, 19.043489854273389 ], [ 79.905673825087035, 19.043902791480715 ], [ 79.906225729134121, 19.044223404286754 ], [ 79.906228476563001, 19.044225000583371 ], [ 79.906885731691219, 19.044526462326417 ], [ 79.907565920430955, 19.044838438043541 ], [ 79.90793111083218, 19.044979397781052 ], [ 79.908486129231576, 19.045202269569131 ], [ 79.909434839346446, 19.045539035997763 ], [ 79.909748026450302, 19.045643790828308 ], [ 79.91057386758996, 19.045813119679792 ], [ 79.911598555129274, 19.04615918869564 ], [ 79.912255016156109, 19.04642250839208 ], [ 79.91226737104239, 19.046427467253864 ], [ 79.913289687968756, 19.046809780746852 ], [ 79.913301500563875, 19.046814199116056 ], [ 79.914335025740911, 19.047404077935884 ], [ 79.915734342965607, 19.047985992359717 ], [ 79.91692505884447, 19.048404735590115 ], [ 79.918523730585775, 19.049014277187212 ], [ 79.918903341615987, 19.049132730491184 ], [ 79.920117822979194, 19.04955595953993 ], [ 79.920624968667425, 19.049734488455957 ], [ 79.920634965531292, 19.049738008402411 ], [ 79.921404033369527, 19.049825911736487 ], [ 79.922429609439007, 19.049905409107396 ], [ 79.922765969374041, 19.049886876777975 ], [ 79.923132622972233, 19.049866674407554 ], [ 79.924695567346589, 19.049708308291827 ], [ 79.925493702172673, 19.049611133846781 ], [ 79.926272925155445, 19.049491272204477 ], [ 79.927033008766387, 19.04941646839535 ], [ 79.927926120094426, 19.04934209536145 ], [ 79.928923808187278, 19.049218379224897 ], [ 79.930168790956998, 19.048968732820814 ], [ 79.930539663274899, 19.048829740799931 ], [ 79.931124521179754, 19.048573894469708 ], [ 79.931535627200489, 19.048350680343283 ] ] ] } },
{ "type": "Feature", "properties": { "REGION": 1.0, "STATE.NAME": "Maharashtra", "DISTRICT.NAME": "Gadchiroli", "DISTRICT.AREA": 14527.292838, "GRID_G0": "177061", "woodland": 0.072142607429765374, "maskWdl": 0.0, "cropland": 0.69894165023002019, "maskCrp": 1.0, "one": 0.19413827916817117, "maskOne": 0.0, "GRID.AREA": 0.16358332710795165, "REGION.AREA": 32202.066020262951 }, "geometry": { "type": "Polygon", "coordinates": [ [ [ 79.902020093871343, 19.0411163288653 ], [ 79.886534392283508, 19.041115114996973 ], [ 79.886534392283508, 19.04004278585715 ], [ 79.886751483993862, 19.040078563874658 ], [ 79.887767897770345, 19.040031702900823 ], [ 79.888608366383039, 19.040065759327376 ], [ 79.889557989309822, 19.040127158741427 ], [ 79.890308215451853, 19.040142869897576 ], [ 79.89109644784287, 19.04019477337016 ], [ 79.89139560462354, 19.040186642599508 ], [ 79.892013035073546, 19.04016580171043 ], [ 79.892663789902031, 19.040117900220991 ], [ 79.893162594378282, 19.040083198980483 ], [ 79.893666009678668, 19.040075578125485 ], [ 79.894235692423308, 19.040131437715733 ], [ 79.895118819478, 19.040179074804485 ], [ 79.895902490507581, 19.040140620693137 ], [ 79.896306189878828, 19.040132736336773 ], [ 79.897431504360497, 19.040190078009744 ], [ 79.897787706037889, 19.040191061868089 ], [ 79.898528477607215, 19.040202226051914 ], [ 79.899226348817024, 19.04026742779962 ], [ 79.900180448568904, 19.04041909126812 ], [ 79.900878058075989, 19.040579116632951 ], [ 79.901196079035856, 19.040647722314585 ], [ 79.901404724448525, 19.040725157540066 ], [ 79.901694331328372, 19.040859352577115 ], [ 79.901698756892188, 19.040861404830025 ], [ 79.901859878530615, 19.040979292460403 ], [ 79.902020093871343, 19.0411163288653 ] ] ] } },
{ "type": "Feature", "properties": { "REGION": 1.0, "STATE.NAME": "Maharashtra", "DISTRICT.NAME": "Gadchiroli", "DISTRICT.AREA": 14527.292838, "GRID_G0": "176412", "woodland": 0.087764976913785361, "maskWdl": 0.0, "cropland": 0.64982502035827994, "maskCrp": 1.0, "one": 0.11821970168932523, "maskOne": 0.0, "GRID.AREA": 15.328958970338766, "REGION.AREA": 32202.066020262951 }, "geometry": { "type": "Polygon", "coordinates": [ [ [ 79.955210167240352, 18.951118410992411 ], [ 79.976536957850612, 18.951117029976324 ], [ 79.976536957850627, 18.996113801398813 ], [ 79.941227075002516, 18.996114768130681 ], [ 79.94125366272641, 18.995766258805872 ], [ 79.9413625049757, 18.994235635166493 ], [ 79.941460635400063, 18.993142960679165 ], [ 79.94162975830676, 18.99211374325472 ], [ 79.942170394747961, 18.990620383923613 ], [ 79.942781866290147, 18.989307796417734 ], [ 79.943697784425297, 18.987711410753036 ], [ 79.944132374609467, 18.986818429826712 ], [ 79.944228113736543, 18.986538682214473 ], [ 79.944410822701343, 18.985717296316238 ], [ 79.94445143518567, 18.984809663635133 ], [ 79.944598923101864, 18.983048674157033 ], [ 79.94478308627049, 18.981725923412682 ], [ 79.944991894460429, 18.980055564013128 ], [ 79.945370434398114, 18.978823671775103 ], [ 79.945911173361992, 18.977312153333287 ], [ 79.946346847229279, 18.976003639756243 ], [ 79.946796671928951, 18.974753786258308 ], [ 79.947399818446911, 18.972957921970593 ], [ 79.947654361659545, 18.971906270957675 ], [ 79.948147585842491, 18.970381154766528 ], [ 79.94852672922525, 18.968936959573057 ], [ 79.948843245619344, 18.9677545318462 ], [ 79.949337199152467, 18.966008114982571 ], [ 79.949715326301316, 18.964893543802077 ], [ 79.950122563605476, 18.963566857624418 ], [ 79.950281243584584, 18.962844706518069 ], [ 79.950631343361863, 18.96155389249822 ], [ 79.951166894136918, 18.960164286152917 ], [ 79.951697605660058, 18.958792759778078 ], [ 79.952313223076828, 18.957624667244659 ], [ 79.953549825064442, 18.95502642602878 ], [ 79.953917226898568, 18.954331975840091 ], [ 79.954819784705364, 18.952338057455449 ], [ 79.955210167240352, 18.951118410992411 ] ] ] } },
{ "type": "Feature", "properties": { "REGION": 1.0, "STATE.NAME": "Maharashtra", "DISTRICT.NAME": "Gadchiroli", "DISTRICT.AREA": 14527.292838, "GRID_G0": "175762", "woodland": 0.046442821468260079, "maskWdl": 0.0, "cropland": 0.68008876468993695, "maskCrp": 1.0, "one": 0.11024810667816175, "maskOne": 0.0, "GRID.AREA": 10.548966265132893, "REGION.AREA": 32202.066020262951 }, "geometry": { "type": "Polygon", "coordinates": [ [ [ 79.953578065263983, 18.906117146543934 ], [ 79.976536957850627, 18.906115808418793 ], [ 79.976536957850612, 18.951117029976324 ], [ 79.955210167240352, 18.951118410992411 ], [ 79.955351294826471, 18.950677490773618 ], [ 79.955806980407885, 18.948980555508285 ], [ 79.956137537017753, 18.947888377446706 ], [ 79.956392284376477, 18.946741929796246 ], [ 79.956675596002015, 18.945550424312671 ], [ 79.956757982894658, 18.944927392884946 ], [ 79.956923377212149, 18.943536768507101 ], [ 79.957053224926426, 18.942900350670698 ], [ 79.957174698153835, 18.941893479600481 ], [ 79.957379195893225, 18.940055866984725 ], [ 79.95761883644019, 18.937486727830276 ], [ 79.957769405433794, 18.936254168295303 ], [ 79.957811318337747, 18.934858748732324 ], [ 79.95787729260303, 18.933314279130741 ], [ 79.957895921159889, 18.931729135890979 ], [ 79.957856812342072, 18.928779860502232 ], [ 79.957757242103071, 18.9270408621461 ], [ 79.957545068650063, 18.924845385905879 ], [ 79.957422638544017, 18.922817265404543 ], [ 79.957117900570722, 18.921497676676495 ], [ 79.956699928958585, 18.919920415994454 ], [ 79.956247919805719, 18.918645668362959 ], [ 79.955842821988711, 18.917574329391812 ], [ 79.955745166406359, 18.916860399887582 ], [ 79.955222992147412, 18.915224188645428 ], [ 79.955016707455115, 18.914347496239998 ], [ 79.95463678975608, 18.912734092704284 ], [ 79.954032478616057, 18.909968650432916 ], [ 79.953953839198391, 18.909245739399406 ], [ 79.95370343646448, 18.907154017044324 ], [ 79.953578065263983, 18.906117146543934 ] ] ] } },
{ "type": "Feature", "properties": { "REGION": 1.0, "STATE.NAME": "Maharashtra", "DISTRICT.NAME": "Gadchiroli", "DISTRICT.AREA": 14527.292838, "GRID_G0": "175770", "woodland": 0.33274122208041429, "maskWdl": 0.0, "cropland": 0.55010457188376249, "maskCrp": 1.0, "one": 0.074882734238504556, "maskOne": 0.0, "GRID.AREA": 0.9266868770136647, "REGION.AREA": 32202.066020262951 }, "geometry": { "type": "Polygon", "coordinates": [ [ [ 80.291536732472025, 18.918377501759821 ], [ 80.291536732472025, 18.906115811096431 ], [ 80.302362505782497, 18.906116802714877 ], [ 80.302285038523792, 18.906220565726585 ], [ 80.302278389835863, 18.906229471712781 ], [ 80.302264676074003, 18.90625573461449 ], [ 80.301597313465322, 18.907533807039613 ], [ 80.301051237924355, 18.908968109690534 ], [ 80.300400963333857, 18.910258156588725 ], [ 80.300211347575669, 18.910552084711011 ], [ 80.299898486925713, 18.91103705761418 ], [ 80.299865181433006, 18.911088685894185 ], [ 80.299510891714377, 18.911421988134293 ], [ 80.298739731153717, 18.912147456839708 ], [ 80.298365137441181, 18.91249985078753 ], [ 80.297154916166505, 18.913628463982491 ], [ 80.295800142362737, 18.914847909603395 ], [ 80.294902196279395, 18.915656146513985 ], [ 80.294167693884049, 18.916250089370177 ], [ 80.293143992901037, 18.917077873045457 ], [ 80.291558258806674, 18.91836009584182 ], [ 80.291536732472025, 18.918377501759821 ] ] ] } },
{ "type": "Feature", "properties": { "REGION": 1.0, "STATE.NAME": "Maharashtra", "DISTRICT.NAME": "Gadchiroli", "DISTRICT.AREA": 14527.292838, "GRID_G0": "174461", "woodland": 0.023447942290449709, "maskWdl": 0.0, "cropland": 0.67377069310310078, "maskCrp": 1.0, "one": 0.060441403180395682, "maskOne": 0.0, "GRID.AREA": 3.9545111153156003, "REGION.AREA": 32202.066020262951 }, "geometry": { "type": "Polygon", "coordinates": [ [ [ 79.918187807010796, 18.816118871482942 ], [ 79.931535627200489, 18.8161177255854 ], [ 79.931535627200489, 18.84255623285938 ], [ 79.929558162079559, 18.841659653370357 ], [ 79.928260579762025, 18.840938039159255 ], [ 79.926882815689453, 18.84004457259897 ], [ 79.925623590356452, 18.839214662926395 ], [ 79.924743401386934, 18.838498647894312 ], [ 79.923645240135784, 18.837709830044673 ], [ 79.922405787297294, 18.836595315521432 ], [ 79.920995662919552, 18.835471339230992 ], [ 79.919983324870614, 18.834529098838914 ], [ 79.919112627345953, 18.833840224446874 ], [ 79.917831029578394, 18.832572027477116 ], [ 79.916758376697771, 18.831200510994847 ], [ 79.915789768183288, 18.829937709957395 ], [ 79.915034631742913, 18.828716142835788 ], [ 79.914275452849949, 18.827205487743129 ], [ 79.914045051038329, 18.826540919328014 ], [ 79.913958338406644, 18.826117402496152 ], [ 79.913990285923035, 18.825539008918156 ], [ 79.91399205848677, 18.824938313952089 ], [ 79.914013604444335, 18.824080213231298 ], [ 79.914038066903345, 18.823831868146275 ], [ 79.914285530652762, 18.823566033046063 ], [ 79.914490107532515, 18.823358858924223 ], [ 79.914833285227985, 18.822786178739193 ], [ 79.915157779507979, 18.822123122084463 ], [ 79.91562267594577, 18.82117500642147 ], [ 79.915792512014903, 18.820828637032037 ], [ 79.916565163651455, 18.819376372221829 ], [ 79.916904019205163, 18.818690803737638 ], [ 79.918049148449484, 18.816395031505522 ], [ 79.918187807010796, 18.816118871482942 ] ] ] } },
{ "type": "Feature", "properties": { "REGION": 1.0, "STATE.NAME": "Maharashtra", "DISTRICT.NAME": "Gadchiroli", "DISTRICT.AREA": 14527.292838, "GRID_G0": "174462", "woodland": 0.053487090818135755, "maskWdl": 0.0, "cropland": 0.67818359902448999, "maskCrp": 1.0, "one": 0.10090227333088679, "maskOne": 0.0, "GRID.AREA": 20.052315700666885, "REGION.AREA": 32202.066020262951 }, "geometry": { "type": "Polygon", "coordinates": [ [ [ 79.931535627200489, 18.84255623285938 ], [ 79.931535627200489, 18.8161177255854 ], [ 79.976536957850612, 18.816117747732786 ], [ 79.976536957850612, 18.86111452561525 ], [ 79.95960503331996, 18.861115817800812 ], [ 79.959082475875618, 18.860159948922558 ], [ 79.958519900473107, 18.859449434144093 ], [ 79.958169663998831, 18.85917299243971 ], [ 79.957402898425073, 18.858543271854558 ], [ 79.956270338105696, 18.858093226820984 ], [ 79.955194650013141, 18.857679441553049 ], [ 79.954607522219419, 18.85726250146331 ], [ 79.953770066335551, 18.856510586394506 ], [ 79.952587826567026, 18.855147966005855 ], [ 79.951963480330392, 18.854541213206463 ], [ 79.950974917658357, 18.853490778077006 ], [ 79.950138297244678, 18.852427176872766 ], [ 79.948733051689032, 18.85111823791641 ], [ 79.947649346140452, 18.850207617687431 ], [ 79.94670726762638, 18.849509689820362 ], [ 79.945556935804007, 18.84871173216078 ], [ 79.9450219039378, 18.84835800991425 ], [ 79.944496197141873, 18.848072113637159 ], [ 79.942512655134976, 18.846639646502524 ], [ 79.941385409808845, 18.846063030884238 ], [ 79.940347542705013, 18.845671921122289 ], [ 79.938651024725061, 18.845107440056381 ], [ 79.937347946650448, 18.844629746265806 ], [ 79.935400203956306, 18.843983256022508 ], [ 79.933514292350765, 18.843287120504275 ], [ 79.932637692575497, 18.842968623803021 ], [ 79.931732567204278, 18.842645523472182 ], [ 79.931535627200489, 18.84255623285938 ] ] ] } },
{ "type": "Feature", "properties": { "REGION": 1.0, "STATE.NAME": "Maharashtra", "DISTRICT.NAME": "Gadchiroli", "DISTRICT.AREA": 14527.292838, "GRID_G0": "173813", "woodland": 0.11485467780020168, "maskWdl": 0.0, "cropland": 0.58122504085016968, "maskCrp": 1.0, "one": 0.087731838784638486, "maskOne": 0.0, "GRID.AREA": 22.945439316818831, "REGION.AREA": 32202.066020262951 }, "geometry": { "type": "Polygon", "coordinates": [ [ [ 80.016741212367535, 18.771116997084484 ], [ 80.021533747255191, 18.771116481974424 ], [ 80.021533747255191, 18.816117797051231 ], [ 79.976536957850612, 18.816117747732786 ], [ 79.976536957850612, 18.771853559095526 ], [ 79.979335323466444, 18.771811043045265 ], [ 79.980881359687032, 18.771728951130228 ], [ 79.982446195335683, 18.771674060109831 ], [ 79.984656101198141, 18.77156646522025 ], [ 79.985803845671001, 18.771447287062703 ], [ 79.986847317349884, 18.771332421154341 ], [ 79.98853113330523, 18.771128664456342 ], [ 79.988583378593788, 18.771117556698236 ], [ 79.996003361916365, 18.771117818349691 ], [ 79.99710889935632, 18.772878996968192 ], [ 79.998101485595157, 18.775948258105696 ], [ 79.998537699055646, 18.776163723976708 ], [ 79.999589223264081, 18.775086729169288 ], [ 80.000999793705546, 18.776092816930028 ], [ 80.002172116649945, 18.775738705277092 ], [ 80.003586238514174, 18.775348976873829 ], [ 80.004563856436903, 18.77509376726357 ], [ 80.005622196607135, 18.774766425730036 ], [ 80.007183402592034, 18.774390606241528 ], [ 80.009698683147747, 18.773610419185559 ], [ 80.010980266526133, 18.77314254149513 ], [ 80.012219122214788, 18.772690249955133 ], [ 80.014402561928762, 18.771895693531462 ], [ 80.015047980180213, 18.771702843811227 ], [ 80.016741212367535, 18.771116997084484 ] ] ] } },
{ "type": "Feature", "properties": { "REGION": 1.0, "STATE.NAME": "Maharashtra", "DISTRICT.NAME": "Gadchiroli", "DISTRICT.AREA": 14527.292838, "GRID_G0": "172514", "woodland": 0.14718187713544675, "maskWdl": 0.0, "cropland": 0.54964295600632218, "maskCrp": 1.0, "one": 0.14480268090417744, "maskOne": 0.0, "GRID.AREA": 0.42412545264694612, "REGION.AREA": 32202.066020262951 }, "geometry": { "type": "Polygon", "coordinates": [ [ [ 80.066534923665401, 18.721907469348768 ], [ 80.066534923665401, 18.726115273814457 ], [ 80.051746050471195, 18.726116458003226 ], [ 80.05280334619755, 18.725086392922719 ], [ 80.053577716438497, 18.724405939782343 ], [ 80.054356226258903, 18.723978451544326 ], [ 80.055319553954291, 18.723605484705388 ], [ 80.056946234181396, 18.723346865765279 ], [ 80.059719594084072, 18.72341130848514 ], [ 80.061042044454837, 18.723554101040971 ], [ 80.062279010667851, 18.723750869107395 ], [ 80.062881092388594, 18.723783742925434 ], [ 80.063905623445805, 18.723578057181669 ], [ 80.06462686533763, 18.72329037395167 ], [ 80.06541493944799, 18.722813182882131 ], [ 80.066534923665401, 18.721907469348768 ] ] ] } },
{ "type": "Feature", "properties": { "REGION": 1.0, "STATE.NAME": "Maharashtra", "DISTRICT.NAME": "Yavatmal", "DISTRICT.AREA": 13583.851744, "GRID_G0": "201069", "woodland": 0.021958275177191976, "maskWdl": 0.0, "cropland": 0.86198610669122389, "maskCrp": 1.0, "one": 0.080123891492158206, "maskOne": 0.0, "GRID.AREA": 0.28844059233364661, "REGION.AREA": 32202.066020262951 }, "geometry": { "type": "Polygon", "coordinates": [ [ [ 78.036597348604658, 20.661115969013789 ], [ 78.041532344959762, 20.66111539577383 ], [ 78.041532344959762, 20.666936359732759 ], [ 78.040409422556877, 20.666854240530824 ], [ 78.040296896684481, 20.66633474894957 ], [ 78.038701287134757, 20.666033764746491 ], [ 78.038147106004203, 20.665907018793916 ], [ 78.036645284951987, 20.665621775424654 ], [ 78.036646173482154, 20.663971170533159 ], [ 78.036646171683515, 20.663971077903003 ], [ 78.036597348604658, 20.661115969013789 ] ] ] } },
{ "type": "Feature", "properties": { "REGION": 1.0, "STATE.NAME": "Maharashtra", "DISTRICT.NAME": "Yavatmal", "DISTRICT.AREA": 13583.851744, "GRID_G0": "201070", "woodland": 0.0089798724593702726, "maskWdl": 0.0, "cropland": 0.95888556590837049, "maskCrp": 1.0, "one": 0.025550817325281489, "maskOne": 0.0, "GRID.AREA": 3.9111167904346087, "REGION.AREA": 32202.066020262951 }, "geometry": { "type": "Polygon", "coordinates": [ [ [ 78.041532344959762, 20.666936359732759 ], [ 78.041532344959762, 20.66111539577383 ], [ 78.086533529357553, 20.661115398684856 ], [ 78.086533529357553, 20.671836717948345 ], [ 78.086398719525334, 20.671869172324474 ], [ 78.083564935973072, 20.671992651040057 ], [ 78.083320986774197, 20.669127115124297 ], [ 78.080655176795005, 20.668756204135544 ], [ 78.080374931857648, 20.667444053700194 ], [ 78.079888655836839, 20.664932829086862 ], [ 78.079644226399978, 20.664171804784985 ], [ 78.078514218356531, 20.663674782765046 ], [ 78.078514284906362, 20.663656665023098 ], [ 78.078477865061473, 20.664666098261876 ], [ 78.076244060614954, 20.664365041213724 ], [ 78.075586720950469, 20.664186612122482 ], [ 78.075641722587477, 20.664753435922361 ], [ 78.075435236447049, 20.665089803951332 ], [ 78.075399034238103, 20.665584355533611 ], [ 78.07554782886929, 20.665654425311516 ], [ 78.076205303432062, 20.665460350714682 ], [ 78.076505228233771, 20.665742713555456 ], [ 78.076994580835276, 20.666009299589572 ], [ 78.077594292842377, 20.666327890719629 ], [ 78.077613350375884, 20.666752422886077 ], [ 78.077236718799611, 20.666752272699284 ], [ 78.076036944949124, 20.666785776042786 ], [ 78.074721892401442, 20.667085807863771 ], [ 78.073783706153165, 20.666979452239957 ], [ 78.072631838288771, 20.667394605376785 ], [ 78.072012620885801, 20.66762475178092 ], [ 78.071767782257382, 20.667943056027237 ], [ 78.071654845394846, 20.668189200471261 ], [ 78.07101633753399, 20.668703857297203 ], [ 78.07124132722555, 20.670435929074927 ], [ 78.069213613217755, 20.670593350902497 ], [ 78.068519751185647, 20.671478317070751 ], [ 78.067655800374951, 20.671902578541225 ], [ 78.066360101237763, 20.671741890375984 ], [ 78.06521576429617, 20.670946574025209 ], [ 78.063601303157668, 20.669954771995211 ], [ 78.062735129222915, 20.669855166682627 ], [ 78.060069343525413, 20.669906062914553 ], [ 78.057703445757454, 20.66979920277106 ], [ 78.058088835831143, 20.668695736419124 ], [ 78.058116652761399, 20.668616041197371 ], [ 78.058116669848516, 20.668615947667888 ], [ 78.057327184701876, 20.668685808803104 ], [ 78.055539583385098, 20.668630848534857 ], [ 78.052497037508317, 20.668471602882221 ], [ 78.052161256736667, 20.668311236674302 ], [ 78.049289215125214, 20.667955474765396 ], [ 78.048274378759629, 20.667672836732095 ], [ 78.04688535517505, 20.667177712281671 ], [ 78.044747485008486, 20.667052561726393 ], [ 78.042117684783364, 20.666979162658265 ], [ 78.041532344959762, 20.666936359732759 ] ] ] } },
{ "type": "Feature", "properties": { "REGION": 1.0, "STATE.NAME": "Maharashtra", "DISTRICT.NAME": "Yavatmal", "DISTRICT.AREA": 13583.851744, "GRID_G0": "201071", "woodland": 0.069789953663713392, "maskWdl": 0.0, "cropland": 0.85345140102344841, "maskCrp": 1.0, "one": 0.045706703995289075, "maskOne": 0.0, "GRID.AREA": 1.1890165658292926, "REGION.AREA": 32202.066020262951 }, "geometry": { "type": "MultiPolygon", "coordinates": [ [ [ [ 78.125824722531704, 20.661116095549129 ], [ 78.131534777466058, 20.661115456502841 ], [ 78.131534777466058, 20.662731440965445 ], [ 78.131059669268382, 20.662795769209424 ], [ 78.129603221711363, 20.662705453893633 ], [ 78.128024348544898, 20.662461555956099 ], [ 78.127297426535051, 20.661926445848852 ], [ 78.126016317998733, 20.661323501678286 ], [ 78.125824722531704, 20.661116095549129 ] ] ], [ [ [ 78.086533529357553, 20.671836717948345 ], [ 78.086533529357553, 20.661115398684856 ], [ 78.099480167126273, 20.661116610962189 ], [ 78.099401670750581, 20.662610857804907 ], [ 78.099125454775958, 20.663834770358392 ], [ 78.099031417166202, 20.665690945880499 ], [ 78.096854944500137, 20.6662731624765 ], [ 78.096797204427503, 20.666946156639881 ], [ 78.096290865431172, 20.667070227109321 ], [ 78.095698065613306, 20.667627969555213 ], [ 78.09490844107178, 20.668158461643714 ], [ 78.094402190208996, 20.668194412941833 ], [ 78.093838283809816, 20.668318478914724 ], [ 78.09305111171949, 20.6686368011475 ], [ 78.092374304430692, 20.669007115885737 ], [ 78.091755243509738, 20.66911299396952 ], [ 78.091587164715918, 20.669485562408855 ], [ 78.090891257625515, 20.669749669911369 ], [ 78.090459463433547, 20.669697709781527 ], [ 78.089914727882444, 20.669467157783174 ], [ 78.089089572026182, 20.668724114526299 ], [ 78.088657494547817, 20.668970151051667 ], [ 78.089182311914215, 20.671199020918152 ], [ 78.086533529357553, 20.671836717948345 ] ] ] ] } },
{ "type": "Feature", "properties": { "REGION": 1.0, "STATE.NAME": "Maharashtra", "DISTRICT.NAME": "Yavatmal", "DISTRICT.AREA": 13583.851744, "GRID_G0": "201072", "woodland": 0.02406549606567758, "maskWdl": 0.0, "cropland": 0.92643925218055634, "maskCrp": 1.0, "one": 0.035853014163643587, "maskOne": 0.0, "GRID.AREA": 1.5286908432403525, "REGION.AREA": 32202.066020262951 }, "geometry": { "type": "MultiPolygon", "coordinates": [ [ [ [ 78.157867232022369, 20.661116868021622 ], [ 78.176531634831932, 20.661115448865651 ], [ 78.176531634831932, 20.669320230155925 ], [ 78.174554498691251, 20.669392776655343 ], [ 78.17227534503121, 20.669497204132707 ], [ 78.170857494577788, 20.669917495096396 ], [ 78.169463406011459, 20.669068883122517 ], [ 78.168743496914885, 20.668712125664115 ], [ 78.168066863195236, 20.668434625457625 ], [ 78.167634663409046, 20.66754047541264 ], [ 78.166327175059166, 20.667563266031951 ], [ 78.166228488853733, 20.666657932917303 ], [ 78.166228484357134, 20.666657839387828 ], [ 78.163541315479392, 20.66655441555389 ], [ 78.160997824090373, 20.666372048331425 ], [ 78.159493329353722, 20.666268372687284 ], [ 78.158581500435972, 20.666223393994475 ], [ 78.157729664392548, 20.666094808029012 ], [ 78.157815924665272, 20.664387601606563 ], [ 78.15781593185983, 20.664387508976404 ], [ 78.157976429368773, 20.66275949235671 ], [ 78.157854007356605, 20.661400057366787 ], [ 78.157867232022369, 20.661116868021622 ] ] ], [ [ [ 78.131534777466058, 20.662731440965445 ], [ 78.131534777466058, 20.661115456502841 ], [ 78.137201385409853, 20.661116097643074 ], [ 78.137125394121711, 20.661194631527053 ], [ 78.136273613836295, 20.661601039656315 ], [ 78.135436250582529, 20.661808860390636 ], [ 78.134709160399495, 20.662228861772576 ], [ 78.134140495687404, 20.662355409874294 ], [ 78.133711028940866, 20.662506684835702 ], [ 78.132427259310646, 20.662610597900823 ], [ 78.131534777466058, 20.662731440965445 ] ] ] ] } },
{ "type": "Feature", "properties": { "REGION": 1.0, "STATE.NAME": "Maharashtra", "DISTRICT.NAME": "Yavatmal", "DISTRICT.AREA": 13583.851744, "GRID_G0": "201073", "woodland": 0.010512930555146596, "maskWdl": 0.0, "cropland": 0.91094081661853388, "maskCrp": 1.0, "one": 0.069790384877515418, "maskOne": 0.0, "GRID.AREA": 9.3269826561009399, "REGION.AREA": 32202.066020262951 }, "geometry": { "type": "Polygon", "coordinates": [ [ [ 78.176531634831932, 20.669320230155925 ], [ 78.176531634831932, 20.661115448865651 ], [ 78.221532867981381, 20.661115454210403 ], [ 78.221532867981381, 20.692918575456545 ], [ 78.220057614967004, 20.692745350817344 ], [ 78.220057518739566, 20.692745338226818 ], [ 78.218411275559959, 20.692479706373376 ], [ 78.21657300104323, 20.692074070761805 ], [ 78.214746837696453, 20.691749774332667 ], [ 78.213374202457544, 20.691483943729054 ], [ 78.211943904487669, 20.691355838001588 ], [ 78.211609476296374, 20.689743706107205 ], [ 78.211200671473875, 20.688160946070866 ], [ 78.211214122633692, 20.686453825983332 ], [ 78.211213167553709, 20.68494539131683 ], [ 78.211039089382552, 20.68256313128353 ], [ 78.211039077691339, 20.68256303955269 ], [ 78.210728252207105, 20.680508514956045 ], [ 78.210408572897393, 20.679436014060855 ], [ 78.209311529503566, 20.678472216019998 ], [ 78.208077792756001, 20.677601138981402 ], [ 78.207110534123899, 20.677030239454041 ], [ 78.206050002305801, 20.676845528598335 ], [ 78.205754013836724, 20.675289785095568 ], [ 78.205690887724359, 20.673952981544918 ], [ 78.203712059064344, 20.674746345467494 ], [ 78.201617633347155, 20.675097178192289 ], [ 78.199237711551177, 20.675283309976805 ], [ 78.196879163042979, 20.675363243518916 ], [ 78.194931059720659, 20.675329998280862 ], [ 78.193539515336397, 20.67543442306021 ], [ 78.191625088027422, 20.675726400553007 ], [ 78.190195237020646, 20.676051994703865 ], [ 78.188199314047154, 20.676549430411907 ], [ 78.186128952389325, 20.677071783635942 ], [ 78.184384759549062, 20.677212224464654 ], [ 78.183041194895281, 20.6772578093005 ], [ 78.18226379753628, 20.677352942284525 ], [ 78.181720937970965, 20.675867269458994 ], [ 78.181362700228476, 20.673961483735525 ], [ 78.181350301275415, 20.672834715949421 ], [ 78.180893714573301, 20.670953768601578 ], [ 78.180338731247502, 20.669072820354415 ], [ 78.18001944044488, 20.668582935354213 ], [ 78.179402385012111, 20.667433800529526 ], [ 78.179402344542609, 20.66743372768445 ], [ 78.177380017473865, 20.667725587366018 ], [ 78.177282348401732, 20.669292678514353 ], [ 78.176531634831932, 20.669320230155925 ] ] ] } },
{ "type": "Feature", "properties": { "REGION": 1.0, "STATE.NAME": "Maharashtra", "DISTRICT.NAME": "Yavatmal", "DISTRICT.AREA": 13583.851744, "GRID_G0": "201074", "woodland": 0.017202967842760028, "maskWdl": 0.0, "cropland": 0.93693828403261581, "maskCrp": 1.0, "one": 0.030933418878474877, "maskOne": 0.0, "GRID.AREA": 14.707073659087005, "REGION.AREA": 32202.066020262951 }, "geometry": { "type": "Polygon", "coordinates": [ [ [ 78.258901458335686, 20.69764307576736 ], [ 78.259063556637898, 20.697126760591573 ], [ 78.259275480079395, 20.696627305006189 ], [ 78.259390570818255, 20.696355930981493 ], [ 78.259341141380631, 20.696056257989937 ], [ 78.259313250705986, 20.695887140479218 ], [ 78.258701220684827, 20.694841316173839 ], [ 78.257980684760867, 20.693544047719683 ], [ 78.257010787517913, 20.692271650016664 ], [ 78.25665350935202, 20.691864597972877 ], [ 78.256582734505628, 20.691783965657521 ], [ 78.256187706397611, 20.689982036341974 ], [ 78.256030900605651, 20.68944867002017 ], [ 78.255678207183564, 20.688249043658516 ], [ 78.255475912783197, 20.687045311891666 ], [ 78.255432654493461, 20.686787887251228 ], [ 78.255432638305649, 20.686787798218351 ], [ 78.255338116860685, 20.686225358613456 ], [ 78.255330548166341, 20.684735614557042 ], [ 78.255758914142632, 20.683169099874135 ], [ 78.255047609759458, 20.683086025899396 ], [ 78.252292233599761, 20.683041716302224 ], [ 78.250540083558064, 20.6834297935502 ], [ 78.249625501815501, 20.683619695292748 ], [ 78.248815972579109, 20.683758761957339 ], [ 78.248763435084527, 20.683777370729103 ], [ 78.248658307035271, 20.683819092976819 ], [ 78.247795946226006, 20.684198698611116 ], [ 78.246637328050326, 20.684549442302966 ], [ 78.245663448609321, 20.684861688716015 ], [ 78.245317994729703, 20.684979307449112 ], [ 78.245317954260258, 20.684979320938965 ], [ 78.244954231552583, 20.685105040765048 ], [ 78.244715972364304, 20.685187392584169 ], [ 78.244260229226256, 20.685363881837702 ], [ 78.24329354616026, 20.685626438909082 ], [ 78.243293448134182, 20.685626440707722 ], [ 78.242441619285387, 20.685651750328077 ], [ 78.242096017017616, 20.685430624124081 ], [ 78.241973275746147, 20.684861686018053 ], [ 78.241836222663608, 20.684561425769232 ], [ 78.241455055806227, 20.685047181082609 ], [ 78.240790619591451, 20.68529147741981 ], [ 78.240370790879354, 20.685339148682829 ], [ 78.239939062337896, 20.68560576979047 ], [ 78.239619892943779, 20.685617282012007 ], [ 78.23928636587317, 20.685524966603964 ], [ 78.239075159191316, 20.685502429593502 ], [ 78.23876823766409, 20.685710361843746 ], [ 78.238768433716302, 20.685967807168595 ], [ 78.238619757795618, 20.686153045926403 ], [ 78.238348760586916, 20.686268413656421 ], [ 78.237960186913142, 20.686501137517553 ], [ 78.23757635896186, 20.686582613396926 ], [ 78.237245517266842, 20.686964559067182 ], [ 78.236924099567602, 20.687034720575923 ], [ 78.236504086494449, 20.686897137792698 ], [ 78.236134576649476, 20.686908694081012 ], [ 78.235556388116891, 20.686942804466923 ], [ 78.235062187270159, 20.68720959284849 ], [ 78.23460650798404, 20.687431215478284 ], [ 78.234155950336913, 20.688009493043694 ], [ 78.233515469363468, 20.688346384478109 ], [ 78.233119900762858, 20.688868189115681 ], [ 78.232935475891566, 20.689322126415053 ], [ 78.23333183409693, 20.689958690840967 ], [ 78.232653168808724, 20.690424264468277 ], [ 78.231717906256449, 20.691052547037486 ], [ 78.230830117116284, 20.691330766701586 ], [ 78.229813072015702, 20.691758111048042 ], [ 78.228431183652276, 20.691977856792732 ], [ 78.226730035962419, 20.692082606227356 ], [ 78.224729091174652, 20.69248785692912 ], [ 78.222917742359982, 20.692813933116554 ], [ 78.222030000883876, 20.692976946029262 ], [ 78.221532867981381, 20.692918575456545 ], [ 78.221532867981381, 20.661115454210403 ], [ 78.265866018355524, 20.661115531728257 ], [ 78.266534107122311, 20.661844799364648 ], [ 78.266534107122311, 20.67615093423321 ], [ 78.266351832471173, 20.676568791016965 ], [ 78.266193460959528, 20.677559372666963 ], [ 78.266025126758223, 20.678612798042248 ], [ 78.266103590808143, 20.679587188298171 ], [ 78.266103608794594, 20.679587233264272 ], [ 78.266534107122311, 20.680806897005191 ], [ 78.266534107122311, 20.696648345431946 ], [ 78.264594976277181, 20.69687610065159 ], [ 78.262755206187876, 20.697174833851534 ], [ 78.261322884743379, 20.697348857164059 ], [ 78.258901458335686, 20.69764307576736 ] ] ] } },
{ "type": "Feature", "properties": { "REGION": 1.0, "STATE.NAME": "Maharashtra", "DISTRICT.NAME": "Yavatmal", "DISTRICT.AREA": 13583.851744, "GRID_G0": "201075", "woodland": 0.081146313047206639, "maskWdl": 0.0, "cropland": 0.83968876654149671, "maskCrp": 1.0, "one": 0.038690816585700914, "maskOne": 0.0, "GRID.AREA": 1.8639350572932993, "REGION.AREA": 32202.066020262951 }, "geometry": { "type": "MultiPolygon", "coordinates": [ [ [ [ 78.266534107122311, 20.67615093423321 ], [ 78.266534107122311, 20.661844799364648 ], [ 78.26680402058912, 20.662139426893077 ], [ 78.269575604330726, 20.665266932622895 ], [ 78.270569074603145, 20.666936273090585 ], [ 78.270797740723197, 20.668031031307127 ], [ 78.270779046515841, 20.668902555308708 ], [ 78.270071553459502, 20.669970761041839 ], [ 78.268995615355436, 20.67154838325132 ], [ 78.267849439300221, 20.673271243273291 ], [ 78.26744576421072, 20.674060962243686 ], [ 78.266534107122311, 20.67615093423321 ] ] ], [ [ [ 78.266534107122311, 20.696648345431946 ], [ 78.266534107122311, 20.680806897005191 ], [ 78.26665934485294, 20.681161709645213 ], [ 78.26687579638093, 20.681514670165939 ], [ 78.267055545676953, 20.68180778350245 ], [ 78.267860835509225, 20.682548963364017 ], [ 78.267860868784112, 20.682548989444342 ], [ 78.268683323076971, 20.683118471640228 ], [ 78.270172137234397, 20.683829173477651 ], [ 78.270497990390027, 20.683984722017385 ], [ 78.272983957543659, 20.685209800092249 ], [ 78.274037561884029, 20.68575324241823 ], [ 78.275412715224675, 20.686462523326838 ], [ 78.276202479161157, 20.687055048851448 ], [ 78.276463476808104, 20.687250855542572 ], [ 78.276781145233713, 20.687739705423098 ], [ 78.276951570358733, 20.688068810527227 ], [ 78.277042137484727, 20.688243696289593 ], [ 78.277134614770716, 20.688422256681861 ], [ 78.277339578358919, 20.689179216048046 ], [ 78.277357064776766, 20.689243794565531 ], [ 78.277575982245821, 20.690052089932067 ], [ 78.278008847530373, 20.690955099198504 ], [ 78.278166176727723, 20.692095629309907 ], [ 78.278134933380557, 20.692316789688164 ], [ 78.278086338513788, 20.692660802853819 ], [ 78.277931122723203, 20.693754981007601 ], [ 78.277600903359087, 20.694657781631349 ], [ 78.27735428047572, 20.695332024953018 ], [ 78.277129362729966, 20.695799381036636 ], [ 78.277129353736768, 20.695799340567191 ], [ 78.276737635133827, 20.695961400198488 ], [ 78.275726541746565, 20.696017740926038 ], [ 78.27487609245776, 20.696065117211447 ], [ 78.274152244330651, 20.696105429322134 ], [ 78.273796050747208, 20.696150533920047 ], [ 78.272949271591642, 20.696257751993699 ], [ 78.271997641378107, 20.696338473341942 ], [ 78.27159179802311, 20.696372899389868 ], [ 78.270829712521277, 20.696437527370051 ], [ 78.270029149525669, 20.696437030044933 ], [ 78.268343325384194, 20.696435828550705 ], [ 78.266534107122311, 20.696648345431946 ] ] ] ] } },
{ "type": "Feature", "properties": { "REGION": 1.0, "STATE.NAME": "Maharashtra", "DISTRICT.NAME": "Yavatmal", "DISTRICT.AREA": 13583.851744, "GRID_G0": "200416", "woodland": 0.020747758978830858, "maskWdl": 0.0, "cropland": 0.8522217315684677, "maskCrp": 1.0, "one": 0.11525149813241593, "maskOne": 0.0, "GRID.AREA": 1.38821664853533, "REGION.AREA": 32202.066020262951 }, "geometry": { "type": "Polygon", "coordinates": [ [ [ 77.881599518868427, 20.616120065052009 ], [ 77.906435151605464, 20.61611867325437 ], [ 77.905070057537159, 20.616440775521426 ], [ 77.903106271837032, 20.616781790347375 ], [ 77.902221053858625, 20.617019268924196 ], [ 77.900887447397849, 20.617558284787037 ], [ 77.900348878497994, 20.617928461929012 ], [ 77.899672774479043, 20.618507326751793 ], [ 77.898386072159553, 20.619962679833861 ], [ 77.897214596376557, 20.62144420048952 ], [ 77.896106398691416, 20.623024465806512 ], [ 77.895297813743184, 20.624308829888662 ], [ 77.894984265111816, 20.624650057853952 ], [ 77.894718434508206, 20.624963814228693 ], [ 77.894336460958982, 20.624113369436486 ], [ 77.89285810771554, 20.624563364108042 ], [ 77.892397401219171, 20.624020565696586 ], [ 77.890652217326021, 20.624152132914677 ], [ 77.888155005049498, 20.624397869965776 ], [ 77.886836997329624, 20.624525853385478 ], [ 77.886836900202866, 20.624525857882077 ], [ 77.885786315785879, 20.624547796843387 ], [ 77.885693455388719, 20.623821536734567 ], [ 77.885560405188585, 20.622901470926198 ], [ 77.885370189582659, 20.622031549516464 ], [ 77.885046055930786, 20.621203331468621 ], [ 77.884557901226231, 20.620277045948967 ], [ 77.884033190879109, 20.619536032461951 ], [ 77.883309216846953, 20.618530437529731 ], [ 77.882834572657487, 20.618552321632368 ], [ 77.882416378912808, 20.617932652769749 ], [ 77.881808762764251, 20.61652410310495 ], [ 77.881599518868427, 20.616120065052009 ] ] ] } },
{ "type": "Feature", "properties": { "REGION": 1.0, "STATE.NAME": "Maharashtra", "DISTRICT.NAME": "Yavatmal", "DISTRICT.AREA": 13583.851744, "GRID_G0": "200418", "woodland": 0.02858663498067435, "maskWdl": 0.0, "cropland": 0.88889262317174267, "maskCrp": 1.0, "one": 0.055675437682651555, "maskOne": 0.0, "GRID.AREA": 0.17850837201090844, "REGION.AREA": 32202.066020262951 }, "geometry": { "type": "Polygon", "coordinates": [ [ [ 77.992596847860355, 20.616119065184513 ], [ 77.996531068852022, 20.616118594008451 ], [ 77.996531068852022, 20.62370735834126 ], [ 77.99624036150351, 20.624039065650436 ], [ 77.995970408407686, 20.624402608493654 ], [ 77.995790223839833, 20.624611825875093 ], [ 77.995627716346064, 20.624685525316806 ], [ 77.995450064269107, 20.624668980489105 ], [ 77.99527656166407, 20.624584705919517 ], [ 77.995092503716137, 20.624410154704947 ], [ 77.99490689623633, 20.6240731562512 ], [ 77.994764174726924, 20.623704082577376 ], [ 77.99474280773444, 20.623483057097474 ], [ 77.994742803237841, 20.623482966265954 ], [ 77.994754339741064, 20.623185033462562 ], [ 77.994783875275687, 20.622769340732532 ], [ 77.994909572618724, 20.622370939267455 ], [ 77.995180872899027, 20.621659664561946 ], [ 77.995443014483612, 20.620998209599747 ], [ 77.99550237153727, 20.620690615379658 ], [ 77.995508084930236, 20.620293183383751 ], [ 77.995461339069607, 20.619927880567275 ], [ 77.995391079534727, 20.619612390299611 ], [ 77.995283432484484, 20.619392049203785 ], [ 77.994883598399383, 20.618731745373793 ], [ 77.994606813153965, 20.618391041713267 ], [ 77.99432326140942, 20.618090946040351 ], [ 77.994039807691024, 20.617790850367498 ], [ 77.993332504391617, 20.617101584770356 ], [ 77.992906232037058, 20.616685387520647 ], [ 77.992784471026596, 20.616487848735289 ], [ 77.992598610837263, 20.616123623306635 ], [ 77.992596847860355, 20.616119065184513 ] ] ] } },
{ "type": "Feature", "properties": { "REGION": 1.0, "STATE.NAME": "Maharashtra", "DISTRICT.NAME": "Yavatmal", "DISTRICT.AREA": 13583.851744, "GRID_G0": "200421", "woodland": 0.0045674999413145706, "maskWdl": 0.0, "cropland": 0.93163368638514377, "maskCrp": 1.0, "one": 0.03396852157393964, "maskOne": 0.0, "GRID.AREA": 16.824191667851103, "REGION.AREA": 32202.066020262951 }, "geometry": { "type": "MultiPolygon", "coordinates": [ [ [ [ 78.131534777466058, 20.653687602423865 ], [ 78.131534777466058, 20.661115456502841 ], [ 78.125824722531704, 20.661116095549129 ], [ 78.125682624553519, 20.660962270992059 ], [ 78.125745131932376, 20.660058931674431 ], [ 78.125620427440822, 20.658780839464214 ], [ 78.125447733326268, 20.658383422756799 ], [ 78.126052372718902, 20.65765182427231 ], [ 78.128000771018833, 20.656247201047567 ], [ 78.129800294647964, 20.654912618822323 ], [ 78.130827240384917, 20.654257717219934 ], [ 78.131534777466058, 20.653687602423865 ] ] ], [ [ [ 78.099480167126273, 20.661116610962189 ], [ 78.086533529357553, 20.661115398684856 ], [ 78.086533529357553, 20.616118612077429 ], [ 78.131534777466058, 20.616118592128512 ], [ 78.131534777466058, 20.651467040757556 ], [ 78.131024201805531, 20.650217875354716 ], [ 78.130534764667686, 20.64924004429264 ], [ 78.130126962589316, 20.649389095230617 ], [ 78.129992594882424, 20.648135822510259 ], [ 78.12945039452012, 20.648239687011994 ], [ 78.129426409601194, 20.646767334045308 ], [ 78.127840642231888, 20.646686141452335 ], [ 78.126348280248976, 20.64679217152155 ], [ 78.124942310739129, 20.646744842000889 ], [ 78.123747608165615, 20.646548335637252 ], [ 78.123637202894656, 20.646530174727843 ], [ 78.120820548729398, 20.646299823278298 ], [ 78.119126662165797, 20.646491725113098 ], [ 78.115954917885233, 20.646916090005622 ], [ 78.112651150430281, 20.647182271344775 ], [ 78.112480905169718, 20.646669755804623 ], [ 78.111809564859584, 20.643661804149019 ], [ 78.111190936512571, 20.6414690474586 ], [ 78.110759531727069, 20.639454602947634 ], [ 78.104644072565975, 20.639666295263343 ], [ 78.101714821481892, 20.639805915011038 ], [ 78.101488663571047, 20.642493111767749 ], [ 78.100720914138947, 20.642511138678174 ], [ 78.098741756327058, 20.642135935225269 ], [ 78.096469987000376, 20.641446842297967 ], [ 78.094330087063952, 20.640897817880045 ], [ 78.094329990836457, 20.640897822376644 ], [ 78.093523948271638, 20.640969952501337 ], [ 78.093598083884501, 20.641800968340078 ], [ 78.094417932841395, 20.644650948682393 ], [ 78.09567374884449, 20.649641686015059 ], [ 78.096311299826709, 20.652631640437903 ], [ 78.096550604926506, 20.654946213896721 ], [ 78.096594693290513, 20.655652948824581 ], [ 78.096681907743914, 20.657263097713841 ], [ 78.097682324379832, 20.657785805270748 ], [ 78.097732712494746, 20.657812132024333 ], [ 78.098110976340536, 20.6579545261805 ], [ 78.098112969238187, 20.657955311288617 ], [ 78.098764428235825, 20.65820060317537 ], [ 78.099157872637761, 20.658519059407126 ], [ 78.099515172387328, 20.659286906865304 ], [ 78.099514956550081, 20.660454354584832 ], [ 78.099480167126273, 20.661116610962189 ] ] ] ] } },
{ "type": "Feature", "properties": { "REGION": 1.0, "STATE.NAME": "Maharashtra", "DISTRICT.NAME": "Yavatmal", "DISTRICT.AREA": 13583.851744, "GRID_G0": "200422", "woodland": 0.050708922074269809, "maskWdl": 0.0, "cropland": 0.90158273633176467, "maskCrp": 1.0, "one": 0.03371704278789852, "maskOne": 0.0, "GRID.AREA": 22.944656296235809, "REGION.AREA": 32202.066020262951 }, "geometry": { "type": "Polygon", "coordinates": [ [ [ 78.131534777466058, 20.651467040757556 ], [ 78.131534777466058, 20.616118592128512 ], [ 78.176531634831932, 20.616118618475575 ], [ 78.176531634831932, 20.661115448865651 ], [ 78.157867232022369, 20.661116868021622 ], [ 78.157889752709991, 20.66063461379645 ], [ 78.15788975630727, 20.660634524763566 ], [ 78.157347458818208, 20.659625219228531 ], [ 78.157016200737147, 20.658843945791492 ], [ 78.156917809509366, 20.658681408620168 ], [ 78.155979660133255, 20.65865678428321 ], [ 78.153570678544042, 20.658566727072866 ], [ 78.151252935874368, 20.658682222506627 ], [ 78.149331078366629, 20.658718603680654 ], [ 78.146775670960494, 20.65889050279452 ], [ 78.144174828005987, 20.659089479595881 ], [ 78.141854636482321, 20.659308729814086 ], [ 78.139930249181702, 20.659726568326501 ], [ 78.138994640390422, 20.660376968822106 ], [ 78.137859673485195, 20.660435779088004 ], [ 78.137201385409853, 20.661116097643074 ], [ 78.131534777466058, 20.661115456502841 ], [ 78.131534777466058, 20.653687602423865 ], [ 78.131578310091015, 20.653652524744246 ], [ 78.131923737890247, 20.653374751143929 ], [ 78.131971871404801, 20.652676893423912 ], [ 78.131640723041016, 20.651726242572067 ], [ 78.131534777466058, 20.651467040757556 ] ] ] } },
{ "type": "Feature", "properties": { "REGION": 1.0, "STATE.NAME": "Maharashtra", "DISTRICT.NAME": "Yavatmal", "DISTRICT.AREA": 13583.851744, "GRID_G0": "200423", "woodland": 0.010648343767658067, "maskWdl": 0.0, "cropland": 0.94422647980612828, "maskCrp": 1.0, "one": 0.035350962922258165, "maskOne": 0.0, "GRID.AREA": 23.429938620516204, "REGION.AREA": 32202.066020262951 }, "geometry": { "type": "Polygon", "coordinates": [ [ [ 78.176531634831932, 20.616118618475575 ], [ 78.221532867981381, 20.616118589472922 ], [ 78.221532867981381, 20.661115454210403 ], [ 78.176531634831932, 20.661115448865651 ], [ 78.176531634831932, 20.616118618475575 ] ] ] } },
{ "type": "Feature", "properties": { "REGION": 1.0, "STATE.NAME": "Maharashtra", "DISTRICT.NAME": "Yavatmal", "DISTRICT.AREA": 13583.851744, "GRID_G0": "200424", "woodland": 0.031491232029729865, "maskWdl": 0.0, "cropland": 0.88831928844418206, "maskCrp": 1.0, "one": 0.046339633288158003, "maskOne": 0.0, "GRID.AREA": 16.876279181257345, "REGION.AREA": 32202.066020262951 }, "geometry": { "type": "Polygon", "coordinates": [ [ [ 78.265866018355524, 20.661115531728257 ], [ 78.221532867981381, 20.661115454210403 ], [ 78.221532867981381, 20.616118589472922 ], [ 78.251871985957152, 20.616119915271479 ], [ 78.251765139149882, 20.616945728662472 ], [ 78.251765137351242, 20.616945767333334 ], [ 78.251952755715138, 20.619928211517788 ], [ 78.251952758413154, 20.61992825018865 ], [ 78.252145275384251, 20.622910520803945 ], [ 78.252145278082196, 20.622910562172763 ], [ 78.252176944110715, 20.623524216369564 ], [ 78.252176944110715, 20.623524261335664 ], [ 78.252256093444032, 20.625058475967933 ], [ 78.252408930527793, 20.626248815930179 ], [ 78.252850823206998, 20.629228630496925 ], [ 78.253326062747647, 20.632600920895815 ], [ 78.253518617490272, 20.633908264454874 ], [ 78.253514943759683, 20.634432080875854 ], [ 78.253199880670024, 20.635573656898767 ], [ 78.253132658145717, 20.635817424434663 ], [ 78.252614122543775, 20.637466045421714 ], [ 78.252614104557324, 20.637466088589179 ], [ 78.251885211233585, 20.638760230999939 ], [ 78.250391105465212, 20.640680537177104 ], [ 78.250391072190268, 20.640680578545926 ], [ 78.249572686430383, 20.641704651848272 ], [ 78.248808578353248, 20.642863666624976 ], [ 78.248793293475785, 20.64306266501001 ], [ 78.248766928950658, 20.643405914651282 ], [ 78.248823284067385, 20.645405432215004 ], [ 78.249110531126178, 20.646183582306548 ], [ 78.249701284986372, 20.647071514438895 ], [ 78.250487260978389, 20.647826602315888 ], [ 78.252641353116019, 20.648969422101175 ], [ 78.253050708323599, 20.649186593986201 ], [ 78.253050753289699, 20.649186619167207 ], [ 78.255535392144679, 20.650773195926316 ], [ 78.255556420992093, 20.650787378234948 ], [ 78.2555671813804, 20.650794623173393 ], [ 78.257426117821126, 20.652045161055412 ], [ 78.257426151995389, 20.652045187135741 ], [ 78.258225032359405, 20.652669135871975 ], [ 78.258225079124145, 20.652669172744197 ], [ 78.258961818133457, 20.653307275910095 ], [ 78.25944855730512, 20.653872573560477 ], [ 78.259963763616838, 20.65447091320215 ], [ 78.260233290434087, 20.65489501908991 ], [ 78.260750634434316, 20.655709024252133 ], [ 78.26080093351635, 20.655779105721198 ], [ 78.261365084531064, 20.656565092505048 ], [ 78.26192523086479, 20.657159623517888 ], [ 78.262317278619548, 20.657575736231305 ], [ 78.263240567598189, 20.658405794292033 ], [ 78.263240787932091, 20.65840599933745 ], [ 78.263558625430278, 20.658691730139314 ], [ 78.26401528947406, 20.659169825027448 ], [ 78.264015560170037, 20.659170101119344 ], [ 78.264279108294261, 20.659446005029167 ], [ 78.265681312342736, 20.660913909949045 ], [ 78.265866018355524, 20.661115531728257 ] ] ] } },
{ "type": "Feature", "properties": { "REGION": 1.0, "STATE.NAME": "Maharashtra", "DISTRICT.NAME": "Yavatmal", "DISTRICT.AREA": 13583.851744, "GRID_G0": "199761", "woodland": 0.0051404352976397718, "maskWdl": 0.0, "cropland": 0.94297101459959343, "maskCrp": 1.0, "one": 0.026109665568459822, "maskOne": 0.0, "GRID.AREA": 1.5479056030151532, "REGION.AREA": 32202.066020262951 }, "geometry": { "type": "Polygon", "coordinates": [ [ [ 77.663208010819716, 20.571118774016444 ], [ 77.681531217347981, 20.57111733573273 ], [ 77.681531217347981, 20.577549323418971 ], [ 77.679589824510856, 20.577870549985956 ], [ 77.678167299381414, 20.578124291902611 ], [ 77.67631424810412, 20.578507081136934 ], [ 77.674978476975184, 20.578814197817049 ], [ 77.673486150965175, 20.579343558558435 ], [ 77.672673661160616, 20.579728420730078 ], [ 77.671353650650531, 20.580179910974152 ], [ 77.671353498665098, 20.580179964034187 ], [ 77.671353385350528, 20.580179906477554 ], [ 77.670631248633299, 20.579818936594677 ], [ 77.669461613762508, 20.579262386649873 ], [ 77.668880699384829, 20.579162367649189 ], [ 77.668436963095417, 20.579481585606743 ], [ 77.667782153223868, 20.579779484235875 ], [ 77.666727475992275, 20.579845250757785 ], [ 77.665930387077765, 20.579719681118437 ], [ 77.665584465550694, 20.579008567391497 ], [ 77.665270099435588, 20.578030761510487 ], [ 77.665091903268774, 20.577295870607998 ], [ 77.664621081197993, 20.57530308806713 ], [ 77.66437751151301, 20.574171322748388 ], [ 77.663888305500961, 20.572264344523948 ], [ 77.663208010819716, 20.571118774016444 ] ] ] } },
{ "type": "Feature", "properties": { "REGION": 1.0, "STATE.NAME": "Maharashtra", "DISTRICT.NAME": "Yavatmal", "DISTRICT.AREA": 13583.851744, "GRID_G0": "199762", "woodland": 0.0055391051865336435, "maskWdl": 0.0, "cropland": 0.91192944960532296, "maskCrp": 1.0, "one": 0.069690593053135103, "maskOne": 0.0, "GRID.AREA": 0.70322282811930847, "REGION.AREA": 32202.066020262951 }, "geometry": { "type": "Polygon", "coordinates": [ [ [ 77.681531217347981, 20.577549323418971 ], [ 77.681531217347981, 20.57111733573273 ], [ 77.692186179239371, 20.571118404260464 ], [ 77.69192612539041, 20.571230930862839 ], [ 77.691134811022778, 20.571573381906092 ], [ 77.691123495752777, 20.57157827781532 ], [ 77.691044843744578, 20.572393951219912 ], [ 77.690937001541442, 20.573512250989662 ], [ 77.690896460103602, 20.574309764384168 ], [ 77.690878747955935, 20.574659724766544 ], [ 77.690874025615869, 20.576524680369744 ], [ 77.690888971448942, 20.577139985721828 ], [ 77.690916362100495, 20.578267406415705 ], [ 77.690633446176676, 20.57828289274136 ], [ 77.690003671632212, 20.578088572629557 ], [ 77.689992891458814, 20.578085389029525 ], [ 77.688763466061175, 20.577722296746629 ], [ 77.687783955065527, 20.577561837908551 ], [ 77.687783860636728, 20.577561826217337 ], [ 77.686449243337961, 20.577390438817758 ], [ 77.684860864337452, 20.57726578288964 ], [ 77.683407248745596, 20.577226066130095 ], [ 77.682406299711033, 20.577404523100309 ], [ 77.681531217347981, 20.577549323418971 ] ] ] } },
{ "type": "Feature", "properties": { "REGION": 1.0, "STATE.NAME": "Maharashtra", "DISTRICT.NAME": "Yavatmal", "DISTRICT.AREA": 13583.851744, "GRID_G0": "199764", "woodland": 0.0086586379933867932, "maskWdl": 0.0, "cropland": 0.82846579546131993, "maskCrp": 1.0, "one": 0.1454972887005011, "maskOne": 0.0, "GRID.AREA": 1.1346957960115043, "REGION.AREA": 32202.066020262951 }, "geometry": { "type": "Polygon", "coordinates": [ [ [ 77.806682224036365, 20.571118367540066 ], [ 77.816535009901216, 20.571117383924534 ], [ 77.816535009901216, 20.582082993156181 ], [ 77.814833849702438, 20.582962506014894 ], [ 77.813893133661225, 20.583430229021928 ], [ 77.81286497204087, 20.583781147182265 ], [ 77.811411220651394, 20.58428889721489 ], [ 77.811161989734103, 20.584299781709603 ], [ 77.8111297067706, 20.584301080330647 ], [ 77.81111673854673, 20.584301601038135 ], [ 77.811053923599729, 20.584304359258791 ], [ 77.810908707371027, 20.584310733653467 ], [ 77.810907773874703, 20.584310774122969 ], [ 77.810907613795393, 20.584310717465716 ], [ 77.810696100444716, 20.584235477485326 ], [ 77.810319378036922, 20.583366889770218 ], [ 77.809873767560362, 20.58285543363138 ], [ 77.809812025504641, 20.582826846881517 ], [ 77.809681167851693, 20.582766710115603 ], [ 77.808879258570983, 20.582090826430544 ], [ 77.80850573685035, 20.581596979017434 ], [ 77.808452333308594, 20.581489417402732 ], [ 77.808349594758056, 20.581282076906348 ], [ 77.808444662091517, 20.580617592128252 ], [ 77.808524379796324, 20.580409247988428 ], [ 77.808847573656635, 20.579503555144978 ], [ 77.808997657016334, 20.578540782331284 ], [ 77.808995056176968, 20.577669217860148 ], [ 77.808907794059508, 20.577027739538607 ], [ 77.808861895360224, 20.576690341785877 ], [ 77.808943365843731, 20.574991897458176 ], [ 77.808917048083345, 20.574716699516102 ], [ 77.80868998815248, 20.574285060007586 ], [ 77.808590470074193, 20.574095978446682 ], [ 77.80823821911855, 20.573841295839198 ], [ 77.807583418240199, 20.572983715825902 ], [ 77.807531281843239, 20.57287065305826 ], [ 77.807295113578675, 20.572358311986534 ], [ 77.807128965629317, 20.571993782587072 ], [ 77.807074017052287, 20.571828315424455 ], [ 77.806907559736146, 20.571327052201752 ], [ 77.806682224036365, 20.571118367540066 ] ] ] } },
{ "type": "Feature", "properties": { "REGION": 1.0, "STATE.NAME": "Maharashtra", "DISTRICT.NAME": "Yavatmal", "DISTRICT.AREA": 13583.851744, "GRID_G0": "199765", "woodland": 0.015903074651814727, "maskWdl": 0.0, "cropland": 0.88385083050107127, "maskCrp": 1.0, "one": 0.086427940949063781, "maskOne": 0.0, "GRID.AREA": 4.1969903547521366, "REGION.AREA": 32202.066020262951 }, "geometry": { "type": "MultiPolygon", "coordinates": [ [ [ [ 77.847740878438699, 20.571118645583145 ], [ 77.861531757373555, 20.571117421713545 ], [ 77.861531757373555, 20.59157058954376 ], [ 77.861356164955112, 20.591476269114594 ], [ 77.860459960858577, 20.591013701021552 ], [ 77.859454367724936, 20.590660387966579 ], [ 77.857319709936746, 20.590094622668744 ], [ 77.855835071331526, 20.589812687005978 ], [ 77.855834889668472, 20.589243834335548 ], [ 77.855200330730725, 20.589086196670674 ], [ 77.853286922353618, 20.588581858665922 ], [ 77.851360955843518, 20.58828075665167 ], [ 77.848499885961019, 20.588005080270307 ], [ 77.84608723333919, 20.588005748466575 ], [ 77.846079684429924, 20.58797864649739 ], [ 77.846079670940128, 20.587978598833335 ], [ 77.845899090670571, 20.587329843197779 ], [ 77.845794996841676, 20.58640048469465 ], [ 77.845799283909855, 20.586130240218438 ], [ 77.845806435318764, 20.585672803657019 ], [ 77.845819626574553, 20.584833414230733 ], [ 77.845850608219052, 20.584639226319268 ], [ 77.845865107988416, 20.584548531489585 ], [ 77.845886574805661, 20.58262480249272 ], [ 77.845806144837752, 20.581659210304341 ], [ 77.845806137643194, 20.581659165338241 ], [ 77.845753135199061, 20.581274858947609 ], [ 77.845673010101393, 20.580693831255363 ], [ 77.845686205853781, 20.580140866907531 ], [ 77.845698085897993, 20.579642986035026 ], [ 77.845711641379182, 20.579076933853457 ], [ 77.845766832773165, 20.578805585909095 ], [ 77.845916801918918, 20.577869728904947 ], [ 77.846081556818447, 20.576960858756649 ], [ 77.846351405592941, 20.576015030968964 ], [ 77.84635143167327, 20.576014949130638 ], [ 77.846660152743937, 20.575123133725697 ], [ 77.847205900032293, 20.573375895780998 ], [ 77.847355281021464, 20.572806362323831 ], [ 77.847435602171345, 20.572500098201036 ], [ 77.847618892997559, 20.571801280904424 ], [ 77.847726595805796, 20.571198541779328 ], [ 77.847740878438699, 20.571118645583145 ] ] ], [ [ [ 77.816535009901216, 20.582082993156181 ], [ 77.816535009901216, 20.571117383924534 ], [ 77.831537426917066, 20.571118688331467 ], [ 77.831055385497677, 20.571418908056216 ], [ 77.828508235666618, 20.573014418680543 ], [ 77.827673698082776, 20.573571688982327 ], [ 77.827517162087432, 20.573666351620886 ], [ 77.826924755273296, 20.574024338452489 ], [ 77.82645040696076, 20.574347159993469 ], [ 77.825904455526256, 20.574718604280239 ], [ 77.825500893751325, 20.575191261867303 ], [ 77.824892527568124, 20.575920299082611 ], [ 77.82487897928155, 20.575936565120454 ], [ 77.824661163481949, 20.576182639417311 ], [ 77.823639347477979, 20.577336818539379 ], [ 77.82238956322783, 20.578687527407507 ], [ 77.821653154269711, 20.579492312720106 ], [ 77.821409038696231, 20.579745357662205 ], [ 77.821355725086676, 20.579800584129714 ], [ 77.821196718653709, 20.579965294962449 ], [ 77.820701511465643, 20.580384551705716 ], [ 77.820356325584044, 20.580535594642015 ], [ 77.820323912218839, 20.580549761662212 ], [ 77.820228441089739, 20.580591489305842 ], [ 77.819268091049594, 20.58101416707018 ], [ 77.818519200400829, 20.581287158075952 ], [ 77.81737001791204, 20.581705965158221 ], [ 77.816562506754337, 20.582068776852619 ], [ 77.816535009901216, 20.582082993156181 ] ] ] ] } },
{ "type": "Feature", "properties": { "REGION": 1.0, "STATE.NAME": "Maharashtra", "DISTRICT.NAME": "Yavatmal", "DISTRICT.AREA": 13583.851744, "GRID_G0": "199766", "woodland": 0.018351094582166317, "maskWdl": 0.0, "cropland": 0.91937363377946224, "maskCrp": 1.0, "one": 0.037411223307225308, "maskOne": 0.0, "GRID.AREA": 21.194739815342658, "REGION.AREA": 32202.066020262951 }, "geometry": { "type": "Polygon", "coordinates": [ [ [ 77.861531757373555, 20.59157058954376 ], [ 77.861531757373555, 20.571117421713545 ], [ 77.906533022918595, 20.57111738427238 ], [ 77.906533022918595, 20.61609557945728 ], [ 77.906435151605464, 20.61611867325437 ], [ 77.881599518868427, 20.616120065052009 ], [ 77.881452435181814, 20.615836053391202 ], [ 77.881378516305517, 20.615619970585218 ], [ 77.881248184755975, 20.615535164516302 ], [ 77.881117209291858, 20.615364769068893 ], [ 77.881117170620996, 20.615364717807548 ], [ 77.881076889986559, 20.615152698138555 ], [ 77.881088689991088, 20.614872711306646 ], [ 77.881086025299908, 20.614574676879897 ], [ 77.88107993239305, 20.614430191799954 ], [ 77.88089977030819, 20.61413819452213 ], [ 77.880714899373174, 20.613859652001395 ], [ 77.880698652221099, 20.613647605352753 ], [ 77.880725691237728, 20.613453188114196 ], [ 77.880752603449935, 20.613236233865166 ], [ 77.880750472956038, 20.613015006937076 ], [ 77.880700540797363, 20.612789605356056 ], [ 77.880403430873685, 20.612290849443184 ], [ 77.880310218841601, 20.612065755430304 ], [ 77.880265126834217, 20.611849345271136 ], [ 77.880172391442784, 20.611674015243636 ], [ 77.879978272779113, 20.611418242657809 ], [ 77.879620772480735, 20.611141114770703 ], [ 77.879417286478656, 20.610921445468364 ], [ 77.879280869216814, 20.610692243352389 ], [ 77.879211520695208, 20.61045341399392 ], [ 77.879151462170285, 20.610165052675086 ], [ 77.879067803636303, 20.609935402696749 ], [ 77.878926774651006, 20.609719747068709 ], [ 77.878704044955782, 20.609500264825389 ], [ 77.878458227864996, 20.609362310622203 ], [ 77.878102268105238, 20.609252134678343 ], [ 77.877765902774229, 20.609187117291697 ], [ 77.877626004236788, 20.609102447020348 ], [ 77.877458109803968, 20.609094729038585 ], [ 77.87721811312548, 20.609087643280194 ], [ 77.876945460264835, 20.609180068405465 ], [ 77.876481876837204, 20.609373437933868 ], [ 77.876218895285831, 20.60946581449582 ], [ 77.875861521791876, 20.609730590194662 ], [ 77.875498989786593, 20.609963743032381 ], [ 77.875231518819589, 20.610092293024934 ], [ 77.874853694742285, 20.610212652891679 ], [ 77.874323060560883, 20.610420144474123 ], [ 77.874113381827158, 20.610575358466065 ], [ 77.873975982505684, 20.610761492049278 ], [ 77.873838533721425, 20.610956730368859 ], [ 77.873653160964636, 20.611143376565625 ], [ 77.873481626975547, 20.611271172926365 ], [ 77.87315154610701, 20.611386688145213 ], [ 77.872711112128172, 20.61147589189892 ], [ 77.872265564604163, 20.61154267105746 ], [ 77.871992750764889, 20.611608046374272 ], [ 77.871413992961436, 20.611806749781749 ], [ 77.871169823428659, 20.611858457202064 ], [ 77.870771772699186, 20.611875140525342 ], [ 77.870085971290621, 20.611889652885221 ], [ 77.869342153717469, 20.611854867108491 ], [ 77.869082706501786, 20.611811712240751 ], [ 77.86877974918616, 20.611728390053205 ], [ 77.868192593513413, 20.611525219713144 ], [ 77.867398595568773, 20.611233466151589 ], [ 77.866805935145862, 20.610953688861684 ], [ 77.866458955116741, 20.610771320739904 ], [ 77.866212457239158, 20.610561044856411 ], [ 77.86601908950945, 20.610399998761011 ], [ 77.866032929176413, 20.610341148025615 ], [ 77.866074797114265, 20.610191829089676 ], [ 77.866121674275917, 20.610065112814766 ], [ 77.866214935770699, 20.609775346754873 ], [ 77.866491961135182, 20.609095841499936 ], [ 77.866594347151491, 20.608742833315148 ], [ 77.866673417344373, 20.608466752238883 ], [ 77.866709874960804, 20.608240741816811 ], [ 77.86673606142017, 20.607960594905595 ], [ 77.866736068614728, 20.607960503174752 ], [ 77.86674345654535, 20.607707587735032 ], [ 77.866734573941471, 20.607251547820738 ], [ 77.866682484309251, 20.606791486138206 ], [ 77.866616035201901, 20.60633140646928 ], [ 77.866573571912852, 20.60588012936455 ], [ 77.866526422256641, 20.605429151734029 ], [ 77.866526415961403, 20.605429060003193 ], [ 77.866532043918767, 20.604981965645262 ], [ 77.866566416007345, 20.604539142167706 ], [ 77.866566425000542, 20.604539052235506 ], [ 77.866615373300874, 20.604100851273301 ], [ 77.866640199985284, 20.603662584660583 ], [ 77.866597910265398, 20.603224922392318 ], [ 77.866555768034345, 20.602796276726853 ], [ 77.866556658363152, 20.602358221454779 ], [ 77.866574489221364, 20.602209110262265 ], [ 77.866649514263713, 20.602014370167126 ], [ 77.866842545647046, 20.601606370237846 ], [ 77.866968336519562, 20.601176443038469 ], [ 77.86706027241371, 20.600737753744397 ], [ 77.867099527820983, 20.600294911381127 ], [ 77.867085909387242, 20.599848002283526 ], [ 77.867043617868717, 20.59941034271321 ], [ 77.867029998535656, 20.598963434514928 ], [ 77.866978109452248, 20.59852131700524 ], [ 77.867012554385951, 20.598073990622197 ], [ 77.867030485968201, 20.597942909038071 ], [ 77.867138366842198, 20.597666688566846 ], [ 77.867202599120731, 20.597341009879756 ], [ 77.867220826579967, 20.59722795880333 ], [ 77.867226450040675, 20.596780959773525 ], [ 77.867222455252147, 20.596342926984562 ], [ 77.867213917088634, 20.595914026810934 ], [ 77.867239311245271, 20.595543554691346 ], [ 77.867257066560455, 20.59538083315897 ], [ 77.867165052425264, 20.595277796932809 ], [ 77.866369594880965, 20.594827921871172 ], [ 77.865275542632219, 20.594245109923918 ], [ 77.864777430633978, 20.593788340659444 ], [ 77.863975489877021, 20.593135467927539 ], [ 77.863106921946951, 20.592550801578284 ], [ 77.862300782255375, 20.591983672008894 ], [ 77.861531757373555, 20.59157058954376 ] ] ] } },
{ "type": "Feature", "properties": { "REGION": 1.0, "STATE.NAME": "Maharashtra", "DISTRICT.NAME": "Yavatmal", "DISTRICT.AREA": 13583.851744, "GRID_G0": "199767", "woodland": 0.029315273557275569, "maskWdl": 0.0, "cropland": 0.89121600070445561, "maskCrp": 1.0, "one": 0.072292761858352234, "maskOne": 0.0, "GRID.AREA": 6.2518988799050552, "REGION.AREA": 32202.066020262951 }, "geometry": { "type": "MultiPolygon", "coordinates": [ [ [ [ 77.932335773480872, 20.571118817609715 ], [ 77.951534251315636, 20.571117403870169 ], [ 77.951534251315636, 20.575568419315839 ], [ 77.951442106867773, 20.575528540909488 ], [ 77.951049310877067, 20.575585973413979 ], [ 77.950687476745713, 20.575358721028181 ], [ 77.950687476745713, 20.575358781282773 ], [ 77.95068737871965, 20.575358719229541 ], [ 77.950689156679289, 20.576546173267332 ], [ 77.950727866198122, 20.578099258374152 ], [ 77.950713330455869, 20.578591469021145 ], [ 77.950766950734248, 20.579191577629278 ], [ 77.949745106851253, 20.579678714301277 ], [ 77.949281361545673, 20.579321392068664 ], [ 77.948562436307441, 20.578862344821403 ], [ 77.947805353734168, 20.578439740801457 ], [ 77.9470719853839, 20.577980671071145 ], [ 77.946711388719677, 20.577875377546665 ], [ 77.946781051104665, 20.578655970196905 ], [ 77.945982223800627, 20.578369084665553 ], [ 77.946136052836607, 20.579939205629895 ], [ 77.945569885541829, 20.579921310020492 ], [ 77.94500381267585, 20.579903504343296 ], [ 77.944584990305103, 20.578714910864505 ], [ 77.944234497524135, 20.577661257960759 ], [ 77.943736063568508, 20.577186732481778 ], [ 77.943054182304721, 20.577093105862218 ], [ 77.94149783355823, 20.577869165929314 ], [ 77.940980463477672, 20.577923102769034 ], [ 77.939215549358153, 20.577418513853384 ], [ 77.937220198353543, 20.576893247725252 ], [ 77.935225140527848, 20.576381480421052 ], [ 77.934215432096551, 20.576105322003059 ], [ 77.932772075970604, 20.57562505615147 ], [ 77.932581369334798, 20.57421333907439 ], [ 77.932410913632793, 20.572386014702886 ], [ 77.932335773480872, 20.571118817609715 ] ] ], [ [ [ 77.906533022918595, 20.61609557945728 ], [ 77.906533022918595, 20.57111738427238 ], [ 77.913817009221248, 20.571118176134814 ], [ 77.913951749473711, 20.571418900861659 ], [ 77.914427076248614, 20.572479422787183 ], [ 77.915195164725105, 20.574125741509814 ], [ 77.916116813340295, 20.575770886617192 ], [ 77.916467233276251, 20.576323457061964 ], [ 77.917163714134176, 20.577482705662366 ], [ 77.917609746392714, 20.57850860009188 ], [ 77.917732678320533, 20.578846190299483 ], [ 77.917871562422704, 20.579337318162743 ], [ 77.917937586150742, 20.580257856115221 ], [ 77.91793759514394, 20.580257946047425 ], [ 77.917979551215353, 20.580645914477429 ], [ 77.918132141884882, 20.581601872228649 ], [ 77.918384631945287, 20.583473783188595 ], [ 77.918733794628977, 20.585453088489317 ], [ 77.918813763244657, 20.587353413529286 ], [ 77.918839520727374, 20.588071150763028 ], [ 77.918747095602043, 20.588446673475232 ], [ 77.918521156226461, 20.588909180414422 ], [ 77.917683894596109, 20.589141799054858 ], [ 77.917308111080501, 20.589226618613623 ], [ 77.915836361558888, 20.589558804795047 ], [ 77.914477812401174, 20.589953642246826 ], [ 77.91463537002636, 20.590909588306886 ], [ 77.915285159882288, 20.59271946313277 ], [ 77.916112071215196, 20.594478188117932 ], [ 77.916881341400824, 20.596232977669843 ], [ 77.917306923975445, 20.597128097184001 ], [ 77.917708688005632, 20.59804137041294 ], [ 77.918042907554195, 20.598914613918339 ], [ 77.918206060761179, 20.599441588758339 ], [ 77.918124493150913, 20.599952464834416 ], [ 77.918017963957936, 20.600883586008766 ], [ 77.917886371558836, 20.602216646581041 ], [ 77.917711530762574, 20.602502547354732 ], [ 77.917550941522791, 20.60277034207769 ], [ 77.917789673754498, 20.60317467007502 ], [ 77.91775276108109, 20.60385236499468 ], [ 77.917630271619771, 20.605650481184796 ], [ 77.917519521009126, 20.60715499930382 ], [ 77.917015205487417, 20.607091411839235 ], [ 77.915316451792876, 20.60701954161863 ], [ 77.914251312747922, 20.607001007490567 ], [ 77.91360478833036, 20.607110174395075 ], [ 77.913261911008419, 20.60738397568997 ], [ 77.913047888549272, 20.607588848446657 ], [ 77.91286334856477, 20.607856767276022 ], [ 77.912693151867529, 20.60813812917138 ], [ 77.912321742654342, 20.608958405306225 ], [ 77.911605996519597, 20.61040471930238 ], [ 77.911378430270418, 20.610699995508416 ], [ 77.910561637209867, 20.612128984065407 ], [ 77.91034324674348, 20.61237462848635 ], [ 77.909370601172384, 20.61407128676052 ], [ 77.908850168900244, 20.614861239554614 ], [ 77.908337429428855, 20.615447852036766 ], [ 77.908012406347552, 20.615572437817775 ], [ 77.907051852161317, 20.615973155037125 ], [ 77.906533022918595, 20.61609557945728 ] ] ] ] } },
{ "type": "Feature", "properties": { "REGION": 1.0, "STATE.NAME": "Maharashtra", "DISTRICT.NAME": "Yavatmal", "DISTRICT.AREA": 13583.851744, "GRID_G0": "199768", "woodland": 0.031234651555606896, "maskWdl": 0.0, "cropland": 0.93837566016429408, "maskCrp": 1.0, "one": 0.023483977905153754, "maskOne": 0.0, "GRID.AREA": 12.948361387261642, "REGION.AREA": 32202.066020262951 }, "geometry": { "type": "Polygon", "coordinates": [ [ [ 77.951534251315636, 20.575568419315839 ], [ 77.951534251315636, 20.571117403870169 ], [ 77.996531068852022, 20.571117362184314 ], [ 77.996531068852022, 20.616118594008451 ], [ 77.992596847860355, 20.616119065184513 ], [ 77.992426289042044, 20.615678089272475 ], [ 77.992187767251721, 20.615314444805847 ], [ 77.991955422904482, 20.615104199499289 ], [ 77.991608348446562, 20.614935642266119 ], [ 77.991497252496288, 20.614859836612194 ], [ 77.991386157445277, 20.614783936529477 ], [ 77.991314786348369, 20.614703137839573 ], [ 77.991235854651052, 20.614613699362788 ], [ 77.991071367749498, 20.614318121883858 ], [ 77.991030819117043, 20.61424525881171 ], [ 77.990746024509463, 20.613661371275327 ], [ 77.990693052642314, 20.613552761051153 ], [ 77.990245287390167, 20.612892906882223 ], [ 77.989741682332806, 20.612405025571547 ], [ 77.989490820045376, 20.612258094335633 ], [ 77.989396009917982, 20.612202544112165 ], [ 77.989331524030661, 20.612164794169985 ], [ 77.989233270399154, 20.6121333637638 ], [ 77.989042796687784, 20.612072433795845 ], [ 77.98883961465657, 20.612047258174471 ], [ 77.988668092358637, 20.612026007194515 ], [ 77.988518675396634, 20.61202335779177 ], [ 77.988322766182762, 20.612019890005964 ], [ 77.988128726659454, 20.612047997417218 ], [ 77.987925092269222, 20.612077539247085 ], [ 77.987735835340573, 20.612122963104298 ], [ 77.987671453774624, 20.612138415255689 ], [ 77.987554439385917, 20.612190677557752 ], [ 77.987554314380134, 20.612190732416423 ], [ 77.987475535567569, 20.612225912995541 ], [ 77.987417304465112, 20.612265686412339 ], [ 77.986913286618915, 20.612609964878004 ], [ 77.986389964825094, 20.61306149559158 ], [ 77.986094590592927, 20.613271723811067 ], [ 77.98595482695373, 20.613320932914746 ], [ 77.985831676490761, 20.613364293727212 ], [ 77.98578633716977, 20.613364691227563 ], [ 77.985615760059318, 20.613366167914361 ], [ 77.985475336317791, 20.61333007182543 ], [ 77.985360815749118, 20.613300651404021 ], [ 77.985193373675315, 20.613217188922192 ], [ 77.985193313420723, 20.613217155647252 ], [ 77.985066853452565, 20.613154132057613 ], [ 77.985019382738358, 20.613109263082094 ], [ 77.984858547084343, 20.61295726056915 ], [ 77.984400093389638, 20.61217998012205 ], [ 77.984129468500228, 20.61179963434569 ], [ 77.98408399338166, 20.611735719527871 ], [ 77.984037807798643, 20.611691232764258 ], [ 77.983967882811612, 20.611623878039609 ], [ 77.98355355345376, 20.611446851890776 ], [ 77.982922721306579, 20.611194891531056 ], [ 77.982879369487364, 20.611173711597591 ], [ 77.982780832569404, 20.611125689598964 ], [ 77.982591138570228, 20.611033202420401 ], [ 77.982513041443781, 20.610995126024307 ], [ 77.98243902634006, 20.610926731683382 ], [ 77.982410340664728, 20.610900205280302 ], [ 77.982261322102374, 20.610762519974344 ], [ 77.982072183884213, 20.610551925730817 ], [ 77.981997794662561, 20.610304246144096 ], [ 77.982000913511399, 20.610119153076482 ], [ 77.982016130040449, 20.610017912796479 ], [ 77.982020194076767, 20.609990722693738 ], [ 77.982023333610016, 20.609969883603299 ], [ 77.982251144474787, 20.609329659835964 ], [ 77.98225219758092, 20.609326705563035 ], [ 77.982292788481459, 20.609059977436061 ], [ 77.98226141653123, 20.608784831654706 ], [ 77.982175721932094, 20.608613066539817 ], [ 77.982175699449044, 20.608613019775081 ], [ 77.982174644544273, 20.608610907267632 ], [ 77.9821537478972, 20.608569006054839 ], [ 77.981968939914694, 20.608313254153416 ], [ 77.981681216215236, 20.608108174552683 ], [ 77.981630871267726, 20.608072277213864 ], [ 77.981469286478443, 20.608033657627228 ], [ 77.981253522931823, 20.607982092299782 ], [ 77.98110189993281, 20.607945838829437 ], [ 77.980929170744673, 20.607873872381333 ], [ 77.98073243865116, 20.607791909968739 ], [ 77.980634694935304, 20.607751173378006 ], [ 77.980417968214738, 20.607578981984489 ], [ 77.980359216404793, 20.607532303573009 ], [ 77.980266398275717, 20.607431969809625 ], [ 77.98010236643114, 20.607254499395708 ], [ 77.97991176411665, 20.606890380087009 ], [ 77.979839056627213, 20.606789790916196 ], [ 77.979798409069375, 20.606733603073394 ], [ 77.979736626544138, 20.606648118915583 ], [ 77.979344666023565, 20.606425616748879 ], [ 77.979297710620926, 20.606398963541384 ], [ 77.979209960171602, 20.606356912141852 ], [ 77.978714621682514, 20.606119533389801 ], [ 77.978480939144106, 20.605991931282635 ], [ 77.97836334109536, 20.605927712494008 ], [ 77.978217911727313, 20.605848244800711 ], [ 77.978103573721, 20.605742584352811 ], [ 77.978052371719627, 20.605695354656916 ], [ 77.97801942055986, 20.60566490810908 ], [ 77.977712355141136, 20.605157344236094 ], [ 77.977712332658086, 20.605157306464548 ], [ 77.977712294886544, 20.605157219230303 ], [ 77.977633874004141, 20.60497736921025 ], [ 77.977380918994299, 20.604618249232885 ], [ 77.977171750176183, 20.604313047209416 ], [ 77.977073655724666, 20.604088056618593 ], [ 77.977030644748538, 20.603609850214468 ], [ 77.977013049512664, 20.603374729660121 ], [ 77.976997635132818, 20.603168809193221 ], [ 77.976975625125078, 20.602874340578413 ], [ 77.976964442055419, 20.602806267295477 ], [ 77.976951707655246, 20.602728492126285 ], [ 77.976924643457608, 20.602563190438957 ], [ 77.976827591320344, 20.602411424447723 ], [ 77.976749172236566, 20.602288796490825 ], [ 77.976700684389144, 20.602212926985032 ], [ 77.976477760440332, 20.601970965287876 ], [ 77.976202185682396, 20.601761127374175 ], [ 77.976202134421044, 20.601761090501952 ], [ 77.975899336285408, 20.601546786554987 ], [ 77.975748195323035, 20.601439791513201 ], [ 77.975578137121374, 20.601215469118639 ], [ 77.975553693548193, 20.601153988765645 ], [ 77.975460128981808, 20.600918545354659 ], [ 77.975458063239117, 20.600838160352851 ], [ 77.975456438164144, 20.600773548560486 ], [ 77.97545252071734, 20.600620636832957 ], [ 77.975475440838977, 20.600555745351414 ], [ 77.975508306563142, 20.600462865169163 ], [ 77.975559853904201, 20.600317184890226 ], [ 77.975931631839387, 20.599573459947294 ], [ 77.976025116366088, 20.599393419270939 ], [ 77.976110428753316, 20.599229114931749 ], [ 77.976185987993006, 20.599083688261658 ], [ 77.976247519607398, 20.598915252436996 ], [ 77.97628192227296, 20.598821142881487 ], [ 77.976344923379543, 20.59864880309982 ], [ 77.976432005632603, 20.598228180286355 ], [ 77.976441785759846, 20.597749514328655 ], [ 77.976442507915465, 20.597619306885576 ], [ 77.976443899166668, 20.597383858977931 ], [ 77.976445329088733, 20.59711724956145 ], [ 77.976457169562764, 20.596859705311207 ], [ 77.976641768902596, 20.596104355731487 ], [ 77.976821334736883, 20.595326036567371 ], [ 77.976864883507631, 20.595046860923954 ], [ 77.976921184665002, 20.594686015147541 ], [ 77.976943355651372, 20.594543888090012 ], [ 77.976949727348099, 20.594423331271798 ], [ 77.976959671151974, 20.594235068993267 ], [ 77.976963655148609, 20.594159837106876 ], [ 77.976919842876498, 20.593600418324684 ], [ 77.976854129414619, 20.593253255733199 ], [ 77.976654199331918, 20.592887814421147 ], [ 77.976531902325462, 20.592664414731022 ], [ 77.976457732538393, 20.592546741139245 ], [ 77.976457704659424, 20.592546703367706 ], [ 77.976200702700339, 20.592139006509964 ], [ 77.975967468923614, 20.591824893104388 ], [ 77.975425336010531, 20.591310237177769 ], [ 77.97516301815881, 20.59096933476701 ], [ 77.975031425759767, 20.590753718709212 ], [ 77.974901389187835, 20.590199484518621 ], [ 77.974781709208571, 20.58972182040571 ], [ 77.974664295520881, 20.589492509471768 ], [ 77.974503687395327, 20.589245597006766 ], [ 77.974277892810562, 20.589020610912545 ], [ 77.974067778805022, 20.588811287411033 ], [ 77.973825068871861, 20.588510840103254 ], [ 77.973537693210005, 20.58805270027193 ], [ 77.973308746501516, 20.587688976664992 ], [ 77.973095666531833, 20.587469496220312 ], [ 77.972714759578537, 20.587265029957223 ], [ 77.972604392978383, 20.587219662757263 ], [ 77.972553484156037, 20.587198740929178 ], [ 77.971982842734064, 20.586964197739576 ], [ 77.97158154904929, 20.586811027906659 ], [ 77.971265558758603, 20.586690417129091 ], [ 77.970773595425158, 20.58641012632631 ], [ 77.970666272130813, 20.586339285829407 ], [ 77.97033442499378, 20.586120249649866 ], [ 77.969627540778447, 20.585435398824647 ], [ 77.969231718569006, 20.585172411877352 ], [ 77.969078110766262, 20.585100338409916 ], [ 77.968730674780886, 20.584937332691826 ], [ 77.968259695328754, 20.584837490857577 ], [ 77.968005139525644, 20.584808002087698 ], [ 77.967261477535203, 20.58477821114559 ], [ 77.966872767164546, 20.584758945868714 ], [ 77.966680573050041, 20.584719911694606 ], [ 77.966184207535207, 20.58446667609627 ], [ 77.965760203270804, 20.584271632030266 ], [ 77.965553409562233, 20.584210139985998 ], [ 77.965198447150669, 20.584213126634552 ], [ 77.964944342807257, 20.584224383448596 ], [ 77.964418121599067, 20.584364281086778 ], [ 77.964140356092628, 20.584402713614391 ], [ 77.963626969109384, 20.584393512650536 ], [ 77.963626872881946, 20.584393505455981 ], [ 77.963185190644083, 20.584338565872144 ], [ 77.962584341893944, 20.584199136780796 ], [ 77.961871159726286, 20.583857491530068 ], [ 77.96144664284833, 20.58359464397768 ], [ 77.961026489480957, 20.583295711128248 ], [ 77.960591417260162, 20.582938172158947 ], [ 77.959961909814353, 20.582306755452461 ], [ 77.959685823342113, 20.582020087557055 ], [ 77.959685734309232, 20.58201998953092 ], [ 77.959322245425369, 20.581612199143706 ], [ 77.958957567637697, 20.581091540242429 ], [ 77.958509033465191, 20.580327669586325 ], [ 77.958090734499876, 20.579712651118029 ], [ 77.957601814472241, 20.579238117545117 ], [ 77.957297013546395, 20.578965213773639 ], [ 77.956968996621981, 20.578760327527164 ], [ 77.956305009168886, 20.578531074149797 ], [ 77.955751998056314, 20.578382155412218 ], [ 77.955468126153164, 20.578285198603055 ], [ 77.955138811507027, 20.577949323402606 ], [ 77.954876865075335, 20.57764003036317 ], [ 77.954654064333681, 20.577420667729651 ], [ 77.954364974563987, 20.577269466512746 ], [ 77.954014141839252, 20.577195687930722 ], [ 77.953591397525031, 20.577117888479847 ], [ 77.953273690428546, 20.576998668054159 ], [ 77.953032603771703, 20.576869644118858 ], [ 77.952747420656976, 20.576623763176201 ], [ 77.952427072251623, 20.576220133052743 ], [ 77.952097799873627, 20.575888758959085 ], [ 77.951851398223482, 20.575705674077653 ], [ 77.951534251315636, 20.575568419315839 ] ] ] } },
{ "type": "Feature", "properties": { "REGION": 1.0, "STATE.NAME": "Maharashtra", "DISTRICT.NAME": "Yavatmal", "DISTRICT.AREA": 13583.851744, "GRID_G0": "199769", "woodland": 0.0049033184200128008, "maskWdl": 0.0, "cropland": 0.94760885829484687, "maskCrp": 1.0, "one": 0.021686850391093651, "maskOne": 0.0, "GRID.AREA": 23.439177196164021, "REGION.AREA": 32202.066020262951 }, "geometry": { "type": "Polygon", "coordinates": [ [ [ 77.996531068852022, 20.571117362184314 ], [ 78.041532344959762, 20.571117352563327 ], [ 78.041532344959762, 20.616118619152356 ], [ 77.996531068852022, 20.616118594008451 ], [ 77.996531068852022, 20.571117362184314 ] ] ] } },
{ "type": "Feature", "properties": { "REGION": 1.0, "STATE.NAME": "Maharashtra", "DISTRICT.NAME": "Yavatmal", "DISTRICT.AREA": 13583.851744, "GRID_G0": "199772", "woodland": 0.048608610018418465, "maskWdl": 0.0, "cropland": 0.79556830252879296, "maskCrp": 1.0, "one": 0.12551682412037779, "maskOne": 0.0, "GRID.AREA": 23.43685556654075, "REGION.AREA": 32202.066020262951 }, "geometry": { "type": "Polygon", "coordinates": [ [ [ 78.131534777466058, 20.571117410765897 ], [ 78.176531634831946, 20.57111737861025 ], [ 78.176531634831932, 20.616118618475575 ], [ 78.131534777466058, 20.616118592128512 ], [ 78.131534777466058, 20.571117410765897 ] ] ] } },
{ "type": "Feature", "properties": { "REGION": 1.0, "STATE.NAME": "Maharashtra", "DISTRICT.NAME": "Yavatmal", "DISTRICT.AREA": 13583.851744, "GRID_G0": "199773", "woodland": 0.0079261499435980959, "maskWdl": 0.0, "cropland": 0.92477925241887082, "maskCrp": 1.0, "one": 0.052752536830576777, "maskOne": 0.0, "GRID.AREA": 23.439136358308218, "REGION.AREA": 32202.066020262951 }, "geometry": { "type": "Polygon", "coordinates": [ [ [ 78.176531634831946, 20.57111737861025 ], [ 78.221532867981381, 20.571117401810181 ], [ 78.221532867981381, 20.616118589472922 ], [ 78.176531634831932, 20.616118618475575 ], [ 78.176531634831946, 20.57111737861025 ] ] ] } },
{ "type": "Feature", "properties": { "REGION": 1.0, "STATE.NAME": "Maharashtra", "DISTRICT.NAME": "Yavatmal", "DISTRICT.AREA": 13583.851744, "GRID_G0": "199774", "woodland": 0.065128711383871454, "maskWdl": 0.0, "cropland": 0.80717000580308473, "maskCrp": 1.0, "one": 0.096334647063967674, "maskOne": 0.0, "GRID.AREA": 20.023551911259165, "REGION.AREA": 32202.066020262951 }, "geometry": { "type": "Polygon", "coordinates": [ [ [ 78.251871985957152, 20.616119915271479 ], [ 78.221532867981381, 20.616118589472922 ], [ 78.221532867981381, 20.571117401810181 ], [ 78.266534107122311, 20.571117365623586 ], [ 78.266534107122311, 20.575971412712835 ], [ 78.265804063506778, 20.576251639901326 ], [ 78.265273766571113, 20.57645518705726 ], [ 78.265273725202292, 20.576455203245075 ], [ 78.264089295584597, 20.576887114348892 ], [ 78.26381347081508, 20.577035216502111 ], [ 78.263283720667232, 20.577319662172727 ], [ 78.262919841477583, 20.577797528633088 ], [ 78.262810713243894, 20.578006620109477 ], [ 78.262666406229698, 20.578283116672537 ], [ 78.262666811823976, 20.578535575256637 ], [ 78.262667936875857, 20.579240242643152 ], [ 78.262738157739818, 20.580027483081945 ], [ 78.262783413423847, 20.58053483831219 ], [ 78.262953757609864, 20.582420243599415 ], [ 78.263104725902451, 20.583443663094609 ], [ 78.263120389394487, 20.58379054239964 ], [ 78.263151591372889, 20.584481610238186 ], [ 78.263201072071865, 20.585573573361781 ], [ 78.263200506398334, 20.585899709803812 ], [ 78.263199791437273, 20.586296049123401 ], [ 78.262980587983805, 20.586783015823585 ], [ 78.262917163296493, 20.586923905413926 ], [ 78.262706754313342, 20.587334731013076 ], [ 78.2627065321808, 20.587335084446639 ], [ 78.262109852687615, 20.588289047501576 ], [ 78.261675715761726, 20.589128992708879 ], [ 78.261476435888895, 20.589514520378884 ], [ 78.261440803850064, 20.589593834288049 ], [ 78.261336110173374, 20.589826779382406 ], [ 78.261336197407616, 20.589826781181046 ], [ 78.261070311046069, 20.590418777005031 ], [ 78.260559747034733, 20.591555501185496 ], [ 78.260133346077112, 20.592440246120535 ], [ 78.259256182426952, 20.593744879122937 ], [ 78.259256152749288, 20.593744916894423 ], [ 78.258413124666049, 20.594679058891529 ], [ 78.257803405902507, 20.595470719498163 ], [ 78.25705986891785, 20.596724422094439 ], [ 78.256958253620553, 20.596927051042599 ], [ 78.256825466921853, 20.597191837533327 ], [ 78.256733140721906, 20.597513293004109 ], [ 78.256731281823249, 20.597766177866845 ], [ 78.256900977598093, 20.597927002729023 ], [ 78.257569712572277, 20.598100711278843 ], [ 78.258185175305641, 20.598225420266999 ], [ 78.258394919689863, 20.598534858097253 ], [ 78.259079136493028, 20.599218620742821 ], [ 78.259656777338478, 20.600224135635415 ], [ 78.259940147419911, 20.600677259048325 ], [ 78.260096147419347, 20.601316793934927 ], [ 78.259804539547929, 20.602236224821979 ], [ 78.259556219643855, 20.603168851461362 ], [ 78.258544083942354, 20.604836070428348 ], [ 78.257357930324304, 20.606401192061412 ], [ 78.25534887455099, 20.608999558283017 ], [ 78.253489476757977, 20.611673046673843 ], [ 78.253489458771583, 20.611673079049414 ], [ 78.252537738625804, 20.613610568572938 ], [ 78.252537721538658, 20.613610603646467 ], [ 78.252187388837001, 20.614435810764121 ], [ 78.251937088625823, 20.615616735723844 ], [ 78.251871985957152, 20.616119915271479 ] ] ] } },
{ "type": "Feature", "properties": { "REGION": 1.0, "STATE.NAME": "Maharashtra", "DISTRICT.NAME": "Yavatmal", "DISTRICT.AREA": 13583.851744, "GRID_G0": "199775", "woodland": 0.027452970839276482, "maskWdl": 0.0, "cropland": 0.90922996916425181, "maskCrp": 1.0, "one": 0.050998889703965107, "maskOne": 0.0, "GRID.AREA": 0.20919405685369893, "REGION.AREA": 32202.066020262951 }, "geometry": { "type": "Polygon", "coordinates": [ [ [ 78.266534107122311, 20.575971412712835 ], [ 78.266534107122311, 20.571117365623586 ], [ 78.274706461216567, 20.571118229836038 ], [ 78.274546891126192, 20.571245243573173 ], [ 78.273535188897881, 20.571689076090021 ], [ 78.272789650921709, 20.571917830343637 ], [ 78.271737531362021, 20.572172464387791 ], [ 78.271145715402497, 20.572422300548794 ], [ 78.270530766181992, 20.572749100690487 ], [ 78.27053072481317, 20.572749120475578 ], [ 78.269693981192347, 20.573800555651189 ], [ 78.269193134355703, 20.574470576655813 ], [ 78.269098825150706, 20.574596732653159 ], [ 78.268447913840191, 20.575131517205818 ], [ 78.267642207621861, 20.575546060602278 ], [ 78.266534107122311, 20.575971412712835 ] ] ] } },
{ "type": "Feature", "properties": { "REGION": 1.0, "STATE.NAME": "Maharashtra", "DISTRICT.NAME": "Yavatmal", "DISTRICT.AREA": 13583.851744, "GRID_G0": "199111", "woodland": 0.006292018542552338, "maskWdl": 0.0, "cropland": 0.93489446930721121, "maskCrp": 1.0, "one": 0.020750626356874184, "maskOne": 0.0, "GRID.AREA": 12.890532572890544, "REGION.AREA": 32202.066020262951 }, "geometry": { "type": "Polygon", "coordinates": [ [ [ 77.681531217347981, 20.537035441384411 ], [ 77.681531217347981, 20.57111733573273 ], [ 77.663208010819716, 20.571118774016444 ], [ 77.663111033147743, 20.570955468520083 ], [ 77.662618335068146, 20.570484682422205 ], [ 77.662035808206042, 20.570190458422985 ], [ 77.661428786509376, 20.569828798760117 ], [ 77.659730599387728, 20.569131281883191 ], [ 77.659622615091678, 20.568161026710072 ], [ 77.659416154132259, 20.566229679556102 ], [ 77.659403161626642, 20.56515045532927 ], [ 77.659300734241526, 20.564275113705605 ], [ 77.6582744953717, 20.564291046994295 ], [ 77.655315969556398, 20.564328825714764 ], [ 77.653833994743138, 20.564316058939031 ], [ 77.651728049609858, 20.564212632407134 ], [ 77.650342017170431, 20.564208326453127 ], [ 77.650328620869232, 20.564134316745363 ], [ 77.650102246221763, 20.562883791453885 ], [ 77.649937096519864, 20.562025967724253 ], [ 77.649917107288729, 20.561899026618846 ], [ 77.649650053607161, 20.560817006399759 ], [ 77.649445511800991, 20.559111385482083 ], [ 77.649028732689942, 20.556603382240326 ], [ 77.648904124425883, 20.555447991731455 ], [ 77.64885353756074, 20.554978976398672 ], [ 77.648821347227454, 20.554789528813728 ], [ 77.64882133733488, 20.554789468559193 ], [ 77.64875205985976, 20.554381750117727 ], [ 77.648647838327122, 20.553650954727857 ], [ 77.648549496562055, 20.552689169369732 ], [ 77.648549429112904, 20.552688843815133 ], [ 77.648507228425899, 20.552276277128556 ], [ 77.6482851651283, 20.551428762327589 ], [ 77.647917703039639, 20.550147464034296 ], [ 77.647640186645333, 20.549179635232008 ], [ 77.647516978625731, 20.548768542534276 ], [ 77.647448400823123, 20.548539652483043 ], [ 77.646895691882719, 20.546438977376969 ], [ 77.646049455917705, 20.543558919208809 ], [ 77.645425841729264, 20.541820121401543 ], [ 77.645251298608628, 20.541333433491218 ], [ 77.645021371639075, 20.54071636187064 ], [ 77.644958958689088, 20.540540817804526 ], [ 77.644938544078627, 20.540483402387167 ], [ 77.64408111425206, 20.538071753408762 ], [ 77.644004057641212, 20.537799964796591 ], [ 77.643844703170544, 20.537237902906952 ], [ 77.643395914489929, 20.536136974441888 ], [ 77.643341642203097, 20.536003840604792 ], [ 77.642901424061506, 20.534177805861077 ], [ 77.642662193605418, 20.533596829430167 ], [ 77.642337897176276, 20.531896616135953 ], [ 77.642945504331635, 20.531870781311568 ], [ 77.643847699711614, 20.531832435118812 ], [ 77.644187929429449, 20.531804605598097 ], [ 77.644868373576628, 20.531748987026159 ], [ 77.647767083684016, 20.531481481884953 ], [ 77.648876229254668, 20.531391620726765 ], [ 77.649405817524496, 20.531348716769912 ], [ 77.650358452280784, 20.531256108182905 ], [ 77.651250391792189, 20.531169392853258 ], [ 77.652221393402613, 20.531084690206342 ], [ 77.653042421370685, 20.531013067299284 ], [ 77.653230953445828, 20.53101513214267 ], [ 77.653296416896183, 20.531015850701014 ], [ 77.654308254922057, 20.53231424510636 ], [ 77.654745087116112, 20.533024769777338 ], [ 77.655260349185824, 20.533956146359113 ], [ 77.655328907203341, 20.533987940091432 ], [ 77.657362911968846, 20.534931158945877 ], [ 77.658143089132295, 20.535281475459783 ], [ 77.658195268696772, 20.535304906396394 ], [ 77.658318339120115, 20.535357223557071 ], [ 77.66023468108574, 20.536171846553543 ], [ 77.66221712771835, 20.537097919833172 ], [ 77.662736827042977, 20.537342775548723 ], [ 77.664974732398036, 20.538434128931954 ], [ 77.666678008783151, 20.539226470325389 ], [ 77.667779739443475, 20.539715844510685 ], [ 77.668746864076596, 20.540147369805311 ], [ 77.66975804020143, 20.539859319651953 ], [ 77.670354422918379, 20.539689442214012 ], [ 77.670730765812266, 20.539619291497161 ], [ 77.670741638615766, 20.539617264425257 ], [ 77.671158791844846, 20.539539528826253 ], [ 77.671953213370159, 20.539335496036358 ], [ 77.672087262717071, 20.539303002631531 ], [ 77.672721060828337, 20.539434177745136 ], [ 77.672721102197158, 20.539434181342472 ], [ 77.672802453070801, 20.539433622863442 ], [ 77.673167016644584, 20.539431103862395 ], [ 77.673407779545471, 20.539379514253255 ], [ 77.673409177091912, 20.539379212980347 ], [ 77.673688791604491, 20.539319297447662 ], [ 77.674901104702258, 20.539220808193818 ], [ 77.675016601035338, 20.539199668729793 ], [ 77.675336898179353, 20.539141077898478 ], [ 77.67586288016787, 20.538952356066432 ], [ 77.676440315068533, 20.538605213260045 ], [ 77.67667397422457, 20.538496213629401 ], [ 77.676793965369257, 20.538440263207629 ], [ 77.676866778978706, 20.538426454117598 ], [ 77.677090726355971, 20.53838403309669 ], [ 77.67738034582635, 20.538386919021146 ], [ 77.677632661418272, 20.538389470397817 ], [ 77.678032445141298, 20.538395167602975 ], [ 77.678275180255412, 20.538398646180614 ], [ 77.678648974470661, 20.538368953264637 ], [ 77.678649015839483, 20.538368936177505 ], [ 77.679524503153345, 20.538123725229809 ], [ 77.679561773756916, 20.538097646689099 ], [ 77.679720112892937, 20.537986873595401 ], [ 77.679923394748926, 20.537839952252057 ], [ 77.680130096726657, 20.537690565866964 ], [ 77.680911083279909, 20.537325398848107 ], [ 77.681531217347981, 20.537035441384411 ] ] ] } },
{ "type": "Feature", "properties": { "REGION": 1.0, "STATE.NAME": "Maharashtra", "DISTRICT.NAME": "Yavatmal", "DISTRICT.AREA": 13583.851744, "GRID_G0": "199112", "woodland": 0.013997951564192555, "maskWdl": 0.0, "cropland": 0.75859534848786103, "maskCrp": 1.0, "one": 0.19134623810402185, "maskOne": 0.0, "GRID.AREA": 20.599918103229811, "REGION.AREA": 32202.066020262951 }, "geometry": { "type": "Polygon", "coordinates": [ [ [ 77.689990792201371, 20.52611703049994 ], [ 77.726532454914178, 20.526116124693484 ], [ 77.726532454914178, 20.562278965685831 ], [ 77.726094088571415, 20.562479422987053 ], [ 77.724809450196005, 20.563112782229151 ], [ 77.723715077788654, 20.563652181203228 ], [ 77.722682160553347, 20.564007186782305 ], [ 77.72162192461218, 20.564404911057864 ], [ 77.721381630258065, 20.564495051005853 ], [ 77.718933356389357, 20.565228581234066 ], [ 77.718933238578131, 20.565228617206969 ], [ 77.71851105454158, 20.565355069980569 ], [ 77.718276541928901, 20.565420929132642 ], [ 77.716960715964319, 20.56579043448102 ], [ 77.714609252315199, 20.566393155619661 ], [ 77.714378033019841, 20.566452450620151 ], [ 77.714352340288315, 20.566459039053488 ], [ 77.714272234975738, 20.566478495885917 ], [ 77.714084336922667, 20.566524105003513 ], [ 77.712842588114995, 20.566573349180771 ], [ 77.712543380072987, 20.566493537047165 ], [ 77.712352297520567, 20.566442602144434 ], [ 77.71211694853838, 20.566379829465632 ], [ 77.710426604404347, 20.566098119532626 ], [ 77.710397773038835, 20.566093596842052 ], [ 77.709931178681032, 20.566020433396318 ], [ 77.709461532923456, 20.565946753739748 ], [ 77.708294801064255, 20.565774175637728 ], [ 77.706884559774664, 20.565734431898591 ], [ 77.705968415010375, 20.565709155553122 ], [ 77.705845069394513, 20.565675435472993 ], [ 77.705098588029443, 20.565471352321083 ], [ 77.704184094420498, 20.565667376648154 ], [ 77.703457327993362, 20.565938852296256 ], [ 77.703029347826202, 20.56616925230918 ], [ 77.702758956760476, 20.566314803085735 ], [ 77.70164732186646, 20.566913187693498 ], [ 77.701082749069656, 20.567170083532574 ], [ 77.700574498114634, 20.567401301029289 ], [ 77.700357170646953, 20.567500173394361 ], [ 77.700357127479492, 20.567500192280079 ], [ 77.698267605765466, 20.568300337090932 ], [ 77.696704583150051, 20.568956866466241 ], [ 77.695429088181925, 20.569571105222398 ], [ 77.694564039299053, 20.569987645113773 ], [ 77.694166489491977, 20.570152854170939 ], [ 77.693795423819836, 20.570307026747912 ], [ 77.693713162832239, 20.570341208180253 ], [ 77.693667917940104, 20.570364751532114 ], [ 77.692967066377093, 20.570729487775683 ], [ 77.692385280556323, 20.571032221160124 ], [ 77.692198140631717, 20.571113228492777 ], [ 77.692186179239371, 20.571118404260464 ], [ 77.681531217347981, 20.57111733573273 ], [ 77.681531217347981, 20.537035441384411 ], [ 77.682619298741713, 20.536526676764765 ], [ 77.684645010858617, 20.53559165343211 ], [ 77.686133093867227, 20.535179592164521 ], [ 77.686937753274776, 20.535074785173265 ], [ 77.687272012393521, 20.535064716363589 ], [ 77.687714288183884, 20.535051425283086 ], [ 77.688849913392858, 20.534957786072994 ], [ 77.689382096206828, 20.53490630258386 ], [ 77.690245261010034, 20.534822829310205 ], [ 77.690387769380095, 20.534809048998458 ], [ 77.690407003180724, 20.534807188301158 ], [ 77.690407018469159, 20.534807147831657 ], [ 77.690419267235427, 20.534065686482283 ], [ 77.690420073927328, 20.534016861389091 ], [ 77.690420073927328, 20.53401682002027 ], [ 77.690317444194761, 20.531908676044623 ], [ 77.690263292417058, 20.529858934042636 ], [ 77.690103430728811, 20.527791770373938 ], [ 77.69009299409646, 20.527693076074627 ], [ 77.690041412581195, 20.527205210951767 ], [ 77.689990792201371, 20.52611703049994 ] ] ] } },
{ "type": "Feature", "properties": { "REGION": 1.0, "STATE.NAME": "Maharashtra", "DISTRICT.NAME": "Yavatmal", "DISTRICT.AREA": 13583.851744, "GRID_G0": "199113", "woodland": 0.023974300377062743, "maskWdl": 0.0, "cropland": 0.8861238049003104, "maskCrp": 1.0, "one": 0.08170531528773041, "maskOne": 0.0, "GRID.AREA": 13.166293517432983, "REGION.AREA": 32202.066020262951 }, "geometry": { "type": "Polygon", "coordinates": [ [ [ 77.726532454914178, 20.562278965685831 ], [ 77.726532454914178, 20.526116124693484 ], [ 77.771533724775892, 20.526116149079034 ], [ 77.771533724775892, 20.538871440130659 ], [ 77.771029223619848, 20.538755088876311 ], [ 77.770274699617744, 20.538581057469859 ], [ 77.769865505388807, 20.540132907807507 ], [ 77.769666518694919, 20.540830466053194 ], [ 77.769460160258234, 20.541553853727407 ], [ 77.769379170912089, 20.54178330315699 ], [ 77.769314885573579, 20.541965732432629 ], [ 77.7691238003232, 20.542640049498743 ], [ 77.769078246963602, 20.542776214950436 ], [ 77.768964766011209, 20.543115272851594 ], [ 77.76895869828536, 20.543116375420425 ], [ 77.768782898811764, 20.543148241997812 ], [ 77.76591450754853, 20.543611686030545 ], [ 77.76309447373103, 20.544124451582206 ], [ 77.760856661905507, 20.544543705627575 ], [ 77.760236149478771, 20.54465994929728 ], [ 77.758196542836231, 20.545031461932467 ], [ 77.757694950461655, 20.545125196470678 ], [ 77.756812924177154, 20.545289921692586 ], [ 77.756606651176085, 20.545379992392782 ], [ 77.75649756341187, 20.545427651065268 ], [ 77.756268042935929, 20.544923522602517 ], [ 77.755938648250094, 20.543927971298903 ], [ 77.75581514075617, 20.54347730573312 ], [ 77.755188023708399, 20.543603635299579 ], [ 77.754829769778098, 20.543777870852129 ], [ 77.754103071699433, 20.544036148049827 ], [ 77.753510482322966, 20.544279606218879 ], [ 77.753099001118073, 20.544391050206855 ], [ 77.751987091031481, 20.544448641891339 ], [ 77.751695159404164, 20.54452306888459 ], [ 77.75144686198314, 20.544655724282279 ], [ 77.75105676036128, 20.545037967628165 ], [ 77.750506860003668, 20.545809596735527 ], [ 77.750043341327171, 20.546594111329227 ], [ 77.749221216186243, 20.547503182026276 ], [ 77.74870747666877, 20.548012591308066 ], [ 77.748411136564755, 20.548714641667406 ], [ 77.748231431335569, 20.549036543201961 ], [ 77.748051727005645, 20.54935844383715 ], [ 77.747179925113528, 20.550638131444657 ], [ 77.746822305205285, 20.551480708967571 ], [ 77.746740212390932, 20.55171859403794 ], [ 77.746555187671845, 20.552254750056704 ], [ 77.745663839015052, 20.554085410913043 ], [ 77.745037660859396, 20.554934327757053 ], [ 77.743688320759475, 20.556488321179131 ], [ 77.743208117860434, 20.556997579374865 ], [ 77.742835711299108, 20.557776928262683 ], [ 77.742530638778021, 20.559201457980976 ], [ 77.74245976860351, 20.559928983435896 ], [ 77.742280912334309, 20.560345669916785 ], [ 77.741487077166937, 20.56121393387599 ], [ 77.74077869198311, 20.561381560310796 ], [ 77.7396521148533, 20.56142578267378 ], [ 77.738732108400143, 20.561513587981722 ], [ 77.737208217085595, 20.561641912244514 ], [ 77.735745724285778, 20.561656829299295 ], [ 77.735548507457736, 20.561585968117985 ], [ 77.73533543648125, 20.561494825425882 ], [ 77.735154044123874, 20.561417202242129 ], [ 77.734670560498046, 20.561160449395288 ], [ 77.733819822526868, 20.560708666871506 ], [ 77.732781262045648, 20.560368353516765 ], [ 77.732280899943646, 20.560208274192576 ], [ 77.731704300513115, 20.560023861012439 ], [ 77.730865668315971, 20.560092985602861 ], [ 77.730724457667634, 20.560173341826328 ], [ 77.730464614750247, 20.560321517723935 ], [ 77.729215160551291, 20.561183902814893 ], [ 77.728449797919893, 20.561433103155252 ], [ 77.727709015558673, 20.561740894326878 ], [ 77.727656161502694, 20.561765106774317 ], [ 77.726532454914178, 20.562278965685831 ] ] ] } },
{ "type": "Feature", "properties": { "REGION": 1.0, "STATE.NAME": "Maharashtra", "DISTRICT.NAME": "Yavatmal", "DISTRICT.AREA": 13583.851744, "GRID_G0": "199114", "woodland": 0.015082758790002815, "maskWdl": 0.0, "cropland": 0.80834213322008253, "maskCrp": 1.0, "one": 0.08725836977634259, "maskOne": 0.0, "GRID.AREA": 15.915232275359296, "REGION.AREA": 32202.066020262951 }, "geometry": { "type": "Polygon", "coordinates": [ [ [ 77.771533724775892, 20.538871440130659 ], [ 77.771533724775892, 20.526116149079034 ], [ 77.816535009901216, 20.526116140554123 ], [ 77.816535009901216, 20.571117383924534 ], [ 77.806682224036365, 20.571118367540066 ], [ 77.806578700146929, 20.571022493193539 ], [ 77.806176662722862, 20.570542372132824 ], [ 77.805625893620174, 20.570063414794788 ], [ 77.805522931138398, 20.56988306744967 ], [ 77.805465975274615, 20.569783310151706 ], [ 77.805434331729089, 20.569727839068548 ], [ 77.805343547866471, 20.569568691441987 ], [ 77.805357491854807, 20.568950021726152 ], [ 77.805392419724456, 20.568811259931749 ], [ 77.805421774495358, 20.568694641244747 ], [ 77.805426900631005, 20.568674023387533 ], [ 77.805432826263996, 20.568619222299333 ], [ 77.805434267877217, 20.568605800817128 ], [ 77.805498117943841, 20.56800524254794 ], [ 77.80548720377152, 20.567956100893412 ], [ 77.805475124077773, 20.56790171349331 ], [ 77.805443144185801, 20.56775721672221 ], [ 77.805170862745172, 20.567037776172466 ], [ 77.805119402638354, 20.566901744719814 ], [ 77.804879526469051, 20.5663256021449 ], [ 77.804779986806977, 20.565919923365811 ], [ 77.804770364960405, 20.565333001516876 ], [ 77.804782327742316, 20.565300621426616 ], [ 77.80486410669323, 20.565079348633109 ], [ 77.805470381053283, 20.564189732070535 ], [ 77.805470404435653, 20.564189695198305 ], [ 77.804585510213201, 20.56389839849237 ], [ 77.803308016052142, 20.56360352428328 ], [ 77.802596217941186, 20.563439204655594 ], [ 77.800465657464201, 20.563055252597902 ], [ 77.799685698836015, 20.562914647193281 ], [ 77.799275842706038, 20.562827035239536 ], [ 77.796788693843212, 20.562295134812647 ], [ 77.794822143627073, 20.56168672006612 ], [ 77.792902597377008, 20.560942307141826 ], [ 77.792863226856468, 20.560919835781874 ], [ 77.792652390695309, 20.560799113488368 ], [ 77.791991700156871, 20.560420808273761 ], [ 77.791783519693752, 20.560174014519195 ], [ 77.791575234909203, 20.559927211771484 ], [ 77.791438764587383, 20.559666388593033 ], [ 77.790560796043962, 20.557907168980705 ], [ 77.790470676780387, 20.557685469908566 ], [ 77.789836155614125, 20.556124462673836 ], [ 77.789205824389342, 20.554724828887803 ], [ 77.78909761616211, 20.554409424055738 ], [ 77.788801800362876, 20.553445340030464 ], [ 77.788429672591349, 20.552531447168576 ], [ 77.787952780096759, 20.551699603054264 ], [ 77.78700365269647, 20.550026784008935 ], [ 77.786356300902639, 20.54829313302173 ], [ 77.786041698265819, 20.547374386518754 ], [ 77.78585497113005, 20.546838381586099 ], [ 77.785813935964427, 20.546518087140043 ], [ 77.785464723817995, 20.544876960203624 ], [ 77.785382893605686, 20.544778262307034 ], [ 77.785351125953753, 20.544739902624428 ], [ 77.785304773996188, 20.544683926122335 ], [ 77.784598731546282, 20.544553696196147 ], [ 77.784038122061759, 20.544541772984473 ], [ 77.783692446049599, 20.544534420127434 ], [ 77.783495772412039, 20.544530203206364 ], [ 77.783406043454193, 20.544197048455089 ], [ 77.783307768238956, 20.543831759128413 ], [ 77.782999380816818, 20.543079924998608 ], [ 77.782560321002052, 20.54198698880856 ], [ 77.782480266950813, 20.541787787176702 ], [ 77.782339577909227, 20.5415946829483 ], [ 77.781726913866066, 20.541372499141577 ], [ 77.781411407410587, 20.541258279845806 ], [ 77.780956991671871, 20.541101010003672 ], [ 77.780956903538311, 20.541100983024023 ], [ 77.780555405707446, 20.540962031472645 ], [ 77.780420651292104, 20.540903559351822 ], [ 77.779992324885939, 20.540717765712373 ], [ 77.779816978670681, 20.540594575679162 ], [ 77.779760429300453, 20.540554856221661 ], [ 77.779693362358842, 20.540507775813239 ], [ 77.779560575660071, 20.540408774845108 ], [ 77.779225374051805, 20.540158972858368 ], [ 77.778987571719142, 20.540040476386935 ], [ 77.778859365267522, 20.539976584951489 ], [ 77.777966521937515, 20.539852214108461 ], [ 77.777638496019847, 20.539821402435852 ], [ 77.776944434338247, 20.539755807684401 ], [ 77.775949106066435, 20.539682056981405 ], [ 77.774339251255526, 20.539562802381454 ], [ 77.774055681524544, 20.539483532539069 ], [ 77.772892880602001, 20.539196556176194 ], [ 77.772892838333874, 20.539196545384296 ], [ 77.772172295215299, 20.539018708946291 ], [ 77.771533724775892, 20.538871440130659 ] ] ] } },
{ "type": "Feature", "properties": { "REGION": 1.0, "STATE.NAME": "Maharashtra", "DISTRICT.NAME": "Yavatmal", "DISTRICT.AREA": 13583.851744, "GRID_G0": "199115", "woodland": 0.010487732743852422, "maskWdl": 0.0, "cropland": 0.84630395946548143, "maskCrp": 1.0, "one": 0.13282133738083302, "maskOne": 0.0, "GRID.AREA": 22.838522883070443, "REGION.AREA": 32202.066020262951 }, "geometry": { "type": "Polygon", "coordinates": [ [ [ 77.831537426917066, 20.571118688331467 ], [ 77.816535009901216, 20.571117383924534 ], [ 77.816535009901216, 20.526116140554123 ], [ 77.861531757373555, 20.526116143950915 ], [ 77.861531757373555, 20.571117421713545 ], [ 77.847740878438699, 20.571118645583145 ], [ 77.847806382758392, 20.570752217241079 ], [ 77.847806392650966, 20.570752157885803 ], [ 77.847362138352082, 20.570412493841559 ], [ 77.847362096083941, 20.570412460566672 ], [ 77.846639673382299, 20.569868253816935 ], [ 77.845730370660135, 20.56918338500526 ], [ 77.84504693986446, 20.56864013423484 ], [ 77.84387310426041, 20.567707065129014 ], [ 77.843547550579046, 20.567448256431934 ], [ 77.843141549842699, 20.567165070711496 ], [ 77.842449284107261, 20.566682169846331 ], [ 77.841902168950014, 20.566300523650284 ], [ 77.841644092301067, 20.566098436094023 ], [ 77.841327452699829, 20.565850493905206 ], [ 77.841119869386546, 20.565687937848111 ], [ 77.840882580566699, 20.565472155415701 ], [ 77.84005635721519, 20.564720861778426 ], [ 77.83937409284016, 20.565114477051512 ], [ 77.838931302637548, 20.565488098596916 ], [ 77.83892585814192, 20.565492616790895 ], [ 77.83892581317582, 20.565492652763737 ], [ 77.837364962423123, 20.566787063172459 ], [ 77.835367638305911, 20.568397257927188 ], [ 77.835102632380654, 20.568610839718531 ], [ 77.833107320946169, 20.570220023635216 ], [ 77.832758381294312, 20.570358255728994 ], [ 77.831537426917066, 20.571118688331467 ] ] ] } },
{ "type": "Feature", "properties": { "REGION": 1.0, "STATE.NAME": "Maharashtra", "DISTRICT.NAME": "Yavatmal", "DISTRICT.AREA": 13583.851744, "GRID_G0": "199116", "woodland": 0.075538285258805363, "maskWdl": 0.0, "cropland": 0.81695810292432625, "maskCrp": 1.0, "one": 0.056222786828077513, "maskOne": 0.0, "GRID.AREA": 23.446100136549685, "REGION.AREA": 32202.066020262951 }, "geometry": { "type": "Polygon", "coordinates": [ [ [ 77.861531757373555, 20.526116143950915 ], [ 77.906533022918595, 20.526116093359164 ], [ 77.906533022918595, 20.57111738427238 ], [ 77.861531757373555, 20.571117421713545 ], [ 77.861531757373555, 20.526116143950915 ] ] ] } },
{ "type": "Feature", "properties": { "REGION": 1.0, "STATE.NAME": "Maharashtra", "DISTRICT.NAME": "Yavatmal", "DISTRICT.AREA": 13583.851744, "GRID_G0": "199117", "woodland": 0.022022384075282019, "maskWdl": 0.0, "cropland": 0.87793175249767874, "maskCrp": 1.0, "one": 0.086957513606343975, "maskOne": 0.0, "GRID.AREA": 21.92995785131636, "REGION.AREA": 32202.066020262951 }, "geometry": { "type": "Polygon", "coordinates": [ [ [ 77.913817009221248, 20.571118176134814 ], [ 77.906533022918595, 20.57111738427238 ], [ 77.906533022918595, 20.526116093359164 ], [ 77.951534251315636, 20.526116121601948 ], [ 77.951534251315636, 20.571117403870169 ], [ 77.932335773480872, 20.571118817609715 ], [ 77.932302802532391, 20.570562774152734 ], [ 77.932216600715606, 20.569551933474997 ], [ 77.932096886562135, 20.569056214572697 ], [ 77.931830199803926, 20.568742402439966 ], [ 77.930807694919224, 20.568633431587671 ], [ 77.929661048518653, 20.568588675027399 ], [ 77.929526177191406, 20.56800730469342 ], [ 77.929389086337324, 20.567705950868969 ], [ 77.928969589475059, 20.565921260657717 ], [ 77.92845369158465, 20.564069659087519 ], [ 77.927932815047427, 20.562200148418185 ], [ 77.927540515482463, 20.560758423662378 ], [ 77.927325523554146, 20.56033127986473 ], [ 77.925329373951513, 20.560713310071264 ], [ 77.924808743828521, 20.558875434853462 ], [ 77.924774752153155, 20.558773319533145 ], [ 77.924774715280932, 20.558773204419882 ], [ 77.924774235042946, 20.558771766403932 ], [ 77.924468452956773, 20.558887172804816 ], [ 77.924085813909244, 20.559003166463015 ], [ 77.923722206314835, 20.559100938057895 ], [ 77.923411499541146, 20.559193924360159 ], [ 77.923220321660551, 20.559267695747618 ], [ 77.922781688124473, 20.559542197614409 ], [ 77.92239053699376, 20.559771191087634 ], [ 77.922425071859664, 20.559879276107782 ], [ 77.922752199354591, 20.56153825908342 ], [ 77.92299476629546, 20.56287288897272 ], [ 77.923790727460187, 20.563390147537348 ], [ 77.923863179542138, 20.563958421943653 ], [ 77.92368889362757, 20.564293988676695 ], [ 77.923488863720152, 20.564440110522753 ], [ 77.922633303584178, 20.564754071043584 ], [ 77.920706452141133, 20.565388633578607 ], [ 77.919692579848743, 20.565690352527781 ], [ 77.918720211268806, 20.565811276269415 ], [ 77.916898543632954, 20.565889364402722 ], [ 77.916898446506138, 20.565889359006746 ], [ 77.916010238281956, 20.565774628896065 ], [ 77.915805026480825, 20.565360930862312 ], [ 77.91550727893781, 20.564279630100888 ], [ 77.91531504705182, 20.56369882633982 ], [ 77.914053532944251, 20.563677456649373 ], [ 77.913728120456426, 20.56427614522795 ], [ 77.913243468611256, 20.565282428141586 ], [ 77.912891634941047, 20.566138722124379 ], [ 77.912587493218268, 20.566967538221377 ], [ 77.912562395837938, 20.567879898638466 ], [ 77.912672963886223, 20.568443379658277 ], [ 77.9129571784311, 20.569104828325237 ], [ 77.913673052269587, 20.570796879372555 ], [ 77.913817009221248, 20.571118176134814 ] ] ] } },
{ "type": "Feature", "properties": { "REGION": 1.0, "STATE.NAME": "Maharashtra", "DISTRICT.NAME": "Yavatmal", "DISTRICT.AREA": 13583.851744, "GRID_G0": "199118", "woodland": 0.0061860065198595521, "maskWdl": 0.0, "cropland": 0.94618796117037329, "maskCrp": 1.0, "one": 0.036318235597884704, "maskOne": 0.0, "GRID.AREA": 23.443773535118289, "REGION.AREA": 32202.066020262951 }, "geometry": { "type": "Polygon", "coordinates": [ [ [ 77.951534251315636, 20.526116121601948 ], [ 77.996531068852022, 20.526116110892438 ], [ 77.996531068852022, 20.571117362184314 ], [ 77.951534251315636, 20.571117403870169 ], [ 77.951534251315636, 20.526116121601948 ] ] ] } },
{ "type": "Feature", "properties": { "REGION": 1.0, "STATE.NAME": "Maharashtra", "DISTRICT.NAME": "Yavatmal", "DISTRICT.AREA": 13583.851744, "GRID_G0": "199119", "woodland": 0.0019504659756474719, "maskWdl": 0.0, "cropland": 0.92015444310888495, "maskCrp": 1.0, "one": 0.056995533137994471, "maskOne": 0.0, "GRID.AREA": 23.446074823812147, "REGION.AREA": 32202.066020262951 }, "geometry": { "type": "Polygon", "coordinates": [ [ [ 77.996531068852022, 20.526116110892438 ], [ 78.041532344959762, 20.526116153482221 ], [ 78.041532344959762, 20.571117352563327 ], [ 77.996531068852022, 20.571117362184314 ], [ 77.996531068852022, 20.526116110892438 ] ] ] } },
{ "type": "Feature", "properties": { "REGION": 1.0, "STATE.NAME": "Maharashtra", "DISTRICT.NAME": "Yavatmal", "DISTRICT.AREA": 13583.851744, "GRID_G0": "199120", "woodland": 0.024642871066332086, "maskWdl": 0.0, "cropland": 0.9414762819021697, "maskCrp": 1.0, "one": 0.021709982023122801, "maskOne": 0.0, "GRID.AREA": 23.446040783707822, "REGION.AREA": 32202.066020262951 }, "geometry": { "type": "Polygon", "coordinates": [ [ [ 78.041532344959762, 20.526116153482221 ], [ 78.086533529357553, 20.526116117920477 ], [ 78.086533529357553, 20.571117421972257 ], [ 78.041532344959762, 20.571117352563327 ], [ 78.041532344959762, 20.526116153482221 ] ] ] } },
{ "type": "Feature", "properties": { "REGION": 1.0, "STATE.NAME": "Maharashtra", "DISTRICT.NAME": "Yavatmal", "DISTRICT.AREA": 13583.851744, "GRID_G0": "199121", "woodland": 0.024956688667158111, "maskWdl": 0.0, "cropland": 0.8298796430012243, "maskCrp": 1.0, "one": 0.050898166196704828, "maskOne": 0.0, "GRID.AREA": 23.446099694192526, "REGION.AREA": 32202.066020262951 }, "geometry": { "type": "Polygon", "coordinates": [ [ [ 78.086533529357553, 20.526116117920477 ], [ 78.131534777466058, 20.526116112963813 ], [ 78.131534777466058, 20.571117410765897 ], [ 78.086533529357553, 20.571117421972257 ], [ 78.086533529357553, 20.526116117920477 ] ] ] } },
{ "type": "Feature", "properties": { "REGION": 1.0, "STATE.NAME": "Maharashtra", "DISTRICT.NAME": "Yavatmal", "DISTRICT.AREA": 13583.851744, "GRID_G0": "199122", "woodland": 0.021408860578002085, "maskWdl": 0.0, "cropland": 0.89341628391917172, "maskCrp": 1.0, "one": 0.044224416948899441, "maskOne": 0.0, "GRID.AREA": 23.443803016913851, "REGION.AREA": 32202.066020262951 }, "geometry": { "type": "Polygon", "coordinates": [ [ [ 78.131534777466058, 20.526116112963813 ], [ 78.176531634831932, 20.526116109334218 ], [ 78.176531634831946, 20.57111737861025 ], [ 78.131534777466058, 20.571117410765897 ], [ 78.131534777466058, 20.526116112963813 ] ] ] } },
{ "type": "Feature", "properties": { "REGION": 1.0, "STATE.NAME": "Maharashtra", "DISTRICT.NAME": "Yavatmal", "DISTRICT.AREA": 13583.851744, "GRID_G0": "199123", "woodland": 0.030253518256109436, "maskWdl": 0.0, "cropland": 0.90938146696312872, "maskCrp": 1.0, "one": 0.041312748691221021, "maskOne": 0.0, "GRID.AREA": 23.446085776071623, "REGION.AREA": 32202.066020262951 }, "geometry": { "type": "Polygon", "coordinates": [ [ [ 78.176531634831932, 20.526116109334218 ], [ 78.221532867981381, 20.526116092753668 ], [ 78.221532867981381, 20.571117401810181 ], [ 78.176531634831946, 20.57111737861025 ], [ 78.176531634831932, 20.526116109334218 ] ] ] } },
{ "type": "Feature", "properties": { "REGION": 1.0, "STATE.NAME": "Maharashtra", "DISTRICT.NAME": "Yavatmal", "DISTRICT.AREA": 13583.851744, "GRID_G0": "199124", "woodland": 0.0034313996928627302, "maskWdl": 0.0, "cropland": 0.94590780115800233, "maskCrp": 1.0, "one": 0.033618859790329067, "maskOne": 0.0, "GRID.AREA": 23.446080643997028, "REGION.AREA": 32202.066020262951 }, "geometry": { "type": "Polygon", "coordinates": [ [ [ 78.221532867981381, 20.526116092753668 ], [ 78.266534107122311, 20.52611612803021 ], [ 78.266534107122311, 20.571117365623586 ], [ 78.221532867981381, 20.571117401810181 ], [ 78.221532867981381, 20.526116092753668 ] ] ] } },
{ "type": "Feature", "properties": { "REGION": 1.0, "STATE.NAME": "Maharashtra", "DISTRICT.NAME": "Yavatmal", "DISTRICT.AREA": 13583.851744, "GRID_G0": "199125", "woodland": 0.024732941738884205, "maskWdl": 0.0, "cropland": 0.90269049976615523, "maskCrp": 1.0, "one": 0.048595466939216507, "maskOne": 0.0, "GRID.AREA": 17.713327041142637, "REGION.AREA": 32202.066020262951 }, "geometry": { "type": "Polygon", "coordinates": [ [ [ 78.274706461216567, 20.571118229836038 ], [ 78.266534107122311, 20.571117365623586 ], [ 78.266534107122311, 20.52611612803021 ], [ 78.311535332528592, 20.526116132645477 ], [ 78.311535332528592, 20.550305555482989 ], [ 78.310255152853074, 20.550677175511282 ], [ 78.309338593501366, 20.551029860839432 ], [ 78.308134467831508, 20.551800891897699 ], [ 78.307071331576765, 20.552787837588706 ], [ 78.307067155125139, 20.552791711868053 ], [ 78.30601316047904, 20.553692040255498 ], [ 78.305591050186877, 20.553958253970279 ], [ 78.304884996945134, 20.554403567670533 ], [ 78.30352775630098, 20.554801452025458 ], [ 78.302853419449832, 20.554961990903223 ], [ 78.300466336352372, 20.555049941002039 ], [ 78.29901318391137, 20.555042466736495 ], [ 78.29744742106169, 20.555239277071053 ], [ 78.296589247495831, 20.555672560540302 ], [ 78.29626287273345, 20.556059680909584 ], [ 78.296194352487419, 20.556300019330479 ], [ 78.296124723377318, 20.556544255413087 ], [ 78.296055347876063, 20.557166557490692 ], [ 78.296011855762586, 20.557556666307164 ], [ 78.295903707789932, 20.558136446639761 ], [ 78.295804273348608, 20.558669466722559 ], [ 78.295594758291543, 20.560030543874575 ], [ 78.295057553663241, 20.560839764643447 ], [ 78.295057518589658, 20.560839800616346 ], [ 78.294600505608912, 20.561128936251464 ], [ 78.294175107395347, 20.561246219537452 ], [ 78.293712624737907, 20.561328676577205 ], [ 78.293260969018547, 20.561409202772552 ], [ 78.292382535525633, 20.561332469917602 ], [ 78.291874993236434, 20.561273757677842 ], [ 78.291450816302188, 20.561224694264297 ], [ 78.290071314739464, 20.560539130276709 ], [ 78.288564469174958, 20.559629168351478 ], [ 78.286918154948921, 20.55908628450447 ], [ 78.285755160672181, 20.558886072933948 ], [ 78.284684420649569, 20.558770695311409 ], [ 78.283305764449551, 20.558983492893962 ], [ 78.280860433162502, 20.559437562393608 ], [ 78.279601394888516, 20.55962650455956 ], [ 78.278818258955539, 20.559914445895004 ], [ 78.278608352693368, 20.560002431966723 ], [ 78.278415832125006, 20.560360997961705 ], [ 78.278298447215604, 20.560994305043206 ], [ 78.277936603191733, 20.561639050601741 ], [ 78.27721089077005, 20.562323744944933 ], [ 78.276598187156651, 20.562840246280413 ], [ 78.2757584398002, 20.563214520733599 ], [ 78.275225830707612, 20.563608245724026 ], [ 78.274781663642898, 20.564597093481154 ], [ 78.274669144065797, 20.565230273758175 ], [ 78.274761860571459, 20.566195429775291 ], [ 78.274973444968566, 20.566662856006076 ], [ 78.275241552655586, 20.567454656906932 ], [ 78.275483817424288, 20.568499622359752 ], [ 78.275505383166944, 20.569537809622265 ], [ 78.275446105253593, 20.570206646219788 ], [ 78.275041052402699, 20.57085190259329 ], [ 78.274706461216567, 20.571118229836038 ] ] ] } },
{ "type": "Feature", "properties": { "REGION": 1.0, "STATE.NAME": "Maharashtra", "DISTRICT.NAME": "Yavatmal", "DISTRICT.AREA": 13583.851744, "GRID_G0": "199126", "woodland": 0.046216436285199287, "maskWdl": 0.0, "cropland": 0.86145976816791892, "maskCrp": 1.0, "one": 0.051198457389574535, "maskOne": 0.0, "GRID.AREA": 8.5317400250264033, "REGION.AREA": 32202.066020262951 }, "geometry": { "type": "Polygon", "coordinates": [ [ [ 78.311535332528592, 20.550305555482989 ], [ 78.311535332528592, 20.526116132645477 ], [ 78.356532096467092, 20.526116172145407 ], [ 78.356532096467092, 20.528417286455777 ], [ 78.355821980699886, 20.528534518653149 ], [ 78.354201977938999, 20.52921023596366 ], [ 78.354201940167457, 20.529210253050792 ], [ 78.353589258137788, 20.529465799906802 ], [ 78.352364088332081, 20.530052220833397 ], [ 78.350411948852425, 20.531188147315216 ], [ 78.349867352696208, 20.531637220181608 ], [ 78.349324718860771, 20.53208467336901 ], [ 78.347911251702953, 20.533770160264737 ], [ 78.347088550096544, 20.535530597559102 ], [ 78.346420478822111, 20.537397696246725 ], [ 78.345695834794981, 20.538547627870798 ], [ 78.34475625909414, 20.539365745632722 ], [ 78.343114159990535, 20.540376429828427 ], [ 78.341110014515607, 20.541598648059221 ], [ 78.336652331440007, 20.54374967620663 ], [ 78.335783234708586, 20.544141205052597 ], [ 78.335164270015127, 20.544420037155021 ], [ 78.333222638214238, 20.544848295212716 ], [ 78.332949922401042, 20.544908443669787 ], [ 78.331188698199924, 20.545197961516749 ], [ 78.330602764705873, 20.545248435966588 ], [ 78.329636645514825, 20.545331656530777 ], [ 78.328380186496474, 20.545579917079579 ], [ 78.327536504606087, 20.545746612716076 ], [ 78.327183982055203, 20.545837799474899 ], [ 78.326881595809084, 20.545916016211208 ], [ 78.326172227666234, 20.546485346421662 ], [ 78.325599116705916, 20.546945313675337 ], [ 78.324205899582637, 20.547935154284009 ], [ 78.323252333128721, 20.54847195871395 ], [ 78.322876259132101, 20.548683678908727 ], [ 78.322424301240588, 20.548938086323684 ], [ 78.321165662265571, 20.549551697353024 ], [ 78.319980646289878, 20.549911798490768 ], [ 78.318622900226728, 20.550260091530053 ], [ 78.317169260353126, 20.550207665551397 ], [ 78.315395086813851, 20.549810845993814 ], [ 78.314382484364216, 20.549744681971561 ], [ 78.312529958291009, 20.550016820419955 ], [ 78.311535332528592, 20.550305555482989 ] ] ] } },
{ "type": "Feature", "properties": { "REGION": 1.0, "STATE.NAME": "Maharashtra", "DISTRICT.NAME": "Yavatmal", "DISTRICT.AREA": 13583.851744, "GRID_G0": "199127", "woodland": 0.034857071654705772, "maskWdl": 0.0, "cropland": 0.86226231009133325, "maskCrp": 1.0, "one": 0.064838356305347442, "maskOne": 0.0, "GRID.AREA": 1.3720149992548509, "REGION.AREA": 32202.066020262951 }, "geometry": { "type": "Polygon", "coordinates": [ [ [ 78.356532096467092, 20.528417286455777 ], [ 78.356532096467092, 20.526116172145407 ], [ 78.382295923843017, 20.526117579375466 ], [ 78.382019431551555, 20.526911810731516 ], [ 78.38157780417238, 20.527652486972727 ], [ 78.381021371139411, 20.528024185767606 ], [ 78.380160989737945, 20.528241155305125 ], [ 78.3789574765064, 20.5286334305884 ], [ 78.377871767268289, 20.52924561799091 ], [ 78.376841592065887, 20.529694719635643 ], [ 78.375733943866464, 20.530474102697724 ], [ 78.375043832906613, 20.530892432240023 ], [ 78.374555757342364, 20.531062829486018 ], [ 78.374069826661241, 20.531232478496122 ], [ 78.371372567390154, 20.532205139355771 ], [ 78.368240408568056, 20.533295300237967 ], [ 78.366270649570879, 20.533763399161614 ], [ 78.365317455436298, 20.533845920053242 ], [ 78.364630311339852, 20.533717864687731 ], [ 78.363845446909934, 20.533053569666549 ], [ 78.363272719960094, 20.532477325468221 ], [ 78.362260103121343, 20.530817740846093 ], [ 78.361479955635517, 20.529747157305504 ], [ 78.360617343915351, 20.528988907412216 ], [ 78.359641850191281, 20.528416917906497 ], [ 78.358536061789891, 20.528162381888478 ], [ 78.35713789210007, 20.528317273923104 ], [ 78.356532096467092, 20.528417286455777 ] ] ] } },
{ "type": "Feature", "properties": { "REGION": 1.0, "STATE.NAME": "Maharashtra", "DISTRICT.NAME": "Yavatmal", "DISTRICT.AREA": 13583.851744, "GRID_G0": "199129", "woodland": 0.025992072536245053, "maskWdl": 0.0, "cropland": 0.91404478644411513, "maskCrp": 1.0, "one": 0.033272414709746213, "maskOne": 0.0, "GRID.AREA": 0.39959459570009831, "REGION.AREA": 32202.066020262951 }, "geometry": { "type": "Polygon", "coordinates": [ [ [ 78.469497061344825, 20.526117597142509 ], [ 78.488687172349046, 20.526116516451868 ], [ 78.488444266289889, 20.526282859066725 ], [ 78.488444176357689, 20.526282917522678 ], [ 78.488010492690137, 20.526579902440574 ], [ 78.486230030191791, 20.527570794356738 ], [ 78.484092568317408, 20.528389838420367 ], [ 78.483608983068166, 20.528462883155555 ], [ 78.483154701328488, 20.528531478045352 ], [ 78.482423464371436, 20.528558812938911 ], [ 78.481592275862909, 20.528589848542708 ], [ 78.479126815949826, 20.528509596640617 ], [ 78.477566192725646, 20.528346173637029 ], [ 78.475862053890751, 20.528167661808197 ], [ 78.474302443303145, 20.528034336415548 ], [ 78.473438058119939, 20.527960412143333 ], [ 78.47302565421063, 20.527906392566024 ], [ 78.472328628363584, 20.527815043029872 ], [ 78.47079981056288, 20.527119116154324 ], [ 78.469497061344825, 20.526117597142509 ] ] ] } },
{ "type": "Feature", "properties": { "REGION": 1.0, "STATE.NAME": "Maharashtra", "DISTRICT.NAME": "Yavatmal", "DISTRICT.AREA": 13583.851744, "GRID_G0": "198461", "woodland": 0.015052867935655145, "maskWdl": 0.0, "cropland": 0.96778455739151881, "maskCrp": 1.0, "one": 0.010252099929450077, "maskOne": 0.0, "GRID.AREA": 9.546424508393887, "REGION.AREA": 32202.066020262951 }, "geometry": { "type": "Polygon", "coordinates": [ [ [ 77.654176454461165, 20.481120699443995 ], [ 77.681531217347981, 20.481119334638159 ], [ 77.681531217347981, 20.520085274400319 ], [ 77.680768047007803, 20.520122972497234 ], [ 77.680412714075544, 20.520140518270352 ], [ 77.678367672829893, 20.519793129049731 ], [ 77.675400676300228, 20.519248712757932 ], [ 77.674328176304357, 20.519045619759595 ], [ 77.674157234968504, 20.519013245065253 ], [ 77.67360236225926, 20.518904302991242 ], [ 77.672534345383781, 20.518694601774484 ], [ 77.671900718143661, 20.518510074380462 ], [ 77.669685093492319, 20.517864788329344 ], [ 77.668429111114619, 20.517503348101055 ], [ 77.667998634429466, 20.517379461093302 ], [ 77.667359711981192, 20.517207630327903 ], [ 77.666976866089556, 20.517003390693958 ], [ 77.666976826519374, 20.517003370009547 ], [ 77.666976753674305, 20.517003330439422 ], [ 77.666676524901732, 20.516843061358259 ], [ 77.666599156226141, 20.516801767187872 ], [ 77.666472888712917, 20.516540759648365 ], [ 77.666469462295879, 20.51653367388997 ], [ 77.666228975486902, 20.516036602407326 ], [ 77.665882209496431, 20.515169664048813 ], [ 77.66565250286078, 20.514595377674596 ], [ 77.665228264772679, 20.513337219836899 ], [ 77.665137497097874, 20.513068015876286 ], [ 77.665009256472047, 20.51259468020038 ], [ 77.665034811607313, 20.512244203607167 ], [ 77.66505273959234, 20.511998319067228 ], [ 77.664620836582401, 20.51063698920575 ], [ 77.664522329342105, 20.510326501866647 ], [ 77.663834156421217, 20.508068698111966 ], [ 77.663701195254021, 20.50697680513548 ], [ 77.663643298699355, 20.506295340257793 ], [ 77.663193563032564, 20.504501106440955 ], [ 77.663083388887344, 20.503878605613185 ], [ 77.662980218662199, 20.502276118947801 ], [ 77.663120041656668, 20.501114647223236 ], [ 77.663322390915653, 20.500598565871144 ], [ 77.662946074102095, 20.499652780351596 ], [ 77.661663217283717, 20.499891595320889 ], [ 77.660505531704985, 20.500210992243524 ], [ 77.659970166190249, 20.500404201692618 ], [ 77.659572423028976, 20.500420319342311 ], [ 77.658756679477221, 20.500317413517848 ], [ 77.658149872718525, 20.499951163715309 ], [ 77.657395594231332, 20.499075587368509 ], [ 77.65707632591176, 20.498693885414529 ], [ 77.656807413331535, 20.498627957913982 ], [ 77.656241495148947, 20.498600137386461 ], [ 77.656000377015857, 20.498402948437388 ], [ 77.655527258076589, 20.497945532560323 ], [ 77.655430855249847, 20.497882953235774 ], [ 77.65496586708116, 20.497877036596037 ], [ 77.653848676175528, 20.497843771572839 ], [ 77.653659456119044, 20.497537953513817 ], [ 77.653366138636443, 20.496776736757056 ], [ 77.653221919755822, 20.496073226798046 ], [ 77.653096161258873, 20.495297351991269 ], [ 77.653703485127778, 20.495085620105328 ], [ 77.654731998383056, 20.494816854114557 ], [ 77.655712763033648, 20.494571059506825 ], [ 77.655618154354386, 20.494097510691631 ], [ 77.655501903490119, 20.493285463353519 ], [ 77.655292291306239, 20.491548241158458 ], [ 77.655092328847957, 20.489806482783024 ], [ 77.654901958558582, 20.488069108602531 ], [ 77.654721136371393, 20.486327287274548 ], [ 77.654535519898388, 20.484580887497998 ], [ 77.654354811025769, 20.482838889003574 ], [ 77.654176454461165, 20.481120699443995 ] ] ] } },
{ "type": "Feature", "properties": { "REGION": 1.0, "STATE.NAME": "Maharashtra", "DISTRICT.NAME": "Yavatmal", "DISTRICT.AREA": 13583.851744, "GRID_G0": "198462", "woodland": 0.04087448324170094, "maskWdl": 0.0, "cropland": 0.78211173075953788, "maskCrp": 1.0, "one": 0.14034660334578275, "maskOne": 0.0, "GRID.AREA": 22.946949046256634, "REGION.AREA": 32202.066020262951 }, "geometry": { "type": "Polygon", "coordinates": [ [ [ 77.681531217347981, 20.520085274400319 ], [ 77.681531217347981, 20.481119334638159 ], [ 77.726532454914178, 20.481119297008423 ], [ 77.726532454914178, 20.526116124693484 ], [ 77.689990792201371, 20.52611703049994 ], [ 77.689983873956692, 20.52596830859062 ], [ 77.689866047480166, 20.524998233281906 ], [ 77.689695334572093, 20.524581725766097 ], [ 77.68953384421161, 20.524187631154295 ], [ 77.688633133612257, 20.523028693719308 ], [ 77.688169393702594, 20.522387372779061 ], [ 77.687489448679173, 20.521446981393126 ], [ 77.686501277212244, 20.520033914433672 ], [ 77.686292067924626, 20.519734741465186 ], [ 77.686289232362242, 20.51973492043027 ], [ 77.685839280858204, 20.519760469270295 ], [ 77.685209027874407, 20.519796254193803 ], [ 77.684231447723164, 20.519852656075273 ], [ 77.683994952105422, 20.519874876524398 ], [ 77.682003771257087, 20.520061930114025 ], [ 77.681531217347981, 20.520085274400319 ] ] ] } },
{ "type": "Feature", "properties": { "REGION": 1.0, "STATE.NAME": "Maharashtra", "DISTRICT.NAME": "Yavatmal", "DISTRICT.AREA": 13583.851744, "GRID_G0": "198463", "woodland": 0.039825074786768361, "maskWdl": 0.0, "cropland": 0.80063818679849674, "maskCrp": 1.0, "one": 0.14902495298906807, "maskOne": 0.0, "GRID.AREA": 23.450672795959537, "REGION.AREA": 32202.066020262951 }, "geometry": { "type": "Polygon", "coordinates": [ [ [ 77.726532454914178, 20.481119297008423 ], [ 77.771533724775892, 20.481119330197643 ], [ 77.771533724775892, 20.526116149079034 ], [ 77.726532454914178, 20.526116124693484 ], [ 77.726532454914178, 20.481119297008423 ] ] ] } },
{ "type": "Feature", "properties": { "REGION": 1.0, "STATE.NAME": "Maharashtra", "DISTRICT.NAME": "Yavatmal", "DISTRICT.AREA": 13583.851744, "GRID_G0": "198464", "woodland": 0.02250439454597767, "maskWdl": 0.0, "cropland": 0.81258807868660843, "maskCrp": 1.0, "one": 0.15277090184008529, "maskOne": 0.0, "GRID.AREA": 23.450670468542661, "REGION.AREA": 32202.066020262951 }, "geometry": { "type": "Polygon", "coordinates": [ [ [ 77.771533724775892, 20.481119330197643 ], [ 77.816535009901216, 20.481119352314405 ], [ 77.816535009901216, 20.526116140554123 ], [ 77.771533724775892, 20.526116149079034 ], [ 77.771533724775892, 20.481119330197643 ] ] ] } },
{ "type": "Feature", "properties": { "REGION": 1.0, "STATE.NAME": "Maharashtra", "DISTRICT.NAME": "Yavatmal", "DISTRICT.AREA": 13583.851744, "GRID_G0": "198465", "woodland": 0.036227479338875913, "maskWdl": 0.0, "cropland": 0.75943946664022843, "maskCrp": 1.0, "one": 0.19175287655415696, "maskOne": 0.0, "GRID.AREA": 23.448307344858765, "REGION.AREA": 32202.066020262951 }, "geometry": { "type": "Polygon", "coordinates": [ [ [ 77.816535009901216, 20.481119352314405 ], [ 77.861531757373555, 20.481119319322875 ], [ 77.861531757373555, 20.526116143950915 ], [ 77.816535009901216, 20.526116140554123 ], [ 77.816535009901216, 20.481119352314405 ] ] ] } },
{ "type": "Feature", "properties": { "REGION": 1.0, "STATE.NAME": "Maharashtra", "DISTRICT.NAME": "Yavatmal", "DISTRICT.AREA": 13583.851744, "GRID_G0": "198466", "woodland": 0.049372634677833586, "maskWdl": 0.0, "cropland": 0.79438968639198781, "maskCrp": 1.0, "one": 0.095180616372078503, "maskOne": 0.0, "GRID.AREA": 23.450651887853581, "REGION.AREA": 32202.066020262951 }, "geometry": { "type": "Polygon", "coordinates": [ [ [ 77.861531757373555, 20.481119319322875 ], [ 77.906533022918595, 20.481119343024822 ], [ 77.906533022918595, 20.526116093359164 ], [ 77.861531757373555, 20.526116143950915 ], [ 77.861531757373555, 20.481119319322875 ] ] ] } },
{ "type": "Feature", "properties": { "REGION": 1.0, "STATE.NAME": "Maharashtra", "DISTRICT.NAME": "Yavatmal", "DISTRICT.AREA": 13583.851744, "GRID_G0": "198467", "woodland": 0.03055253847886118, "maskWdl": 0.0, "cropland": 0.81901954381162867, "maskCrp": 1.0, "one": 0.092234465749087349, "maskOne": 0.0, "GRID.AREA": 23.450611430479775, "REGION.AREA": 32202.066020262951 }, "geometry": { "type": "Polygon", "coordinates": [ [ [ 77.906533022918595, 20.481119343024822 ], [ 77.951534251315636, 20.481119377938121 ], [ 77.951534251315636, 20.526116121601948 ], [ 77.906533022918595, 20.526116093359164 ], [ 77.906533022918595, 20.481119343024822 ] ] ] } },
{ "type": "Feature", "properties": { "REGION": 1.0, "STATE.NAME": "Maharashtra", "DISTRICT.NAME": "Yavatmal", "DISTRICT.AREA": 13583.851744, "GRID_G0": "198468", "woodland": 0.064544231058743753, "maskWdl": 0.0, "cropland": 0.64878956504580121, "maskCrp": 1.0, "one": 0.28037017765234251, "maskOne": 0.0, "GRID.AREA": 23.44832689779663, "REGION.AREA": 32202.066020262951 }, "geometry": { "type": "Polygon", "coordinates": [ [ [ 77.951534251315636, 20.481119377938121 ], [ 77.996531068852022, 20.481119306779064 ], [ 77.996531068852022, 20.526116110892438 ], [ 77.951534251315636, 20.526116121601948 ], [ 77.951534251315636, 20.481119377938121 ] ] ] } },
{ "type": "Feature", "properties": { "REGION": 1.0, "STATE.NAME": "Maharashtra", "DISTRICT.NAME": "Yavatmal", "DISTRICT.AREA": 13583.851744, "GRID_G0": "198469", "woodland": 0.036843987170467052, "maskWdl": 0.0, "cropland": 0.72776337673409197, "maskCrp": 1.0, "one": 0.22036019370366658, "maskOne": 0.0, "GRID.AREA": 23.450676284073193, "REGION.AREA": 32202.066020262951 }, "geometry": { "type": "Polygon", "coordinates": [ [ [ 77.996531068852022, 20.481119306779064 ], [ 78.041532344959762, 20.481119310136965 ], [ 78.041532344959762, 20.526116153482221 ], [ 77.996531068852022, 20.526116110892438 ], [ 77.996531068852022, 20.481119306779064 ] ] ] } },
{ "type": "Feature", "properties": { "REGION": 1.0, "STATE.NAME": "Maharashtra", "DISTRICT.NAME": "Yavatmal", "DISTRICT.AREA": 13583.851744, "GRID_G0": "198470", "woodland": 0.031828715843814491, "maskWdl": 0.0, "cropland": 0.90784420834446644, "maskCrp": 1.0, "one": 0.047811132098386777, "maskOne": 0.0, "GRID.AREA": 23.450619945851461, "REGION.AREA": 32202.066020262951 }, "geometry": { "type": "Polygon", "coordinates": [ [ [ 78.041532344959762, 20.481119310136965 ], [ 78.086533529357553, 20.481119346600465 ], [ 78.086533529357553, 20.526116117920477 ], [ 78.041532344959762, 20.526116153482221 ], [ 78.041532344959762, 20.481119310136965 ] ] ] } },
{ "type": "Feature", "properties": { "REGION": 1.0, "STATE.NAME": "Maharashtra", "DISTRICT.NAME": "Yavatmal", "DISTRICT.AREA": 13583.851744, "GRID_G0": "198471", "woodland": 0.0094485862699520036, "maskWdl": 0.0, "cropland": 0.93819666803317836, "maskCrp": 1.0, "one": 0.037494712319100468, "maskOne": 0.0, "GRID.AREA": 23.450633255940343, "REGION.AREA": 32202.066020262951 }, "geometry": { "type": "Polygon", "coordinates": [ [ [ 78.086533529357553, 20.481119346600465 ], [ 78.131534777466058, 20.481119345949676 ], [ 78.131534777466058, 20.526116112963813 ], [ 78.086533529357553, 20.526116117920477 ], [ 78.086533529357553, 20.481119346600465 ] ] ] } },
{ "type": "Feature", "properties": { "REGION": 1.0, "STATE.NAME": "Maharashtra", "DISTRICT.NAME": "Yavatmal", "DISTRICT.AREA": 13583.851744, "GRID_G0": "198472", "woodland": 0.011609553143540029, "maskWdl": 0.0, "cropland": 0.96617300642613058, "maskCrp": 1.0, "one": 0.011460520629546811, "maskOne": 0.0, "GRID.AREA": 23.448337142652697, "REGION.AREA": 32202.066020262951 }, "geometry": { "type": "Polygon", "coordinates": [ [ [ 78.131534777466058, 20.481119345949676 ], [ 78.176531634831946, 20.481119368907837 ], [ 78.176531634831932, 20.526116109334218 ], [ 78.131534777466058, 20.526116112963813 ], [ 78.131534777466058, 20.481119345949676 ] ] ] } },
{ "type": "Feature", "properties": { "REGION": 1.0, "STATE.NAME": "Maharashtra", "DISTRICT.NAME": "Yavatmal", "DISTRICT.AREA": 13583.851744, "GRID_G0": "198473", "woodland": 0.011350174819595207, "maskWdl": 0.0, "cropland": 0.95219114092522128, "maskCrp": 1.0, "one": 0.026119044830883544, "maskOne": 0.0, "GRID.AREA": 23.4506213510262, "REGION.AREA": 32202.066020262951 }, "geometry": { "type": "Polygon", "coordinates": [ [ [ 78.176531634831946, 20.481119368907837 ], [ 78.221532867981381, 20.481119310622883 ], [ 78.221532867981381, 20.526116092753668 ], [ 78.176531634831932, 20.526116109334218 ], [ 78.176531634831946, 20.481119368907837 ] ] ] } },
{ "type": "Feature", "properties": { "REGION": 1.0, "STATE.NAME": "Maharashtra", "DISTRICT.NAME": "Yavatmal", "DISTRICT.AREA": 13583.851744, "GRID_G0": "198474", "woodland": 0.0055269443417571623, "maskWdl": 0.0, "cropland": 0.96827710696574132, "maskCrp": 1.0, "one": 0.018449923088796644, "maskOne": 0.0, "GRID.AREA": 23.450640549708805, "REGION.AREA": 32202.066020262951 }, "geometry": { "type": "Polygon", "coordinates": [ [ [ 78.221532867981381, 20.481119310622883 ], [ 78.266534107122311, 20.481119325912804 ], [ 78.266534107122311, 20.52611612803021 ], [ 78.221532867981381, 20.526116092753668 ], [ 78.221532867981381, 20.481119310622883 ] ] ] } },
{ "type": "Feature", "properties": { "REGION": 1.0, "STATE.NAME": "Maharashtra", "DISTRICT.NAME": "Yavatmal", "DISTRICT.AREA": 13583.851744, "GRID_G0": "198475", "woodland": 0.0052960465265092394, "maskWdl": 0.0, "cropland": 0.94219496243850753, "maskCrp": 1.0, "one": 0.035500274167697236, "maskOne": 0.0, "GRID.AREA": 23.450638146670833, "REGION.AREA": 32202.066020262951 }, "geometry": { "type": "Polygon", "coordinates": [ [ [ 78.266534107122311, 20.481119325912804 ], [ 78.311535332528592, 20.481119332260892 ], [ 78.311535332528592, 20.526116132645477 ], [ 78.266534107122311, 20.52611612803021 ], [ 78.266534107122311, 20.481119325912804 ] ] ] } },
{ "type": "Feature", "properties": { "REGION": 1.0, "STATE.NAME": "Maharashtra", "DISTRICT.NAME": "Yavatmal", "DISTRICT.AREA": 13583.851744, "GRID_G0": "198476", "woodland": 0.011650435297382413, "maskWdl": 0.0, "cropland": 0.93849666156977396, "maskCrp": 1.0, "one": 0.039482163558454679, "maskOne": 0.0, "GRID.AREA": 23.448329858799131, "REGION.AREA": 32202.066020262951 }, "geometry": { "type": "Polygon", "coordinates": [ [ [ 78.311535332528592, 20.481119332260892 ], [ 78.356532096467092, 20.481119306188948 ], [ 78.356532096467092, 20.526116172145407 ], [ 78.311535332528592, 20.526116132645477 ], [ 78.311535332528592, 20.481119332260892 ] ] ] } },
{ "type": "Feature", "properties": { "REGION": 1.0, "STATE.NAME": "Maharashtra", "DISTRICT.NAME": "Yavatmal", "DISTRICT.AREA": 13583.851744, "GRID_G0": "198477", "woodland": 0.032769471998630631, "maskWdl": 0.0, "cropland": 0.86883194444881628, "maskCrp": 1.0, "one": 0.066153461993896739, "maskOne": 0.0, "GRID.AREA": 21.706899625867283, "REGION.AREA": 32202.066020262951 }, "geometry": { "type": "Polygon", "coordinates": [ [ [ 78.382295923843017, 20.526117579375466 ], [ 78.356532096467092, 20.526116172145407 ], [ 78.356532096467092, 20.481119306188948 ], [ 78.401533409796329, 20.481119328522954 ], [ 78.401533409796329, 20.514808837117833 ], [ 78.400240677365446, 20.515390830722311 ], [ 78.398884786603674, 20.516363826129748 ], [ 78.398496535786535, 20.516642428005696 ], [ 78.398190582829216, 20.516785088361189 ], [ 78.396761420703058, 20.517451447326494 ], [ 78.395821749674042, 20.517845437616931 ], [ 78.394378271240285, 20.518199741724743 ], [ 78.394378230770769, 20.518199748019981 ], [ 78.393425997112161, 20.518413288442559 ], [ 78.393087345704487, 20.518489241585261 ], [ 78.392024421689769, 20.518609123012652 ], [ 78.391231118921041, 20.518423647733186 ], [ 78.389679771304486, 20.518201201324413 ], [ 78.387899146028815, 20.518432771355378 ], [ 78.386617932271804, 20.518731076478048 ], [ 78.386617890003663, 20.518731089967901 ], [ 78.385166272705362, 20.519211916996426 ], [ 78.384366556871157, 20.519676543637615 ], [ 78.384114616296586, 20.519941556757487 ], [ 78.383850540270259, 20.520219336653103 ], [ 78.383502216654051, 20.521135059635355 ], [ 78.383221918656659, 20.522126765437918 ], [ 78.383221904267543, 20.522126813101977 ], [ 78.383025141597045, 20.523237644002112 ], [ 78.38274196037321, 20.524836309448176 ], [ 78.382295923843017, 20.526117579375466 ] ] ] } },
{ "type": "Feature", "properties": { "REGION": 1.0, "STATE.NAME": "Maharashtra", "DISTRICT.NAME": "Yavatmal", "DISTRICT.AREA": 13583.851744, "GRID_G0": "198478", "woodland": 0.048436926264578517, "maskWdl": 0.0, "cropland": 0.86917118679565841, "maskCrp": 1.0, "one": 0.038094561725924611, "maskOne": 0.0, "GRID.AREA": 17.480163680839588, "REGION.AREA": 32202.066020262951 }, "geometry": { "type": "Polygon", "coordinates": [ [ [ 78.401533409796329, 20.514808837117833 ], [ 78.401533409796329, 20.481119328522954 ], [ 78.446534648681762, 20.48111936260085 ], [ 78.446534648681762, 20.512543380062183 ], [ 78.446206068555284, 20.51256946500888 ], [ 78.445680384242408, 20.512611198947695 ], [ 78.444596990758555, 20.512697139061743 ], [ 78.443660678697427, 20.512969424999028 ], [ 78.442459338227934, 20.513506559480163 ], [ 78.442459313946259, 20.513506590057148 ], [ 78.440166547248396, 20.515694578542025 ], [ 78.439446172303064, 20.516534047108625 ], [ 78.439098685056308, 20.516938968658504 ], [ 78.4390986553787, 20.516938997436853 ], [ 78.438296763185122, 20.517598047611845 ], [ 78.438296712823103, 20.517598082685424 ], [ 78.43713653522299, 20.518369426707753 ], [ 78.436703652851349, 20.518565665073424 ], [ 78.435982929868374, 20.51889238787345 ], [ 78.434712183320642, 20.519207676692989 ], [ 78.434534784852474, 20.519251686815952 ], [ 78.433916687105466, 20.519286290929639 ], [ 78.433427989210372, 20.519313638413735 ], [ 78.431900013175152, 20.519046229499963 ], [ 78.430485033357684, 20.518610487284207 ], [ 78.428520529998536, 20.517557796655069 ], [ 78.427577089011493, 20.516873065439654 ], [ 78.426336899628268, 20.515848516395977 ], [ 78.424313634566658, 20.514688069898568 ], [ 78.424313589600558, 20.514688047415518 ], [ 78.42249599949082, 20.513877468670273 ], [ 78.420436926123273, 20.513266319085403 ], [ 78.420436669816524, 20.513266243542379 ], [ 78.418463497892162, 20.512680537576784 ], [ 78.41372650787207, 20.511884095274809 ], [ 78.411834621170897, 20.511638535390144 ], [ 78.409986534151301, 20.511839383680638 ], [ 78.408150218357946, 20.512216249979982 ], [ 78.407985163984165, 20.512262863640274 ], [ 78.407985128011319, 20.512262833962666 ], [ 78.406387318719851, 20.512714066101296 ], [ 78.404269355946099, 20.513577056436077 ], [ 78.401533409796329, 20.514808837117833 ] ] ] } },
{ "type": "Feature", "properties": { "REGION": 1.0, "STATE.NAME": "Maharashtra", "DISTRICT.NAME": "Yavatmal", "DISTRICT.AREA": 13583.851744, "GRID_G0": "198479", "woodland": 0.025482147037289755, "maskWdl": 0.0, "cropland": 0.87771330667051828, "maskCrp": 1.0, "one": 0.067174355883832457, "maskOne": 0.0, "GRID.AREA": 21.115572449185859, "REGION.AREA": 32202.066020262951 }, "geometry": { "type": "Polygon", "coordinates": [ [ [ 78.446534648681762, 20.512543380062183 ], [ 78.446534648681762, 20.48111936260085 ], [ 78.491535879173696, 20.481119331511326 ], [ 78.491535879173696, 20.524351224575724 ], [ 78.490263189194877, 20.525037239576989 ], [ 78.488687172349046, 20.526116516451868 ], [ 78.469497061344825, 20.526117597142509 ], [ 78.469405181504001, 20.526046961498142 ], [ 78.468469972910952, 20.525272070549651 ], [ 78.466784465330875, 20.523566671764517 ], [ 78.466784432955251, 20.523566637590307 ], [ 78.465966604775019, 20.522594404807993 ], [ 78.465791290935385, 20.522385989621796 ], [ 78.465158581903097, 20.521648304525684 ], [ 78.464298210394134, 20.521107283174612 ], [ 78.462046994173477, 20.519769261941917 ], [ 78.461200999226776, 20.519228094900711 ], [ 78.46066912308163, 20.518872978705076 ], [ 78.460053251156694, 20.517949869590836 ], [ 78.458871848656941, 20.516663107016829 ], [ 78.45804806696475, 20.515977128441758 ], [ 78.457357277916117, 20.515564999725026 ], [ 78.456615008975518, 20.515257448672344 ], [ 78.454668717787172, 20.514891096347071 ], [ 78.453274622026242, 20.514599775359386 ], [ 78.452624096524914, 20.514336193060899 ], [ 78.451858863395898, 20.513730886371377 ], [ 78.451131780407422, 20.513102429333685 ], [ 78.450311895477626, 20.512723417251948 ], [ 78.450184474134232, 20.512705488367661 ], [ 78.449884389253214, 20.512663254405709 ], [ 78.449884437816593, 20.512663293975891 ], [ 78.448914384091609, 20.512526831747948 ], [ 78.446982047683449, 20.512507861448682 ], [ 78.446534648681762, 20.512543380062183 ] ] ] } },
{ "type": "Feature", "properties": { "REGION": 1.0, "STATE.NAME": "Maharashtra", "DISTRICT.NAME": "Yavatmal", "DISTRICT.AREA": 13583.851744, "GRID_G0": "198480", "woodland": 0.050321165481244934, "maskWdl": 0.0, "cropland": 0.85250026031074622, "maskCrp": 1.0, "one": 0.049904110407301347, "maskOne": 0.0, "GRID.AREA": 13.706544020983506, "REGION.AREA": 32202.066020262951 }, "geometry": { "type": "Polygon", "coordinates": [ [ [ 78.491535879173696, 20.524351224575724 ], [ 78.491535879173696, 20.481119331511326 ], [ 78.534464244598041, 20.481119561676689 ], [ 78.5332894799256, 20.482785074471678 ], [ 78.531237254895473, 20.484089284792734 ], [ 78.529662566274453, 20.484284927807213 ], [ 78.528384876061239, 20.484758433454999 ], [ 78.528236041859884, 20.485234873590571 ], [ 78.527789795562683, 20.486103983811859 ], [ 78.526629110744921, 20.487252775095556 ], [ 78.524013092630184, 20.489195590404226 ], [ 78.522020476463865, 20.490650900318826 ], [ 78.520890589828923, 20.492303338028705 ], [ 78.520383902794947, 20.493842950391922 ], [ 78.520740005546884, 20.495272574769558 ], [ 78.521481521754893, 20.497289495114163 ], [ 78.521957343156942, 20.499109753512357 ], [ 78.521609513268459, 20.500581154097006 ], [ 78.521587707406809, 20.500856632627521 ], [ 78.521568557243199, 20.500989875282585 ], [ 78.521462810460378, 20.501204382476313 ], [ 78.521321294941856, 20.5014143049263 ], [ 78.521198941278158, 20.501594896887013 ], [ 78.520721608115764, 20.502170435117538 ], [ 78.520444607033028, 20.502483052950595 ], [ 78.520444551275091, 20.50248311500383 ], [ 78.520167585265881, 20.502795696863984 ], [ 78.520107572606435, 20.502838508190674 ], [ 78.519623043069032, 20.503375718214897 ], [ 78.518855612896289, 20.504057164206813 ], [ 78.518608508875616, 20.504404712607421 ], [ 78.518404595695586, 20.504677925745739 ], [ 78.518318143867305, 20.504885632266163 ], [ 78.518265283516087, 20.505118133994756 ], [ 78.518197954871766, 20.505413943498752 ], [ 78.518149677465715, 20.505926509400926 ], [ 78.518075060715546, 20.506402948637231 ], [ 78.518029150325106, 20.506913330086153 ], [ 78.517964148226895, 20.507245304926926 ], [ 78.517836781742119, 20.5077080699715 ], [ 78.517716664692387, 20.5082206592561 ], [ 78.517594065513777, 20.508719613919084 ], [ 78.517509850299405, 20.509137379586434 ], [ 78.517445000186683, 20.509385764241699 ], [ 78.517396489856196, 20.510058706244365 ], [ 78.517374646223004, 20.51054643107301 ], [ 78.517331250337008, 20.51104093049457 ], [ 78.517321246278527, 20.511508450254837 ], [ 78.517285125008584, 20.511727416287272 ], [ 78.517232267355325, 20.511941894702716 ], [ 78.517030712197652, 20.512194715713637 ], [ 78.51681489469172, 20.512483628316826 ], [ 78.516599000743327, 20.512709361747682 ], [ 78.516160096511328, 20.513002587499443 ], [ 78.515812507641158, 20.513151421700798 ], [ 78.515287287378442, 20.513385944205993 ], [ 78.514515279656507, 20.513701602646904 ], [ 78.514018897953861, 20.513931624944579 ], [ 78.513395500501986, 20.514294828743402 ], [ 78.512994994623355, 20.514522583850233 ], [ 78.51257781351535, 20.514766172420995 ], [ 78.512160481321189, 20.515014449157547 ], [ 78.511712132409059, 20.515269219898641 ], [ 78.511527425150632, 20.515341408479291 ], [ 78.511369186738662, 20.515490370384327 ], [ 78.510978166908956, 20.515837856731761 ], [ 78.51080313275844, 20.515943889498946 ], [ 78.510623198202097, 20.516155996402176 ], [ 78.510328093766589, 20.516514919428062 ], [ 78.510164969337964, 20.516733815313383 ], [ 78.509836328283995, 20.517167167131106 ], [ 78.509488367993868, 20.517573382805441 ], [ 78.50925804802057, 20.517873544128808 ], [ 78.509130839816464, 20.518092611784656 ], [ 78.509029932285614, 20.518386064165554 ], [ 78.508976898365233, 20.518684132766566 ], [ 78.508976626769993, 20.519151567091175 ], [ 78.508966699153916, 20.519600881875249 ], [ 78.508954345166956, 20.520014214784229 ], [ 78.50898274575718, 20.520596796505007 ], [ 78.508960863453126, 20.52098079173021 ], [ 78.508970175033596, 20.521463956996058 ], [ 78.508977201436778, 20.521637925449969 ], [ 78.509039340992842, 20.521850240995889 ], [ 78.509113553947429, 20.521960875594008 ], [ 78.509288364166707, 20.522119045657465 ], [ 78.509530367232742, 20.522308968983793 ], [ 78.509635734501614, 20.522444558869324 ], [ 78.509836911943978, 20.522697527369019 ], [ 78.509961478839216, 20.522844528752046 ], [ 78.510040528347758, 20.522950612780619 ], [ 78.510220094182046, 20.523233070050196 ], [ 78.510219913418325, 20.523318868071328 ], [ 78.51021505258268, 20.523447565552772 ], [ 78.51003985205756, 20.523750026442599 ], [ 78.509924618326522, 20.523919375079174 ], [ 78.509761552353837, 20.524149581737845 ], [ 78.509264958411165, 20.524603148516519 ], [ 78.508780502618151, 20.524905464615529 ], [ 78.508336939897902, 20.525060865666493 ], [ 78.507828656567312, 20.525155384413498 ], [ 78.507253306295127, 20.52519800868123 ], [ 78.506730707556187, 20.525159220921353 ], [ 78.506160209126392, 20.525109100804404 ], [ 78.505726422036787, 20.525054644156565 ], [ 78.505237464237666, 20.524993287909979 ], [ 78.504321960689992, 20.524789443078362 ], [ 78.503895391559126, 20.524649161429693 ], [ 78.503233873644433, 20.524429645012159 ], [ 78.502797813968016, 20.524239513942462 ], [ 78.502385632191249, 20.524026997847724 ], [ 78.502052772417585, 20.523697105836785 ], [ 78.50170548571964, 20.523279060480316 ], [ 78.501576130833826, 20.523107359217306 ], [ 78.501238519042488, 20.52267120331345 ], [ 78.501128342199308, 20.522555973179692 ], [ 78.500931918573258, 20.522402267350795 ], [ 78.500483760317366, 20.522221294976816 ], [ 78.499882196606166, 20.522096719088381 ], [ 78.499338061802177, 20.522107606281057 ], [ 78.498892640183271, 20.522144500068691 ], [ 78.498635736250264, 20.522165776229656 ], [ 78.49744037627238, 20.522792422932014 ], [ 78.496851145863729, 20.523201052386696 ], [ 78.496393156219256, 20.523377844711835 ], [ 78.495667332281641, 20.523237246501765 ], [ 78.494869386313212, 20.523074798363325 ], [ 78.494369122237231, 20.523055009681002 ], [ 78.493986678342594, 20.523039847111306 ], [ 78.493986642369691, 20.523039868695037 ], [ 78.493453383067219, 20.523323399755157 ], [ 78.492667707448788, 20.523741124953006 ], [ 78.491535879173696, 20.524351224575724 ] ] ] } },
{ "type": "Feature", "properties": { "REGION": 1.0, "STATE.NAME": "Maharashtra", "DISTRICT.NAME": "Yavatmal", "DISTRICT.AREA": 13583.851744, "GRID_G0": "197810", "woodland": 0.028060278097925655, "maskWdl": 0.0, "cropland": 0.75368047838312846, "maskCrp": 1.0, "one": 0.19914709775844541, "maskOne": 0.0, "GRID.AREA": 8.4648656636685438, "REGION.AREA": 32202.066020262951 }, "geometry": { "type": "Polygon", "coordinates": [ [ [ 77.603956193658448, 20.436119248229495 ], [ 77.636534486368078, 20.436118138113137 ], [ 77.636534486368078, 20.452323677935251 ], [ 77.635458340729883, 20.452553549107055 ], [ 77.635103952985105, 20.452592081459443 ], [ 77.634564429005252, 20.452857496576257 ], [ 77.634459709248233, 20.452957456221668 ], [ 77.633918288598181, 20.453624903366631 ], [ 77.633539113739175, 20.454205439129737 ], [ 77.633054626469914, 20.45478209791554 ], [ 77.632682361102127, 20.454996632988298 ], [ 77.631893953343308, 20.455308858716929 ], [ 77.630899073833234, 20.45557725148899 ], [ 77.630081302310316, 20.455790326062754 ], [ 77.629273891876664, 20.456138745007138 ], [ 77.628925906405527, 20.456402859704269 ], [ 77.627718991038648, 20.457151316879845 ], [ 77.627169704918003, 20.457398710482153 ], [ 77.626954650936455, 20.457485879070134 ], [ 77.626601554618105, 20.457691418224442 ], [ 77.626357975040548, 20.457796799882431 ], [ 77.626081071084627, 20.457943128572595 ], [ 77.625789819344732, 20.458089596657601 ], [ 77.624066750680072, 20.459058074770383 ], [ 77.622929564248068, 20.459516907978983 ], [ 77.621719887063193, 20.459904041838115 ], [ 77.618657312385096, 20.46052888719845 ], [ 77.617226466728141, 20.460809001734109 ], [ 77.616201482412521, 20.460896843014954 ], [ 77.616337083989265, 20.462404275836722 ], [ 77.616490949897468, 20.463807712855726 ], [ 77.616761323876062, 20.46541818460156 ], [ 77.616868123764959, 20.466252902049863 ], [ 77.615167322314107, 20.466336025487241 ], [ 77.614566297296847, 20.463409135123527 ], [ 77.613614002484269, 20.463604798822473 ], [ 77.612768827719265, 20.462716164319598 ], [ 77.612364402595176, 20.462447785936604 ], [ 77.612128212746882, 20.462255116980089 ], [ 77.611901991883485, 20.462121093713563 ], [ 77.611757898008648, 20.462081361665582 ], [ 77.6114837639646, 20.461947584813228 ], [ 77.61092152310988, 20.461729927294357 ], [ 77.611488848731426, 20.460656030651364 ], [ 77.612149105796675, 20.460507304368662 ], [ 77.613389127006656, 20.460323236528211 ], [ 77.612798929826795, 20.458909057107348 ], [ 77.612420563458272, 20.456942526676301 ], [ 77.612332777036102, 20.45606710051635 ], [ 77.612152298389901, 20.455625640411029 ], [ 77.611786931721554, 20.455465392913599 ], [ 77.610702502218786, 20.45526908889741 ], [ 77.609771936825496, 20.455144121803812 ], [ 77.608203715229308, 20.45498696077965 ], [ 77.607091773666468, 20.45495342685922 ], [ 77.605800899392023, 20.455368006228579 ], [ 77.60517092699672, 20.454401118117175 ], [ 77.604509475631858, 20.453032485760673 ], [ 77.604159434310489, 20.452348275252749 ], [ 77.603198974553095, 20.45138343669629 ], [ 77.602215170194029, 20.450518091936431 ], [ 77.599731333534294, 20.448275864439665 ], [ 77.598872523248417, 20.447450302089802 ], [ 77.597922100824348, 20.446544176672489 ], [ 77.599406255594261, 20.445694757107386 ], [ 77.601358921177336, 20.444666347274165 ], [ 77.601993848837139, 20.444328186896367 ], [ 77.602779644065379, 20.44297754547739 ], [ 77.60351124704647, 20.441428405696399 ], [ 77.603810666429183, 20.440401482442493 ], [ 77.603972517417787, 20.440255928068666 ], [ 77.603944566488622, 20.439696163946845 ], [ 77.603977689418912, 20.43896890648989 ], [ 77.604005271626022, 20.438137735068494 ], [ 77.603994943811657, 20.437347522370317 ], [ 77.60398458182307, 20.436575427414081 ], [ 77.603956193658448, 20.436119248229495 ] ] ] } },
{ "type": "Feature", "properties": { "REGION": 1.0, "STATE.NAME": "Maharashtra", "DISTRICT.NAME": "Yavatmal", "DISTRICT.AREA": 13583.851744, "GRID_G0": "197811", "woodland": 0.022200925289261653, "maskWdl": 0.0, "cropland": 0.87759735765471891, "maskCrp": 1.0, "one": 0.089105168484443359, "maskOne": 0.0, "GRID.AREA": 19.197555870812199, "REGION.AREA": 32202.066020262951 }, "geometry": { "type": "Polygon", "coordinates": [ [ [ 77.636534486368078, 20.452323677935251 ], [ 77.636534486368078, 20.436118138113137 ], [ 77.681531217347981, 20.436118126320959 ], [ 77.681531217347981, 20.481119334638159 ], [ 77.654176454461165, 20.481120699443995 ], [ 77.654174002328375, 20.481097076668789 ], [ 77.654112683853327, 20.480596190262023 ], [ 77.654004854240668, 20.48028080251709 ], [ 77.653583322212626, 20.479669511738621 ], [ 77.653341360515412, 20.47930969568597 ], [ 77.653341312851353, 20.479309645323891 ], [ 77.65261880201615, 20.478235337690705 ], [ 77.651664941483943, 20.476950033817047 ], [ 77.650515892994122, 20.475815146052181 ], [ 77.650066521552787, 20.475339423575576 ], [ 77.649343435151479, 20.474129562929022 ], [ 77.648800742860033, 20.472697040935717 ], [ 77.648554898789598, 20.471849762656458 ], [ 77.648510260939872, 20.471014573963483 ], [ 77.648716458397871, 20.469730777353561 ], [ 77.648958339156096, 20.468112424848584 ], [ 77.649285035875778, 20.466922673942296 ], [ 77.649257553493328, 20.466457730739705 ], [ 77.649026596800084, 20.465696035543658 ], [ 77.648990371208697, 20.465317034253758 ], [ 77.649106881977104, 20.464887187993387 ], [ 77.649278549065855, 20.46348615306357 ], [ 77.649502023399691, 20.461958379375744 ], [ 77.649601469532229, 20.46115838834902 ], [ 77.64957316427018, 20.460557972172751 ], [ 77.649187089812415, 20.459558046566656 ], [ 77.648967688508094, 20.459053668092338 ], [ 77.648231532259445, 20.458019906393588 ], [ 77.647514277961591, 20.457577580241203 ], [ 77.646535680677175, 20.456807238063618 ], [ 77.646110103498543, 20.456281676058548 ], [ 77.645512894304659, 20.455233446966076 ], [ 77.645226022263159, 20.454688916460384 ], [ 77.644467282239361, 20.453176576937551 ], [ 77.643713341897239, 20.45166421852889 ], [ 77.643289373605739, 20.450714173820131 ], [ 77.643198145478095, 20.450692135933366 ], [ 77.642351387906274, 20.450891941909614 ], [ 77.641361426788492, 20.45115578950811 ], [ 77.639486277369883, 20.451601524990451 ], [ 77.637180700728834, 20.452185639155974 ], [ 77.636534486368078, 20.452323677935251 ] ] ] } },
{ "type": "Feature", "properties": { "REGION": 1.0, "STATE.NAME": "Maharashtra", "DISTRICT.NAME": "Yavatmal", "DISTRICT.AREA": 13583.851744, "GRID_G0": "197812", "woodland": 0.012331292389422878, "maskWdl": 0.0, "cropland": 0.94416040620768016, "maskCrp": 1.0, "one": 0.038388831105683772, "maskOne": 0.0, "GRID.AREA": 23.459826359546877, "REGION.AREA": 32202.066020262951 }, "geometry": { "type": "Polygon", "coordinates": [ [ [ 77.681531217347981, 20.436118126320959 ], [ 77.726532454914178, 20.436118072510929 ], [ 77.726532454914178, 20.481119297008423 ], [ 77.681531217347981, 20.481119334638159 ], [ 77.681531217347981, 20.436118126320959 ] ] ] } },
{ "type": "Feature", "properties": { "REGION": 1.0, "STATE.NAME": "Maharashtra", "DISTRICT.NAME": "Yavatmal", "DISTRICT.AREA": 13583.851744, "GRID_G0": "197813", "woodland": 0.028775042905141879, "maskWdl": 0.0, "cropland": 0.83163921654513884, "maskCrp": 1.0, "one": 0.12684637659982057, "maskOne": 0.0, "GRID.AREA": 23.459845937128673, "REGION.AREA": 32202.066020262951 }, "geometry": { "type": "Polygon", "coordinates": [ [ [ 77.726532454914178, 20.436118072510929 ], [ 77.771533724775892, 20.436118111365928 ], [ 77.771533724775892, 20.481119330197643 ], [ 77.726532454914178, 20.481119297008423 ], [ 77.726532454914178, 20.436118072510929 ] ] ] } },
{ "type": "Feature", "properties": { "REGION": 1.0, "STATE.NAME": "Maharashtra", "DISTRICT.NAME": "Yavatmal", "DISTRICT.AREA": 13583.851744, "GRID_G0": "197814", "woodland": 0.032995384682603754, "maskWdl": 0.0, "cropland": 0.72642318678694373, "maskCrp": 1.0, "one": 0.23306296110136132, "maskOne": 0.0, "GRID.AREA": 23.459868548747941, "REGION.AREA": 32202.066020262951 }, "geometry": { "type": "Polygon", "coordinates": [ [ [ 77.771533724775892, 20.436118111365928 ], [ 77.816535009901216, 20.436118071587853 ], [ 77.816535009901216, 20.481119352314405 ], [ 77.771533724775892, 20.481119330197643 ], [ 77.771533724775892, 20.436118111365928 ] ] ] } },
{ "type": "Feature", "properties": { "REGION": 1.0, "STATE.NAME": "Maharashtra", "DISTRICT.NAME": "Yavatmal", "DISTRICT.AREA": 13583.851744, "GRID_G0": "197815", "woodland": 0.011957654433392792, "maskWdl": 0.0, "cropland": 0.82498098068024217, "maskCrp": 1.0, "one": 0.15541230363330591, "maskOne": 0.0, "GRID.AREA": 23.457506124427056, "REGION.AREA": 32202.066020262951 }, "geometry": { "type": "Polygon", "coordinates": [ [ [ 77.816535009901216, 20.436118071587853 ], [ 77.861531757373555, 20.436118088506873 ], [ 77.861531757373555, 20.481119319322875 ], [ 77.816535009901216, 20.481119352314405 ], [ 77.816535009901216, 20.436118071587853 ] ] ] } },
{ "type": "Feature", "properties": { "REGION": 1.0, "STATE.NAME": "Maharashtra", "DISTRICT.NAME": "Yavatmal", "DISTRICT.AREA": 13583.851744, "GRID_G0": "197816", "woodland": 0.0063479905201843032, "maskWdl": 0.0, "cropland": 0.56498187716638548, "maskCrp": 1.0, "one": 0.41297011567854575, "maskOne": 1.0, "GRID.AREA": 23.459853212260722, "REGION.AREA": 32202.066020262951 }, "geometry": { "type": "Polygon", "coordinates": [ [ [ 77.861531757373555, 20.436118088506873 ], [ 77.906533022918595, 20.436118093962666 ], [ 77.906533022918595, 20.481119343024822 ], [ 77.861531757373555, 20.481119319322875 ], [ 77.861531757373555, 20.436118088506873 ] ] ] } },
{ "type": "Feature", "properties": { "REGION": 1.0, "STATE.NAME": "Maharashtra", "DISTRICT.NAME": "Yavatmal", "DISTRICT.AREA": 13583.851744, "GRID_G0": "197820", "woodland": 0.14686678909185877, "maskWdl": 0.0, "cropland": 0.59406786615297347, "maskCrp": 1.0, "one": 0.22075221389009814, "maskOne": 0.0, "GRID.AREA": 23.459804367222592, "REGION.AREA": 32202.066020262951 }, "geometry": { "type": "Polygon", "coordinates": [ [ [ 78.041532344959762, 20.436118137732596 ], [ 78.086533529357553, 20.436118064221645 ], [ 78.086533529357553, 20.481119346600465 ], [ 78.041532344959762, 20.481119310136965 ], [ 78.041532344959762, 20.436118137732596 ] ] ] } },
{ "type": "Feature", "properties": { "REGION": 1.0, "STATE.NAME": "Maharashtra", "DISTRICT.NAME": "Yavatmal", "DISTRICT.AREA": 13583.851744, "GRID_G0": "197825", "woodland": 0.094182825771803647, "maskWdl": 0.0, "cropland": 0.70918689782257804, "maskCrp": 1.0, "one": 0.18465510295672452, "maskOne": 0.0, "GRID.AREA": 23.459830459506204, "REGION.AREA": 32202.066020262951 }, "geometry": { "type": "Polygon", "coordinates": [ [ [ 78.266534107122311, 20.436118090111812 ], [ 78.311535332528592, 20.436118095196168 ], [ 78.311535332528592, 20.481119332260892 ], [ 78.266534107122311, 20.481119325912804 ], [ 78.266534107122311, 20.436118090111812 ] ] ] } },
{ "type": "Feature", "properties": { "REGION": 1.0, "STATE.NAME": "Maharashtra", "DISTRICT.NAME": "Yavatmal", "DISTRICT.AREA": 13583.851744, "GRID_G0": "197826", "woodland": 0.015914697318035704, "maskWdl": 0.0, "cropland": 0.87657186657977604, "maskCrp": 1.0, "one": 0.045408330714680457, "maskOne": 0.0, "GRID.AREA": 23.457499487279811, "REGION.AREA": 32202.066020262951 }, "geometry": { "type": "Polygon", "coordinates": [ [ [ 78.311535332528592, 20.436118095196168 ], [ 78.356532096467092, 20.436118090113489 ], [ 78.356532096467092, 20.481119306188948 ], [ 78.311535332528592, 20.481119332260892 ], [ 78.311535332528592, 20.436118095196168 ] ] ] } },
{ "type": "Feature", "properties": { "REGION": 1.0, "STATE.NAME": "Maharashtra", "DISTRICT.NAME": "Yavatmal", "DISTRICT.AREA": 13583.851744, "GRID_G0": "197827", "woodland": 0.0046392719556078033, "maskWdl": 0.0, "cropland": 0.97318061137749901, "maskCrp": 1.0, "one": 0.0079928861786592777, "maskOne": 0.0, "GRID.AREA": 23.459878036509803, "REGION.AREA": 32202.066020262951 }, "geometry": { "type": "Polygon", "coordinates": [ [ [ 78.356532096467092, 20.436118090113489 ], [ 78.401533409796329, 20.436118065059738 ], [ 78.401533409796329, 20.481119328522954 ], [ 78.356532096467092, 20.481119306188948 ], [ 78.356532096467092, 20.436118090113489 ] ] ] } },
{ "type": "Feature", "properties": { "REGION": 1.0, "STATE.NAME": "Maharashtra", "DISTRICT.NAME": "Yavatmal", "DISTRICT.AREA": 13583.851744, "GRID_G0": "197828", "woodland": 0.0086324872778419832, "maskWdl": 0.0, "cropland": 0.95207646391002576, "maskCrp": 1.0, "one": 0.030058711275662418, "maskOne": 0.0, "GRID.AREA": 23.4598582742939, "REGION.AREA": 32202.066020262951 }, "geometry": { "type": "Polygon", "coordinates": [ [ [ 78.401533409796329, 20.436118065059738 ], [ 78.446534648681762, 20.436118073448679 ], [ 78.446534648681762, 20.48111936260085 ], [ 78.401533409796329, 20.481119328522954 ], [ 78.401533409796329, 20.436118065059738 ] ] ] } },
{ "type": "Feature", "properties": { "REGION": 1.0, "STATE.NAME": "Maharashtra", "DISTRICT.NAME": "Yavatmal", "DISTRICT.AREA": 13583.851744, "GRID_G0": "197829", "woodland": 0.012588728686861667, "maskWdl": 0.0, "cropland": 0.93139016326747948, "maskCrp": 1.0, "one": 0.038965854660155133, "maskOne": 0.0, "GRID.AREA": 23.4598382872861, "REGION.AREA": 32202.066020262951 }, "geometry": { "type": "Polygon", "coordinates": [ [ [ 78.446534648681762, 20.436118073448679 ], [ 78.491535879173696, 20.436118127930591 ], [ 78.491535879173696, 20.481119331511326 ], [ 78.446534648681762, 20.48111936260085 ], [ 78.446534648681762, 20.436118073448679 ] ] ] } },
{ "type": "Feature", "properties": { "REGION": 1.0, "STATE.NAME": "Maharashtra", "DISTRICT.NAME": "Yavatmal", "DISTRICT.AREA": 13583.851744, "GRID_G0": "197830", "woodland": 0.028358575225220138, "maskWdl": 0.0, "cropland": 0.93757188981187223, "maskCrp": 1.0, "one": 0.020091353481450653, "maskOne": 0.0, "GRID.AREA": 23.090561976254122, "REGION.AREA": 32202.066020262951 }, "geometry": { "type": "Polygon", "coordinates": [ [ [ 78.534464244598041, 20.481119561676689 ], [ 78.491535879173696, 20.481119331511326 ], [ 78.491535879173696, 20.436118127930591 ], [ 78.536532660272343, 20.436118121172075 ], [ 78.536532660272343, 20.463455239670886 ], [ 78.535740125306575, 20.464294606710784 ], [ 78.534831280339347, 20.465387051871005 ], [ 78.534243563489724, 20.466477404308819 ], [ 78.533322154094208, 20.468563492411302 ], [ 78.533115416143573, 20.469462175938705 ], [ 78.533218334558569, 20.469861911098352 ], [ 78.533321073109107, 20.470207390158976 ], [ 78.53367285641724, 20.47093923325906 ], [ 78.534345481858566, 20.472280863471099 ], [ 78.534872115855535, 20.473315304158007 ], [ 78.535295549050431, 20.474532737096183 ], [ 78.535587287323494, 20.475623450162118 ], [ 78.535579362497629, 20.476687039675198 ], [ 78.535753755431529, 20.477712324364347 ], [ 78.535325848109437, 20.47989800249087 ], [ 78.534464244598041, 20.481119561676689 ] ] ] } },
{ "type": "Feature", "properties": { "REGION": 1.0, "STATE.NAME": "Maharashtra", "DISTRICT.NAME": "Yavatmal", "DISTRICT.AREA": 13583.851744, "GRID_G0": "197831", "woodland": 0.041158615668748455, "maskWdl": 0.0, "cropland": 0.88347626930531142, "maskCrp": 1.0, "one": 0.039891834048471186, "maskOne": 0.0, "GRID.AREA": 5.2769912421854634, "REGION.AREA": 32202.066020262951 }, "geometry": { "type": "Polygon", "coordinates": [ [ [ 78.536532660272343, 20.463455239670886 ], [ 78.536532660272343, 20.436118121172075 ], [ 78.572459571409127, 20.436119047891285 ], [ 78.571735259075012, 20.436460827705105 ], [ 78.570220883487025, 20.436920998205551 ], [ 78.569063440725245, 20.437417493222767 ], [ 78.568112238588981, 20.437749155099482 ], [ 78.566837398327323, 20.438067221924825 ], [ 78.565648911867868, 20.438590703798013 ], [ 78.564623307020042, 20.438962917005085 ], [ 78.563846899814621, 20.439321702434651 ], [ 78.562953052841181, 20.439750526165881 ], [ 78.562308357644682, 20.440116089785764 ], [ 78.561723601363155, 20.440648848165836 ], [ 78.56113868680103, 20.441339579657953 ], [ 78.560771912693667, 20.441795632162719 ], [ 78.560464826590533, 20.442540717779938 ], [ 78.559731049048708, 20.44385925340185 ], [ 78.559445691465555, 20.44444399529419 ], [ 78.559049852168982, 20.445437512331353 ], [ 78.558653857289755, 20.446929972340399 ], [ 78.558286942888174, 20.447702065497992 ], [ 78.557788290397355, 20.448117390405287 ], [ 78.556982930417973, 20.448862258386558 ], [ 78.556335635281414, 20.449614076328604 ], [ 78.55532417497075, 20.450469496170342 ], [ 78.554343766451737, 20.451133025868504 ], [ 78.553389933798485, 20.451532436372872 ], [ 78.552541600614461, 20.45179401228387 ], [ 78.551748446233887, 20.451933725561048 ], [ 78.550473699501708, 20.452057358060696 ], [ 78.549170107914222, 20.452248839012782 ], [ 78.547758769451718, 20.452523675427301 ], [ 78.546426101883128, 20.453187038750912 ], [ 78.545658818299898, 20.454099026848667 ], [ 78.545251188891314, 20.45461589151023 ], [ 78.544476792569981, 20.455667945419407 ], [ 78.543860283025708, 20.45696604484715 ], [ 78.543567417002748, 20.457808261741945 ], [ 78.543186005529776, 20.45851259817789 ], [ 78.542174408522214, 20.459410972338564 ], [ 78.541308844327773, 20.460266351710796 ], [ 78.540625628470025, 20.460855366282203 ], [ 78.539662086735973, 20.461435293204257 ], [ 78.538636284037352, 20.461793908662003 ], [ 78.537514448133322, 20.462348916269544 ], [ 78.536795099314418, 20.463177289900045 ], [ 78.536532660272343, 20.463455239670886 ] ] ] } },
{ "type": "Feature", "properties": { "REGION": 1.0, "STATE.NAME": "Maharashtra", "DISTRICT.NAME": "Yavatmal", "DISTRICT.AREA": 13583.851744, "GRID_G0": "197832", "woodland": 0.029336606055193046, "maskWdl": 0.0, "cropland": 0.90301153899888942, "maskCrp": 1.0, "one": 0.045810633249321275, "maskOne": 0.0, "GRID.AREA": 0.64799312126750741, "REGION.AREA": 32202.066020262951 }, "geometry": { "type": "Polygon", "coordinates": [ [ [ 78.608807067664372, 20.436119482676361 ], [ 78.616888767099852, 20.436119071832493 ], [ 78.616005832003623, 20.436762156348493 ], [ 78.614894034332281, 20.437949905363894 ], [ 78.614687819787093, 20.438378977307991 ], [ 78.614659101736208, 20.438737972279625 ], [ 78.614798023609978, 20.439541831290516 ], [ 78.614929602519226, 20.440535504809763 ], [ 78.615135425859251, 20.442193038078301 ], [ 78.615003582549392, 20.443048824843462 ], [ 78.614433229809777, 20.443809784394094 ], [ 78.613903625352066, 20.444236591845314 ], [ 78.612892500488556, 20.444735523125928 ], [ 78.612058614913224, 20.444983866412375 ], [ 78.611253601172805, 20.444803231284141 ], [ 78.610592459174711, 20.444457587647605 ], [ 78.609849760358202, 20.443897480884061 ], [ 78.609116719361168, 20.443012218838877 ], [ 78.608383698149225, 20.442088610600933 ], [ 78.607928839044746, 20.440539457330146 ], [ 78.607665460892349, 20.438676414584908 ], [ 78.607768672486316, 20.438062209103691 ], [ 78.608295880250751, 20.437025753036096 ], [ 78.608807067664372, 20.436119482676361 ] ] ] } },
{ "type": "Feature", "properties": { "REGION": 1.0, "STATE.NAME": "Maharashtra", "DISTRICT.NAME": "Yavatmal", "DISTRICT.AREA": 13583.851744, "GRID_G0": "197833", "woodland": 0.027809781787701077, "maskWdl": 0.0, "cropland": 0.90497499488817146, "maskCrp": 1.0, "one": 0.05004868692770937, "maskOne": 0.0, "GRID.AREA": 0.027225723197563043, "REGION.AREA": 32202.066020262951 }, "geometry": { "type": "Polygon", "coordinates": [ [ [ 78.635027474844847, 20.436118984956778 ], [ 78.643977706137107, 20.436119479088418 ], [ 78.643615705000855, 20.436258295883704 ], [ 78.643031087214979, 20.436533798695908 ], [ 78.64276313331203, 20.436589810271585 ], [ 78.642480020436665, 20.436648991957437 ], [ 78.642192536856172, 20.436676125402926 ], [ 78.641713399653725, 20.436721363100503 ], [ 78.64130148317696, 20.436692539828925 ], [ 78.641100141158631, 20.436678451049712 ], [ 78.640455580860433, 20.436547528645576 ], [ 78.6394133592392, 20.436403048062292 ], [ 78.6383711385173, 20.436258559385067 ], [ 78.637084612464946, 20.43615707089214 ], [ 78.635654274025569, 20.436179687042966 ], [ 78.635027474844847, 20.436118984956778 ] ] ] } },
{ "type": "Feature", "properties": { "REGION": 1.0, "STATE.NAME": "Maharashtra", "DISTRICT.NAME": "Yavatmal", "DISTRICT.AREA": 13583.851744, "GRID_G0": "197159", "woodland": 0.08226848259428611, "maskWdl": 0.0, "cropland": 0.55948146363685058, "maskCrp": 1.0, "one": 0.26104558322600646, "maskOne": 0.0, "GRID.AREA": 4.2027418102864242, "REGION.AREA": 32202.066020262951 }, "geometry": { "type": "MultiPolygon", "coordinates": [ [ [ [ 77.572360052558437, 20.391118272759904 ], [ 77.591533190519684, 20.391116860464805 ], [ 77.591533190519684, 20.413852510444165 ], [ 77.591185539281298, 20.414049382373154 ], [ 77.590784524386322, 20.414259571921772 ], [ 77.589772150364524, 20.41473549944379 ], [ 77.589233130904347, 20.415073122027025 ], [ 77.588520964970598, 20.415303386242332 ], [ 77.587588223218006, 20.415507924451219 ], [ 77.587253457780889, 20.415609279844436 ], [ 77.586603669723615, 20.415852684953506 ], [ 77.585136147015646, 20.416326928045354 ], [ 77.584705558814562, 20.41642443164227 ], [ 77.584183491574947, 20.416445781547626 ], [ 77.583907674899308, 20.416384303892585 ], [ 77.583631664869472, 20.416322730909371 ], [ 77.582714221484196, 20.415980688158296 ], [ 77.581643550709373, 20.415648665653464 ], [ 77.581128160935918, 20.415249945828407 ], [ 77.580394034457186, 20.414414455862474 ], [ 77.580284291986516, 20.413782933935291 ], [ 77.580111515134377, 20.41306146541433 ], [ 77.580070610370456, 20.41267788028 ], [ 77.580534542734995, 20.411884699819097 ], [ 77.580879745703783, 20.411236824619834 ], [ 77.581125947704393, 20.410133337583488 ], [ 77.581098023754862, 20.409550961807494 ], [ 77.580692715496468, 20.408465155442627 ], [ 77.580289910051363, 20.40771347869412 ], [ 77.579929705491566, 20.40689379880979 ], [ 77.579228795472602, 20.405999532752276 ], [ 77.578374139155258, 20.405042905905415 ], [ 77.577959027387237, 20.404598354830284 ], [ 77.577253723280762, 20.403753760127984 ], [ 77.576951992640431, 20.403082711198241 ], [ 77.576525399227876, 20.402353814277149 ], [ 77.576120915647778, 20.402049209403515 ], [ 77.57559639685627, 20.401700169926926 ], [ 77.57457674462114, 20.401123946413065 ], [ 77.574134827660203, 20.400941494654322 ], [ 77.574000040869237, 20.400860954969119 ], [ 77.573908031230701, 20.400708003671468 ], [ 77.573626147728589, 20.40013171360772 ], [ 77.573374833082141, 20.399126285949365 ], [ 77.573369111595312, 20.398286239118704 ], [ 77.573267069119993, 20.396701875591134 ], [ 77.573251648444852, 20.39517556779828 ], [ 77.573187221912804, 20.394164354801205 ], [ 77.572996286849232, 20.393564900000175 ], [ 77.572559589553464, 20.392068348975158 ], [ 77.572360052558437, 20.391118272759904 ] ] ], [ [ [ 77.591533190519684, 20.424537270793287 ], [ 77.591533190519684, 20.428993829471075 ], [ 77.590569058515314, 20.429244707177531 ], [ 77.590281833040194, 20.429278054039003 ], [ 77.590356798727328, 20.428356430604822 ], [ 77.590483522196848, 20.427307907434056 ], [ 77.590556704528353, 20.426801645779392 ], [ 77.590435346414154, 20.426581186872344 ], [ 77.590380603781909, 20.426297063158984 ], [ 77.590817768725117, 20.425779383711639 ], [ 77.59144918363296, 20.424953641497382 ], [ 77.591533190519684, 20.424537270793287 ] ] ] ] } },
{ "type": "Feature", "properties": { "REGION": 1.0, "STATE.NAME": "Maharashtra", "DISTRICT.NAME": "Yavatmal", "DISTRICT.AREA": 13583.851744, "GRID_G0": "197160", "woodland": 0.091675141171138869, "maskWdl": 0.0, "cropland": 0.74806153367823058, "maskCrp": 1.0, "one": 0.14023741368091286, "maskOne": 0.0, "GRID.AREA": 22.451810222232851, "REGION.AREA": 32202.066020262951 }, "geometry": { "type": "Polygon", "coordinates": [ [ [ 77.591533190519684, 20.413852510444165 ], [ 77.591533190519684, 20.391116860464805 ], [ 77.636534486368078, 20.391116860702571 ], [ 77.636534486368078, 20.436118138113137 ], [ 77.603956193658448, 20.436119248229495 ], [ 77.603941319936041, 20.435880236184005 ], [ 77.603894878945553, 20.435415357732609 ], [ 77.603884750780708, 20.435338683333612 ], [ 77.603061015853257, 20.434729737087764 ], [ 77.602199314247002, 20.434170755376101 ], [ 77.60149634837785, 20.433687428232304 ], [ 77.600924179007734, 20.433411089949914 ], [ 77.600440410296756, 20.433436700843121 ], [ 77.599978981644767, 20.43324094811129 ], [ 77.599525218813881, 20.432756099314588 ], [ 77.599441400200533, 20.432422402272095 ], [ 77.599213924782873, 20.432107731286806 ], [ 77.599021752252099, 20.432036682147217 ], [ 77.598552282761716, 20.432048631439216 ], [ 77.598528007361722, 20.431999133653161 ], [ 77.598464905531046, 20.431895672947007 ], [ 77.598204737059007, 20.431689633769622 ], [ 77.597925319497961, 20.43147454741251 ], [ 77.597313893821195, 20.431071944314855 ], [ 77.596904669914636, 20.430790027537796 ], [ 77.596375313669853, 20.430472702653162 ], [ 77.595990170909715, 20.43021333367847 ], [ 77.595629245992939, 20.429985160386877 ], [ 77.594324892679708, 20.429162436297474 ], [ 77.593786705092441, 20.42894013917612 ], [ 77.592821787395621, 20.428670684304681 ], [ 77.591831635621531, 20.428916169545634 ], [ 77.591533190519684, 20.428993829471075 ], [ 77.591533190519684, 20.424537270793287 ], [ 77.591574165115674, 20.424334183975478 ], [ 77.591856564828689, 20.422941481264388 ], [ 77.592456569115427, 20.421054554324257 ], [ 77.592773885006864, 20.420533285682666 ], [ 77.593107265487959, 20.420255787274812 ], [ 77.593551052139389, 20.419995518078736 ], [ 77.594205594912353, 20.41974305589736 ], [ 77.594707029905578, 20.419509644054866 ], [ 77.594978546922462, 20.419286597798308 ], [ 77.595182301821808, 20.418964706156316 ], [ 77.595354119097351, 20.41818691219629 ], [ 77.595416719106368, 20.417563324088182 ], [ 77.595517537604337, 20.416235016432893 ], [ 77.595617407317548, 20.414775742306684 ], [ 77.59571733998331, 20.413334497788867 ], [ 77.595658777930339, 20.412490464263552 ], [ 77.595536627513411, 20.412152475656285 ], [ 77.595478715670254, 20.412107771256675 ], [ 77.594317210670795, 20.412471709801594 ], [ 77.592798413116327, 20.413136015614665 ], [ 77.591533190519684, 20.413852510444165 ] ] ] } },
{ "type": "Feature", "properties": { "REGION": 1.0, "STATE.NAME": "Maharashtra", "DISTRICT.NAME": "Yavatmal", "DISTRICT.AREA": 13583.851744, "GRID_G0": "197161", "woodland": 0.066102695741619741, "maskWdl": 0.0, "cropland": 0.80841772638350229, "maskCrp": 1.0, "one": 0.11990974654494009, "maskOne": 0.0, "GRID.AREA": 23.464385311661452, "REGION.AREA": 32202.066020262951 }, "geometry": { "type": "Polygon", "coordinates": [ [ [ 77.636534486368078, 20.391116860702571 ], [ 77.681531217347981, 20.391116808804355 ], [ 77.681531217347981, 20.436118126320959 ], [ 77.636534486368078, 20.436118138113137 ], [ 77.636534486368078, 20.391116860702571 ] ] ] } },
{ "type": "Feature", "properties": { "REGION": 1.0, "STATE.NAME": "Maharashtra", "DISTRICT.NAME": "Yavatmal", "DISTRICT.AREA": 13583.851744, "GRID_G0": "197162", "woodland": 0.068458122955750267, "maskWdl": 0.0, "cropland": 0.74997411100126854, "maskCrp": 1.0, "one": 0.1707300474512774, "maskOne": 0.0, "GRID.AREA": 23.466727414664671, "REGION.AREA": 32202.066020262951 }, "geometry": { "type": "Polygon", "coordinates": [ [ [ 77.681531217347981, 20.391116808804355 ], [ 77.726532454914178, 20.391116825570233 ], [ 77.726532454914178, 20.436118072510929 ], [ 77.681531217347981, 20.436118126320959 ], [ 77.681531217347981, 20.391116808804355 ] ] ] } },
{ "type": "Feature", "properties": { "REGION": 1.0, "STATE.NAME": "Maharashtra", "DISTRICT.NAME": "Yavatmal", "DISTRICT.AREA": 13583.851744, "GRID_G0": "197163", "woodland": 0.099515317486943977, "maskWdl": 0.0, "cropland": 0.70525395465148455, "maskCrp": 1.0, "one": 0.19081814910711245, "maskOne": 0.0, "GRID.AREA": 23.466725054783726, "REGION.AREA": 32202.066020262951 }, "geometry": { "type": "Polygon", "coordinates": [ [ [ 77.726532454914178, 20.391116825570233 ], [ 77.771533724775892, 20.391116867484932 ], [ 77.771533724775892, 20.436118111365928 ], [ 77.726532454914178, 20.436118072510929 ], [ 77.726532454914178, 20.391116825570233 ] ] ] } },
{ "type": "Feature", "properties": { "REGION": 1.0, "STATE.NAME": "Maharashtra", "DISTRICT.NAME": "Yavatmal", "DISTRICT.AREA": 13583.851744, "GRID_G0": "197164", "woodland": 0.052546098913953114, "maskWdl": 0.0, "cropland": 0.84687841336425174, "maskCrp": 1.0, "one": 0.080620218326614451, "maskOne": 0.0, "GRID.AREA": 23.466725718130895, "REGION.AREA": 32202.066020262951 }, "geometry": { "type": "Polygon", "coordinates": [ [ [ 77.771533724775892, 20.391116867484932 ], [ 77.816535009901216, 20.391116852626354 ], [ 77.816535009901216, 20.436118071587853 ], [ 77.771533724775892, 20.436118111365928 ], [ 77.771533724775892, 20.391116867484932 ] ] ] } },
{ "type": "Feature", "properties": { "REGION": 1.0, "STATE.NAME": "Maharashtra", "DISTRICT.NAME": "Yavatmal", "DISTRICT.AREA": 13583.851744, "GRID_G0": "197165", "woodland": 0.011892514175117544, "maskWdl": 0.0, "cropland": 0.88755024401245985, "maskCrp": 1.0, "one": 0.090294998651127334, "maskOne": 0.0, "GRID.AREA": 23.464363954811517, "REGION.AREA": 32202.066020262951 }, "geometry": { "type": "Polygon", "coordinates": [ [ [ 77.816535009901216, 20.391116852626354 ], [ 77.861531757373555, 20.39111682746179 ], [ 77.861531757373555, 20.436118088506873 ], [ 77.816535009901216, 20.436118071587853 ], [ 77.816535009901216, 20.391116852626354 ] ] ] } },
{ "type": "Feature", "properties": { "REGION": 1.0, "STATE.NAME": "Maharashtra", "DISTRICT.NAME": "Yavatmal", "DISTRICT.AREA": 13583.851744, "GRID_G0": "197166", "woodland": 0.025593235682085613, "maskWdl": 0.0, "cropland": 0.87572624852456515, "maskCrp": 1.0, "one": 0.091961737588301701, "maskOne": 0.0, "GRID.AREA": 23.466736387159575, "REGION.AREA": 32202.066020262951 }, "geometry": { "type": "Polygon", "coordinates": [ [ [ 77.861531757373555, 20.39111682746179 ], [ 77.906533022918595, 20.391116812097394 ], [ 77.906533022918595, 20.436118093962666 ], [ 77.861531757373555, 20.436118088506873 ], [ 77.861531757373555, 20.39111682746179 ] ] ] } },
{ "type": "Feature", "properties": { "REGION": 1.0, "STATE.NAME": "Maharashtra", "DISTRICT.NAME": "Yavatmal", "DISTRICT.AREA": 13583.851744, "GRID_G0": "197167", "woodland": 0.027253832168960417, "maskWdl": 0.0, "cropland": 0.84762056574769951, "maskCrp": 1.0, "one": 0.10855012352596481, "maskOne": 0.0, "GRID.AREA": 23.466722180319209, "REGION.AREA": 32202.066020262951 }, "geometry": { "type": "Polygon", "coordinates": [ [ [ 77.906533022918595, 20.391116812097394 ], [ 77.951534251315636, 20.391116851581465 ], [ 77.951534251315636, 20.436118132444712 ], [ 77.906533022918595, 20.436118093962666 ], [ 77.906533022918595, 20.391116812097394 ] ] ] } },
{ "type": "Feature", "properties": { "REGION": 1.0, "STATE.NAME": "Maharashtra", "DISTRICT.NAME": "Yavatmal", "DISTRICT.AREA": 13583.851744, "GRID_G0": "197168", "woodland": 0.066378407129424583, "maskWdl": 0.0, "cropland": 0.81449012837470292, "maskCrp": 1.0, "one": 0.08668746293366196, "maskOne": 0.0, "GRID.AREA": 23.464415703244601, "REGION.AREA": 32202.066020262951 }, "geometry": { "type": "Polygon", "coordinates": [ [ [ 77.951534251315636, 20.391116851581465 ], [ 77.996531068852022, 20.391116829703904 ], [ 77.996531068852022, 20.436118087205887 ], [ 77.951534251315636, 20.436118132444712 ], [ 77.951534251315636, 20.391116851581465 ] ] ] } },
{ "type": "Feature", "properties": { "REGION": 1.0, "STATE.NAME": "Maharashtra", "DISTRICT.NAME": "Yavatmal", "DISTRICT.AREA": 13583.851744, "GRID_G0": "197169", "woodland": 0.17007598589690395, "maskWdl": 0.0, "cropland": 0.59005751003763374, "maskCrp": 1.0, "one": 0.22851579313184789, "maskOne": 0.0, "GRID.AREA": 23.466746308178802, "REGION.AREA": 32202.066020262951 }, "geometry": { "type": "Polygon", "coordinates": [ [ [ 77.996531068852022, 20.391116829703904 ], [ 78.041532344959762, 20.391116835389361 ], [ 78.041532344959762, 20.436118137732596 ], [ 77.996531068852022, 20.436118087205887 ], [ 77.996531068852022, 20.391116829703904 ] ] ] } },
{ "type": "Feature", "properties": { "REGION": 1.0, "STATE.NAME": "Maharashtra", "DISTRICT.NAME": "Yavatmal", "DISTRICT.AREA": 13583.851744, "GRID_G0": "197176", "woodland": 0.07948268314206966, "maskWdl": 0.0, "cropland": 0.62623963808604932, "maskCrp": 1.0, "one": 0.27250778700129658, "maskOne": 0.0, "GRID.AREA": 23.464371806065895, "REGION.AREA": 32202.066020262951 }, "geometry": { "type": "Polygon", "coordinates": [ [ [ 78.311535332528592, 20.391116892106215 ], [ 78.356532096467092, 20.391116816009543 ], [ 78.356532096467092, 20.436118090113489 ], [ 78.311535332528592, 20.436118095196168 ], [ 78.311535332528592, 20.391116892106215 ] ] ] } },
{ "type": "Feature", "properties": { "REGION": 1.0, "STATE.NAME": "Maharashtra", "DISTRICT.NAME": "Yavatmal", "DISTRICT.AREA": 13583.851744, "GRID_G0": "197177", "woodland": 0.17964178815434334, "maskWdl": 0.0, "cropland": 0.64288698307020586, "maskCrp": 1.0, "one": 0.16644581064978564, "maskOne": 0.0, "GRID.AREA": 23.466752337767701, "REGION.AREA": 32202.066020262951 }, "geometry": { "type": "Polygon", "coordinates": [ [ [ 78.356532096467092, 20.391116816009543 ], [ 78.401533409796329, 20.391116830648905 ], [ 78.401533409796329, 20.436118065059738 ], [ 78.356532096467092, 20.436118090113489 ], [ 78.356532096467092, 20.391116816009543 ] ] ] } },
{ "type": "Feature", "properties": { "REGION": 1.0, "STATE.NAME": "Maharashtra", "DISTRICT.NAME": "Yavatmal", "DISTRICT.AREA": 13583.851744, "GRID_G0": "197178", "woodland": 0.082370488871979244, "maskWdl": 0.0, "cropland": 0.70301995003438733, "maskCrp": 1.0, "one": 0.19261385543581952, "maskOne": 0.0, "GRID.AREA": 23.466710504763249, "REGION.AREA": 32202.066020262951 }, "geometry": { "type": "Polygon", "coordinates": [ [ [ 78.401533409796329, 20.391116830648905 ], [ 78.446534648681762, 20.391116810903473 ], [ 78.446534648681762, 20.436118073448679 ], [ 78.401533409796329, 20.436118065059738 ], [ 78.401533409796329, 20.391116830648905 ] ] ] } },
{ "type": "Feature", "properties": { "REGION": 1.0, "STATE.NAME": "Maharashtra", "DISTRICT.NAME": "Yavatmal", "DISTRICT.AREA": 13583.851744, "GRID_G0": "197179", "woodland": 0.014768083210866634, "maskWdl": 0.0, "cropland": 0.93532774184186107, "maskCrp": 1.0, "one": 0.044584877440397068, "maskOne": 0.0, "GRID.AREA": 23.466715139513219, "REGION.AREA": 32202.066020262951 }, "geometry": { "type": "Polygon", "coordinates": [ [ [ 78.446534648681762, 20.391116810903473 ], [ 78.491535879173696, 20.391116858943644 ], [ 78.491535879173696, 20.436118127930591 ], [ 78.446534648681762, 20.436118073448679 ], [ 78.446534648681762, 20.391116810903473 ] ] ] } },
{ "type": "Feature", "properties": { "REGION": 1.0, "STATE.NAME": "Maharashtra", "DISTRICT.NAME": "Yavatmal", "DISTRICT.AREA": 13583.851744, "GRID_G0": "197180", "woodland": 0.03982870829773915, "maskWdl": 0.0, "cropland": 0.81273433192033295, "maskCrp": 1.0, "one": 0.08185268313168173, "maskOne": 0.0, "GRID.AREA": 23.464392485630476, "REGION.AREA": 32202.066020262951 }, "geometry": { "type": "Polygon", "coordinates": [ [ [ 78.491535879173696, 20.391116858943644 ], [ 78.536532660272343, 20.391116867956011 ], [ 78.536532660272343, 20.436118121172075 ], [ 78.491535879173696, 20.436118127930591 ], [ 78.491535879173696, 20.391116858943644 ] ] ] } },
{ "type": "Feature", "properties": { "REGION": 1.0, "STATE.NAME": "Maharashtra", "DISTRICT.NAME": "Yavatmal", "DISTRICT.AREA": 13583.851744, "GRID_G0": "197181", "woodland": 0.074347146207227308, "maskWdl": 0.0, "cropland": 0.85964223990519928, "maskCrp": 1.0, "one": 0.043882742326520882, "maskOne": 0.0, "GRID.AREA": 23.244857679619162, "REGION.AREA": 32202.066020262951 }, "geometry": { "type": "Polygon", "coordinates": [ [ [ 78.572459571409127, 20.436119047891285 ], [ 78.536532660272343, 20.436118121172075 ], [ 78.536532660272343, 20.391116867956011 ], [ 78.58153389932626, 20.391116810132043 ], [ 78.58153389932626, 20.432624124347946 ], [ 78.580217871457648, 20.432730266288786 ], [ 78.57913970843083, 20.4327075035485 ], [ 78.578672393716033, 20.432885767164461 ], [ 78.577785822257965, 20.433436491301109 ], [ 78.576041372211591, 20.434416086832982 ], [ 78.574591656080145, 20.435163168045843 ], [ 78.572907044224792, 20.435907897531479 ], [ 78.572459571409127, 20.436119047891285 ] ] ] } },
{ "type": "Feature", "properties": { "REGION": 1.0, "STATE.NAME": "Maharashtra", "DISTRICT.NAME": "Yavatmal", "DISTRICT.AREA": 13583.851744, "GRID_G0": "197182", "woodland": 0.057679085543818738, "maskWdl": 0.0, "cropland": 0.83431644326817322, "maskCrp": 1.0, "one": 0.075246022662690024, "maskOne": 0.0, "GRID.AREA": 22.108360727553382, "REGION.AREA": 32202.066020262951 }, "geometry": { "type": "Polygon", "coordinates": [ [ [ 78.58153389932626, 20.432624124347946 ], [ 78.58153389932626, 20.391116810132043 ], [ 78.626535152789216, 20.391116845894516 ], [ 78.626535152789216, 20.434509375959049 ], [ 78.62561578234255, 20.43432819339148 ], [ 78.623591364350034, 20.433966835001456 ], [ 78.622728755327842, 20.434133866984439 ], [ 78.622113050676845, 20.43420616258436 ], [ 78.619904147558429, 20.434608008452873 ], [ 78.618073603613993, 20.435256082402308 ], [ 78.616888767099852, 20.436119071832493 ], [ 78.608807067664372, 20.436119482676361 ], [ 78.609043549620196, 20.435700226084634 ], [ 78.609527765294217, 20.434733895552881 ], [ 78.609585332697009, 20.43395926720649 ], [ 78.609441686684548, 20.433209525799047 ], [ 78.609003340931523, 20.43273979190792 ], [ 78.608342210624599, 20.432380716896603 ], [ 78.607918154199524, 20.432186421066547 ], [ 78.607508475235988, 20.432035107434331 ], [ 78.606864181137112, 20.431605931168864 ], [ 78.606291529730356, 20.431219717316139 ], [ 78.605810097458061, 20.431027731844377 ], [ 78.60514880077659, 20.431122519488728 ], [ 78.604058599424889, 20.431689242564516 ], [ 78.6032367953419, 20.431908129456648 ], [ 78.602417476085691, 20.432048045081274 ], [ 78.601274599643091, 20.432047919176171 ], [ 78.600057564205258, 20.432253245191191 ], [ 78.598974632973011, 20.432266627103218 ], [ 78.598052285584572, 20.432158016879043 ], [ 78.597376660904217, 20.432047396670043 ], [ 78.596746607569912, 20.431990809528319 ], [ 78.596030265184652, 20.432114833233015 ], [ 78.59434357589538, 20.432554956945751 ], [ 78.593727697675149, 20.432762581627912 ], [ 78.59223267010168, 20.433037776871974 ], [ 78.591192836180483, 20.433134726486514 ], [ 78.590284767328228, 20.433215809362139 ], [ 78.58943432793194, 20.433326305464679 ], [ 78.58840886427771, 20.433466037627571 ], [ 78.587016989842255, 20.43323098991829 ], [ 78.585773557503728, 20.432925795988751 ], [ 78.584539795575154, 20.432702060851454 ], [ 78.583308389870353, 20.432523301709068 ], [ 78.581947640970895, 20.432590752661159 ], [ 78.58153389932626, 20.432624124347946 ] ] ] } },
{ "type": "Feature", "properties": { "REGION": 1.0, "STATE.NAME": "Maharashtra", "DISTRICT.NAME": "Yavatmal", "DISTRICT.AREA": 13583.851744, "GRID_G0": "197183", "woodland": 0.057573495646263906, "maskWdl": 0.0, "cropland": 0.85712311519943152, "maskCrp": 1.0, "one": 0.041877563335945785, "maskOne": 0.0, "GRID.AREA": 14.488241840682875, "REGION.AREA": 32202.066020262951 }, "geometry": { "type": "Polygon", "coordinates": [ [ [ 78.626535152789216, 20.434509375959049 ], [ 78.626535152789216, 20.391116845894516 ], [ 78.667967624798237, 20.391117291075375 ], [ 78.666838954853915, 20.391844802695516 ], [ 78.665711317423415, 20.392906299486182 ], [ 78.664760821254973, 20.393990523943557 ], [ 78.66350393325996, 20.395420211273802 ], [ 78.662570169877483, 20.396563051743499 ], [ 78.661703651502364, 20.397999443519552 ], [ 78.661380535883097, 20.398649848511756 ], [ 78.661198629113528, 20.399155778316583 ], [ 78.660973722159611, 20.400018454787926 ], [ 78.66087585973321, 20.400874362961531 ], [ 78.660722983978587, 20.402552279364272 ], [ 78.660620020597548, 20.40332448313842 ], [ 78.660493523757168, 20.404273080838038 ], [ 78.660297444571484, 20.405573792796357 ], [ 78.660161234153691, 20.406614926237921 ], [ 78.65997737135865, 20.408394431857577 ], [ 78.659983291595665, 20.4089182725603 ], [ 78.659992057287695, 20.409695210365729 ], [ 78.65954459510705, 20.411289485321561 ], [ 78.65929539296809, 20.411745577396516 ], [ 78.659101593563776, 20.412100270011479 ], [ 78.659101564785431, 20.412100316776272 ], [ 78.658366381603287, 20.412922421232789 ], [ 78.65740343791839, 20.413857455357341 ], [ 78.656901910295005, 20.414376414539959 ], [ 78.656591459828064, 20.414697666763967 ], [ 78.656239133329393, 20.414905453324078 ], [ 78.655932661463225, 20.415086195471588 ], [ 78.65513497539888, 20.415332431646451 ], [ 78.654016260142328, 20.415608136806096 ], [ 78.653173110650584, 20.41582498673381 ], [ 78.651972893434348, 20.416010283947514 ], [ 78.651021929618423, 20.416182099424418 ], [ 78.649888907946774, 20.416559342539699 ], [ 78.649526988379876, 20.41663106976813 ], [ 78.649091107668539, 20.416717453247941 ], [ 78.648483186649798, 20.416839763744182 ], [ 78.648293377537414, 20.416877951656204 ], [ 78.647160352268486, 20.417627772203957 ], [ 78.646277269280631, 20.418565543864815 ], [ 78.646269258119844, 20.418574055948 ], [ 78.645632096544091, 20.419716744432264 ], [ 78.645033246087522, 20.420468800694664 ], [ 78.644915278417443, 20.42064850682317 ], [ 78.644558851909551, 20.421191464414619 ], [ 78.643974407692852, 20.422289039307771 ], [ 78.643806804640406, 20.422882977667314 ], [ 78.643852331919618, 20.42370719463139 ], [ 78.644127847322352, 20.424341691515906 ], [ 78.644500872617257, 20.42483451460123 ], [ 78.644664521350649, 20.425050717916353 ], [ 78.644664547430978, 20.425050747593954 ], [ 78.645124480510461, 20.42550462553811 ], [ 78.645953466579272, 20.426283540952682 ], [ 78.646230473957246, 20.426573291724083 ], [ 78.646521270640164, 20.426877456829232 ], [ 78.646720172797814, 20.42752770623872 ], [ 78.64672018538829, 20.42752775390278 ], [ 78.646754362324046, 20.427680456088236 ], [ 78.64688801327128, 20.428277444048831 ], [ 78.647149098152397, 20.428799064325403 ], [ 78.647339277785477, 20.429449907287449 ], [ 78.647486930277694, 20.42995520756682 ], [ 78.64777696973141, 20.431025599551845 ], [ 78.64794712326119, 20.432066559424243 ], [ 78.647961572668521, 20.432716977906239 ], [ 78.647884947732223, 20.433584134800014 ], [ 78.647731651094887, 20.434336113720747 ], [ 78.647487304395611, 20.43498647374679 ], [ 78.647027270592105, 20.435377259752784 ], [ 78.646762800662771, 20.435469460946937 ], [ 78.646612866590601, 20.435521731342877 ], [ 78.646016325592996, 20.435695631448255 ], [ 78.645447910892415, 20.435789604306816 ], [ 78.64470341792844, 20.43591268192478 ], [ 78.644257765183795, 20.436012083990533 ], [ 78.643977706137107, 20.436119479088418 ], [ 78.635027474844847, 20.436118984956778 ], [ 78.634628871525251, 20.436080381204704 ], [ 78.633347017450944, 20.43591104965526 ], [ 78.632558917260269, 20.435843328906572 ], [ 78.630795544578802, 20.43546845910214 ], [ 78.62729996971791, 20.434660096286446 ], [ 78.626535152789216, 20.434509375959049 ] ] ] } },
{ "type": "Feature", "properties": { "REGION": 1.0, "STATE.NAME": "Maharashtra", "DISTRICT.NAME": "Yavatmal", "DISTRICT.AREA": 13583.851744, "GRID_G0": "196509", "woodland": 0.047691174375146222, "maskWdl": 0.0, "cropland": 0.67436557641978723, "maskCrp": 1.0, "one": 0.27356136350680837, "maskOne": 0.0, "GRID.AREA": 10.07158600423536, "REGION.AREA": 32202.066020262951 }, "geometry": { "type": "Polygon", "coordinates": [ [ [ 77.56741082067947, 20.346117057919059 ], [ 77.591533190519684, 20.346115625147231 ], [ 77.591533190519684, 20.391116860464805 ], [ 77.572360052558437, 20.391118272759904 ], [ 77.572257406554115, 20.390629529029582 ], [ 77.572137939714196, 20.389284628882592 ], [ 77.572199357114698, 20.387775857869599 ], [ 77.572453628732035, 20.386451105234354 ], [ 77.572932210153454, 20.385003100512737 ], [ 77.573501410861468, 20.384204778627687 ], [ 77.573519497127165, 20.384042123645145 ], [ 77.573531882590373, 20.383748520178131 ], [ 77.573232913768038, 20.382774886252037 ], [ 77.572932504231744, 20.382275455847662 ], [ 77.572872632765836, 20.381928077418873 ], [ 77.572989228969789, 20.381471197537795 ], [ 77.573389815787436, 20.380538546616666 ], [ 77.574064244369424, 20.379012532002776 ], [ 77.574772597177684, 20.377544999402232 ], [ 77.575253017712669, 20.376372440835556 ], [ 77.575217338009793, 20.376056540477013 ], [ 77.575194801898647, 20.374887034209337 ], [ 77.57524911375566, 20.374417097071444 ], [ 77.575719255039644, 20.373149659129524 ], [ 77.576135220264234, 20.372365860396201 ], [ 77.576460419612729, 20.372291597978915 ], [ 77.57718253654491, 20.372124554304776 ], [ 77.578269148702304, 20.372027606488871 ], [ 77.578718585794149, 20.371920868653202 ], [ 77.578287306014431, 20.371192014899638 ], [ 77.577812089856138, 20.370359456723577 ], [ 77.577152404759715, 20.369162330477195 ], [ 77.57690997001913, 20.368730338434428 ], [ 77.576032521283892, 20.36720929887008 ], [ 77.575236549327371, 20.366396814461496 ], [ 77.574691774206087, 20.365867309828559 ], [ 77.573264877472184, 20.364534759171875 ], [ 77.571847563913991, 20.363202260675848 ], [ 77.570434970897225, 20.361842516319147 ], [ 77.569022404860164, 20.360482852002065 ], [ 77.568207589408757, 20.359697522622643 ], [ 77.568862681667497, 20.35885806214992 ], [ 77.569170356826589, 20.358327797589823 ], [ 77.568651783453106, 20.357445868432137 ], [ 77.568274727396798, 20.356924317403355 ], [ 77.568340681877032, 20.356074896938988 ], [ 77.568431355122996, 20.354647297834557 ], [ 77.568582380072826, 20.352921277594934 ], [ 77.568717537384487, 20.351678592593032 ], [ 77.568436751954607, 20.350537733329762 ], [ 77.568293322678755, 20.349888311296581 ], [ 77.567855658611791, 20.34821560556577 ], [ 77.567509269437267, 20.346600940281235 ], [ 77.56741082067947, 20.346117057919059 ] ] ] } },
{ "type": "Feature", "properties": { "REGION": 1.0, "STATE.NAME": "Maharashtra", "DISTRICT.NAME": "Yavatmal", "DISTRICT.AREA": 13583.851744, "GRID_G0": "196510", "woodland": 0.029620586801823213, "maskWdl": 0.0, "cropland": 0.78321572749182899, "maskCrp": 1.0, "one": 0.17243076972619076, "maskOne": 0.0, "GRID.AREA": 23.47360261372895, "REGION.AREA": 32202.066020262951 }, "geometry": { "type": "Polygon", "coordinates": [ [ [ 77.591533190519684, 20.346115625147231 ], [ 77.636534486368078, 20.3461155601839 ], [ 77.636534486368078, 20.391116860702571 ], [ 77.591533190519684, 20.391116860464805 ], [ 77.591533190519684, 20.346115625147231 ] ] ] } },
{ "type": "Feature", "properties": { "REGION": 1.0, "STATE.NAME": "Maharashtra", "DISTRICT.NAME": "Yavatmal", "DISTRICT.AREA": 13583.851744, "GRID_G0": "196511", "woodland": 0.051304344103672968, "maskWdl": 0.0, "cropland": 0.85076638208168209, "maskCrp": 1.0, "one": 0.09158950023039264, "maskOne": 0.0, "GRID.AREA": 23.471226333851863, "REGION.AREA": 32202.066020262951 }, "geometry": { "type": "Polygon", "coordinates": [ [ [ 77.636534486368078, 20.3461155601839 ], [ 77.681531217347981, 20.346115554907971 ], [ 77.681531217347981, 20.391116808804355 ], [ 77.636534486368078, 20.391116860702571 ], [ 77.636534486368078, 20.3461155601839 ] ] ] } },
{ "type": "Feature", "properties": { "REGION": 1.0, "STATE.NAME": "Maharashtra", "DISTRICT.NAME": "Yavatmal", "DISTRICT.AREA": 13583.851744, "GRID_G0": "196512", "woodland": 0.031851416728471138, "maskWdl": 0.0, "cropland": 0.91624071094501836, "maskCrp": 1.0, "one": 0.040165917779296761, "maskOne": 0.0, "GRID.AREA": 23.473547179930211, "REGION.AREA": 32202.066020262951 }, "geometry": { "type": "Polygon", "coordinates": [ [ [ 77.681531217347981, 20.346115554907971 ], [ 77.726532454914178, 20.346115639621832 ], [ 77.726532454914178, 20.391116825570233 ], [ 77.681531217347981, 20.391116808804355 ], [ 77.681531217347981, 20.346115554907971 ] ] ] } },
{ "type": "Feature", "properties": { "REGION": 1.0, "STATE.NAME": "Maharashtra", "DISTRICT.NAME": "Yavatmal", "DISTRICT.AREA": 13583.851744, "GRID_G0": "196513", "woodland": 0.038207193120528379, "maskWdl": 0.0, "cropland": 0.77399515916252903, "maskCrp": 1.0, "one": 0.17816874046201142, "maskOne": 0.0, "GRID.AREA": 23.473569496549228, "REGION.AREA": 32202.066020262951 }, "geometry": { "type": "Polygon", "coordinates": [ [ [ 77.726532454914178, 20.346115639621832 ], [ 77.771533724775892, 20.346115592599013 ], [ 77.771533724775892, 20.391116867484932 ], [ 77.726532454914178, 20.391116825570233 ], [ 77.726532454914178, 20.346115639621832 ] ] ] } },
{ "type": "Feature", "properties": { "REGION": 1.0, "STATE.NAME": "Maharashtra", "DISTRICT.NAME": "Yavatmal", "DISTRICT.AREA": 13583.851744, "GRID_G0": "196514", "woodland": 0.035325765412906114, "maskWdl": 0.0, "cropland": 0.7791358114683834, "maskCrp": 1.0, "one": 0.17663321106101446, "maskOne": 0.0, "GRID.AREA": 23.473594837196327, "REGION.AREA": 32202.066020262951 }, "geometry": { "type": "Polygon", "coordinates": [ [ [ 77.771533724775892, 20.346115592599013 ], [ 77.816535009901216, 20.346115600045749 ], [ 77.816535009901216, 20.391116852626354 ], [ 77.771533724775892, 20.391116867484932 ], [ 77.771533724775892, 20.346115592599013 ] ] ] } },
{ "type": "Feature", "properties": { "REGION": 1.0, "STATE.NAME": "Maharashtra", "DISTRICT.NAME": "Yavatmal", "DISTRICT.AREA": 13583.851744, "GRID_G0": "196515", "woodland": 0.038519269075026834, "maskWdl": 0.0, "cropland": 0.86858480536244032, "maskCrp": 1.0, "one": 0.084555212391897588, "maskOne": 0.0, "GRID.AREA": 23.471210423045086, "REGION.AREA": 32202.066020262951 }, "geometry": { "type": "Polygon", "coordinates": [ [ [ 77.816535009901216, 20.346115600045749 ], [ 77.861531757373555, 20.34611561961016 ], [ 77.861531757373555, 20.39111682746179 ], [ 77.816535009901216, 20.391116852626354 ], [ 77.816535009901216, 20.346115600045749 ] ] ] } },
{ "type": "Feature", "properties": { "REGION": 1.0, "STATE.NAME": "Maharashtra", "DISTRICT.NAME": "Yavatmal", "DISTRICT.AREA": 13583.851744, "GRID_G0": "196516", "woodland": 0.02810880267231065, "maskWdl": 0.0, "cropland": 0.86009786070699024, "maskCrp": 1.0, "one": 0.091453866884546917, "maskOne": 0.0, "GRID.AREA": 23.473561580027994, "REGION.AREA": 32202.066020262951 }, "geometry": { "type": "Polygon", "coordinates": [ [ [ 77.861531757373555, 20.34611561961016 ], [ 77.906533022918595, 20.346115580847357 ], [ 77.906533022918595, 20.391116812097394 ], [ 77.861531757373555, 20.39111682746179 ], [ 77.861531757373555, 20.34611561961016 ] ] ] } },
{ "type": "Feature", "properties": { "REGION": 1.0, "STATE.NAME": "Maharashtra", "DISTRICT.NAME": "Yavatmal", "DISTRICT.AREA": 13583.851744, "GRID_G0": "196517", "woodland": 0.02557094060346457, "maskWdl": 0.0, "cropland": 0.87646095640899935, "maskCrp": 1.0, "one": 0.090242869234889292, "maskOne": 0.0, "GRID.AREA": 23.473548713737657, "REGION.AREA": 32202.066020262951 }, "geometry": { "type": "Polygon", "coordinates": [ [ [ 77.906533022918595, 20.346115580847357 ], [ 77.951534251315636, 20.346115618762457 ], [ 77.951534251315636, 20.391116851581465 ], [ 77.906533022918595, 20.391116812097394 ], [ 77.906533022918595, 20.346115580847357 ] ] ] } },
{ "type": "Feature", "properties": { "REGION": 1.0, "STATE.NAME": "Maharashtra", "DISTRICT.NAME": "Yavatmal", "DISTRICT.AREA": 13583.851744, "GRID_G0": "196518", "woodland": 0.096842547984127933, "maskWdl": 0.0, "cropland": 0.74486817241542447, "maskCrp": 1.0, "one": 0.1458944203503155, "maskOne": 0.0, "GRID.AREA": 23.471242902994742, "REGION.AREA": 32202.066020262951 }, "geometry": { "type": "Polygon", "coordinates": [ [ [ 77.951534251315636, 20.346115618762457 ], [ 77.996531068852022, 20.346115617682809 ], [ 77.996531068852022, 20.391116829703904 ], [ 77.951534251315636, 20.391116851581465 ], [ 77.951534251315636, 20.346115618762457 ] ] ] } },
{ "type": "Feature", "properties": { "REGION": 1.0, "STATE.NAME": "Maharashtra", "DISTRICT.NAME": "Yavatmal", "DISTRICT.AREA": 13583.851744, "GRID_G0": "196523", "woodland": 0.046155138360498012, "maskWdl": 0.0, "cropland": 0.84990991380560077, "maskCrp": 1.0, "one": 0.085798117451115166, "maskOne": 0.0, "GRID.AREA": 23.473560782253621, "REGION.AREA": 32202.066020262951 }, "geometry": { "type": "Polygon", "coordinates": [ [ [ 78.176531634831946, 20.346115624875583 ], [ 78.221532867981381, 20.346115603891398 ], [ 78.221532867981381, 20.391116834441103 ], [ 78.176531634831932, 20.391116895177159 ], [ 78.176531634831946, 20.346115624875583 ] ] ] } },
{ "type": "Feature", "properties": { "REGION": 1.0, "STATE.NAME": "Maharashtra", "DISTRICT.NAME": "Yavatmal", "DISTRICT.AREA": 13583.851744, "GRID_G0": "196524", "woodland": 0.058134845301884973, "maskWdl": 0.0, "cropland": 0.79259934320605296, "maskCrp": 1.0, "one": 0.13437602329258069, "maskOne": 0.0, "GRID.AREA": 23.473560840424998, "REGION.AREA": 32202.066020262951 }, "geometry": { "type": "Polygon", "coordinates": [ [ [ 78.221532867981381, 20.346115603891398 ], [ 78.266534107122311, 20.346115632220751 ], [ 78.266534107122311, 20.391116890762813 ], [ 78.221532867981381, 20.391116834441103 ], [ 78.221532867981381, 20.346115603891398 ] ] ] } },
{ "type": "Feature", "properties": { "REGION": 1.0, "STATE.NAME": "Maharashtra", "DISTRICT.NAME": "Yavatmal", "DISTRICT.AREA": 13583.851744, "GRID_G0": "196529", "woodland": 0.06368200129829181, "maskWdl": 0.0, "cropland": 0.66407272912509163, "maskCrp": 1.0, "one": 0.25853047369166676, "maskOne": 0.0, "GRID.AREA": 23.473557395435016, "REGION.AREA": 32202.066020262951 }, "geometry": { "type": "Polygon", "coordinates": [ [ [ 78.446534648681762, 20.346115568768603 ], [ 78.491535879173696, 20.346115607914285 ], [ 78.491535879173696, 20.391116858943644 ], [ 78.446534648681762, 20.391116810903473 ], [ 78.446534648681762, 20.346115568768603 ] ] ] } },
{ "type": "Feature", "properties": { "REGION": 1.0, "STATE.NAME": "Maharashtra", "DISTRICT.NAME": "Yavatmal", "DISTRICT.AREA": 13583.851744, "GRID_G0": "196530", "woodland": 0.04198380054984039, "maskWdl": 0.0, "cropland": 0.87946280865454773, "maskCrp": 1.0, "one": 0.0588727170109207, "maskOne": 0.0, "GRID.AREA": 23.471235341105913, "REGION.AREA": 32202.066020262951 }, "geometry": { "type": "Polygon", "coordinates": [ [ [ 78.491535879173696, 20.346115607914285 ], [ 78.536532660272343, 20.346115630252395 ], [ 78.536532660272343, 20.391116867956011 ], [ 78.491535879173696, 20.391116858943644 ], [ 78.491535879173696, 20.346115607914285 ] ] ] } },
{ "type": "Feature", "properties": { "REGION": 1.0, "STATE.NAME": "Maharashtra", "DISTRICT.NAME": "Yavatmal", "DISTRICT.AREA": 13583.851744, "GRID_G0": "196531", "woodland": 0.079375309305369776, "maskWdl": 0.0, "cropland": 0.84219617156761706, "maskCrp": 1.0, "one": 0.059971407304868718, "maskOne": 0.0, "GRID.AREA": 23.473548229993536, "REGION.AREA": 32202.066020262951 }, "geometry": { "type": "Polygon", "coordinates": [ [ [ 78.536532660272343, 20.346115630252395 ], [ 78.58153389932626, 20.346115606927594 ], [ 78.58153389932626, 20.391116810132043 ], [ 78.536532660272343, 20.391116867956011 ], [ 78.536532660272343, 20.346115630252395 ] ] ] } },
{ "type": "Feature", "properties": { "REGION": 1.0, "STATE.NAME": "Maharashtra", "DISTRICT.NAME": "Yavatmal", "DISTRICT.AREA": 13583.851744, "GRID_G0": "196532", "woodland": 0.044599149737839107, "maskWdl": 0.0, "cropland": 0.90529849369105808, "maskCrp": 1.0, "one": 0.04004495019108658, "maskOne": 0.0, "GRID.AREA": 23.473555463963809, "REGION.AREA": 32202.066020262951 }, "geometry": { "type": "Polygon", "coordinates": [ [ [ 78.58153389932626, 20.346115606927594 ], [ 78.626535152789216, 20.346115609278659 ], [ 78.626535152789216, 20.391116845894516 ], [ 78.58153389932626, 20.391116810132043 ], [ 78.58153389932626, 20.346115606927594 ] ] ] } },
{ "type": "Feature", "properties": { "REGION": 1.0, "STATE.NAME": "Maharashtra", "DISTRICT.NAME": "Yavatmal", "DISTRICT.AREA": 13583.851744, "GRID_G0": "196533", "woodland": 0.017854917986796406, "maskWdl": 0.0, "cropland": 0.95972560724053491, "maskCrp": 1.0, "one": 0.012297648949476023, "maskOne": 0.0, "GRID.AREA": 23.423583485102885, "REGION.AREA": 32202.066020262951 }, "geometry": { "type": "Polygon", "coordinates": [ [ [ 78.667967624798237, 20.391117291075375 ], [ 78.626535152789216, 20.391116845894516 ], [ 78.626535152789216, 20.346115609278659 ], [ 78.671531984763533, 20.346115624412967 ], [ 78.671531984763533, 20.388679754585109 ], [ 78.671481535844237, 20.38872279362209 ], [ 78.670346794668887, 20.389603762303864 ], [ 78.669151989572697, 20.390385436838471 ], [ 78.668002557072384, 20.391094774404394 ], [ 78.667967624798237, 20.391117291075375 ] ] ] } },
{ "type": "Feature", "properties": { "REGION": 1.0, "STATE.NAME": "Maharashtra", "DISTRICT.NAME": "Yavatmal", "DISTRICT.AREA": 13583.851744, "GRID_G0": "196534", "woodland": 0.044799621857346802, "maskWdl": 0.0, "cropland": 0.86571073521804176, "maskCrp": 1.0, "one": 0.028480622181765142, "maskOne": 0.0, "GRID.AREA": 8.8892248696825202, "REGION.AREA": 32202.066020262951 }, "geometry": { "type": "Polygon", "coordinates": [ [ [ 78.671531984763533, 20.388679754585109 ], [ 78.671531984763533, 20.346115624412967 ], [ 78.709627513869563, 20.346116360253713 ], [ 78.709473517089179, 20.346579684804684 ], [ 78.708861513148349, 20.348264608724779 ], [ 78.708392960966421, 20.349371431346526 ], [ 78.707603389484916, 20.350586726596191 ], [ 78.707045994177349, 20.35122376586418 ], [ 78.706138823747779, 20.351858689926644 ], [ 78.704997221644533, 20.352579659323851 ], [ 78.703855400106704, 20.353241774388437 ], [ 78.702742285827867, 20.353768417378607 ], [ 78.700927679668723, 20.354238837452439 ], [ 78.699551030755515, 20.354625520751256 ], [ 78.69684557776128, 20.354881708823825 ], [ 78.695557530955341, 20.355268393921278 ], [ 78.694298318212873, 20.355765656959537 ], [ 78.692687287988008, 20.356486564303562 ], [ 78.691576408524497, 20.356927362507808 ], [ 78.690374845922463, 20.357645858769448 ], [ 78.689525209620797, 20.358504253568473 ], [ 78.688912694865053, 20.359498140227064 ], [ 78.688707093657513, 20.360356303900346 ], [ 78.688678712852379, 20.361295835534406 ], [ 78.688971395413603, 20.362372980528676 ], [ 78.689177663018768, 20.363147508151034 ], [ 78.68952772952116, 20.364140936155312 ], [ 78.689851463873993, 20.365254215010054 ], [ 78.690144395547463, 20.366941061680677 ], [ 78.690202705790284, 20.368819951379692 ], [ 78.689764842073885, 20.369648869999427 ], [ 78.689355756662906, 20.370367151323023 ], [ 78.688594685596343, 20.371252719137718 ], [ 78.687833375310106, 20.371806167320813 ], [ 78.686514289303091, 20.372689576762578 ], [ 78.685401214594435, 20.373464544153421 ], [ 78.684611236619332, 20.374182864147937 ], [ 78.683483931038666, 20.375594613600583 ], [ 78.68205990134345, 20.377388076698427 ], [ 78.681248583355512, 20.378817866551344 ], [ 78.680657614557333, 20.380179723415552 ], [ 78.680212630008953, 20.381175814312428 ], [ 78.679631179635294, 20.382548970258824 ], [ 78.678628271877301, 20.38384327454753 ], [ 78.67775454543596, 20.384696998267884 ], [ 78.67695730903263, 20.385232428533811 ], [ 78.676176657926476, 20.385404253903232 ], [ 78.675518129358238, 20.38562120185702 ], [ 78.674783188993047, 20.386156713961213 ], [ 78.673418549626433, 20.387155197054764 ], [ 78.672424946254296, 20.387918636935581 ], [ 78.67243203471071, 20.387911896516869 ], [ 78.671531984763533, 20.388679754585109 ] ] ] } },
{ "type": "Feature", "properties": { "REGION": 1.0, "STATE.NAME": "Maharashtra", "DISTRICT.NAME": "Yavatmal", "DISTRICT.AREA": 13583.851744, "GRID_G0": "195859", "woodland": 0.038172198317853158, "maskWdl": 0.0, "cropland": 0.78490889002135256, "maskCrp": 1.0, "one": 0.15288478740473724, "maskOne": 0.0, "GRID.AREA": 6.6311816967449682, "REGION.AREA": 32202.066020262951 }, "geometry": { "type": "Polygon", "coordinates": [ [ [ 77.591533190519684, 20.30514124698254 ], [ 77.591533190519684, 20.346115625147231 ], [ 77.56741082067947, 20.346117057919059 ], [ 77.567314803635327, 20.345645124622877 ], [ 77.567187173649202, 20.34501784659642 ], [ 77.567118806287965, 20.343437694593998 ], [ 77.567217988919083, 20.341838388830634 ], [ 77.567404308661992, 20.340378621875971 ], [ 77.567489727169232, 20.338865258025297 ], [ 77.567445388793715, 20.337298472646463 ], [ 77.567487712687864, 20.335785330928331 ], [ 77.567524911345629, 20.334227142168917 ], [ 77.567539743864131, 20.332894889187859 ], [ 77.567645574283858, 20.330175538070652 ], [ 77.56860951531695, 20.329700030532024 ], [ 77.569507374166051, 20.329351348985597 ], [ 77.570061751348817, 20.329207917011786 ], [ 77.570349610845938, 20.329282947450114 ], [ 77.570724636233024, 20.329506428079238 ], [ 77.571181196854809, 20.329738499032544 ], [ 77.571587762365425, 20.32968185163617 ], [ 77.572250308205241, 20.32993520144845 ], [ 77.572731743175439, 20.330316085019376 ], [ 77.573247152733984, 20.330769057346171 ], [ 77.573713981814876, 20.331095906950623 ], [ 77.574102597756735, 20.331210912253823 ], [ 77.574681493156447, 20.331139586123072 ], [ 77.575093025622664, 20.331110043393831 ], [ 77.575289353021276, 20.331099715579455 ], [ 77.575298155585472, 20.330991262736635 ], [ 77.575396934421065, 20.330733285013139 ], [ 77.575553123278098, 20.330470352924522 ], [ 77.575728358876745, 20.330189340865449 ], [ 77.576012303624964, 20.329704394941931 ], [ 77.576097125881688, 20.329500625653392 ], [ 77.576393892264377, 20.328798880164243 ], [ 77.576506750885926, 20.328495613481831 ], [ 77.576635084141856, 20.328359399466763 ], [ 77.576939750169402, 20.328095568955405 ], [ 77.577263364912426, 20.327813561346829 ], [ 77.577487450785284, 20.327681200926744 ], [ 77.577936079386632, 20.327466233280123 ], [ 77.578198389144404, 20.327306537966422 ], [ 77.578322003657604, 20.327188361653612 ], [ 77.578340891219227, 20.327152163041948 ], [ 77.57835978147881, 20.327115871800117 ], [ 77.580621544049052, 20.326681939919634 ], [ 77.582220797651757, 20.326672085148687 ], [ 77.583087242282488, 20.326648692882941 ], [ 77.584121122691727, 20.326597115864274 ], [ 77.584121183845653, 20.326597112266995 ], [ 77.584121170355786, 20.326597070898174 ], [ 77.583622019640529, 20.325051219937905 ], [ 77.583185936581742, 20.323617794125941 ], [ 77.582729946130144, 20.32208970567541 ], [ 77.582631892148186, 20.321751664907481 ], [ 77.583090813490287, 20.320958471856045 ], [ 77.583418020125578, 20.320509434962503 ], [ 77.583531947141694, 20.320355145473627 ], [ 77.583574528241968, 20.320291743269365 ], [ 77.583749592969411, 20.319997022844404 ], [ 77.583843902174408, 20.319779796100761 ], [ 77.583899918246686, 20.319567098342986 ], [ 77.583978754615885, 20.319214359954795 ], [ 77.58401037657768, 20.318938740230749 ], [ 77.584044483366256, 20.318333331018437 ], [ 77.584038598202824, 20.318179859912672 ], [ 77.58406050748647, 20.317886153023604 ], [ 77.584087761441083, 20.31767381859191 ], [ 77.584185330688513, 20.317239638498563 ], [ 77.584213123337008, 20.31709949534547 ], [ 77.58424529388526, 20.316927698754338 ], [ 77.584258946493264, 20.316814727717539 ], [ 77.584363281340416, 20.316678580252301 ], [ 77.58446753704726, 20.316519903870528 ], [ 77.584728519405701, 20.316179493388976 ], [ 77.584837361654991, 20.315993673669144 ], [ 77.584874357965305, 20.315808346777828 ], [ 77.584941992379129, 20.315202837740799 ], [ 77.584928450387736, 20.314633897836192 ], [ 77.584965272229567, 20.314425949398068 ], [ 77.585040075139432, 20.314176959499147 ], [ 77.585114413099745, 20.313851459777087 ], [ 77.585189499296007, 20.313629694155111 ], [ 77.585428956381293, 20.312955334820913 ], [ 77.585712418193623, 20.312407109900278 ], [ 77.585845044813027, 20.312194090185191 ], [ 77.586204756544362, 20.311595789214323 ], [ 77.586341797935688, 20.311332911085003 ], [ 77.586734338518966, 20.310644108638769 ], [ 77.587207432277239, 20.309823833403239 ], [ 77.587358446435189, 20.309515756247208 ], [ 77.587447285064229, 20.309212651442749 ], [ 77.587563241850205, 20.308688015739396 ], [ 77.587584903820314, 20.308353755721328 ], [ 77.587560844257609, 20.307649484935837 ], [ 77.587533316009797, 20.307125656823647 ], [ 77.587546723102832, 20.306999164479919 ], [ 77.587569749344539, 20.306863542218764 ], [ 77.587616817162427, 20.30674587042563 ], [ 77.587668550663139, 20.306623585110405 ], [ 77.587758495458274, 20.306474055733133 ], [ 77.587877322880217, 20.306360394916343 ], [ 77.588077561430396, 20.306223681777567 ], [ 77.588306439790415, 20.306109316791606 ], [ 77.588502313930704, 20.30603588714655 ], [ 77.588813732068161, 20.306056458239027 ], [ 77.589143996398377, 20.306059035695966 ], [ 77.589359244633499, 20.306035112830219 ], [ 77.589646079802776, 20.305965633007588 ], [ 77.589889478616612, 20.305851223954846 ], [ 77.590600611229263, 20.305548695615869 ], [ 77.590958934407354, 20.305433567105464 ], [ 77.591533190519684, 20.30514124698254 ] ] ] } },
{ "type": "Feature", "properties": { "REGION": 1.0, "STATE.NAME": "Maharashtra", "DISTRICT.NAME": "Yavatmal", "DISTRICT.AREA": 13583.851744, "GRID_G0": "195860", "woodland": 0.11024737066073356, "maskWdl": 0.0, "cropland": 0.6313043977183439, "maskCrp": 1.0, "one": 0.25178634895185031, "maskOne": 0.0, "GRID.AREA": 23.382743624083293, "REGION.AREA": 32202.066020262951 }, "geometry": { "type": "Polygon", "coordinates": [ [ [ 77.594237301212388, 20.301119152563494 ], [ 77.636534486368078, 20.301118787441204 ], [ 77.636534486368078, 20.3461155601839 ], [ 77.591533190519684, 20.346115625147231 ], [ 77.591533190519684, 20.30514124698254 ], [ 77.591650689327935, 20.305081434860369 ], [ 77.592056004780829, 20.304857732098696 ], [ 77.592312948284018, 20.304630254882397 ], [ 77.592683758548674, 20.304266687757494 ], [ 77.592849962256025, 20.304071492605374 ], [ 77.593487371145329, 20.303485015021465 ], [ 77.59376828877555, 20.303257463161458 ], [ 77.59424918954852, 20.302879577030925 ], [ 77.594549815821381, 20.30274226764158 ], [ 77.594241673014835, 20.3011410463223 ], [ 77.594237301212388, 20.301119152563494 ] ] ] } },
{ "type": "Feature", "properties": { "REGION": 1.0, "STATE.NAME": "Maharashtra", "DISTRICT.NAME": "Yavatmal", "DISTRICT.AREA": 13583.851744, "GRID_G0": "195861", "woodland": 0.084397117391104004, "maskWdl": 0.0, "cropland": 0.60147431000257934, "maskCrp": 1.0, "one": 0.23634348456831925, "maskOne": 0.0, "GRID.AREA": 23.475701407421759, "REGION.AREA": 32202.066020262951 }, "geometry": { "type": "Polygon", "coordinates": [ [ [ 77.636534486368078, 20.301118787441204 ], [ 77.681531217347981, 20.301118826700229 ], [ 77.681531217347981, 20.346115554907971 ], [ 77.636534486368078, 20.3461155601839 ], [ 77.636534486368078, 20.301118787441204 ] ] ] } },
{ "type": "Feature", "properties": { "REGION": 1.0, "STATE.NAME": "Maharashtra", "DISTRICT.NAME": "Yavatmal", "DISTRICT.AREA": 13583.851744, "GRID_G0": "195862", "woodland": 0.05793560271524667, "maskWdl": 0.0, "cropland": 0.68232237232642379, "maskCrp": 1.0, "one": 0.24741279924584109, "maskOne": 0.0, "GRID.AREA": 23.478070409952991, "REGION.AREA": 32202.066020262951 }, "geometry": { "type": "Polygon", "coordinates": [ [ [ 77.681531217347981, 20.301118826700229 ], [ 77.726532454914178, 20.301118798539264 ], [ 77.726532454914178, 20.346115639621832 ], [ 77.681531217347981, 20.346115554907971 ], [ 77.681531217347981, 20.301118826700229 ] ] ] } },
{ "type": "Feature", "properties": { "REGION": 1.0, "STATE.NAME": "Maharashtra", "DISTRICT.NAME": "Yavatmal", "DISTRICT.AREA": 13583.851744, "GRID_G0": "195863", "woodland": 0.028015724698089443, "maskWdl": 0.0, "cropland": 0.78075623490526913, "maskCrp": 1.0, "one": 0.13931415982271261, "maskOne": 0.0, "GRID.AREA": 23.478093812774272, "REGION.AREA": 32202.066020262951 }, "geometry": { "type": "Polygon", "coordinates": [ [ [ 77.726532454914178, 20.301118798539264 ], [ 77.771533724775892, 20.30111883926352 ], [ 77.771533724775892, 20.346115592599013 ], [ 77.726532454914178, 20.346115639621832 ], [ 77.726532454914178, 20.301118798539264 ] ] ] } },
{ "type": "Feature", "properties": { "REGION": 1.0, "STATE.NAME": "Maharashtra", "DISTRICT.NAME": "Yavatmal", "DISTRICT.AREA": 13583.851744, "GRID_G0": "195865", "woodland": 0.039414177072642685, "maskWdl": 0.0, "cropland": 0.89144212452263816, "maskCrp": 1.0, "one": 0.055238194290446033, "maskOne": 0.0, "GRID.AREA": 23.475736447325051, "REGION.AREA": 32202.066020262951 }, "geometry": { "type": "Polygon", "coordinates": [ [ [ 77.816535009901216, 20.301118777561832 ], [ 77.861531757373555, 20.301118839788316 ], [ 77.861531757373555, 20.34611561961016 ], [ 77.816535009901216, 20.346115600045749 ], [ 77.816535009901216, 20.301118777561832 ] ] ] } },
{ "type": "Feature", "properties": { "REGION": 1.0, "STATE.NAME": "Maharashtra", "DISTRICT.NAME": "Yavatmal", "DISTRICT.AREA": 13583.851744, "GRID_G0": "195866", "woodland": 0.0078098960945020973, "maskWdl": 0.0, "cropland": 0.7955209274287971, "maskCrp": 1.0, "one": 0.18698746971662578, "maskOne": 0.0, "GRID.AREA": 23.478089130015125, "REGION.AREA": 32202.066020262951 }, "geometry": { "type": "Polygon", "coordinates": [ [ [ 77.861531757373555, 20.301118839788316 ], [ 77.906533022918595, 20.301118775575958 ], [ 77.906533022918595, 20.346115580847357 ], [ 77.861531757373555, 20.34611561961016 ], [ 77.861531757373555, 20.301118839788316 ] ] ] } },
{ "type": "Feature", "properties": { "REGION": 1.0, "STATE.NAME": "Maharashtra", "DISTRICT.NAME": "Yavatmal", "DISTRICT.AREA": 13583.851744, "GRID_G0": "195867", "woodland": 0.029173786745414713, "maskWdl": 0.0, "cropland": 0.72263680069116987, "maskCrp": 1.0, "one": 0.13905046863970533, "maskOne": 0.0, "GRID.AREA": 23.478077332815886, "REGION.AREA": 32202.066020262951 }, "geometry": { "type": "Polygon", "coordinates": [ [ [ 77.906533022918595, 20.301118775575958 ], [ 77.951534251315636, 20.301118809876129 ], [ 77.951534251315636, 20.346115618762457 ], [ 77.906533022918595, 20.346115580847357 ], [ 77.906533022918595, 20.301118775575958 ] ] ] } },
{ "type": "Feature", "properties": { "REGION": 1.0, "STATE.NAME": "Maharashtra", "DISTRICT.NAME": "Yavatmal", "DISTRICT.AREA": 13583.851744, "GRID_G0": "195868", "woodland": 0.19238610138061393, "maskWdl": 0.0, "cropland": 0.62529457810517797, "maskCrp": 1.0, "one": 0.17005646336042107, "maskOne": 0.0, "GRID.AREA": 23.475772141425001, "REGION.AREA": 32202.066020262951 }, "geometry": { "type": "Polygon", "coordinates": [ [ [ 77.951534251315636, 20.301118809876129 ], [ 77.996531068852022, 20.301118827553907 ], [ 77.996531068852022, 20.346115617682809 ], [ 77.951534251315636, 20.346115618762457 ], [ 77.951534251315636, 20.301118809876129 ] ] ] } },
{ "type": "Feature", "properties": { "REGION": 1.0, "STATE.NAME": "Maharashtra", "DISTRICT.NAME": "Yavatmal", "DISTRICT.AREA": 13583.851744, "GRID_G0": "195870", "woodland": 0.15085981740519727, "maskWdl": 0.0, "cropland": 0.63248434966011402, "maskCrp": 1.0, "one": 0.17894392669113601, "maskOne": 0.0, "GRID.AREA": 23.478055182070804, "REGION.AREA": 32202.066020262951 }, "geometry": { "type": "Polygon", "coordinates": [ [ [ 78.041532344959762, 20.301118825887482 ], [ 78.086533529357553, 20.301118765626384 ], [ 78.086533529357553, 20.346115632776996 ], [ 78.041532344959762, 20.346115575980836 ], [ 78.041532344959762, 20.301118825887482 ] ] ] } },
{ "type": "Feature", "properties": { "REGION": 1.0, "STATE.NAME": "Maharashtra", "DISTRICT.NAME": "Yavatmal", "DISTRICT.AREA": 13583.851744, "GRID_G0": "195872", "woodland": 0.12393840537082627, "maskWdl": 0.0, "cropland": 0.70026916493916214, "maskCrp": 1.0, "one": 0.11911965661172555, "maskOne": 0.0, "GRID.AREA": 23.475780262219853, "REGION.AREA": 32202.066020262951 }, "geometry": { "type": "Polygon", "coordinates": [ [ [ 78.131534777466058, 20.301118844813519 ], [ 78.176531634831946, 20.301118857879217 ], [ 78.176531634831946, 20.346115624875583 ], [ 78.131534777466058, 20.346115628316173 ], [ 78.131534777466058, 20.301118844813519 ] ] ] } },
{ "type": "Feature", "properties": { "REGION": 1.0, "STATE.NAME": "Maharashtra", "DISTRICT.NAME": "Yavatmal", "DISTRICT.AREA": 13583.851744, "GRID_G0": "195874", "woodland": 0.13810506441629133, "maskWdl": 0.0, "cropland": 0.68548900477501051, "maskCrp": 1.0, "one": 0.15712428640583448, "maskOne": 0.0, "GRID.AREA": 23.478096837171378, "REGION.AREA": 32202.066020262951 }, "geometry": { "type": "Polygon", "coordinates": [ [ [ 78.221532867981381, 20.301118785163062 ], [ 78.266534107122311, 20.301118783512212 ], [ 78.266534107122311, 20.346115632220751 ], [ 78.221532867981381, 20.346115603891398 ], [ 78.221532867981381, 20.301118785163062 ] ] ] } },
{ "type": "Feature", "properties": { "REGION": 1.0, "STATE.NAME": "Maharashtra", "DISTRICT.NAME": "Yavatmal", "DISTRICT.AREA": 13583.851744, "GRID_G0": "195875", "woodland": 0.17927055889403373, "maskWdl": 0.0, "cropland": 0.5653730971959533, "maskCrp": 1.0, "one": 0.24287782142177378, "maskOne": 0.0, "GRID.AREA": 23.478099638698126, "REGION.AREA": 32202.066020262951 }, "geometry": { "type": "Polygon", "coordinates": [ [ [ 78.266534107122311, 20.301118783512212 ], [ 78.311535332528592, 20.301118770385717 ], [ 78.311535332528592, 20.346115627320454 ], [ 78.266534107122311, 20.346115632220751 ], [ 78.266534107122311, 20.301118783512212 ] ] ] } },
{ "type": "Feature", "properties": { "REGION": 1.0, "STATE.NAME": "Maharashtra", "DISTRICT.NAME": "Yavatmal", "DISTRICT.AREA": 13583.851744, "GRID_G0": "195877", "woodland": 0.2938490853382178, "maskWdl": 0.0, "cropland": 0.61779250543883479, "maskCrp": 1.0, "one": 0.07541995701845268, "maskOne": 0.0, "GRID.AREA": 23.478107773915074, "REGION.AREA": 32202.066020262951 }, "geometry": { "type": "Polygon", "coordinates": [ [ [ 78.356532096467092, 20.301118813894263 ], [ 78.401533409796329, 20.301118811469884 ], [ 78.401533409796329, 20.346115619108343 ], [ 78.356532096467092, 20.346115567253282 ], [ 78.356532096467092, 20.301118813894263 ] ] ] } },
{ "type": "Feature", "properties": { "REGION": 1.0, "STATE.NAME": "Maharashtra", "DISTRICT.NAME": "Yavatmal", "DISTRICT.AREA": 13583.851744, "GRID_G0": "195878", "woodland": 0.10983216547638258, "maskWdl": 0.0, "cropland": 0.66142669501438267, "maskCrp": 1.0, "one": 0.22417608324389771, "maskOne": 0.0, "GRID.AREA": 23.478068226650667, "REGION.AREA": 32202.066020262951 }, "geometry": { "type": "Polygon", "coordinates": [ [ [ 78.401533409796329, 20.301118811469884 ], [ 78.446534648681762, 20.30111881812412 ], [ 78.446534648681762, 20.346115568768603 ], [ 78.401533409796329, 20.346115619108343 ], [ 78.401533409796329, 20.301118811469884 ] ] ] } },
{ "type": "Feature", "properties": { "REGION": 1.0, "STATE.NAME": "Maharashtra", "DISTRICT.NAME": "Yavatmal", "DISTRICT.AREA": 13583.851744, "GRID_G0": "195879", "woodland": 0.020861335223074189, "maskWdl": 0.0, "cropland": 0.58383480648619679, "maskCrp": 1.0, "one": 0.37758277631577897, "maskOne": 1.0, "GRID.AREA": 23.478051804414704, "REGION.AREA": 32202.066020262951 }, "geometry": { "type": "Polygon", "coordinates": [ [ [ 78.446534648681762, 20.30111881812412 ], [ 78.491535879173696, 20.30111884643496 ], [ 78.491535879173696, 20.346115607914285 ], [ 78.446534648681762, 20.346115568768603 ], [ 78.446534648681762, 20.30111881812412 ] ] ] } },
{ "type": "Feature", "properties": { "REGION": 1.0, "STATE.NAME": "Maharashtra", "DISTRICT.NAME": "Yavatmal", "DISTRICT.AREA": 13583.851744, "GRID_G0": "195881", "woodland": 0.047063895684231326, "maskWdl": 0.0, "cropland": 0.72886701629078032, "maskCrp": 1.0, "one": 0.2179237152340219, "maskOne": 0.0, "GRID.AREA": 23.478091393697472, "REGION.AREA": 32202.066020262951 }, "geometry": { "type": "Polygon", "coordinates": [ [ [ 78.536532660272343, 20.301118790598455 ], [ 78.58153389932626, 20.301118799832675 ], [ 78.58153389932626, 20.346115606927594 ], [ 78.536532660272343, 20.346115630252395 ], [ 78.536532660272343, 20.301118790598455 ] ] ] } },
{ "type": "Feature", "properties": { "REGION": 1.0, "STATE.NAME": "Maharashtra", "DISTRICT.NAME": "Yavatmal", "DISTRICT.AREA": 13583.851744, "GRID_G0": "195882", "woodland": 0.032316756353221121, "maskWdl": 0.0, "cropland": 0.91986996380976715, "maskCrp": 1.0, "one": 0.03772082055972463, "maskOne": 0.0, "GRID.AREA": 23.478076262118964, "REGION.AREA": 32202.066020262951 }, "geometry": { "type": "Polygon", "coordinates": [ [ [ 78.58153389932626, 20.301118799832675 ], [ 78.626535152789216, 20.301118856434087 ], [ 78.626535152789216, 20.346115609278659 ], [ 78.58153389932626, 20.346115606927594 ], [ 78.58153389932626, 20.301118799832675 ] ] ] } },
{ "type": "Feature", "properties": { "REGION": 1.0, "STATE.NAME": "Maharashtra", "DISTRICT.NAME": "Yavatmal", "DISTRICT.AREA": 13583.851744, "GRID_G0": "195883", "woodland": 0.042253864831752495, "maskWdl": 0.0, "cropland": 0.92659880014118379, "maskCrp": 1.0, "one": 0.020152930164483281, "maskOne": 0.0, "GRID.AREA": 23.47575875549947, "REGION.AREA": 32202.066020262951 }, "geometry": { "type": "Polygon", "coordinates": [ [ [ 78.626535152789216, 20.301118856434087 ], [ 78.671531984763533, 20.301118858421798 ], [ 78.671531984763533, 20.346115624412967 ], [ 78.626535152789216, 20.346115609278659 ], [ 78.626535152789216, 20.301118856434087 ] ] ] } },
{ "type": "Feature", "properties": { "REGION": 1.0, "STATE.NAME": "Maharashtra", "DISTRICT.NAME": "Yavatmal", "DISTRICT.AREA": 13583.851744, "GRID_G0": "195884", "woodland": 0.036907917338352518, "maskWdl": 0.0, "cropland": 0.87279116660287492, "maskCrp": 1.0, "one": 0.044726328706779513, "maskOne": 0.0, "GRID.AREA": 20.103114728295907, "REGION.AREA": 32202.066020262951 }, "geometry": { "type": "Polygon", "coordinates": [ [ [ 78.709627513869563, 20.346116360253713 ], [ 78.671531984763533, 20.346115624412967 ], [ 78.671531984763533, 20.301118858421798 ], [ 78.716533203310703, 20.301118851577098 ], [ 78.716533203310703, 20.310383155490509 ], [ 78.714571260255525, 20.311157600842652 ], [ 78.713137141066298, 20.310715593949567 ], [ 78.711056499258063, 20.309860687620702 ], [ 78.709153458265533, 20.309777851966373 ], [ 78.70801175004226, 20.310137480060689 ], [ 78.707456609335111, 20.310490046678353 ], [ 78.706870773867209, 20.311493015590262 ], [ 78.706462096748396, 20.312848184196412 ], [ 78.706140024342687, 20.314727252860507 ], [ 78.706459006677846, 20.316030168157798 ], [ 78.707104580512066, 20.318737663512419 ], [ 78.707838247437223, 20.32094833469796 ], [ 78.708102040177096, 20.321585022330964 ], [ 78.708454966523561, 20.323490916872341 ], [ 78.708132800588317, 20.325259403998363 ], [ 78.707724058718384, 20.326558141045439 ], [ 78.707256423844967, 20.329381243349761 ], [ 78.707110957604641, 20.330377198449014 ], [ 78.70716955113393, 20.332199652991619 ], [ 78.707785420360892, 20.333360164240215 ], [ 78.70869306922981, 20.333996548801736 ], [ 78.710070219065415, 20.334989681828404 ], [ 78.710628462433647, 20.335653376102471 ], [ 78.710803932755368, 20.336868272952472 ], [ 78.710948261353224, 20.337907105928252 ], [ 78.711068405382662, 20.338776460765075 ], [ 78.710923391501353, 20.340461185035739 ], [ 78.710409899297474, 20.342848491165 ], [ 78.709941965849112, 20.345170270891344 ], [ 78.709627513869563, 20.346116360253713 ] ] ] } },
{ "type": "Feature", "properties": { "REGION": 1.0, "STATE.NAME": "Maharashtra", "DISTRICT.NAME": "Yavatmal", "DISTRICT.AREA": 13583.851744, "GRID_G0": "195885", "woodland": 0.020564502758735993, "maskWdl": 0.0, "cropland": 0.92677983856265878, "maskCrp": 1.0, "one": 0.032710215096388155, "maskOne": 0.0, "GRID.AREA": 1.0640942903046999, "REGION.AREA": 32202.066020262951 }, "geometry": { "type": "Polygon", "coordinates": [ [ [ 78.716533203310703, 20.310383155490509 ], [ 78.716533203310703, 20.301118851577098 ], [ 78.732637737228657, 20.301120164520526 ], [ 78.732431584749918, 20.301674752587815 ], [ 78.732138028047586, 20.302975698369835 ], [ 78.731409176092654, 20.304660841724512 ], [ 78.730646101336561, 20.30532514933623 ], [ 78.72915500020315, 20.305574392843994 ], [ 78.72719230627996, 20.305823827907375 ], [ 78.725390059503695, 20.306170317805993 ], [ 78.725318300799017, 20.306183955125501 ], [ 78.723621575975017, 20.306765224735386 ], [ 78.721953636651051, 20.307513593777401 ], [ 78.719902969246675, 20.308646100137477 ], [ 78.717234827325456, 20.310106193546062 ], [ 78.716533203310703, 20.310383155490509 ] ] ] } },
{ "type": "Feature", "properties": { "REGION": 1.0, "STATE.NAME": "Maharashtra", "DISTRICT.NAME": "Yavatmal", "DISTRICT.AREA": 13583.851744, "GRID_G0": "195886", "woodland": 0.018963008767056071, "maskWdl": 0.0, "cropland": 0.90624395209813891, "maskCrp": 1.0, "one": 0.06150014630115163, "maskOne": 0.0, "GRID.AREA": 0.0010947062870766318, "REGION.AREA": 32202.066020262951 }, "geometry": { "type": "Polygon", "coordinates": [ [ [ 78.776108925685705, 20.30112007577322 ], [ 78.777870293490409, 20.301120144900562 ], [ 78.777699679396733, 20.301161298155421 ], [ 78.777170614532295, 20.301203943107566 ], [ 78.776562630560989, 20.301181029281111 ], [ 78.776108925685705, 20.30112007577322 ] ] ] } },
{ "type": "Feature", "properties": { "REGION": 1.0, "STATE.NAME": "Maharashtra", "DISTRICT.NAME": "Yavatmal", "DISTRICT.AREA": 13583.851744, "GRID_G0": "195210", "woodland": 0.10613065706352839, "maskWdl": 0.0, "cropland": 0.73545582159703382, "maskCrp": 1.0, "one": 0.1503189439566204, "maskOne": 0.0, "GRID.AREA": 15.853054117468822, "REGION.AREA": 32202.066020262951 }, "geometry": { "type": "Polygon", "coordinates": [ [ [ 77.636534486368078, 20.257627766662878 ], [ 77.636534486368078, 20.301118787441204 ], [ 77.594237301212388, 20.301119152563494 ], [ 77.593909341143217, 20.299476727668889 ], [ 77.593697106536297, 20.298570356736604 ], [ 77.594586142136791, 20.297697651925148 ], [ 77.594685917421202, 20.297575143578054 ], [ 77.594446140177311, 20.296149537371317 ], [ 77.594177869712951, 20.294769372108874 ], [ 77.593909494927289, 20.293357573193479 ], [ 77.593812955403621, 20.292840205810876 ], [ 77.593680603976736, 20.292130659602321 ], [ 77.593815196514186, 20.291717822219766 ], [ 77.59391963568271, 20.291397563746617 ], [ 77.593984149449, 20.290830396405735 ], [ 77.594018849790132, 20.290525386837199 ], [ 77.594005626158776, 20.290160175751566 ], [ 77.593971290942363, 20.289211480025813 ], [ 77.594036480099533, 20.2889635108574 ], [ 77.594148502351572, 20.288537543372968 ], [ 77.59431465030093, 20.288192372779804 ], [ 77.594436355553398, 20.287939601231646 ], [ 77.594679248948239, 20.287075521817943 ], [ 77.594729315105837, 20.286494403294117 ], [ 77.594754401694345, 20.286203478907453 ], [ 77.594671291746749, 20.284591826351743 ], [ 77.594594976177291, 20.283703347431583 ], [ 77.594530576624891, 20.282953461233319 ], [ 77.59453056943029, 20.282953420763814 ], [ 77.594306331572, 20.281694851036605 ], [ 77.594020726675254, 20.280563134281298 ], [ 77.595255744057397, 20.280564472472463 ], [ 77.596701995101057, 20.280659307780866 ], [ 77.597142510018898, 20.280670118531187 ], [ 77.597453721312263, 20.281359095445964 ], [ 77.597865084705973, 20.282002303163832 ], [ 77.598165267613069, 20.281926996633615 ], [ 77.598246700325035, 20.281906569432692 ], [ 77.599083567152945, 20.28169666766712 ], [ 77.600574152075524, 20.281285354635482 ], [ 77.602313406738404, 20.280831899372682 ], [ 77.602701031627362, 20.280721928474289 ], [ 77.603192360039429, 20.280582572227956 ], [ 77.604802588069049, 20.28017048128271 ], [ 77.605620552046901, 20.279989829067404 ], [ 77.605791911567508, 20.279951985595691 ], [ 77.607712327462025, 20.279402423383203 ], [ 77.609280825149995, 20.279004821415413 ], [ 77.610196998692572, 20.278772574194988 ], [ 77.610164704037913, 20.278616245943056 ], [ 77.609854923565933, 20.277117459203453 ], [ 77.609531554337821, 20.275407846195208 ], [ 77.609343240797955, 20.273828573729759 ], [ 77.609519666199674, 20.27305058371752 ], [ 77.609551890707223, 20.272201415063307 ], [ 77.609688548987378, 20.270556831132918 ], [ 77.60984004877929, 20.268975286080661 ], [ 77.609995882404121, 20.267325959125742 ], [ 77.610147165459352, 20.265712786715767 ], [ 77.610269259218981, 20.264032028455404 ], [ 77.610285720409706, 20.263956248881811 ], [ 77.610301658194999, 20.263882857008298 ], [ 77.612138079209046, 20.263672557742382 ], [ 77.614304458783806, 20.263410412560518 ], [ 77.616398064319242, 20.263022302936974 ], [ 77.618657326774269, 20.262371176688475 ], [ 77.62031458934689, 20.2618909971718 ], [ 77.621076448219583, 20.262003552721808 ], [ 77.62303843257763, 20.26195032634655 ], [ 77.62566052381419, 20.261847816223792 ], [ 77.627660981169413, 20.261816841773911 ], [ 77.630206788312705, 20.261746324133583 ], [ 77.631962728996825, 20.261658262518836 ], [ 77.633317858932116, 20.260430128547629 ], [ 77.634901194534564, 20.259002034816092 ], [ 77.636534486368078, 20.257627766662878 ] ] ] } },
{ "type": "Feature", "properties": { "REGION": 1.0, "STATE.NAME": "Maharashtra", "DISTRICT.NAME": "Yavatmal", "DISTRICT.AREA": 13583.851744, "GRID_G0": "195211", "woodland": 0.13302616905283698, "maskWdl": 0.0, "cropland": 0.61861624763823331, "maskCrp": 1.0, "one": 0.20649831169747551, "maskOne": 0.0, "GRID.AREA": 23.469861228631711, "REGION.AREA": 32202.066020262951 }, "geometry": { "type": "Polygon", "coordinates": [ [ [ 77.638242684779243, 20.256117810883516 ], [ 77.681531217347981, 20.256117592832325 ], [ 77.681531217347981, 20.301118826700229 ], [ 77.636534486368078, 20.301118787441204 ], [ 77.636534486368078, 20.257627766662878 ], [ 77.636599477883635, 20.257573081332684 ], [ 77.638242684779243, 20.256117810883516 ] ] ] } },
{ "type": "Feature", "properties": { "REGION": 1.0, "STATE.NAME": "Maharashtra", "DISTRICT.NAME": "Yavatmal", "DISTRICT.AREA": 13583.851744, "GRID_G0": "195212", "woodland": 0.14555778541017059, "maskWdl": 0.0, "cropland": 0.59259251347403785, "maskCrp": 1.0, "one": 0.25180616888690949, "maskOne": 0.0, "GRID.AREA": 23.487221818648759, "REGION.AREA": 32202.066020262951 }, "geometry": { "type": "Polygon", "coordinates": [ [ [ 77.681531217347981, 20.256117592832325 ], [ 77.726532454914178, 20.256117537950814 ], [ 77.726532454914178, 20.301118798539264 ], [ 77.681531217347981, 20.301118826700229 ], [ 77.681531217347981, 20.256117592832325 ] ] ] } },
{ "type": "Feature", "properties": { "REGION": 1.0, "STATE.NAME": "Maharashtra", "DISTRICT.NAME": "Yavatmal", "DISTRICT.AREA": 13583.851744, "GRID_G0": "195213", "woodland": 0.049982740865362377, "maskWdl": 0.0, "cropland": 0.6072840044508282, "maskCrp": 1.0, "one": 0.33548322249106965, "maskOne": 0.0, "GRID.AREA": 23.487246910946041, "REGION.AREA": 32202.066020262951 }, "geometry": { "type": "Polygon", "coordinates": [ [ [ 77.726532454914178, 20.256117537950814 ], [ 77.771533724775892, 20.25611757383454 ], [ 77.771533724775892, 20.30111883926352 ], [ 77.726532454914178, 20.301118798539264 ], [ 77.726532454914178, 20.256117537950814 ] ] ] } },
{ "type": "Feature", "properties": { "REGION": 1.0, "STATE.NAME": "Maharashtra", "DISTRICT.NAME": "Yavatmal", "DISTRICT.AREA": 13583.851744, "GRID_G0": "195214", "woodland": 0.018235214769736038, "maskWdl": 0.0, "cropland": 0.92371508761133037, "maskCrp": 1.0, "one": 0.045617453510733881, "maskOne": 0.0, "GRID.AREA": 23.487251693097214, "REGION.AREA": 32202.066020262951 }, "geometry": { "type": "Polygon", "coordinates": [ [ [ 77.771533724775892, 20.25611757383454 ], [ 77.816535009901216, 20.256117529179804 ], [ 77.816535009901216, 20.301118777561832 ], [ 77.771533724775892, 20.30111883926352 ], [ 77.771533724775892, 20.25611757383454 ] ] ] } },
{ "type": "Feature", "properties": { "REGION": 1.0, "STATE.NAME": "Maharashtra", "DISTRICT.NAME": "Yavatmal", "DISTRICT.AREA": 13583.851744, "GRID_G0": "195215", "woodland": 0.034698459608253136, "maskWdl": 0.0, "cropland": 0.88962284240403189, "maskCrp": 1.0, "one": 0.065267645480448513, "maskOne": 0.0, "GRID.AREA": 23.484891961331993, "REGION.AREA": 32202.066020262951 }, "geometry": { "type": "Polygon", "coordinates": [ [ [ 77.816535009901216, 20.256117529179804 ], [ 77.861531757373555, 20.256117541488141 ], [ 77.861531757373555, 20.301118839788316 ], [ 77.816535009901216, 20.301118777561832 ], [ 77.816535009901216, 20.256117529179804 ] ] ] } },
{ "type": "Feature", "properties": { "REGION": 1.0, "STATE.NAME": "Maharashtra", "DISTRICT.NAME": "Yavatmal", "DISTRICT.AREA": 13583.851744, "GRID_G0": "195216", "woodland": 0.21444623962343567, "maskWdl": 0.0, "cropland": 0.61520583428256759, "maskCrp": 1.0, "one": 0.15826213229402394, "maskOne": 0.0, "GRID.AREA": 23.487247216477073, "REGION.AREA": 32202.066020262951 }, "geometry": { "type": "Polygon", "coordinates": [ [ [ 77.861531757373555, 20.256117541488141 ], [ 77.906533022918595, 20.256117538062504 ], [ 77.906533022918595, 20.301118775575958 ], [ 77.861531757373555, 20.301118839788316 ], [ 77.861531757373555, 20.256117541488141 ] ] ] } },
{ "type": "Feature", "properties": { "REGION": 1.0, "STATE.NAME": "Maharashtra", "DISTRICT.NAME": "Yavatmal", "DISTRICT.AREA": 13583.851744, "GRID_G0": "195217", "woodland": 0.081537946429194166, "maskWdl": 0.0, "cropland": 0.68876841460830385, "maskCrp": 1.0, "one": 0.12895236570123883, "maskOne": 0.0, "GRID.AREA": 23.48721373135476, "REGION.AREA": 32202.066020262951 }, "geometry": { "type": "Polygon", "coordinates": [ [ [ 77.906533022918595, 20.256117538062504 ], [ 77.951534251315636, 20.256117565594955 ], [ 77.951534251315636, 20.301118809876129 ], [ 77.906533022918595, 20.301118775575958 ], [ 77.906533022918595, 20.256117538062504 ] ] ] } },
{ "type": "Feature", "properties": { "REGION": 1.0, "STATE.NAME": "Maharashtra", "DISTRICT.NAME": "Yavatmal", "DISTRICT.AREA": 13583.851744, "GRID_G0": "195218", "woodland": 0.16410345815522648, "maskWdl": 0.0, "cropland": 0.68133006240058347, "maskCrp": 1.0, "one": 0.14917655910182956, "maskOne": 0.0, "GRID.AREA": 23.484909285245436, "REGION.AREA": 32202.066020262951 }, "geometry": { "type": "Polygon", "coordinates": [ [ [ 77.951534251315636, 20.256117565594955 ], [ 77.996531068852022, 20.25611759888697 ], [ 77.996531068852022, 20.301118827553907 ], [ 77.951534251315636, 20.301118809876129 ], [ 77.951534251315636, 20.256117565594955 ] ] ] } },
{ "type": "Feature", "properties": { "REGION": 1.0, "STATE.NAME": "Maharashtra", "DISTRICT.NAME": "Yavatmal", "DISTRICT.AREA": 13583.851744, "GRID_G0": "195228", "woodland": 0.13420239030155409, "maskWdl": 0.0, "cropland": 0.7011997276655676, "maskCrp": 1.0, "one": 0.13576982118193376, "maskOne": 0.0, "GRID.AREA": 23.487222348391999, "REGION.AREA": 32202.066020262951 }, "geometry": { "type": "Polygon", "coordinates": [ [ [ 78.401533409796329, 20.256117537562631 ], [ 78.446534648681762, 20.256117598182193 ], [ 78.446534648681762, 20.30111881812412 ], [ 78.401533409796329, 20.301118811469884 ], [ 78.401533409796329, 20.256117537562631 ] ] ] } },
{ "type": "Feature", "properties": { "REGION": 1.0, "STATE.NAME": "Maharashtra", "DISTRICT.NAME": "Yavatmal", "DISTRICT.AREA": 13583.851744, "GRID_G0": "195229", "woodland": 0.015565731565771552, "maskWdl": 0.0, "cropland": 0.83460554406999865, "maskCrp": 1.0, "one": 0.14188448607235743, "maskOne": 0.0, "GRID.AREA": 23.487230865574862, "REGION.AREA": 32202.066020262951 }, "geometry": { "type": "Polygon", "coordinates": [ [ [ 78.446534648681762, 20.256117598182193 ], [ 78.491535879173696, 20.25611752310007 ], [ 78.491535879173696, 20.30111884643496 ], [ 78.446534648681762, 20.30111881812412 ], [ 78.446534648681762, 20.256117598182193 ] ] ] } },
{ "type": "Feature", "properties": { "REGION": 1.0, "STATE.NAME": "Maharashtra", "DISTRICT.NAME": "Yavatmal", "DISTRICT.AREA": 13583.851744, "GRID_G0": "195232", "woodland": 0.15917855074249726, "maskWdl": 0.0, "cropland": 0.64642921351816451, "maskCrp": 1.0, "one": 0.17967831502117348, "maskOne": 0.0, "GRID.AREA": 23.487236649371102, "REGION.AREA": 32202.066020262951 }, "geometry": { "type": "Polygon", "coordinates": [ [ [ 78.58153389932626, 20.256117604023903 ], [ 78.626535152789216, 20.256117532743676 ], [ 78.626535152789216, 20.301118856434087 ], [ 78.58153389932626, 20.301118799832675 ], [ 78.58153389932626, 20.256117604023903 ] ] ] } },
{ "type": "Feature", "properties": { "REGION": 1.0, "STATE.NAME": "Maharashtra", "DISTRICT.NAME": "Yavatmal", "DISTRICT.AREA": 13583.851744, "GRID_G0": "195233", "woodland": 0.066689676053753644, "maskWdl": 0.0, "cropland": 0.88357832064859565, "maskCrp": 1.0, "one": 0.041174351159438266, "maskOne": 0.0, "GRID.AREA": 23.484943162534741, "REGION.AREA": 32202.066020262951 }, "geometry": { "type": "Polygon", "coordinates": [ [ [ 78.626535152789216, 20.256117532743676 ], [ 78.671531984763533, 20.256117608205269 ], [ 78.671531984763533, 20.301118858421798 ], [ 78.626535152789216, 20.301118856434087 ], [ 78.626535152789216, 20.256117532743676 ] ] ] } },
{ "type": "Feature", "properties": { "REGION": 1.0, "STATE.NAME": "Maharashtra", "DISTRICT.NAME": "Yavatmal", "DISTRICT.AREA": 13583.851744, "GRID_G0": "195234", "woodland": 0.044703247990974304, "maskWdl": 0.0, "cropland": 0.89307257282267305, "maskCrp": 1.0, "one": 0.041129339590765118, "maskOne": 0.0, "GRID.AREA": 23.48721212527413, "REGION.AREA": 32202.066020262951 }, "geometry": { "type": "Polygon", "coordinates": [ [ [ 78.671531984763533, 20.256117608205269 ], [ 78.716533203310703, 20.256117606419551 ], [ 78.716533203310703, 20.301118851577098 ], [ 78.671531984763533, 20.301118858421798 ], [ 78.671531984763533, 20.256117608205269 ] ] ] } },
{ "type": "Feature", "properties": { "REGION": 1.0, "STATE.NAME": "Maharashtra", "DISTRICT.NAME": "Yavatmal", "DISTRICT.AREA": 13583.851744, "GRID_G0": "195235", "woodland": 0.055167495059872229, "maskWdl": 0.0, "cropland": 0.84165471845206341, "maskCrp": 1.0, "one": 0.057050598006153155, "maskOne": 0.0, "GRID.AREA": 21.732755785627013, "REGION.AREA": 32202.066020262951 }, "geometry": { "type": "Polygon", "coordinates": [ [ [ 78.732637737228657, 20.301120164520526 ], [ 78.716533203310703, 20.301118851577098 ], [ 78.716533203310703, 20.256117606419551 ], [ 78.761534456541753, 20.256117609260496 ], [ 78.761534456541753, 20.29426867580063 ], [ 78.760860482925025, 20.294321871257409 ], [ 78.76003942797729, 20.294454612990023 ], [ 78.759335576275873, 20.294621239378728 ], [ 78.75884243303193, 20.29474281692751 ], [ 78.758057107249783, 20.294972657562138 ], [ 78.757353188998536, 20.29524996891098 ], [ 78.756915084263767, 20.295446102955339 ], [ 78.756328379151455, 20.295766401897989 ], [ 78.755449592224977, 20.296151931366584 ], [ 78.754405637610148, 20.296681984585973 ], [ 78.753431003637957, 20.29710356967405 ], [ 78.752329576948455, 20.297556633731688 ], [ 78.75123782606488, 20.297964629164369 ], [ 78.750763761938117, 20.298138196520597 ], [ 78.750272927253832, 20.298271074950208 ], [ 78.749731905902834, 20.298403900319784 ], [ 78.749241130573751, 20.298457799387958 ], [ 78.7486289908353, 20.29845358426553 ], [ 78.746757110452336, 20.298233485986657 ], [ 78.745995848729478, 20.298066837114902 ], [ 78.745145483976955, 20.297294928318369 ], [ 78.744060626396845, 20.296548163666841 ], [ 78.742918239185428, 20.295692969554977 ], [ 78.742010445525693, 20.294835331985038 ], [ 78.74038687335559, 20.293797423512331 ], [ 78.738936141889496, 20.293484338931137 ], [ 78.736652844153468, 20.293539854980395 ], [ 78.735362904274666, 20.293872594244878 ], [ 78.734135591384472, 20.294647900680104 ], [ 78.733169419133446, 20.295863508893888 ], [ 78.732995669214802, 20.297162063378551 ], [ 78.733101916919964, 20.298386136011402 ], [ 78.732985775773003, 20.300183867291711 ], [ 78.732637737228657, 20.301120164520526 ] ] ] } },
{ "type": "Feature", "properties": { "REGION": 1.0, "STATE.NAME": "Maharashtra", "DISTRICT.NAME": "Yavatmal", "DISTRICT.AREA": 13583.851744, "GRID_G0": "195236", "woodland": 0.03915881528721659, "maskWdl": 0.0, "cropland": 0.87744100340024378, "maskCrp": 1.0, "one": 0.038398295476565071, "maskOne": 0.0, "GRID.AREA": 21.790403022505231, "REGION.AREA": 32202.066020262951 }, "geometry": { "type": "Polygon", "coordinates": [ [ [ 78.761534456541753, 20.29426867580063 ], [ 78.761534456541753, 20.256117609260496 ], [ 78.806535721790198, 20.256117533501214 ], [ 78.806535721790198, 20.288095110152721 ], [ 78.806443753076792, 20.288196823524626 ], [ 78.805710882950962, 20.289174333528702 ], [ 78.805140848571341, 20.290041348329623 ], [ 78.805035436336368, 20.290364222031258 ], [ 78.805097426605016, 20.29080694478472 ], [ 78.805269690843602, 20.291068880424518 ], [ 78.805611740789303, 20.29139193578925 ], [ 78.805889181640467, 20.291834728689821 ], [ 78.805972861758221, 20.292239011721051 ], [ 78.805907982867154, 20.292681639146394 ], [ 78.805694830052403, 20.293185138083683 ], [ 78.805311561479414, 20.293729198243966 ], [ 78.804904388926445, 20.294232614443672 ], [ 78.804284282993322, 20.294715659200335 ], [ 78.80360187742474, 20.295320663717689 ], [ 78.802873759316583, 20.296045189034317 ], [ 78.802318168049055, 20.296731468882232 ], [ 78.801697765339668, 20.297677508909942 ], [ 78.801185221920491, 20.298343447891853 ], [ 78.800438069661254, 20.29906808562373 ], [ 78.799540069618558, 20.299812837592413 ], [ 78.799491187868057, 20.29983790979173 ], [ 78.798680962556432, 20.300253483811275 ], [ 78.79868092208693, 20.300253486509234 ], [ 78.798677177309983, 20.300253724829588 ], [ 78.798675823830251, 20.300250593390217 ], [ 78.798055847399496, 20.300293222154551 ], [ 78.797057645793757, 20.300337949037157 ], [ 78.796353947876469, 20.30036022164694 ], [ 78.795650191503171, 20.300292113290428 ], [ 78.795087822944708, 20.300160877922224 ], [ 78.79460675669651, 20.300016139233492 ], [ 78.794092191601408, 20.299771924734614 ], [ 78.793922364525542, 20.29961839157556 ], [ 78.793642482914322, 20.299286155931384 ], [ 78.793419935781458, 20.299132564316437 ], [ 78.792984363537585, 20.299032962601189 ], [ 78.792141888537401, 20.298788661767393 ], [ 78.791249219675819, 20.298566933916899 ], [ 78.790734633896307, 20.298433495209679 ], [ 78.790452378974194, 20.298234640716146 ], [ 78.789796804678872, 20.297692302757639 ], [ 78.789375739398906, 20.297391644109158 ], [ 78.788930538113902, 20.297226583440136 ], [ 78.788272294630758, 20.29714952592991 ], [ 78.787752935249841, 20.297230533262564 ], [ 78.787226161857916, 20.297408659282269 ], [ 78.786393066786673, 20.297740222233532 ], [ 78.785583854111621, 20.298092108963715 ], [ 78.784525482465085, 20.29859062745555 ], [ 78.783414576921245, 20.299089170229081 ], [ 78.781537535329051, 20.299840077157913 ], [ 78.780608576124962, 20.300176156504449 ], [ 78.7798113343257, 20.300430838212662 ], [ 78.77912895753542, 20.300730770208929 ], [ 78.778343701900383, 20.30100595466115 ], [ 78.777870293490409, 20.301120144900562 ], [ 78.776108925685705, 20.30112007577322 ], [ 78.775988281234277, 20.301103867449569 ], [ 78.775447387586965, 20.30093871684835 ], [ 78.775026206294456, 20.300737494439886 ], [ 78.774614672029543, 20.300473004725461 ], [ 78.774157786752539, 20.300106915901495 ], [ 78.773631468417591, 20.299598574114952 ], [ 78.773284575622711, 20.299225662134631 ], [ 78.772500088008726, 20.29835129717469 ], [ 78.771902151263305, 20.297664364418949 ], [ 78.771270690490041, 20.296988738839278 ], [ 78.770919076254415, 20.296611464247746 ], [ 78.770438236635357, 20.296224939229603 ], [ 78.769957273809212, 20.29594690212787 ], [ 78.769311209844503, 20.295713838323024 ], [ 78.768791805497472, 20.295578078465613 ], [ 78.768148138226081, 20.295444414927829 ], [ 78.767281699890589, 20.295321964137372 ], [ 78.766554104288559, 20.295233479841272 ], [ 78.765919862811472, 20.295144936189899 ], [ 78.765122932177633, 20.294988570166424 ], [ 78.764268631991854, 20.294735190676533 ], [ 78.763517243925719, 20.294502054925939 ], [ 78.762626877328557, 20.294334329565686 ], [ 78.762085964795531, 20.294291042497662 ], [ 78.761540283157615, 20.294268215905507 ], [ 78.761534456541753, 20.29426867580063 ] ] ] } },
{ "type": "Feature", "properties": { "REGION": 1.0, "STATE.NAME": "Maharashtra", "DISTRICT.NAME": "Yavatmal", "DISTRICT.AREA": 13583.851744, "GRID_G0": "195237", "woodland": 0.036777196471314458, "maskWdl": 0.0, "cropland": 0.8431620866113283, "maskCrp": 1.0, "one": 0.071623418637628791, "maskOne": 0.0, "GRID.AREA": 2.8667144467022001, "REGION.AREA": 32202.066020262951 }, "geometry": { "type": "Polygon", "coordinates": [ [ [ 78.806535721790198, 20.288095110152721 ], [ 78.806535721790198, 20.256117533501214 ], [ 78.812331109856089, 20.256118179075038 ], [ 78.812227129478515, 20.256433894808428 ], [ 78.811889332426802, 20.257485982891865 ], [ 78.811311916411853, 20.259339958672228 ], [ 78.81109605573846, 20.260329033957817 ], [ 78.811033410763343, 20.261397201020088 ], [ 78.810841212152297, 20.263269239683726 ], [ 78.810771600129272, 20.263928603722146 ], [ 78.810879029543628, 20.264454786259421 ], [ 78.81107028296725, 20.264856878542158 ], [ 78.811369230205855, 20.265200255887123 ], [ 78.811732978993859, 20.265564005574451 ], [ 78.812223375708299, 20.265884817130654 ], [ 78.812694755358734, 20.266088258166633 ], [ 78.813292987981072, 20.266269078555183 ], [ 78.813931900536829, 20.266411699340495 ], [ 78.814424808158435, 20.266572187856241 ], [ 78.815128307325551, 20.266814056023918 ], [ 78.815683360798516, 20.267096574447407 ], [ 78.816097297152623, 20.267406009579705 ], [ 78.816281322724933, 20.268085872764861 ], [ 78.816343357060362, 20.268679818319015 ], [ 78.816491473602696, 20.269224156369777 ], [ 78.816919682197636, 20.269748194023975 ], [ 78.817366949225402, 20.27035356096809 ], [ 78.817687382167037, 20.270979252590507 ], [ 78.81800795630221, 20.271523578950053 ], [ 78.818350019737693, 20.271864710687908 ], [ 78.818967345866383, 20.272269160093689 ], [ 78.819799995773224, 20.272915268125189 ], [ 78.820271122714189, 20.27357938058401 ], [ 78.820419260840254, 20.274123717735449 ], [ 78.820440705174462, 20.274649861601858 ], [ 78.820354223668517, 20.275293475813328 ], [ 78.820184154675076, 20.27597991484123 ], [ 78.820040379160218, 20.276469999490928 ], [ 78.819568455419926, 20.277639573207807 ], [ 78.819204521371603, 20.278102448868992 ], [ 78.818266083313176, 20.278908298079561 ], [ 78.817495142187113, 20.279492979717304 ], [ 78.816683690200193, 20.279976019977365 ], [ 78.816149738419767, 20.280359669862946 ], [ 78.815273673741103, 20.280984970280201 ], [ 78.813863583537625, 20.281770313149483 ], [ 78.812391282731596, 20.282657292000465 ], [ 78.811522251650672, 20.283309659313375 ], [ 78.810346728019113, 20.284336707573061 ], [ 78.809365004691244, 20.285264530933436 ], [ 78.808615514194685, 20.286111091553661 ], [ 78.80784691310464, 20.286795040358868 ], [ 78.806927480418949, 20.287661840221801 ], [ 78.806535721790198, 20.288095110152721 ] ] ] } },
{ "type": "Feature", "properties": { "REGION": 1.0, "STATE.NAME": "Maharashtra", "DISTRICT.NAME": "Yavatmal", "DISTRICT.AREA": 13583.851744, "GRID_G0": "195239", "woodland": 0.026577440449431038, "maskWdl": 0.0, "cropland": 0.88535937584690783, "maskCrp": 1.0, "one": 0.075445971668244918, "maskOne": 0.0, "GRID.AREA": 0.019242423384055182, "REGION.AREA": 32202.066020262951 }, "geometry": { "type": "Polygon", "coordinates": [ [ [ 78.909881382016266, 20.256118800652761 ], [ 78.917382456268101, 20.256119030751748 ], [ 78.916561055748176, 20.256296749095725 ], [ 78.915070317940888, 20.256398714229306 ], [ 78.913988554927926, 20.256450871310733 ], [ 78.91234940829861, 20.256426328812097 ], [ 78.909927666228896, 20.256133297313848 ], [ 78.909881382016266, 20.256118800652761 ] ] ] } },
{ "type": "Feature", "properties": { "REGION": 1.0, "STATE.NAME": "Maharashtra", "DISTRICT.NAME": "Yavatmal", "DISTRICT.AREA": 13583.851744, "GRID_G0": "194561", "woodland": 0.075035953224965798, "maskWdl": 0.0, "cropland": 0.56812429367756212, "maskCrp": 1.0, "one": 0.34709723696080502, "maskOne": 1.0, "GRID.AREA": 12.464139534406803, "REGION.AREA": 32202.066020262951 }, "geometry": { "type": "Polygon", "coordinates": [ [ [ 77.653099295707079, 20.211117629424859 ], [ 77.681531217347981, 20.211116315776323 ], [ 77.681531217347981, 20.256117592832325 ], [ 77.638242684779243, 20.256117810883516 ], [ 77.638263841503147, 20.256099073613427 ], [ 77.640056760511129, 20.254515918774704 ], [ 77.641863712540385, 20.252919087046283 ], [ 77.643685042031109, 20.251322186969389 ], [ 77.644603565502223, 20.250607109930229 ], [ 77.645249016129242, 20.250535192944824 ], [ 77.647898129295299, 20.250228975586822 ], [ 77.65270447503157, 20.249741427025299 ], [ 77.654461632498396, 20.24956707635954 ], [ 77.655435163002437, 20.249470483775838 ], [ 77.659370898448287, 20.249065301422547 ], [ 77.663054481079485, 20.248214544565656 ], [ 77.663081395090387, 20.248206362533665 ], [ 77.666258486739821, 20.247240462777199 ], [ 77.666258495733075, 20.247240402522603 ], [ 77.66629831861259, 20.245606261519814 ], [ 77.666346438637277, 20.243631665069358 ], [ 77.666006137873012, 20.241646933259403 ], [ 77.664998179522399, 20.239323420539449 ], [ 77.663930359598453, 20.237307355450127 ], [ 77.663339728046083, 20.236238505802476 ], [ 77.662644920826494, 20.234981091704075 ], [ 77.660810847942344, 20.231592747507364 ], [ 77.659745075774708, 20.229179341253655 ], [ 77.659745059586911, 20.229179298086198 ], [ 77.658972026637798, 20.226249010083791 ], [ 77.658458180100979, 20.224827315028623 ], [ 77.658185551522024, 20.22407300236722 ], [ 77.656240536471614, 20.219886022422031 ], [ 77.655248934091105, 20.217797086166627 ], [ 77.653562959762837, 20.214958635132973 ], [ 77.653341539480493, 20.214133603383122 ], [ 77.653524167506362, 20.212298992704405 ], [ 77.653298084239225, 20.211478596959754 ], [ 77.653099295707079, 20.211117629424859 ] ] ] } },
{ "type": "Feature", "properties": { "REGION": 1.0, "STATE.NAME": "Maharashtra", "DISTRICT.NAME": "Yavatmal", "DISTRICT.AREA": 13583.851744, "GRID_G0": "194562", "woodland": 0.033810142193166901, "maskWdl": 0.0, "cropland": 0.67462020856965621, "maskCrp": 1.0, "one": 0.27840090434298875, "maskOne": 0.0, "GRID.AREA": 23.494030545306344, "REGION.AREA": 32202.066020262951 }, "geometry": { "type": "Polygon", "coordinates": [ [ [ 77.681531217347981, 20.211116315776323 ], [ 77.726532454914178, 20.211116320857883 ], [ 77.726532454914178, 20.256117537950814 ], [ 77.681531217347981, 20.256117592832325 ], [ 77.681531217347981, 20.211116315776323 ] ] ] } },
{ "type": "Feature", "properties": { "REGION": 1.0, "STATE.NAME": "Maharashtra", "DISTRICT.NAME": "Yavatmal", "DISTRICT.AREA": 13583.851744, "GRID_G0": "194564", "woodland": 0.12342436779123614, "maskWdl": 0.0, "cropland": 0.59005727610580894, "maskCrp": 1.0, "one": 0.27453204793082481, "maskOne": 0.0, "GRID.AREA": 23.494039878083669, "REGION.AREA": 32202.066020262951 }, "geometry": { "type": "Polygon", "coordinates": [ [ [ 77.771533724775892, 20.21111634924398 ], [ 77.816535009901216, 20.211116318986473 ], [ 77.816535009901216, 20.256117529179804 ], [ 77.771533724775892, 20.25611757383454 ], [ 77.771533724775892, 20.21111634924398 ] ] ] } },
{ "type": "Feature", "properties": { "REGION": 1.0, "STATE.NAME": "Maharashtra", "DISTRICT.NAME": "Yavatmal", "DISTRICT.AREA": 13583.851744, "GRID_G0": "194565", "woodland": 0.020165027356447911, "maskWdl": 0.0, "cropland": 0.88481161578387524, "maskCrp": 1.0, "one": 0.08758756329335729, "maskOne": 0.0, "GRID.AREA": 23.491680845384259, "REGION.AREA": 32202.066020262951 }, "geometry": { "type": "Polygon", "coordinates": [ [ [ 77.816535009901216, 20.211116318986473 ], [ 77.861531757373555, 20.211116278745472 ], [ 77.861531757373555, 20.256117541488141 ], [ 77.816535009901216, 20.256117529179804 ], [ 77.816535009901216, 20.211116318986473 ] ] ] } },
{ "type": "Feature", "properties": { "REGION": 1.0, "STATE.NAME": "Maharashtra", "DISTRICT.NAME": "Yavatmal", "DISTRICT.AREA": 13583.851744, "GRID_G0": "194566", "woodland": 0.030745374146588834, "maskWdl": 0.0, "cropland": 0.85955623475910969, "maskCrp": 1.0, "one": 0.087703615466625209, "maskOne": 0.0, "GRID.AREA": 23.494038155494206, "REGION.AREA": 32202.066020262951 }, "geometry": { "type": "Polygon", "coordinates": [ [ [ 77.861531757373555, 20.211116278745472 ], [ 77.906533022918595, 20.211116333471285 ], [ 77.906533022918595, 20.256117538062504 ], [ 77.861531757373555, 20.256117541488141 ], [ 77.861531757373555, 20.211116278745472 ] ] ] } },
{ "type": "Feature", "properties": { "REGION": 1.0, "STATE.NAME": "Maharashtra", "DISTRICT.NAME": "Yavatmal", "DISTRICT.AREA": 13583.851744, "GRID_G0": "194567", "woodland": 0.038240593229970053, "maskWdl": 0.0, "cropland": 0.84804219732126673, "maskCrp": 1.0, "one": 0.093583409289651726, "maskOne": 0.0, "GRID.AREA": 23.494006027818163, "REGION.AREA": 32202.066020262951 }, "geometry": { "type": "Polygon", "coordinates": [ [ [ 77.906533022918595, 20.211116333471285 ], [ 77.951534251315636, 20.211116351619079 ], [ 77.951534251315636, 20.256117565594955 ], [ 77.906533022918595, 20.256117538062504 ], [ 77.906533022918595, 20.211116333471285 ] ] ] } },
{ "type": "Feature", "properties": { "REGION": 1.0, "STATE.NAME": "Maharashtra", "DISTRICT.NAME": "Yavatmal", "DISTRICT.AREA": 13583.851744, "GRID_G0": "194568", "woodland": 0.13588599652398978, "maskWdl": 0.0, "cropland": 0.72512433175575863, "maskCrp": 1.0, "one": 0.12798898330641018, "maskOne": 0.0, "GRID.AREA": 23.491725623504387, "REGION.AREA": 32202.066020262951 }, "geometry": { "type": "Polygon", "coordinates": [ [ [ 77.951534251315636, 20.211116351619079 ], [ 77.996531068852022, 20.211116308490247 ], [ 77.996531068852022, 20.25611759888697 ], [ 77.951534251315636, 20.256117565594955 ], [ 77.951534251315636, 20.211116351619079 ] ] ] } },
{ "type": "Feature", "properties": { "REGION": 1.0, "STATE.NAME": "Maharashtra", "DISTRICT.NAME": "Yavatmal", "DISTRICT.AREA": 13583.851744, "GRID_G0": "194569", "woodland": 0.11351553955522242, "maskWdl": 0.0, "cropland": 0.76894011853675026, "maskCrp": 1.0, "one": 0.091188404852381319, "maskOne": 0.0, "GRID.AREA": 23.494064333448385, "REGION.AREA": 32202.066020262951 }, "geometry": { "type": "Polygon", "coordinates": [ [ [ 77.996531068852022, 20.211116308490247 ], [ 78.041532344959762, 20.211116288576768 ], [ 78.041532344959762, 20.256117544679785 ], [ 77.996531068852022, 20.25611759888697 ], [ 77.996531068852022, 20.211116308490247 ] ] ] } },
{ "type": "Feature", "properties": { "REGION": 1.0, "STATE.NAME": "Maharashtra", "DISTRICT.NAME": "Yavatmal", "DISTRICT.AREA": 13583.851744, "GRID_G0": "194570", "woodland": 0.30914728960158105, "maskWdl": 0.0, "cropland": 0.5602947724508488, "maskCrp": 1.0, "one": 0.1282509191716647, "maskOne": 0.0, "GRID.AREA": 23.493992848173303, "REGION.AREA": 32202.066020262951 }, "geometry": { "type": "Polygon", "coordinates": [ [ [ 78.041532344959762, 20.211116288576768 ], [ 78.086533529357553, 20.211116343190575 ], [ 78.086533529357553, 20.256117543153675 ], [ 78.041532344959762, 20.256117544679785 ], [ 78.041532344959762, 20.211116288576768 ] ] ] } },
{ "type": "Feature", "properties": { "REGION": 1.0, "STATE.NAME": "Maharashtra", "DISTRICT.NAME": "Yavatmal", "DISTRICT.AREA": 13583.851744, "GRID_G0": "194571", "woodland": 0.22481039881623502, "maskWdl": 0.0, "cropland": 0.66384171617714549, "maskCrp": 1.0, "one": 0.091243810301954179, "maskOne": 0.0, "GRID.AREA": 23.494014455039164, "REGION.AREA": 32202.066020262951 }, "geometry": { "type": "Polygon", "coordinates": [ [ [ 78.086533529357553, 20.211116343190575 ], [ 78.131534777466058, 20.211116312500948 ], [ 78.131534777466058, 20.256117523956036 ], [ 78.086533529357553, 20.256117543153675 ], [ 78.086533529357553, 20.211116343190575 ] ] ] } },
{ "type": "Feature", "properties": { "REGION": 1.0, "STATE.NAME": "Maharashtra", "DISTRICT.NAME": "Yavatmal", "DISTRICT.AREA": 13583.851744, "GRID_G0": "194572", "woodland": 0.079775144361726211, "maskWdl": 0.0, "cropland": 0.87542816488257869, "maskCrp": 1.0, "one": 0.030702547948280368, "maskOne": 0.0, "GRID.AREA": 23.491722328289171, "REGION.AREA": 32202.066020262951 }, "geometry": { "type": "Polygon", "coordinates": [ [ [ 78.131534777466058, 20.211116312500948 ], [ 78.176531634831946, 20.211116349808819 ], [ 78.176531634831932, 20.256117550422065 ], [ 78.131534777466058, 20.256117523956036 ], [ 78.131534777466058, 20.211116312500948 ] ] ] } },
{ "type": "Feature", "properties": { "REGION": 1.0, "STATE.NAME": "Maharashtra", "DISTRICT.NAME": "Yavatmal", "DISTRICT.AREA": 13583.851744, "GRID_G0": "194573", "woodland": 0.056374467675467541, "maskWdl": 0.0, "cropland": 0.86937848369635917, "maskCrp": 1.0, "one": 0.055469372279855225, "maskOne": 0.0, "GRID.AREA": 23.494018955738465, "REGION.AREA": 32202.066020262951 }, "geometry": { "type": "Polygon", "coordinates": [ [ [ 78.176531634831946, 20.211116349808819 ], [ 78.221532867981381, 20.211116343876796 ], [ 78.221532867981381, 20.256117601859245 ], [ 78.176531634831932, 20.256117550422065 ], [ 78.176531634831946, 20.211116349808819 ] ] ] } },
{ "type": "Feature", "properties": { "REGION": 1.0, "STATE.NAME": "Maharashtra", "DISTRICT.NAME": "Yavatmal", "DISTRICT.AREA": 13583.851744, "GRID_G0": "194574", "woodland": 0.30562634722035564, "maskWdl": 0.0, "cropland": 0.58490665348501325, "maskCrp": 1.0, "one": 0.099637896334652185, "maskOne": 0.0, "GRID.AREA": 23.494046351815882, "REGION.AREA": 32202.066020262951 }, "geometry": { "type": "Polygon", "coordinates": [ [ [ 78.221532867981381, 20.211116343876796 ], [ 78.266534107122311, 20.211116273600599 ], [ 78.266534107122311, 20.256117567172982 ], [ 78.221532867981381, 20.256117601859245 ], [ 78.221532867981381, 20.211116343876796 ] ] ] } },
{ "type": "Feature", "properties": { "REGION": 1.0, "STATE.NAME": "Maharashtra", "DISTRICT.NAME": "Yavatmal", "DISTRICT.AREA": 13583.851744, "GRID_G0": "194578", "woodland": 0.24888829776785357, "maskWdl": 0.0, "cropland": 0.59958586021305937, "maskCrp": 1.0, "one": 0.14465881480666282, "maskOne": 0.0, "GRID.AREA": 23.49402937058942, "REGION.AREA": 32202.066020262951 }, "geometry": { "type": "Polygon", "coordinates": [ [ [ 78.401533409796329, 20.211116357859066 ], [ 78.446534648681762, 20.211116290873026 ], [ 78.446534648681762, 20.256117598182193 ], [ 78.401533409796329, 20.256117537562631 ], [ 78.401533409796329, 20.211116357859066 ] ] ] } },
{ "type": "Feature", "properties": { "REGION": 1.0, "STATE.NAME": "Maharashtra", "DISTRICT.NAME": "Yavatmal", "DISTRICT.AREA": 13583.851744, "GRID_G0": "194579", "woodland": 0.071476312524505536, "maskWdl": 0.0, "cropland": 0.73389679042010769, "maskCrp": 1.0, "one": 0.17532739615676388, "maskOne": 0.0, "GRID.AREA": 23.494039193883008, "REGION.AREA": 32202.066020262951 }, "geometry": { "type": "Polygon", "coordinates": [ [ [ 78.446534648681762, 20.211116290873026 ], [ 78.491535879173696, 20.211116288989839 ], [ 78.491535879173696, 20.25611752310007 ], [ 78.446534648681762, 20.256117598182193 ], [ 78.446534648681762, 20.211116290873026 ] ] ] } },
{ "type": "Feature", "properties": { "REGION": 1.0, "STATE.NAME": "Maharashtra", "DISTRICT.NAME": "Yavatmal", "DISTRICT.AREA": 13583.851744, "GRID_G0": "194580", "woodland": 0.15676147270906252, "maskWdl": 0.0, "cropland": 0.58094871713334884, "maskCrp": 1.0, "one": 0.25822921022646356, "maskOne": 0.0, "GRID.AREA": 23.491695627641242, "REGION.AREA": 32202.066020262951 }, "geometry": { "type": "Polygon", "coordinates": [ [ [ 78.491535879173696, 20.211116288989839 ], [ 78.536532660272343, 20.211116337002561 ], [ 78.536532660272343, 20.256117565210168 ], [ 78.491535879173696, 20.25611752310007 ], [ 78.491535879173696, 20.211116288989839 ] ] ] } },
{ "type": "Feature", "properties": { "REGION": 1.0, "STATE.NAME": "Maharashtra", "DISTRICT.NAME": "Yavatmal", "DISTRICT.AREA": 13583.851744, "GRID_G0": "194581", "woodland": 0.085618488589029387, "maskWdl": 0.0, "cropland": 0.64468873109200275, "maskCrp": 1.0, "one": 0.24892169036110259, "maskOne": 0.0, "GRID.AREA": 23.494037776438862, "REGION.AREA": 32202.066020262951 }, "geometry": { "type": "Polygon", "coordinates": [ [ [ 78.536532660272343, 20.211116337002561 ], [ 78.58153389932626, 20.211116313348999 ], [ 78.58153389932626, 20.256117604023903 ], [ 78.536532660272343, 20.256117565210168 ], [ 78.536532660272343, 20.211116337002561 ] ] ] } },
{ "type": "Feature", "properties": { "REGION": 1.0, "STATE.NAME": "Maharashtra", "DISTRICT.NAME": "Yavatmal", "DISTRICT.AREA": 13583.851744, "GRID_G0": "194583", "woodland": 0.20521947140936492, "maskWdl": 0.0, "cropland": 0.57760938101233117, "maskCrp": 1.0, "one": 0.19790287710990004, "maskOne": 0.0, "GRID.AREA": 23.491732623611668, "REGION.AREA": 32202.066020262951 }, "geometry": { "type": "Polygon", "coordinates": [ [ [ 78.626535152789216, 20.211116290874784 ], [ 78.671531984763533, 20.211116347767689 ], [ 78.671531984763533, 20.256117608205269 ], [ 78.626535152789216, 20.256117532743676 ], [ 78.626535152789216, 20.211116290874784 ] ] ] } },
{ "type": "Feature", "properties": { "REGION": 1.0, "STATE.NAME": "Maharashtra", "DISTRICT.NAME": "Yavatmal", "DISTRICT.AREA": 13583.851744, "GRID_G0": "194584", "woodland": 0.051063468502524169, "maskWdl": 0.0, "cropland": 0.85809976303968649, "maskCrp": 1.0, "one": 0.074965239944869699, "maskOne": 0.0, "GRID.AREA": 23.494026905779371, "REGION.AREA": 32202.066020262951 }, "geometry": { "type": "Polygon", "coordinates": [ [ [ 78.671531984763533, 20.211116347767689 ], [ 78.716533203310703, 20.211116348591897 ], [ 78.716533203310703, 20.256117606419551 ], [ 78.671531984763533, 20.256117608205269 ], [ 78.671531984763533, 20.211116347767689 ] ] ] } },
{ "type": "Feature", "properties": { "REGION": 1.0, "STATE.NAME": "Maharashtra", "DISTRICT.NAME": "Yavatmal", "DISTRICT.AREA": 13583.851744, "GRID_G0": "194585", "woodland": 0.034890577887635214, "maskWdl": 0.0, "cropland": 0.89211397211316568, "maskCrp": 1.0, "one": 0.050204844467462158, "maskOne": 0.0, "GRID.AREA": 23.494061385962727, "REGION.AREA": 32202.066020262951 }, "geometry": { "type": "Polygon", "coordinates": [ [ [ 78.716533203310703, 20.211116348591897 ], [ 78.761534456541753, 20.211116286110514 ], [ 78.761534456541753, 20.256117609260496 ], [ 78.716533203310703, 20.256117606419551 ], [ 78.716533203310703, 20.211116348591897 ] ] ] } },
{ "type": "Feature", "properties": { "REGION": 1.0, "STATE.NAME": "Maharashtra", "DISTRICT.NAME": "Yavatmal", "DISTRICT.AREA": 13583.851744, "GRID_G0": "194586", "woodland": 0.045705937619866147, "maskWdl": 0.0, "cropland": 0.85320804989580656, "maskCrp": 1.0, "one": 0.088168909270870899, "maskOne": 0.0, "GRID.AREA": 23.494049326244841, "REGION.AREA": 32202.066020262951 }, "geometry": { "type": "Polygon", "coordinates": [ [ [ 78.761534456541753, 20.211116286110514 ], [ 78.806535721790198, 20.211116345918477 ], [ 78.806535721790198, 20.256117533501214 ], [ 78.761534456541753, 20.256117609260496 ], [ 78.761534456541753, 20.211116286110514 ] ] ] } },
{ "type": "Feature", "properties": { "REGION": 1.0, "STATE.NAME": "Maharashtra", "DISTRICT.NAME": "Yavatmal", "DISTRICT.AREA": 13583.851744, "GRID_G0": "194587", "woodland": 0.04583343843396355, "maskWdl": 0.0, "cropland": 0.84427585307143094, "maskCrp": 1.0, "one": 0.062763028025068113, "maskOne": 0.0, "GRID.AREA": 21.217483122172435, "REGION.AREA": 32202.066020262951 }, "geometry": { "type": "Polygon", "coordinates": [ [ [ 78.812331109856089, 20.256118179075038 ], [ 78.806535721790198, 20.256117533501214 ], [ 78.806535721790198, 20.211116345918477 ], [ 78.851532483715133, 20.211116337012417 ], [ 78.851532483715147, 20.253178622276383 ], [ 78.851458165162228, 20.25316035176888 ], [ 78.850182786206688, 20.252857524854956 ], [ 78.848998394360478, 20.252701473594186 ], [ 78.848239745168158, 20.252642660630332 ], [ 78.847770785593355, 20.252744212075758 ], [ 78.847421432253327, 20.252814140660121 ], [ 78.846935642765743, 20.252744098761184 ], [ 78.846114846822786, 20.252628806574194 ], [ 78.845162939618035, 20.252431752523421 ], [ 78.844916625202131, 20.252389436723146 ], [ 78.844825064325335, 20.252371145412098 ], [ 78.844127277651808, 20.252252686712151 ], [ 78.843940774447219, 20.252220140247346 ], [ 78.843719670726273, 20.252183487478021 ], [ 78.842898945829745, 20.251982310035658 ], [ 78.842641642597812, 20.251923515957575 ], [ 78.84253280754308, 20.251898749527697 ], [ 78.842166769980508, 20.251815004658795 ], [ 78.84154463697547, 20.251629702948492 ], [ 78.840999163080994, 20.251299920654844 ], [ 78.840240581337824, 20.250854940603059 ], [ 78.839800424350187, 20.250669576839528 ], [ 78.839328959264094, 20.250511456238769 ], [ 78.838828940703081, 20.25045479265458 ], [ 78.838312041867312, 20.250468234821255 ], [ 78.837735449631353, 20.250468244713772 ], [ 78.836708820455783, 20.250522111406383 ], [ 78.835921544943403, 20.250664166518106 ], [ 78.835344807017293, 20.250880858165146 ], [ 78.834904431494351, 20.251065977313033 ], [ 78.834531104027292, 20.251192412100178 ], [ 78.834251150470266, 20.251223963914871 ], [ 78.833569104630556, 20.25129594745005 ], [ 78.832992522287157, 20.251338783058429 ], [ 78.832552210616086, 20.251338646361489 ], [ 78.832052059854732, 20.251252630704414 ], [ 78.831566333319699, 20.25112158599245 ], [ 78.831248100119808, 20.251008587076683 ], [ 78.830944193120047, 20.250850465576548 ], [ 78.830655947813796, 20.250639696864596 ], [ 78.83045139251783, 20.250427653813233 ], [ 78.830023144352708, 20.250174688910818 ], [ 78.829578124730745, 20.249935198550645 ], [ 78.829047087653009, 20.249706891260075 ], [ 78.828317205974315, 20.249625403689492 ], [ 78.827132681028445, 20.249634110026193 ], [ 78.826876756457182, 20.249636325056429 ], [ 78.825527058427042, 20.249839080808954 ], [ 78.824909679238374, 20.249902157458681 ], [ 78.824280250033553, 20.25000586188105 ], [ 78.823682077665808, 20.249989836861516 ], [ 78.82304321097547, 20.249949031922313 ], [ 78.822531127109869, 20.249957952297738 ], [ 78.821664901014401, 20.249982550554307 ], [ 78.82116243899543, 20.250004872626846 ], [ 78.820624040067472, 20.249982228597048 ], [ 78.819915775392758, 20.249869059709397 ], [ 78.819193115270139, 20.249830426632911 ], [ 78.818219128809801, 20.249868494035809 ], [ 78.817261997443282, 20.249972054566744 ], [ 78.816352644359085, 20.250113956793712 ], [ 78.815512691957224, 20.25030559152987 ], [ 78.815311592755847, 20.250375519214913 ], [ 78.815045918634269, 20.250597086086714 ], [ 78.814909525654116, 20.250784468828211 ], [ 78.814605378535489, 20.251256438433924 ], [ 78.814377848259142, 20.251701160380318 ], [ 78.814193549292895, 20.252137030299767 ], [ 78.814128503127961, 20.252986088337366 ], [ 78.814149825154345, 20.253632012907133 ], [ 78.814022891243496, 20.254036162838702 ], [ 78.813788230242665, 20.254318378190646 ], [ 78.813017474376977, 20.254961677639358 ], [ 78.812677497368668, 20.255386103685797 ], [ 78.812399659916423, 20.255910039716582 ], [ 78.812331109856089, 20.256118179075038 ] ] ] } },
{ "type": "Feature", "properties": { "REGION": 1.0, "STATE.NAME": "Maharashtra", "DISTRICT.NAME": "Yavatmal", "DISTRICT.AREA": 13583.851744, "GRID_G0": "194588", "woodland": 0.03833122250581749, "maskWdl": 0.0, "cropland": 0.85390297758564948, "maskCrp": 1.0, "one": 0.063153653606949078, "maskOne": 0.0, "GRID.AREA": 21.32758245016095, "REGION.AREA": 32202.066020262951 }, "geometry": { "type": "Polygon", "coordinates": [ [ [ 78.851532483715147, 20.253178622276383 ], [ 78.851532483715133, 20.211116337012417 ], [ 78.896533706099333, 20.211116303356995 ], [ 78.896533706099333, 20.249589409398297 ], [ 78.895525818661667, 20.249495967864675 ], [ 78.893221579312467, 20.249769486772433 ], [ 78.891936579409673, 20.24981923996603 ], [ 78.89135520188114, 20.249832844909918 ], [ 78.890213256236848, 20.249852126374609 ], [ 78.889881133907238, 20.249857730949604 ], [ 78.889378617029593, 20.249923308613862 ], [ 78.888878525623511, 20.249884922850985 ], [ 78.887119709806825, 20.249654746769181 ], [ 78.886957016153417, 20.249679641802061 ], [ 78.886468867744099, 20.249704405533919 ], [ 78.886205344800885, 20.249711931960121 ], [ 78.886171551875691, 20.249713433827935 ], [ 78.88614990969063, 20.249714091232363 ], [ 78.886128651516117, 20.249714187459858 ], [ 78.886056301956842, 20.249716933090038 ], [ 78.886030837653095, 20.249717706506999 ], [ 78.886021459522794, 20.249717916049065 ], [ 78.88601815811154, 20.249718092316126 ], [ 78.885892375332901, 20.249721910837589 ], [ 78.885831283486993, 20.249722658174164 ], [ 78.885519697176335, 20.2497264596085 ], [ 78.885413355941694, 20.249736455573043 ], [ 78.883210535837634, 20.249803319267809 ], [ 78.883116516214329, 20.249806200695673 ], [ 78.878663237118758, 20.250111278612678 ], [ 78.878560802539084, 20.250140570431032 ], [ 78.878273308166683, 20.250178674706149 ], [ 78.877914373449642, 20.250359292747195 ], [ 78.877345160151094, 20.250639270585911 ], [ 78.877009823644528, 20.25077069391244 ], [ 78.876385308335387, 20.251012283290265 ], [ 78.875710472360481, 20.251179389017636 ], [ 78.874274751478652, 20.251344243741926 ], [ 78.873597618635245, 20.251804872896628 ], [ 78.87254947857565, 20.252730828365088 ], [ 78.871900928884827, 20.253024343698542 ], [ 78.870986902923278, 20.253331476566416 ], [ 78.870395829803783, 20.253532474144439 ], [ 78.869924459146546, 20.253575330437169 ], [ 78.869256758392751, 20.253634070555961 ], [ 78.868603494455783, 20.253690435565204 ], [ 78.867809004581957, 20.253834902658696 ], [ 78.866581450673493, 20.254076468654148 ], [ 78.865550046097781, 20.254277408675538 ], [ 78.864334502635245, 20.254491926661164 ], [ 78.863343704248621, 20.254557281293557 ], [ 78.862226234553134, 20.254534600391537 ], [ 78.86139115827541, 20.254491635280772 ], [ 78.86043629589841, 20.254421549315115 ], [ 78.85982852956306, 20.254362845169226 ], [ 78.859172785295868, 20.254434962703442 ], [ 78.857973998001683, 20.254477729063975 ], [ 78.856531044771941, 20.254491125365178 ], [ 78.855971111577617, 20.254421096956094 ], [ 78.855588280974416, 20.254283289342368 ], [ 78.854891926021665, 20.254104736144711 ], [ 78.85425534810588, 20.253919470407311 ], [ 78.853511222065322, 20.253689059602493 ], [ 78.852738401356191, 20.253487936119427 ], [ 78.851917576634889, 20.253273293128018 ], [ 78.851532483715147, 20.253178622276383 ] ] ] } },
{ "type": "Feature", "properties": { "REGION": 1.0, "STATE.NAME": "Maharashtra", "DISTRICT.NAME": "Yavatmal", "DISTRICT.AREA": 13583.851744, "GRID_G0": "194589", "woodland": 0.076798926548278634, "maskWdl": 0.0, "cropland": 0.7429507713880299, "maskCrp": 1.0, "one": 0.11035975263689131, "maskOne": 0.0, "GRID.AREA": 17.341188004742502, "REGION.AREA": 32202.066020262951 }, "geometry": { "type": "Polygon", "coordinates": [ [ [ 78.896533706099333, 20.249589409398297 ], [ 78.896533706099333, 20.211116303356995 ], [ 78.941534957368745, 20.211116326859475 ], [ 78.941534957368745, 20.218923025095052 ], [ 78.941025555285194, 20.219228089204989 ], [ 78.940860528790438, 20.21933199417623 ], [ 78.940571028030604, 20.219485668528819 ], [ 78.940133325292777, 20.219709352404717 ], [ 78.939722016757742, 20.219908217690147 ], [ 78.939248298869927, 20.220165933710916 ], [ 78.939092861846191, 20.220226973396169 ], [ 78.938913573003049, 20.220360285298966 ], [ 78.938705535532108, 20.220556826736239 ], [ 78.93830379758225, 20.221227640942914 ], [ 78.93807194876149, 20.221686109026734 ], [ 78.938012145644052, 20.221893908177375 ], [ 78.93798601674132, 20.222153706128669 ], [ 78.937952501706661, 20.222350201700525 ], [ 78.938000709864923, 20.223045734672954 ], [ 78.938034258174525, 20.223235353129102 ], [ 78.938139794515962, 20.223813440038274 ], [ 78.938202156204625, 20.224224452696372 ], [ 78.938288406584789, 20.224583510620562 ], [ 78.938379407183959, 20.224908679392115 ], [ 78.938508825921645, 20.225362550141654 ], [ 78.938626160468971, 20.225622176322418 ], [ 78.938856051465677, 20.225983543705638 ], [ 78.938985223789132, 20.226200136427224 ], [ 78.939100224595734, 20.226374063512253 ], [ 78.93920073462624, 20.226581811401502 ], [ 78.939298901922825, 20.226717189946385 ], [ 78.939308530964013, 20.226816636978239 ], [ 78.939337243618979, 20.227026631373974 ], [ 78.939342162910521, 20.227252452938387 ], [ 78.939320839085497, 20.227471467534258 ], [ 78.939189300645751, 20.227868966979312 ], [ 78.939110508343347, 20.228112946755118 ], [ 78.939053163073098, 20.22829364663454 ], [ 78.938799752106945, 20.228743138585006 ], [ 78.938560643958624, 20.229170026075906 ], [ 78.938347754645235, 20.229447894105082 ], [ 78.938137296199329, 20.229689556328026 ], [ 78.937902933773458, 20.229899699111854 ], [ 78.937620741803869, 20.230098469069162 ], [ 78.937163857426142, 20.230426171230874 ], [ 78.936941411916678, 20.230570757934174 ], [ 78.936530061113501, 20.230855480596002 ], [ 78.936164025349569, 20.231088126216097 ], [ 78.935967862526866, 20.2312101902981 ], [ 78.935640153170596, 20.231339039764919 ], [ 78.93508036116981, 20.231562851344563 ], [ 78.934893757241184, 20.231585420730653 ], [ 78.934384196873225, 20.23173916972695 ], [ 78.933888997779093, 20.231899636658966 ], [ 78.933415309568943, 20.232134629509574 ], [ 78.933245453714804, 20.232218267359201 ], [ 78.932845973962571, 20.232405893816978 ], [ 78.932441663052373, 20.232600286773845 ], [ 78.931975191901643, 20.232760679062153 ], [ 78.931690440461523, 20.23283981490556 ], [ 78.931521385003975, 20.232873579052466 ], [ 78.931520690727325, 20.232873717548102 ], [ 78.931125278608761, 20.232990765211696 ], [ 78.931123506045026, 20.232991249946281 ], [ 78.930558821732291, 20.233145100565991 ], [ 78.930216868913419, 20.233215182934373 ], [ 78.930013399998472, 20.233251323090144 ], [ 78.92980532205803, 20.233303333582054 ], [ 78.929570832827721, 20.233357636445817 ], [ 78.929271844220295, 20.233450273811112 ], [ 78.929054156124437, 20.233522624269767 ], [ 78.928774162997286, 20.233687562630966 ], [ 78.928286182761155, 20.233893202509364 ], [ 78.927915412066682, 20.234094352972082 ], [ 78.927420230958944, 20.234491986416113 ], [ 78.926922690929473, 20.234855587715227 ], [ 78.92650643972047, 20.235151649029437 ], [ 78.926157215882881, 20.235433943521745 ], [ 78.925764898331465, 20.235757020470146 ], [ 78.925353500763492, 20.236030406278303 ], [ 78.924944477405745, 20.236299212738516 ], [ 78.9246047594022, 20.23659747649242 ], [ 78.924281885700509, 20.236956628845402 ], [ 78.923966162508464, 20.237322544999529 ], [ 78.923595348646472, 20.237659193616935 ], [ 78.923423204917015, 20.237819569717431 ], [ 78.923231810299853, 20.23793926318649 ], [ 78.922815530312505, 20.238212608525092 ], [ 78.922559542788747, 20.238345993273015 ], [ 78.922382599377499, 20.238461101998325 ], [ 78.922026190856059, 20.238786451533542 ], [ 78.921751123315744, 20.239134362360971 ], [ 78.921641057089175, 20.239326259699169 ], [ 78.921562220719977, 20.239558925104348 ], [ 78.92143794610439, 20.240001605589669 ], [ 78.921308787270789, 20.240457766013147 ], [ 78.921299303020476, 20.240654251692433 ], [ 78.921313742535233, 20.240963621174217 ], [ 78.921328239606623, 20.241458236608363 ], [ 78.921414544845447, 20.241878264970012 ], [ 78.921491158090532, 20.242316332832559 ], [ 78.921515232042395, 20.242494766420407 ], [ 78.921498510947572, 20.242935102373114 ], [ 78.921417390300405, 20.243352905812003 ], [ 78.921367206331581, 20.243655557358128 ], [ 78.921307429294473, 20.243903897946605 ], [ 78.921297974721824, 20.244120793739683 ], [ 78.921298045768253, 20.244256213653387 ], [ 78.92129799001026, 20.244263017024654 ], [ 78.921305220559532, 20.244344338220685 ], [ 78.921343561356309, 20.244460719486653 ], [ 78.921381845495844, 20.244576934378074 ], [ 78.921535061194163, 20.244818451810147 ], [ 78.921573350729602, 20.244949457851249 ], [ 78.921683565344324, 20.245184319400892 ], [ 78.921831974166309, 20.245514058527021 ], [ 78.921956429545617, 20.245782761565234 ], [ 78.922148003127916, 20.246207228081175 ], [ 78.922315694313909, 20.246670135218608 ], [ 78.922363525656237, 20.246862072126987 ], [ 78.922464075256926, 20.247087854121219 ], [ 78.922526457629999, 20.247347560341662 ], [ 78.922571968721456, 20.247573403489813 ], [ 78.922610304122315, 20.247783475227262 ], [ 78.922615140676271, 20.248052142292579 ], [ 78.922641560959335, 20.248277941373942 ], [ 78.922627281523887, 20.248501514633237 ], [ 78.922610583811434, 20.248722863869148 ], [ 78.922567651975612, 20.248960020488596 ], [ 78.922476747603866, 20.249443307162949 ], [ 78.922440999552521, 20.249707452437011 ], [ 78.922359767389423, 20.250174995579638 ], [ 78.922264155066784, 20.250601892963061 ], [ 78.922192715621406, 20.251844242517848 ], [ 78.922099698742159, 20.252840144557069 ], [ 78.921800868415403, 20.25355617937424 ], [ 78.921193335903808, 20.254258673099347 ], [ 78.919633320621301, 20.255361077351893 ], [ 78.918159473880678, 20.255950911205616 ], [ 78.917382456268101, 20.256119030751748 ], [ 78.909881382016266, 20.256118800652761 ], [ 78.907989170363976, 20.255526129027658 ], [ 78.90544528956849, 20.2544403838167 ], [ 78.904770423915977, 20.253986509469879 ], [ 78.902965955814238, 20.252774042588047 ], [ 78.901448635845952, 20.251663144238762 ], [ 78.899316345073316, 20.250261041813701 ], [ 78.898380705705051, 20.249918017902246 ], [ 78.897447366802567, 20.249674110072192 ], [ 78.896533706099333, 20.249589409398297 ] ] ] } },
{ "type": "Feature", "properties": { "REGION": 1.0, "STATE.NAME": "Maharashtra", "DISTRICT.NAME": "Yavatmal", "DISTRICT.AREA": 13583.851744, "GRID_G0": "194590", "woodland": 0.035651732643502278, "maskWdl": 0.0, "cropland": 0.80460456173683281, "maskCrp": 1.0, "one": 0.13344830606147709, "maskOne": 0.0, "GRID.AREA": 1.001668750787871, "REGION.AREA": 32202.066020262951 }, "geometry": { "type": "Polygon", "coordinates": [ [ [ 78.941534957368745, 20.218923025095052 ], [ 78.941534957368745, 20.211116326859475 ], [ 78.960889525201878, 20.211117730049505 ], [ 78.960531391810321, 20.211462525175421 ], [ 78.96014165531318, 20.211774392973894 ], [ 78.959787692947714, 20.212056909598743 ], [ 78.959402758830322, 20.212314479030056 ], [ 78.95921855968885, 20.212382324784532 ], [ 78.958541715527815, 20.212757548022466 ], [ 78.958082579247673, 20.213001633918338 ], [ 78.957656815909388, 20.213187022862883 ], [ 78.957154453715134, 20.213404051755621 ], [ 78.957003851446643, 20.213446942222674 ], [ 78.956523061290284, 20.213632402213648 ], [ 78.956061483350823, 20.21380200086168 ], [ 78.955331895750419, 20.214120669333454 ], [ 78.954875129183904, 20.214321922318902 ], [ 78.954468470143865, 20.214541176134446 ], [ 78.954066672838735, 20.214749155149434 ], [ 78.953612336240383, 20.214999972470821 ], [ 78.953148233903903, 20.215241801967636 ], [ 78.952765610144866, 20.215413599458085 ], [ 78.952313625273646, 20.215612580756044 ], [ 78.951832768567499, 20.215804737998326 ], [ 78.951612722449227, 20.215872506411074 ], [ 78.951368699505977, 20.215917859221857 ], [ 78.950837707394328, 20.216033264723418 ], [ 78.950531453164103, 20.216128188165381 ], [ 78.94992875091117, 20.216284271801722 ], [ 78.949569897133131, 20.216367974402544 ], [ 78.949215863721179, 20.216494643912711 ], [ 78.949045939518555, 20.216540864569311 ], [ 78.94904126034595, 20.216542136210649 ], [ 78.948643154757875, 20.216663159777056 ], [ 78.948632220800391, 20.21666648457068 ], [ 78.947991123791383, 20.216849684565318 ], [ 78.947524729083057, 20.216985300531235 ], [ 78.947022428042658, 20.217141345496771 ], [ 78.946809457790323, 20.217225061587389 ], [ 78.946029636758396, 20.217437611856329 ], [ 78.945594366686748, 20.217552940016219 ], [ 78.945290521740219, 20.217625347132127 ], [ 78.944917309386369, 20.217713533752654 ], [ 78.944142238573534, 20.217903583883356 ], [ 78.943675806093609, 20.218055000038245 ], [ 78.943240457780973, 20.218204245229803 ], [ 78.942972649568162, 20.218312755629199 ], [ 78.942769211230143, 20.21840995615463 ], [ 78.942343489260679, 20.218597509767338 ], [ 78.942147328236672, 20.218660837327832 ], [ 78.941865179434558, 20.21876023579631 ], [ 78.941534996942607, 20.218923001395467 ], [ 78.941534957368745, 20.218923025095052 ] ] ] } },
{ "type": "Feature", "properties": { "REGION": 1.0, "STATE.NAME": "Maharashtra", "DISTRICT.NAME": "Yavatmal", "DISTRICT.AREA": 13583.851744, "GRID_G0": "193911", "woodland": 0.02632710429020451, "maskWdl": 0.0, "cropland": 0.92948733892170476, "maskCrp": 1.0, "one": 0.02890663134745515, "maskOne": 0.0, "GRID.AREA": 13.932572401793742, "REGION.AREA": 32202.066020262951 }, "geometry": { "type": "Polygon", "coordinates": [ [ [ 77.678971601503832, 20.166115387288066 ], [ 77.681531217347981, 20.166115079191943 ], [ 77.681531217347981, 20.211116315776323 ], [ 77.653099295707079, 20.211117629424859 ], [ 77.652619113181572, 20.210245688487763 ], [ 77.652942174841542, 20.209940949615202 ], [ 77.653702447310138, 20.209226996728546 ], [ 77.653702481484402, 20.209226967950258 ], [ 77.654654660284393, 20.208579519029627 ], [ 77.655138120527909, 20.208277524887929 ], [ 77.655611905864816, 20.207981575089661 ], [ 77.656094027917106, 20.207824913189256 ], [ 77.656094071084581, 20.207824901498043 ], [ 77.656624275390072, 20.207713003352463 ], [ 77.656999807095474, 20.20761484325044 ], [ 77.657421740221196, 20.207504550394734 ], [ 77.657649775017148, 20.207434177545277 ], [ 77.65776544941599, 20.20739848165465 ], [ 77.658347206458473, 20.207255180082541 ], [ 77.658345460874386, 20.207250450547917 ], [ 77.657361944298373, 20.204583135103636 ], [ 77.656168035826227, 20.201646645376456 ], [ 77.655777761534537, 20.200633063565078 ], [ 77.655523015974438, 20.200476694843641 ], [ 77.655388134754688, 20.200333078508834 ], [ 77.655305785633573, 20.200198195490373 ], [ 77.655261378909586, 20.200026855754853 ], [ 77.655259285287855, 20.199742360621485 ], [ 77.655267277562871, 20.199521003291693 ], [ 77.655284869201409, 20.199313127698762 ], [ 77.655216988373354, 20.199191619397769 ], [ 77.655149499649724, 20.199119857095752 ], [ 77.655029283674537, 20.199039357880114 ], [ 77.654799007768077, 20.198959610497695 ], [ 77.654616616263866, 20.198870502072051 ], [ 77.654404695520327, 20.198677681130111 ], [ 77.654187240348904, 20.198390074342512 ], [ 77.654056460936999, 20.198174164206364 ], [ 77.653839193723854, 20.197909177166821 ], [ 77.653574717499282, 20.197725733455911 ], [ 77.653339655400828, 20.197641403128333 ], [ 77.653061729815022, 20.197580027995965 ], [ 77.652669344814456, 20.197564566851323 ], [ 77.652262767612683, 20.197580783426474 ], [ 77.652028094920695, 20.197546103769696 ], [ 77.651773439292867, 20.197407861783461 ], [ 77.651566023253451, 20.197169874190365 ], [ 77.651420880769081, 20.196940495807269 ], [ 77.651186861884241, 20.196350510867433 ], [ 77.651094129190767, 20.196098147611451 ], [ 77.651014864744297, 20.195728403942724 ], [ 77.651013345789352, 20.195538709044229 ], [ 77.650997004208421, 20.195245348394167 ], [ 77.650865661820887, 20.194957071611608 ], [ 77.650739846666625, 20.194763762337804 ], [ 77.650575723091208, 20.194561668486244 ], [ 77.650363940843249, 20.194400378674576 ], [ 77.649974864448495, 20.194181684237378 ], [ 77.649686641625294, 20.194025533151891 ], [ 77.649389010994128, 20.193878427447544 ], [ 77.649124750606816, 20.19372210189351 ], [ 77.648936709561553, 20.193529098389206 ], [ 77.648834928788972, 20.193353636161419 ], [ 77.648601821816669, 20.192867462663344 ], [ 77.64850904955307, 20.19262870435125 ], [ 77.648289723791777, 20.192079216782474 ], [ 77.648149547363801, 20.191872441959674 ], [ 77.647720569848502, 20.191432641103574 ], [ 77.647416916457587, 20.191136495253094 ], [ 77.647151175786178, 20.190772545017008 ], [ 77.647073414106842, 20.19061033160159 ], [ 77.647019738969846, 20.190457232815106 ], [ 77.646983624894403, 20.190109685313757 ], [ 77.646924200391609, 20.189830171525276 ], [ 77.64680650971269, 20.18944253854238 ], [ 77.646738422939904, 20.189289488319279 ], [ 77.646612842508716, 20.189127623840818 ], [ 77.646415433225741, 20.188952858587584 ], [ 77.64599270959593, 20.188716246957256 ], [ 77.645738562984377, 20.188627558515069 ], [ 77.645349326510257, 20.18838623173923 ], [ 77.644959319317209, 20.188045508293612 ], [ 77.644741699569877, 20.187730857093417 ], [ 77.644518703675317, 20.187334938656534 ], [ 77.644354074680848, 20.187046960448921 ], [ 77.647910289028687, 20.185985212747429 ], [ 77.649839488601572, 20.185507484782647 ], [ 77.649675175269181, 20.183327330292116 ], [ 77.649856737598441, 20.18068429654312 ], [ 77.649659046827594, 20.17785858800346 ], [ 77.64954761992675, 20.177028379755996 ], [ 77.649562457841228, 20.175786348561193 ], [ 77.649955412112675, 20.1752148051192 ], [ 77.650679706303436, 20.174830795504874 ], [ 77.651635048918422, 20.174661970273746 ], [ 77.65279725089249, 20.174622810194595 ], [ 77.65224867883353, 20.172228301395023 ], [ 77.652469380557534, 20.17231268118536 ], [ 77.653082154318042, 20.17237638825975 ], [ 77.653498728383681, 20.172445921142412 ], [ 77.654025403749415, 20.172505692783549 ], [ 77.654452043926767, 20.172633946899168 ], [ 77.654931609206471, 20.172797876221068 ], [ 77.65532960687591, 20.172921631927807 ], [ 77.656038008247549, 20.172984805704289 ], [ 77.656320398067976, 20.173005517990305 ], [ 77.656793284082823, 20.172907589014073 ], [ 77.657079795496202, 20.172837991380224 ], [ 77.657289633409903, 20.172759831301221 ], [ 77.657627893612471, 20.172577041397403 ], [ 77.657860987994241, 20.17239471464444 ], [ 77.658023125866634, 20.17232150443391 ], [ 77.658257080899602, 20.172283807551704 ], [ 77.65855389944295, 20.172308971481925 ], [ 77.65887461027512, 20.172342966754574 ], [ 77.659248753427278, 20.172466888835917 ], [ 77.659502671611051, 20.172528520275023 ], [ 77.659722986626605, 20.172563237703283 ], [ 77.659895633976362, 20.172634347996791 ], [ 77.660040177512258, 20.172764318018896 ], [ 77.660184845154561, 20.172925916298031 ], [ 77.660464566686471, 20.173231217246947 ], [ 77.660609050867038, 20.173370193979341 ], [ 77.660811137524036, 20.17352248787256 ], [ 77.661065569220682, 20.173638182955813 ], [ 77.661376946888652, 20.173699333257673 ], [ 77.661564025659288, 20.173774897893278 ], [ 77.661780053606662, 20.17388189833099 ], [ 77.661880827138532, 20.173926322142105 ], [ 77.662033888153474, 20.173920815593192 ], [ 77.662229562644256, 20.173856309021517 ], [ 77.662395949813288, 20.173724229189872 ], [ 77.662529236535079, 20.173619487849123 ], [ 77.662748376136733, 20.173505151641507 ], [ 77.662910380909409, 20.173422832198014 ], [ 77.663153812998132, 20.173344456281654 ], [ 77.663411721473835, 20.173306666769292 ], [ 77.663689439316215, 20.173327383551964 ], [ 77.663933785116186, 20.173379939032998 ], [ 77.664316950267107, 20.173445149773897 ], [ 77.66460480346899, 20.173565132824649 ], [ 77.664835471479876, 20.173703616728577 ], [ 77.665070649590859, 20.173801442282805 ], [ 77.665795262141671, 20.173485032008671 ], [ 77.667241481709084, 20.17305092116311 ], [ 77.668332667818447, 20.172479222138463 ], [ 77.668314637310743, 20.171341402583721 ], [ 77.669916152708311, 20.171222372814331 ], [ 77.670835528736745, 20.17069697448585 ], [ 77.671311624431951, 20.170386677802984 ], [ 77.672222947031457, 20.170087127119242 ], [ 77.672379009084068, 20.168568743252933 ], [ 77.673445151772398, 20.168484803231141 ], [ 77.674773296650358, 20.168272830326885 ], [ 77.675230937357924, 20.167429736593132 ], [ 77.675990064090229, 20.167876339921179 ], [ 77.676705814721629, 20.168286959575596 ], [ 77.677463664416621, 20.168561891318291 ], [ 77.678143540192309, 20.168629664227698 ], [ 77.678858762022287, 20.168340350526819 ], [ 77.67912451438491, 20.168058565050785 ], [ 77.679236836111158, 20.167714631025433 ], [ 77.679191554346801, 20.167430393997563 ], [ 77.679025741844555, 20.166370265975047 ], [ 77.678971601503832, 20.166115387288066 ] ] ] } },
{ "type": "Feature", "properties": { "REGION": 1.0, "STATE.NAME": "Maharashtra", "DISTRICT.NAME": "Yavatmal", "DISTRICT.AREA": 13583.851744, "GRID_G0": "193912", "woodland": 0.023333309885387569, "maskWdl": 0.0, "cropland": 0.85517780162117241, "maskCrp": 1.0, "one": 0.094787005536378838, "maskOne": 0.0, "GRID.AREA": 23.500827758183668, "REGION.AREA": 32202.066020262951 }, "geometry": { "type": "Polygon", "coordinates": [ [ [ 77.681531217347981, 20.166115079191943 ], [ 77.726532454914178, 20.16611505219204 ], [ 77.726532454914178, 20.211116320857883 ], [ 77.681531217347981, 20.211116315776323 ], [ 77.681531217347981, 20.166115079191943 ] ] ] } },
{ "type": "Feature", "properties": { "REGION": 1.0, "STATE.NAME": "Maharashtra", "DISTRICT.NAME": "Yavatmal", "DISTRICT.AREA": 13583.851744, "GRID_G0": "193913", "woodland": 0.05040926937510963, "maskWdl": 0.0, "cropland": 0.78388823125798035, "maskCrp": 1.0, "one": 0.15357599345918596, "maskOne": 0.0, "GRID.AREA": 23.500855658244099, "REGION.AREA": 32202.066020262951 }, "geometry": { "type": "Polygon", "coordinates": [ [ [ 77.726532454914178, 20.16611505219204 ], [ 77.771533724775892, 20.166115070396646 ], [ 77.771533724775892, 20.21111634924398 ], [ 77.726532454914178, 20.211116320857883 ], [ 77.726532454914178, 20.16611505219204 ] ] ] } },
{ "type": "Feature", "properties": { "REGION": 1.0, "STATE.NAME": "Maharashtra", "DISTRICT.NAME": "Yavatmal", "DISTRICT.AREA": 13583.851744, "GRID_G0": "193916", "woodland": 0.034980355430954332, "maskWdl": 0.0, "cropland": 0.87264567192438791, "maskCrp": 1.0, "one": 0.08160073067507366, "maskOne": 0.0, "GRID.AREA": 23.500840945580407, "REGION.AREA": 32202.066020262951 }, "geometry": { "type": "Polygon", "coordinates": [ [ [ 77.861531757373555, 20.166115045798751 ], [ 77.906533022918595, 20.166115066627228 ], [ 77.906533022918595, 20.211116333471285 ], [ 77.861531757373555, 20.211116278745472 ], [ 77.861531757373555, 20.166115045798751 ] ] ] } },
{ "type": "Feature", "properties": { "REGION": 1.0, "STATE.NAME": "Maharashtra", "DISTRICT.NAME": "Yavatmal", "DISTRICT.AREA": 13583.851744, "GRID_G0": "193917", "woodland": 0.016100452315201002, "maskWdl": 0.0, "cropland": 0.92885032866484318, "maskCrp": 1.0, "one": 0.033681082113004274, "maskOne": 0.0, "GRID.AREA": 23.500833533822473, "REGION.AREA": 32202.066020262951 }, "geometry": { "type": "Polygon", "coordinates": [ [ [ 77.906533022918595, 20.166115066627228 ], [ 77.951534251315636, 20.166115072747129 ], [ 77.951534251315636, 20.211116351619079 ], [ 77.906533022918595, 20.211116333471285 ], [ 77.906533022918595, 20.166115066627228 ] ] ] } },
{ "type": "Feature", "properties": { "REGION": 1.0, "STATE.NAME": "Maharashtra", "DISTRICT.NAME": "Yavatmal", "DISTRICT.AREA": 13583.851744, "GRID_G0": "193918", "woodland": 0.065977828456262932, "maskWdl": 0.0, "cropland": 0.89352466117043949, "maskCrp": 1.0, "one": 0.018910757071108397, "maskOne": 0.0, "GRID.AREA": 23.498530498965447, "REGION.AREA": 32202.066020262951 }, "geometry": { "type": "Polygon", "coordinates": [ [ [ 77.951534251315636, 20.166115072747129 ], [ 77.996531068852022, 20.16611503999302 ], [ 77.996531068852022, 20.211116308490247 ], [ 77.951534251315636, 20.211116351619079 ], [ 77.951534251315636, 20.166115072747129 ] ] ] } },
{ "type": "Feature", "properties": { "REGION": 1.0, "STATE.NAME": "Maharashtra", "DISTRICT.NAME": "Yavatmal", "DISTRICT.AREA": 13583.851744, "GRID_G0": "193919", "woodland": 0.13410701489662261, "maskWdl": 0.0, "cropland": 0.77761200853288437, "maskCrp": 1.0, "one": 0.072207639547674562, "maskOne": 0.0, "GRID.AREA": 23.500847906385999, "REGION.AREA": 32202.066020262951 }, "geometry": { "type": "Polygon", "coordinates": [ [ [ 77.996531068852022, 20.16611503999302 ], [ 78.041532344959762, 20.166115051755582 ], [ 78.041532344959762, 20.211116288576768 ], [ 77.996531068852022, 20.211116308490247 ], [ 77.996531068852022, 20.16611503999302 ] ] ] } },
{ "type": "Feature", "properties": { "REGION": 1.0, "STATE.NAME": "Maharashtra", "DISTRICT.NAME": "Yavatmal", "DISTRICT.AREA": 13583.851744, "GRID_G0": "193920", "woodland": 0.24367171738997279, "maskWdl": 0.0, "cropland": 0.63521447013318066, "maskCrp": 1.0, "one": 0.1086317935375937, "maskOne": 0.0, "GRID.AREA": 23.500801116734589, "REGION.AREA": 32202.066020262951 }, "geometry": { "type": "Polygon", "coordinates": [ [ [ 78.041532344959762, 20.166115051755582 ], [ 78.086533529357553, 20.166115070457032 ], [ 78.086533529357553, 20.211116343190575 ], [ 78.041532344959762, 20.211116288576768 ], [ 78.041532344959762, 20.166115051755582 ] ] ] } },
{ "type": "Feature", "properties": { "REGION": 1.0, "STATE.NAME": "Maharashtra", "DISTRICT.NAME": "Yavatmal", "DISTRICT.AREA": 13583.851744, "GRID_G0": "193921", "woodland": 0.26915271886734893, "maskWdl": 0.0, "cropland": 0.58894531306356701, "maskCrp": 1.0, "one": 0.12719941825240261, "maskOne": 0.0, "GRID.AREA": 23.500847445700899, "REGION.AREA": 32202.066020262951 }, "geometry": { "type": "Polygon", "coordinates": [ [ [ 78.086533529357553, 20.166115070457032 ], [ 78.131534777466058, 20.166115025672809 ], [ 78.131534777466058, 20.211116312500948 ], [ 78.086533529357553, 20.211116343190575 ], [ 78.086533529357553, 20.166115070457032 ] ] ] } },
{ "type": "Feature", "properties": { "REGION": 1.0, "STATE.NAME": "Maharashtra", "DISTRICT.NAME": "Yavatmal", "DISTRICT.AREA": 13583.851744, "GRID_G0": "193922", "woodland": 0.06809916506733521, "maskWdl": 0.0, "cropland": 0.8776020219465267, "maskCrp": 1.0, "one": 0.037978625587209963, "maskOne": 0.0, "GRID.AREA": 23.498556009659779, "REGION.AREA": 32202.066020262951 }, "geometry": { "type": "Polygon", "coordinates": [ [ [ 78.131534777466058, 20.166115025672809 ], [ 78.176531634831946, 20.166115071227249 ], [ 78.176531634831946, 20.211116349808819 ], [ 78.131534777466058, 20.211116312500948 ], [ 78.131534777466058, 20.166115025672809 ] ] ] } },
{ "type": "Feature", "properties": { "REGION": 1.0, "STATE.NAME": "Maharashtra", "DISTRICT.NAME": "Yavatmal", "DISTRICT.AREA": 13583.851744, "GRID_G0": "193923", "woodland": 0.068020104809229057, "maskWdl": 0.0, "cropland": 0.86135683669009322, "maskCrp": 1.0, "one": 0.054260251768046469, "maskOne": 0.0, "GRID.AREA": 23.50083129310109, "REGION.AREA": 32202.066020262951 }, "geometry": { "type": "Polygon", "coordinates": [ [ [ 78.176531634831946, 20.166115071227249 ], [ 78.221532867981381, 20.16611509482351 ], [ 78.221532867981381, 20.211116343876796 ], [ 78.176531634831946, 20.211116349808819 ], [ 78.176531634831946, 20.166115071227249 ] ] ] } },
{ "type": "Feature", "properties": { "REGION": 1.0, "STATE.NAME": "Maharashtra", "DISTRICT.NAME": "Yavatmal", "DISTRICT.AREA": 13583.851744, "GRID_G0": "193924", "woodland": 0.1938272761703409, "maskWdl": 0.0, "cropland": 0.72881163347057498, "maskCrp": 1.0, "one": 0.072804244123759909, "maskOne": 0.0, "GRID.AREA": 23.500813309870917, "REGION.AREA": 32202.066020262951 }, "geometry": { "type": "Polygon", "coordinates": [ [ [ 78.221532867981381, 20.16611509482351 ], [ 78.266534107122311, 20.166115075883791 ], [ 78.266534107122311, 20.211116273600599 ], [ 78.221532867981381, 20.211116343876796 ], [ 78.221532867981381, 20.16611509482351 ] ] ] } },
{ "type": "Feature", "properties": { "REGION": 1.0, "STATE.NAME": "Maharashtra", "DISTRICT.NAME": "Yavatmal", "DISTRICT.AREA": 13583.851744, "GRID_G0": "193925", "woodland": 0.11865895178229151, "maskWdl": 0.0, "cropland": 0.76923665544123421, "maskCrp": 1.0, "one": 0.10284980757027613, "maskOne": 0.0, "GRID.AREA": 23.500797006085719, "REGION.AREA": 32202.066020262951 }, "geometry": { "type": "Polygon", "coordinates": [ [ [ 78.266534107122311, 20.166115075883791 ], [ 78.311535332528592, 20.166115110801503 ], [ 78.311535332528592, 20.211116324884081 ], [ 78.266534107122311, 20.211116273600599 ], [ 78.266534107122311, 20.166115075883791 ] ] ] } },
{ "type": "Feature", "properties": { "REGION": 1.0, "STATE.NAME": "Maharashtra", "DISTRICT.NAME": "Yavatmal", "DISTRICT.AREA": 13583.851744, "GRID_G0": "193926", "woodland": 0.25347904059788851, "maskWdl": 0.0, "cropland": 0.61813569332628571, "maskCrp": 1.0, "one": 0.11543447012104265, "maskOne": 0.0, "GRID.AREA": 23.498469832447466, "REGION.AREA": 32202.066020262951 }, "geometry": { "type": "Polygon", "coordinates": [ [ [ 78.311535332528592, 20.166115110801503 ], [ 78.356532096467092, 20.166115090233525 ], [ 78.356532096467092, 20.211116298372858 ], [ 78.311535332528592, 20.211116324884081 ], [ 78.311535332528592, 20.166115110801503 ] ] ] } },
{ "type": "Feature", "properties": { "REGION": 1.0, "STATE.NAME": "Maharashtra", "DISTRICT.NAME": "Yavatmal", "DISTRICT.AREA": 13583.851744, "GRID_G0": "193928", "woodland": 0.20155030541560304, "maskWdl": 0.0, "cropland": 0.60057257056060132, "maskCrp": 1.0, "one": 0.178510860603077, "maskOne": 0.0, "GRID.AREA": 23.500825000393753, "REGION.AREA": 32202.066020262951 }, "geometry": { "type": "Polygon", "coordinates": [ [ [ 78.401533409796329, 20.166115087365284 ], [ 78.446534648681762, 20.166115069311346 ], [ 78.446534648681762, 20.211116290873026 ], [ 78.401533409796329, 20.211116357859066 ], [ 78.401533409796329, 20.166115087365284 ] ] ] } },
{ "type": "Feature", "properties": { "REGION": 1.0, "STATE.NAME": "Maharashtra", "DISTRICT.NAME": "Yavatmal", "DISTRICT.AREA": 13583.851744, "GRID_G0": "193929", "woodland": 0.092660313785247209, "maskWdl": 0.0, "cropland": 0.74318200426889558, "maskCrp": 1.0, "one": 0.14619773912548858, "maskOne": 0.0, "GRID.AREA": 23.500812766585476, "REGION.AREA": 32202.066020262951 }, "geometry": { "type": "Polygon", "coordinates": [ [ [ 78.446534648681762, 20.166115069311346 ], [ 78.491535879173696, 20.166115048577144 ], [ 78.491535879173696, 20.211116288989839 ], [ 78.446534648681762, 20.211116290873026 ], [ 78.446534648681762, 20.166115069311346 ] ] ] } },
{ "type": "Feature", "properties": { "REGION": 1.0, "STATE.NAME": "Maharashtra", "DISTRICT.NAME": "Yavatmal", "DISTRICT.AREA": 13583.851744, "GRID_G0": "193930", "woodland": 0.1532972437502346, "maskWdl": 0.0, "cropland": 0.71767503708280644, "maskCrp": 1.0, "one": 0.12590462861895244, "maskOne": 0.0, "GRID.AREA": 23.49849320900249, "REGION.AREA": 32202.066020262951 }, "geometry": { "type": "Polygon", "coordinates": [ [ [ 78.491535879173696, 20.166115048577144 ], [ 78.536532660272343, 20.166115099988769 ], [ 78.536532660272343, 20.211116337002561 ], [ 78.491535879173696, 20.211116288989839 ], [ 78.491535879173696, 20.166115048577144 ] ] ] } },
{ "type": "Feature", "properties": { "REGION": 1.0, "STATE.NAME": "Maharashtra", "DISTRICT.NAME": "Yavatmal", "DISTRICT.AREA": 13583.851744, "GRID_G0": "193931", "woodland": 0.16753165076589155, "maskWdl": 0.0, "cropland": 0.56250004981862045, "maskCrp": 1.0, "one": 0.2459517389089802, "maskOne": 0.0, "GRID.AREA": 23.500813954232171, "REGION.AREA": 32202.066020262951 }, "geometry": { "type": "Polygon", "coordinates": [ [ [ 78.536532660272343, 20.166115099988769 ], [ 78.58153389932626, 20.16611510094183 ], [ 78.58153389932626, 20.211116313348999 ], [ 78.536532660272343, 20.211116337002561 ], [ 78.536532660272343, 20.166115099988769 ] ] ] } },
{ "type": "Feature", "properties": { "REGION": 1.0, "STATE.NAME": "Maharashtra", "DISTRICT.NAME": "Yavatmal", "DISTRICT.AREA": 13583.851744, "GRID_G0": "193932", "woodland": 0.10277547957911606, "maskWdl": 0.0, "cropland": 0.67437976634324148, "maskCrp": 1.0, "one": 0.21980779730282371, "maskOne": 0.0, "GRID.AREA": 23.500826349207255, "REGION.AREA": 32202.066020262951 }, "geometry": { "type": "Polygon", "coordinates": [ [ [ 78.58153389932626, 20.16611510094183 ], [ 78.626535152789216, 20.166115035225268 ], [ 78.626535152789216, 20.211116290874784 ], [ 78.58153389932626, 20.211116313348999 ], [ 78.58153389932626, 20.16611510094183 ] ] ] } },
{ "type": "Feature", "properties": { "REGION": 1.0, "STATE.NAME": "Maharashtra", "DISTRICT.NAME": "Yavatmal", "DISTRICT.AREA": 13583.851744, "GRID_G0": "193934", "woodland": 0.18198147205130663, "maskWdl": 0.0, "cropland": 0.62685398753513766, "maskCrp": 1.0, "one": 0.16988702376017453, "maskOne": 0.0, "GRID.AREA": 23.500830351701108, "REGION.AREA": 32202.066020262951 }, "geometry": { "type": "Polygon", "coordinates": [ [ [ 78.671531984763533, 20.16611507107887 ], [ 78.716533203310703, 20.166115072049553 ], [ 78.716533203310703, 20.211116348591897 ], [ 78.671531984763533, 20.211116347767689 ], [ 78.671531984763533, 20.16611507107887 ] ] ] } },
{ "type": "Feature", "properties": { "REGION": 1.0, "STATE.NAME": "Maharashtra", "DISTRICT.NAME": "Yavatmal", "DISTRICT.AREA": 13583.851744, "GRID_G0": "193935", "woodland": 0.037673554563428989, "maskWdl": 0.0, "cropland": 0.88831630236212911, "maskCrp": 1.0, "one": 0.057721620808956646, "maskOne": 0.0, "GRID.AREA": 23.500842729115316, "REGION.AREA": 32202.066020262951 }, "geometry": { "type": "Polygon", "coordinates": [ [ [ 78.716533203310703, 20.166115072049553 ], [ 78.761534456541753, 20.166115031401617 ], [ 78.761534456541753, 20.211116286110514 ], [ 78.716533203310703, 20.211116348591897 ], [ 78.716533203310703, 20.166115072049553 ] ] ] } },
{ "type": "Feature", "properties": { "REGION": 1.0, "STATE.NAME": "Maharashtra", "DISTRICT.NAME": "Yavatmal", "DISTRICT.AREA": 13583.851744, "GRID_G0": "193936", "woodland": 0.05897719561721082, "maskWdl": 0.0, "cropland": 0.87184858794692321, "maskCrp": 1.0, "one": 0.054021245978746052, "maskOne": 0.0, "GRID.AREA": 23.500855343529064, "REGION.AREA": 32202.066020262951 }, "geometry": { "type": "Polygon", "coordinates": [ [ [ 78.761534456541753, 20.166115031401617 ], [ 78.806535721790198, 20.166115045105094 ], [ 78.806535721790198, 20.211116345918477 ], [ 78.761534456541753, 20.211116286110514 ], [ 78.761534456541753, 20.166115031401617 ] ] ] } },
{ "type": "Feature", "properties": { "REGION": 1.0, "STATE.NAME": "Maharashtra", "DISTRICT.NAME": "Yavatmal", "DISTRICT.AREA": 13583.851744, "GRID_G0": "193937", "woodland": 0.015706598642392301, "maskWdl": 0.0, "cropland": 0.93487938450037111, "maskCrp": 1.0, "one": 0.034389079924496663, "maskOne": 0.0, "GRID.AREA": 23.498498470099808, "REGION.AREA": 32202.066020262951 }, "geometry": { "type": "Polygon", "coordinates": [ [ [ 78.806535721790198, 20.166115045105094 ], [ 78.851532483715147, 20.166115101889361 ], [ 78.851532483715133, 20.211116337012417 ], [ 78.806535721790198, 20.211116345918477 ], [ 78.806535721790198, 20.166115045105094 ] ] ] } },
{ "type": "Feature", "properties": { "REGION": 1.0, "STATE.NAME": "Maharashtra", "DISTRICT.NAME": "Yavatmal", "DISTRICT.AREA": 13583.851744, "GRID_G0": "193938", "woodland": 0.10115573877968109, "maskWdl": 0.0, "cropland": 0.7067705910930917, "maskCrp": 1.0, "one": 0.1866901329583828, "maskOne": 0.0, "GRID.AREA": 23.50081141325018, "REGION.AREA": 32202.066020262951 }, "geometry": { "type": "Polygon", "coordinates": [ [ [ 78.851532483715147, 20.166115101889361 ], [ 78.896533706099333, 20.166115065457245 ], [ 78.896533706099333, 20.211116303356995 ], [ 78.851532483715133, 20.211116337012417 ], [ 78.851532483715147, 20.166115101889361 ] ] ] } },
{ "type": "Feature", "properties": { "REGION": 1.0, "STATE.NAME": "Maharashtra", "DISTRICT.NAME": "Yavatmal", "DISTRICT.AREA": 13583.851744, "GRID_G0": "193939", "woodland": 0.014566050633762975, "maskWdl": 0.0, "cropland": 0.96922077977978149, "maskCrp": 1.0, "one": 0.012085926618395602, "maskOne": 0.0, "GRID.AREA": 23.500822297523168, "REGION.AREA": 32202.066020262951 }, "geometry": { "type": "Polygon", "coordinates": [ [ [ 78.896533706099333, 20.166115065457245 ], [ 78.941534957368745, 20.166115107823341 ], [ 78.941534957368745, 20.211116326859475 ], [ 78.896533706099333, 20.211116303356995 ], [ 78.896533706099333, 20.166115065457245 ] ] ] } },
{ "type": "Feature", "properties": { "REGION": 1.0, "STATE.NAME": "Maharashtra", "DISTRICT.NAME": "Yavatmal", "DISTRICT.AREA": 13583.851744, "GRID_G0": "193940", "woodland": 0.032701585973016527, "maskWdl": 0.0, "cropland": 0.85854491335513483, "maskCrp": 1.0, "one": 0.058204805701764874, "maskOne": 0.0, "GRID.AREA": 8.4869572519626946, "REGION.AREA": 32202.066020262951 }, "geometry": { "type": "Polygon", "coordinates": [ [ [ 78.960889525201878, 20.211117730049505 ], [ 78.941534957368745, 20.211116326859475 ], [ 78.941534957368745, 20.166115107823341 ], [ 78.961548736105925, 20.166116497011 ], [ 78.961425062516696, 20.166151203715117 ], [ 78.961374874051273, 20.166157932442676 ], [ 78.961188250337557, 20.166158103313876 ], [ 78.960879870109977, 20.166266540868207 ], [ 78.960346641384433, 20.166445294614732 ], [ 78.959846930391564, 20.166657835890476 ], [ 78.959433293511722, 20.166867941802138 ], [ 78.959007592226669, 20.167089544646842 ], [ 78.958579694797152, 20.167317842944161 ], [ 78.958429021482232, 20.167426274203251 ], [ 78.957864811112188, 20.167656835194858 ], [ 78.957585123754541, 20.167792584260383 ], [ 78.957188189983015, 20.168081764861601 ], [ 78.956889289509149, 20.168271617141443 ], [ 78.956408794330457, 20.168651219178461 ], [ 78.955976134990692, 20.168951822968324 ], [ 78.955751388116141, 20.169157358525354 ], [ 78.955304374697164, 20.169686023191449 ], [ 78.95505814301896, 20.170036193115894 ], [ 78.954824027007305, 20.170343425808486 ], [ 78.954499026408996, 20.170867520119998 ], [ 78.954281625196927, 20.171265050141983 ], [ 78.95412391108971, 20.171599292173656 ], [ 78.954054650701607, 20.171752968324878 ], [ 78.953930383280635, 20.172030727536082 ], [ 78.953858690226411, 20.172184386600236 ], [ 78.953825328975825, 20.172328844700473 ], [ 78.953811007272236, 20.172416995348101 ], [ 78.953851738466994, 20.172697015454961 ], [ 78.953928418261967, 20.172850519835663 ], [ 78.954005070177914, 20.172995016606762 ], [ 78.954158256198639, 20.173360767285658 ], [ 78.954383250386741, 20.173769492967782 ], [ 78.954761453977994, 20.174367744475884 ], [ 78.955029571557532, 20.174765096432115 ], [ 78.955106120950802, 20.174923104617616 ], [ 78.955182843913178, 20.175157965267942 ], [ 78.955181798001661, 20.175198924890541 ], [ 78.955175813013412, 20.175433513945567 ], [ 78.955168693980113, 20.175596084391827 ], [ 78.955187906196969, 20.175765456410716 ], [ 78.955197638660138, 20.176038734300224 ], [ 78.95527669176596, 20.176262213130656 ], [ 78.955358168544706, 20.176524225212859 ], [ 78.955473049741499, 20.176722951103386 ], [ 78.955602367755148, 20.176955423154311 ], [ 78.955872697666905, 20.17735729420383 ], [ 78.956112119678664, 20.17775242393526 ], [ 78.956365953326156, 20.17817238125042 ], [ 78.956590926829847, 20.17856069591943 ], [ 78.956693950465478, 20.17875713213601 ], [ 78.956801667662887, 20.178951302060966 ], [ 78.956983617599917, 20.17940053950332 ], [ 78.957180039427328, 20.179854475903372 ], [ 78.957206382368724, 20.1799966883965 ], [ 78.957352434966936, 20.180281123275279 ], [ 78.957417126799044, 20.180436935316383 ], [ 78.957826478409288, 20.181227161504353 ], [ 78.95803714639726, 20.181565826401823 ], [ 78.958231307329015, 20.181921891382217 ], [ 78.958255032343914, 20.1819653987842 ], [ 78.958482520352106, 20.182394455439805 ], [ 78.958633458967029, 20.182888888311599 ], [ 78.958666997384057, 20.183094489519132 ], [ 78.958715012188122, 20.183329243150126 ], [ 78.958700718363502, 20.183550597781903 ], [ 78.958648322062459, 20.18380128739955 ], [ 78.958509723045324, 20.184230451973804 ], [ 78.95840945583177, 20.184402115465328 ], [ 78.958242026348501, 20.18462120650355 ], [ 78.957893017448839, 20.18497599894323 ], [ 78.957558337447381, 20.185278769199897 ], [ 78.957314535737282, 20.185502379331414 ], [ 78.957168716962769, 20.185680874073114 ], [ 78.956932062164981, 20.185988140940029 ], [ 78.956838874414586, 20.186186889313547 ], [ 78.956808238109772, 20.18631852577937 ], [ 78.956781572311797, 20.186433095810795 ], [ 78.956769437759419, 20.186471790041143 ], [ 78.956717117900723, 20.186638618777295 ], [ 78.956624002995397, 20.186891581881067 ], [ 78.956589350318325, 20.187011294235901 ], [ 78.956506971519559, 20.187295887395354 ], [ 78.956417717403781, 20.187527936764923 ], [ 78.95641140506234, 20.187544349392283 ], [ 78.95633018369108, 20.187713742095582 ], [ 78.95621509565018, 20.187940769650826 ], [ 78.956107999884352, 20.188152027594075 ], [ 78.955888076973224, 20.188544997153937 ], [ 78.955814047480374, 20.188750544402122 ], [ 78.955748312434707, 20.188844250162049 ], [ 78.955668236799752, 20.188958395713428 ], [ 78.955460398078969, 20.189324370323504 ], [ 78.955430603539583, 20.18938261761377 ], [ 78.955355249345359, 20.189529926564887 ], [ 78.955113848825135, 20.189914051292476 ], [ 78.954977641105302, 20.190130795999494 ], [ 78.954930304390075, 20.190210885124319 ], [ 78.954772045293737, 20.190478663659459 ], [ 78.954631101743985, 20.190792581012829 ], [ 78.954591493802468, 20.190925082626503 ], [ 78.954568972979757, 20.191000426928213 ], [ 78.954524886414447, 20.191148342921736 ], [ 78.954494940788948, 20.191248819677355 ], [ 78.954484350372539, 20.191298560280359 ], [ 78.954442517508269, 20.191495058550174 ], [ 78.954395958706584, 20.191933816192719 ], [ 78.954394830057424, 20.191944455172518 ], [ 78.954394127686896, 20.191950295369907 ], [ 78.954366317951269, 20.192181638771672 ], [ 78.954310103128819, 20.192913496260868 ], [ 78.954309235283063, 20.192924611881381 ], [ 78.954319131422835, 20.193146546575921 ], [ 78.954331088808772, 20.193414656960897 ], [ 78.954386324269478, 20.193857315862491 ], [ 78.954417506462789, 20.194089840074128 ], [ 78.954484598585395, 20.194324729502743 ], [ 78.95452772377547, 20.194462466969298 ], [ 78.954529554795158, 20.194464728764274 ], [ 78.954597158631998, 20.194548172360328 ], [ 78.954752659507676, 20.194672355245075 ], [ 78.954832327749784, 20.194718362762274 ], [ 78.954944101788897, 20.194782910702827 ], [ 78.954969372738447, 20.194797571450806 ], [ 78.955037445122059, 20.194837067876453 ], [ 78.955304586937189, 20.194968062226337 ], [ 78.955401094984609, 20.195015386351031 ], [ 78.955793417032638, 20.195250073432192 ], [ 78.95588678015082, 20.195326753227103 ], [ 78.955897065697059, 20.195334427142139 ], [ 78.956104595051116, 20.195489247231027 ], [ 78.956331879812467, 20.195710550601461 ], [ 78.956621528960454, 20.196087466363508 ], [ 78.956762782776252, 20.196265879266946 ], [ 78.956865715580363, 20.196451010106106 ], [ 78.9569004473978, 20.19651767415138 ], [ 78.95705978208332, 20.196823487713861 ], [ 78.957373337009926, 20.197306564846144 ], [ 78.957501730520505, 20.197465516420493 ], [ 78.957526579687965, 20.197496276831771 ], [ 78.957623235224162, 20.197590434950655 ], [ 78.95774671753702, 20.197710725569603 ], [ 78.957865604314236, 20.197852768090794 ], [ 78.957890363549495, 20.197882351289536 ], [ 78.958177732016793, 20.19814583106529 ], [ 78.958321075857043, 20.198277257989105 ], [ 78.958636956430439, 20.198563895307583 ], [ 78.959163517582354, 20.199042390394027 ], [ 78.959459674224661, 20.199330052939615 ], [ 78.959486589134826, 20.199356197130843 ], [ 78.959506796901223, 20.199375922860611 ], [ 78.9600299882934, 20.199886655944454 ], [ 78.960522989444485, 20.200374289042259 ], [ 78.960666617470451, 20.200561540482738 ], [ 78.96080123428959, 20.200720905745239 ], [ 78.96115483153028, 20.201139506882779 ], [ 78.961211912399904, 20.20125034023107 ], [ 78.961231568881828, 20.201288506559365 ], [ 78.961683998917465, 20.201898030170014 ], [ 78.961774568741419, 20.202068851896062 ], [ 78.961916233547413, 20.202336040475927 ], [ 78.962086316030707, 20.202765066554605 ], [ 78.96221344149717, 20.203246010495036 ], [ 78.962252906446508, 20.203414461608194 ], [ 78.962321345753537, 20.203706595582961 ], [ 78.962467517961628, 20.204230420097876 ], [ 78.962587372409359, 20.204632437736848 ], [ 78.9627095839802, 20.205032082064974 ], [ 78.962793720953528, 20.205294179582779 ], [ 78.962858178961824, 20.205494973913975 ], [ 78.96293248544589, 20.205781669688349 ], [ 78.962982874460124, 20.206000814685922 ], [ 78.963004143426531, 20.206134037555838 ], [ 78.963059660375109, 20.206481775713428 ], [ 78.963072643887472, 20.206733881763284 ], [ 78.963083851238821, 20.206951433162143 ], [ 78.963074386773599, 20.207166024892157 ], [ 78.963051401001394, 20.207318368248142 ], [ 78.963043375451491, 20.207371548758033 ], [ 78.962916958650794, 20.207823243148198 ], [ 78.962851983532289, 20.208024144498719 ], [ 78.962775958443785, 20.208259208395816 ], [ 78.962721604318631, 20.208381089915406 ], [ 78.962647010051512, 20.208548352124808 ], [ 78.962314782501267, 20.209167306026416 ], [ 78.962121444449167, 20.209454407395015 ], [ 78.962013592353458, 20.209614565859567 ], [ 78.961738728059913, 20.210032498800842 ], [ 78.961684383827333, 20.210123034450532 ], [ 78.961638383504635, 20.210199665682072 ], [ 78.961212924137214, 20.210809602980817 ], [ 78.961040707562688, 20.210951999834947 ], [ 78.960946664556971, 20.211056960610279 ], [ 78.960909164626287, 20.211098814159016 ], [ 78.960907094386926, 20.21110081515053 ], [ 78.960889525201878, 20.211117730049505 ] ] ] } },
{ "type": "Feature", "properties": { "REGION": 1.0, "STATE.NAME": "Maharashtra", "DISTRICT.NAME": "Yavatmal", "DISTRICT.AREA": 13583.851744, "GRID_G0": "193261", "woodland": 0.012496895989231555, "maskWdl": 0.0, "cropland": 0.9214482804581301, "maskCrp": 1.0, "one": 0.037777901113784179, "maskOne": 0.0, "GRID.AREA": 2.370296141308895, "REGION.AREA": 32202.066020262951 }, "geometry": { "type": "MultiPolygon", "coordinates": [ [ [ [ 77.671278631681034, 20.12111925669673 ], [ 77.681531217347981, 20.121118254903781 ], [ 77.681531217347981, 20.140978604042683 ], [ 77.681200498604198, 20.140068500061258 ], [ 77.68023553144468, 20.137667979293838 ], [ 77.678817576669871, 20.134168608394589 ], [ 77.677896341742837, 20.132485752015896 ], [ 77.676470262492671, 20.12980373535413 ], [ 77.674942281061476, 20.127560497019378 ], [ 77.674942256779786, 20.127560458348512 ], [ 77.67340162638402, 20.124879249277967 ], [ 77.672158731840057, 20.123013323306282 ], [ 77.671955593875623, 20.122707595179406 ], [ 77.671278631681034, 20.12111925669673 ] ] ], [ [ [ 77.681531217347981, 20.144752044567806 ], [ 77.681531217347981, 20.166115079191943 ], [ 77.678971601503832, 20.166115387288066 ], [ 77.678381105103995, 20.163335428187509 ], [ 77.678003613775786, 20.161468299822214 ], [ 77.677628538026681, 20.15992629796034 ], [ 77.677655075221594, 20.159013971717457 ], [ 77.677342455589894, 20.156861940825934 ], [ 77.676751467906001, 20.153307423498859 ], [ 77.675450398916837, 20.153293485805758 ], [ 77.674572844061572, 20.150431646103641 ], [ 77.67391083241904, 20.147604522930465 ], [ 77.673929540116262, 20.147559306816618 ], [ 77.673929559001976, 20.14755926634712 ], [ 77.674629238748423, 20.145820496418825 ], [ 77.67560361551449, 20.143727659803687 ], [ 77.679555559441553, 20.144563870126547 ], [ 77.681531217347981, 20.144752044567806 ] ] ] ] } },
{ "type": "Feature", "properties": { "REGION": 1.0, "STATE.NAME": "Maharashtra", "DISTRICT.NAME": "Yavatmal", "DISTRICT.AREA": 13583.851744, "GRID_G0": "193262", "woodland": 0.018463600464846335, "maskWdl": 0.0, "cropland": 0.81059233162927402, "maskCrp": 1.0, "one": 0.10987744272039182, "maskOne": 0.0, "GRID.AREA": 23.488106816339869, "REGION.AREA": 32202.066020262951 }, "geometry": { "type": "Polygon", "coordinates": [ [ [ 77.681531217347981, 20.140978604042683 ], [ 77.681531217347981, 20.121118254903781 ], [ 77.726532454914178, 20.12111828302535 ], [ 77.726532454914178, 20.16611505219204 ], [ 77.681531217347981, 20.166115079191943 ], [ 77.681531217347981, 20.144752044567806 ], [ 77.682168725806093, 20.144812760200754 ], [ 77.682168768074234, 20.144812747610271 ], [ 77.682237112053144, 20.144299000898226 ], [ 77.682263764361267, 20.144098702093459 ], [ 77.681745346570551, 20.142566697994766 ], [ 77.681758122339545, 20.141731199934952 ], [ 77.681758123238865, 20.141731159465508 ], [ 77.681762025397234, 20.141613743079805 ], [ 77.681663984905015, 20.14134396355314 ], [ 77.681531217347981, 20.140978604042683 ] ] ] } },
{ "type": "Feature", "properties": { "REGION": 1.0, "STATE.NAME": "Maharashtra", "DISTRICT.NAME": "Yavatmal", "DISTRICT.AREA": 13583.851744, "GRID_G0": "193264", "woodland": 0.026884118297563528, "maskWdl": 0.0, "cropland": 0.81502644026657278, "maskCrp": 1.0, "one": 0.073853400741950195, "maskOne": 0.0, "GRID.AREA": 23.505293950529495, "REGION.AREA": 32202.066020262951 }, "geometry": { "type": "Polygon", "coordinates": [ [ [ 77.771533724775892, 20.121118288920552 ], [ 77.816535009901216, 20.121118279981896 ], [ 77.816535009901216, 20.166115051859908 ], [ 77.771533724775892, 20.166115070396646 ], [ 77.771533724775892, 20.121118288920552 ] ] ] } },
{ "type": "Feature", "properties": { "REGION": 1.0, "STATE.NAME": "Maharashtra", "DISTRICT.NAME": "Yavatmal", "DISTRICT.AREA": 13583.851744, "GRID_G0": "193265", "woodland": 0.046089587724511452, "maskWdl": 0.0, "cropland": 0.86664093493071992, "maskCrp": 1.0, "one": 0.07809627021861322, "maskOne": 0.0, "GRID.AREA": 23.502912941133115, "REGION.AREA": 32202.066020262951 }, "geometry": { "type": "Polygon", "coordinates": [ [ [ 77.816535009901216, 20.121118279981896 ], [ 77.861531757373555, 20.121118305983195 ], [ 77.861531757373555, 20.166115045798751 ], [ 77.816535009901216, 20.166115051859908 ], [ 77.816535009901216, 20.121118279981896 ] ] ] } },
{ "type": "Feature", "properties": { "REGION": 1.0, "STATE.NAME": "Maharashtra", "DISTRICT.NAME": "Yavatmal", "DISTRICT.AREA": 13583.851744, "GRID_G0": "193266", "woodland": 0.04150840280686454, "maskWdl": 0.0, "cropland": 0.89821912515945923, "maskCrp": 1.0, "one": 0.054391367877887238, "maskOne": 0.0, "GRID.AREA": 23.505273869228272, "REGION.AREA": 32202.066020262951 }, "geometry": { "type": "Polygon", "coordinates": [ [ [ 77.861531757373555, 20.121118305983195 ], [ 77.906533022918595, 20.121118290813744 ], [ 77.906533022918595, 20.166115066627228 ], [ 77.861531757373555, 20.166115045798751 ], [ 77.861531757373555, 20.121118305983195 ] ] ] } },
{ "type": "Feature", "properties": { "REGION": 1.0, "STATE.NAME": "Maharashtra", "DISTRICT.NAME": "Yavatmal", "DISTRICT.AREA": 13583.851744, "GRID_G0": "193267", "woodland": 0.090894101864604532, "maskWdl": 0.0, "cropland": 0.76158943827733527, "maskCrp": 1.0, "one": 0.1081476367127094, "maskOne": 0.0, "GRID.AREA": 23.505267556839645, "REGION.AREA": 32202.066020262951 }, "geometry": { "type": "Polygon", "coordinates": [ [ [ 77.906533022918595, 20.121118290813744 ], [ 77.951534251315636, 20.121118282810343 ], [ 77.951534251315636, 20.166115072747129 ], [ 77.906533022918595, 20.166115066627228 ], [ 77.906533022918595, 20.121118290813744 ] ] ] } },
{ "type": "Feature", "properties": { "REGION": 1.0, "STATE.NAME": "Maharashtra", "DISTRICT.NAME": "Yavatmal", "DISTRICT.AREA": 13583.851744, "GRID_G0": "193268", "woodland": 0.039549569747791655, "maskWdl": 0.0, "cropland": 0.89147101516851512, "maskCrp": 1.0, "one": 0.037846927253564693, "maskOne": 0.0, "GRID.AREA": 23.5029651808549, "REGION.AREA": 32202.066020262951 }, "geometry": { "type": "Polygon", "coordinates": [ [ [ 77.951534251315636, 20.121118282810343 ], [ 77.996531068852022, 20.121118258340935 ], [ 77.996531068852022, 20.16611503999302 ], [ 77.951534251315636, 20.166115072747129 ], [ 77.951534251315636, 20.121118282810343 ] ] ] } },
{ "type": "Feature", "properties": { "REGION": 1.0, "STATE.NAME": "Maharashtra", "DISTRICT.NAME": "Yavatmal", "DISTRICT.AREA": 13583.851744, "GRID_G0": "193270", "woodland": 0.091424544223837598, "maskWdl": 0.0, "cropland": 0.85024256345957339, "maskCrp": 1.0, "one": 0.046481063710552606, "maskOne": 0.0, "GRID.AREA": 23.505238398864002, "REGION.AREA": 32202.066020262951 }, "geometry": { "type": "Polygon", "coordinates": [ [ [ 78.041532344959762, 20.121118299694473 ], [ 78.086533529357553, 20.121118280415462 ], [ 78.086533529357553, 20.166115070457032 ], [ 78.041532344959762, 20.166115051755582 ], [ 78.041532344959762, 20.121118299694473 ] ] ] } },
{ "type": "Feature", "properties": { "REGION": 1.0, "STATE.NAME": "Maharashtra", "DISTRICT.NAME": "Yavatmal", "DISTRICT.AREA": 13583.851744, "GRID_G0": "193271", "woodland": 0.074633732027511834, "maskWdl": 0.0, "cropland": 0.84951094807901728, "maskCrp": 1.0, "one": 0.064059801847664591, "maskOne": 0.0, "GRID.AREA": 23.505262454971355, "REGION.AREA": 32202.066020262951 }, "geometry": { "type": "Polygon", "coordinates": [ [ [ 78.086533529357553, 20.121118280415462 ], [ 78.131534777466058, 20.121118308920408 ], [ 78.131534777466058, 20.166115025672809 ], [ 78.086533529357553, 20.166115070457032 ], [ 78.086533529357553, 20.121118280415462 ] ] ] } },
{ "type": "Feature", "properties": { "REGION": 1.0, "STATE.NAME": "Maharashtra", "DISTRICT.NAME": "Yavatmal", "DISTRICT.AREA": 13583.851744, "GRID_G0": "193272", "woodland": 0.09144478836553202, "maskWdl": 0.0, "cropland": 0.81920194470991969, "maskCrp": 1.0, "one": 0.067294511489229672, "maskOne": 0.0, "GRID.AREA": 23.502971665320249, "REGION.AREA": 32202.066020262951 }, "geometry": { "type": "Polygon", "coordinates": [ [ [ 78.131534777466058, 20.121118308920408 ], [ 78.176531634831946, 20.121118271217139 ], [ 78.176531634831946, 20.166115071227249 ], [ 78.131534777466058, 20.166115025672809 ], [ 78.131534777466058, 20.121118308920408 ] ] ] } },
{ "type": "Feature", "properties": { "REGION": 1.0, "STATE.NAME": "Maharashtra", "DISTRICT.NAME": "Yavatmal", "DISTRICT.AREA": 13583.851744, "GRID_G0": "193273", "woodland": 0.02929066044660418, "maskWdl": 0.0, "cropland": 0.94514226974097959, "maskCrp": 1.0, "one": 0.017981658209856862, "maskOne": 0.0, "GRID.AREA": 23.505271811965578, "REGION.AREA": 32202.066020262951 }, "geometry": { "type": "Polygon", "coordinates": [ [ [ 78.176531634831946, 20.121118271217139 ], [ 78.221532867981381, 20.121118322289114 ], [ 78.221532867981381, 20.16611509482351 ], [ 78.176531634831946, 20.166115071227249 ], [ 78.176531634831946, 20.121118271217139 ] ] ] } },
{ "type": "Feature", "properties": { "REGION": 1.0, "STATE.NAME": "Maharashtra", "DISTRICT.NAME": "Yavatmal", "DISTRICT.AREA": 13583.851744, "GRID_G0": "193274", "woodland": 0.019583725502711934, "maskWdl": 0.0, "cropland": 0.94530650651732306, "maskCrp": 1.0, "one": 0.03010131576860775, "maskOne": 0.0, "GRID.AREA": 23.505278262379765, "REGION.AREA": 32202.066020262951 }, "geometry": { "type": "Polygon", "coordinates": [ [ [ 78.221532867981381, 20.121118322289114 ], [ 78.266534107122311, 20.121118263159556 ], [ 78.266534107122311, 20.166115075883791 ], [ 78.221532867981381, 20.16611509482351 ], [ 78.221532867981381, 20.121118322289114 ] ] ] } },
{ "type": "Feature", "properties": { "REGION": 1.0, "STATE.NAME": "Maharashtra", "DISTRICT.NAME": "Yavatmal", "DISTRICT.AREA": 13583.851744, "GRID_G0": "193275", "woodland": 0.070709702619608336, "maskWdl": 0.0, "cropland": 0.84435745904685233, "maskCrp": 1.0, "one": 0.038265327122144359, "maskOne": 0.0, "GRID.AREA": 23.505286394231103, "REGION.AREA": 32202.066020262951 }, "geometry": { "type": "Polygon", "coordinates": [ [ [ 78.266534107122311, 20.121118263159556 ], [ 78.311535332528592, 20.121118279670284 ], [ 78.311535332528592, 20.166115110801503 ], [ 78.266534107122311, 20.166115075883791 ], [ 78.266534107122311, 20.121118263159556 ] ] ] } },
{ "type": "Feature", "properties": { "REGION": 1.0, "STATE.NAME": "Maharashtra", "DISTRICT.NAME": "Yavatmal", "DISTRICT.AREA": 13583.851744, "GRID_G0": "193276", "woodland": 0.12190501760579059, "maskWdl": 0.0, "cropland": 0.69716083182913957, "maskCrp": 1.0, "one": 0.13633882624521407, "maskOne": 0.0, "GRID.AREA": 23.50295984199478, "REGION.AREA": 32202.066020262951 }, "geometry": { "type": "Polygon", "coordinates": [ [ [ 78.311535332528592, 20.121118279670284 ], [ 78.356532096467092, 20.121118263009773 ], [ 78.356532096467092, 20.166115090233525 ], [ 78.311535332528592, 20.166115110801503 ], [ 78.311535332528592, 20.121118279670284 ] ] ] } },
{ "type": "Feature", "properties": { "REGION": 1.0, "STATE.NAME": "Maharashtra", "DISTRICT.NAME": "Yavatmal", "DISTRICT.AREA": 13583.851744, "GRID_G0": "193278", "woodland": 0.13517824409835702, "maskWdl": 0.0, "cropland": 0.72603803344994622, "maskCrp": 1.0, "one": 0.12209149381353164, "maskOne": 0.0, "GRID.AREA": 23.50527081473108, "REGION.AREA": 32202.066020262951 }, "geometry": { "type": "Polygon", "coordinates": [ [ [ 78.401533409796329, 20.12111828527912 ], [ 78.446534648681762, 20.121118314142421 ], [ 78.446534648681762, 20.166115069311346 ], [ 78.401533409796329, 20.166115087365284 ], [ 78.401533409796329, 20.12111828527912 ] ] ] } },
{ "type": "Feature", "properties": { "REGION": 1.0, "STATE.NAME": "Maharashtra", "DISTRICT.NAME": "Yavatmal", "DISTRICT.AREA": 13583.851744, "GRID_G0": "193279", "woodland": 0.068819743353893015, "maskWdl": 0.0, "cropland": 0.81051406999128639, "maskCrp": 1.0, "one": 0.058631434545195364, "maskOne": 0.0, "GRID.AREA": 23.50525962380808, "REGION.AREA": 32202.066020262951 }, "geometry": { "type": "Polygon", "coordinates": [ [ [ 78.446534648681762, 20.121118314142421 ], [ 78.491535879173696, 20.121118272559247 ], [ 78.491535879173696, 20.166115048577144 ], [ 78.446534648681762, 20.166115069311346 ], [ 78.446534648681762, 20.121118314142421 ] ] ] } },
{ "type": "Feature", "properties": { "REGION": 1.0, "STATE.NAME": "Maharashtra", "DISTRICT.NAME": "Yavatmal", "DISTRICT.AREA": 13583.851744, "GRID_G0": "193280", "woodland": 0.19182496038116015, "maskWdl": 0.0, "cropland": 0.63896624126963908, "maskCrp": 1.0, "one": 0.16527570524404048, "maskOne": 0.0, "GRID.AREA": 23.502964059819789, "REGION.AREA": 32202.066020262951 }, "geometry": { "type": "Polygon", "coordinates": [ [ [ 78.491535879173696, 20.121118272559247 ], [ 78.536532660272343, 20.121118235834334 ], [ 78.536532660272343, 20.166115099988769 ], [ 78.491535879173696, 20.166115048577144 ], [ 78.491535879173696, 20.121118272559247 ] ] ] } },
{ "type": "Feature", "properties": { "REGION": 1.0, "STATE.NAME": "Maharashtra", "DISTRICT.NAME": "Yavatmal", "DISTRICT.AREA": 13583.851744, "GRID_G0": "193283", "woodland": 0.1255975393980904, "maskWdl": 0.0, "cropland": 0.80385342130730586, "maskCrp": 1.0, "one": 0.053795421701169285, "maskOne": 0.0, "GRID.AREA": 23.502984692769825, "REGION.AREA": 32202.066020262951 }, "geometry": { "type": "Polygon", "coordinates": [ [ [ 78.626535152789216, 20.121118238019545 ], [ 78.671531984763533, 20.121118250868328 ], [ 78.671531984763533, 20.16611507107887 ], [ 78.626535152789216, 20.166115035225268 ], [ 78.626535152789216, 20.121118238019545 ] ] ] } },
{ "type": "Feature", "properties": { "REGION": 1.0, "STATE.NAME": "Maharashtra", "DISTRICT.NAME": "Yavatmal", "DISTRICT.AREA": 13583.851744, "GRID_G0": "193284", "woodland": 0.24738349423056405, "maskWdl": 0.0, "cropland": 0.62704438653843397, "maskCrp": 1.0, "one": 0.11865590770544154, "maskOne": 0.0, "GRID.AREA": 23.505282391516815, "REGION.AREA": 32202.066020262951 }, "geometry": { "type": "Polygon", "coordinates": [ [ [ 78.671531984763533, 20.121118250868328 ], [ 78.716533203310703, 20.121118250025098 ], [ 78.716533203310703, 20.166115072049553 ], [ 78.671531984763533, 20.16611507107887 ], [ 78.671531984763533, 20.121118250868328 ] ] ] } },
{ "type": "Feature", "properties": { "REGION": 1.0, "STATE.NAME": "Maharashtra", "DISTRICT.NAME": "Yavatmal", "DISTRICT.AREA": 13583.851744, "GRID_G0": "193285", "woodland": 0.20731330934053813, "maskWdl": 0.0, "cropland": 0.60611167110777942, "maskCrp": 1.0, "one": 0.18125784884561319, "maskOne": 0.0, "GRID.AREA": 23.505272387426952, "REGION.AREA": 32202.066020262951 }, "geometry": { "type": "Polygon", "coordinates": [ [ [ 78.716533203310703, 20.121118250025098 ], [ 78.761534456541753, 20.121118318850119 ], [ 78.761534456541753, 20.166115031401617 ], [ 78.716533203310703, 20.166115072049553 ], [ 78.716533203310703, 20.121118250025098 ] ] ] } },
{ "type": "Feature", "properties": { "REGION": 1.0, "STATE.NAME": "Maharashtra", "DISTRICT.NAME": "Yavatmal", "DISTRICT.AREA": 13583.851744, "GRID_G0": "193286", "woodland": 0.02933807750904207, "maskWdl": 0.0, "cropland": 0.83137349760686818, "maskCrp": 1.0, "one": 0.11581534108967156, "maskOne": 0.0, "GRID.AREA": 23.505262616606799, "REGION.AREA": 32202.066020262951 }, "geometry": { "type": "Polygon", "coordinates": [ [ [ 78.761534456541753, 20.121118318850119 ], [ 78.806535721790198, 20.121118284521035 ], [ 78.806535721790198, 20.166115045105094 ], [ 78.761534456541753, 20.166115031401617 ], [ 78.761534456541753, 20.121118318850119 ] ] ] } },
{ "type": "Feature", "properties": { "REGION": 1.0, "STATE.NAME": "Maharashtra", "DISTRICT.NAME": "Yavatmal", "DISTRICT.AREA": 13583.851744, "GRID_G0": "193287", "woodland": 0.069121410526267121, "maskWdl": 0.0, "cropland": 0.80808611317947565, "maskCrp": 1.0, "one": 0.11304458813147206, "maskOne": 0.0, "GRID.AREA": 23.502929715586159, "REGION.AREA": 32202.066020262951 }, "geometry": { "type": "Polygon", "coordinates": [ [ [ 78.806535721790198, 20.121118284521035 ], [ 78.851532483715133, 20.121118315445951 ], [ 78.851532483715147, 20.166115101889361 ], [ 78.806535721790198, 20.166115045105094 ], [ 78.806535721790198, 20.121118284521035 ] ] ] } },
{ "type": "Feature", "properties": { "REGION": 1.0, "STATE.NAME": "Maharashtra", "DISTRICT.NAME": "Yavatmal", "DISTRICT.AREA": 13583.851744, "GRID_G0": "193288", "woodland": 0.11571114699416063, "maskWdl": 0.0, "cropland": 0.74117897094628471, "maskCrp": 1.0, "one": 0.1350269519988021, "maskOne": 0.0, "GRID.AREA": 23.505267507284117, "REGION.AREA": 32202.066020262951 }, "geometry": { "type": "Polygon", "coordinates": [ [ [ 78.851532483715133, 20.121118315445951 ], [ 78.896533706099333, 20.121118274309254 ], [ 78.896533706099333, 20.166115065457245 ], [ 78.851532483715147, 20.166115101889361 ], [ 78.851532483715133, 20.121118315445951 ] ] ] } },
{ "type": "Feature", "properties": { "REGION": 1.0, "STATE.NAME": "Maharashtra", "DISTRICT.NAME": "Yavatmal", "DISTRICT.AREA": 13583.851744, "GRID_G0": "193289", "woodland": 0.031138844308129299, "maskWdl": 0.0, "cropland": 0.85651505161949248, "maskCrp": 1.0, "one": 0.10105254333327529, "maskOne": 0.0, "GRID.AREA": 23.505302813021654, "REGION.AREA": 32202.066020262951 }, "geometry": { "type": "Polygon", "coordinates": [ [ [ 78.896533706099333, 20.121118274309254 ], [ 78.941534957368745, 20.121118243980678 ], [ 78.941534957368745, 20.166115107823341 ], [ 78.896533706099333, 20.166115065457245 ], [ 78.896533706099333, 20.121118274309254 ] ] ] } },
{ "type": "Feature", "properties": { "REGION": 1.0, "STATE.NAME": "Maharashtra", "DISTRICT.NAME": "Yavatmal", "DISTRICT.AREA": 13583.851744, "GRID_G0": "193290", "woodland": 0.046397374149124801, "maskWdl": 0.0, "cropland": 0.82826042599153427, "maskCrp": 1.0, "one": 0.077192582333066015, "maskOne": 0.0, "GRID.AREA": 16.911267705115979, "REGION.AREA": 32202.066020262951 }, "geometry": { "type": "Polygon", "coordinates": [ [ [ 78.961548736105925, 20.166116497011 ], [ 78.941534957368745, 20.166115107823341 ], [ 78.941534957368745, 20.121118243980678 ], [ 78.986536213764211, 20.121118320294308 ], [ 78.986536213764211, 20.128736832413249 ], [ 78.986302241155556, 20.128606291647088 ], [ 78.986029450698652, 20.128400916169365 ], [ 78.985711329914011, 20.128141459960432 ], [ 78.985455348685434, 20.127927005826734 ], [ 78.985271139651445, 20.127757809175595 ], [ 78.985086914429587, 20.127629241196587 ], [ 78.984651559821714, 20.127326881930117 ], [ 78.984285476393666, 20.127078584509093 ], [ 78.98382862079427, 20.126762747103157 ], [ 78.983668283364636, 20.126616047892355 ], [ 78.983299956128121, 20.12627985433187 ], [ 78.982945726664013, 20.125945687843284 ], [ 78.9827664000494, 20.125787828045873 ], [ 78.982555865161089, 20.125600521746716 ], [ 78.981778280743129, 20.124936950679796 ], [ 78.980749817849869, 20.12442498642406 ], [ 78.979625692271952, 20.123824942567069 ], [ 78.978764828833846, 20.123719215569395 ], [ 78.97814798923838, 20.123595394212142 ], [ 78.976670359949196, 20.123648125960298 ], [ 78.975135708246398, 20.124091671593423 ], [ 78.973527058526997, 20.124853570935617 ], [ 78.97216197669394, 20.125276654294225 ], [ 78.971400936204304, 20.125614917194699 ], [ 78.97128558825932, 20.125705858438664 ], [ 78.970651314406666, 20.126011440875345 ], [ 78.970343034003861, 20.126208138794599 ], [ 78.970068259642517, 20.126413708525888 ], [ 78.969953445894873, 20.126510904554664 ], [ 78.969738420691613, 20.12675485105558 ], [ 78.969262946427875, 20.127340052501491 ], [ 78.969014622926579, 20.127773864772109 ], [ 78.968747073718532, 20.128189435194315 ], [ 78.968477072059272, 20.128632195719319 ], [ 78.968262197042804, 20.129032044193536 ], [ 78.968071127080918, 20.129436467518985 ], [ 78.967858504866172, 20.129833941783037 ], [ 78.967777466057271, 20.130143436270597 ], [ 78.967748802865003, 20.130288017577982 ], [ 78.967734617858412, 20.130610937145093 ], [ 78.967770851543605, 20.131071631050986 ], [ 78.967787625698406, 20.131268003415698 ], [ 78.967847580801276, 20.131518725408906 ], [ 78.967859655998382, 20.131706148619912 ], [ 78.967907794908868, 20.13222557365134 ], [ 78.967962908961113, 20.132460451388795 ], [ 78.968001304616564, 20.132717826566477 ], [ 78.968078196651504, 20.133194246917018 ], [ 78.968174046395177, 20.133623367424491 ], [ 78.968224378752154, 20.133772354510601 ], [ 78.968248484180265, 20.134140399359978 ], [ 78.968243921020189, 20.134578567047299 ], [ 78.968205961535944, 20.13500547432324 ], [ 78.968132013881416, 20.135479654462529 ], [ 78.968101287644345, 20.135965257790474 ], [ 78.968132648802737, 20.136414706573476 ], [ 78.968175974541623, 20.1369023855367 ], [ 78.968207289834595, 20.137345031847815 ], [ 78.968221919106327, 20.137805672693673 ], [ 78.96822921350747, 20.137957028594034 ], [ 78.96824380590698, 20.138284469952392 ], [ 78.96826076352346, 20.138758731930011 ], [ 78.968272834223967, 20.138984582272712 ], [ 78.968284859958374, 20.139203626546188 ], [ 78.968301944379277, 20.139623655807103 ], [ 78.968336010698422, 20.140565376391063 ], [ 78.968350581514187, 20.141046424652814 ], [ 78.968377226627751, 20.141489040386944 ], [ 78.968389320710628, 20.141988089478787 ], [ 78.968451816398272, 20.14248941655336 ], [ 78.968526282961648, 20.142965824313364 ], [ 78.968574221323308, 20.143135205325507 ], [ 78.968753797050169, 20.143462597221117 ], [ 78.96896914061341, 20.143884732694289 ], [ 78.969141474099786, 20.144054055250479 ], [ 78.969469309361216, 20.14441740294086 ], [ 78.970024361035485, 20.144952471679289 ], [ 78.970404801240647, 20.145272884835833 ], [ 78.970787597669528, 20.145591107243831 ], [ 78.971593814702828, 20.146198137933766 ], [ 78.971749442382944, 20.146313289826541 ], [ 78.972038767774961, 20.146421551113747 ], [ 78.972167920313325, 20.146448548761555 ], [ 78.972478772777208, 20.146466411995391 ], [ 78.972689314860077, 20.1464663022781 ], [ 78.973057392085025, 20.146409731324066 ], [ 78.973521317255063, 20.146382317290147 ], [ 78.974011570077948, 20.146323369427989 ], [ 78.974188507193901, 20.146275869036174 ], [ 78.974571014041146, 20.146203307236874 ], [ 78.974951227617112, 20.146112803962804 ], [ 78.975417327347827, 20.145954406370834 ], [ 78.975897893573006, 20.14580061150906 ], [ 78.976325862048952, 20.145651326747384 ], [ 78.976782541381226, 20.145477141556906 ], [ 78.97725593281514, 20.145357213364775 ], [ 78.977703010085918, 20.145305034699614 ], [ 78.978195686581728, 20.145322754941215 ], [ 78.978640578499949, 20.145453580218597 ], [ 78.978786435046004, 20.145561764164142 ], [ 78.979001820877386, 20.145767221480128 ], [ 78.979329696608261, 20.146141945594366 ], [ 78.979647990062745, 20.146509802485468 ], [ 78.979980569247914, 20.146893568383522 ], [ 78.980303725336739, 20.147274969064597 ], [ 78.980889988881927, 20.147999669749026 ], [ 78.981100746802099, 20.148403743238191 ], [ 78.981222970963415, 20.148712985915608 ], [ 78.98126132165271, 20.14885306521683 ], [ 78.981328612525488, 20.149345232696362 ], [ 78.981292949010424, 20.149731532884005 ], [ 78.981264381146332, 20.149903145114081 ], [ 78.981140207254839, 20.150178806207013 ], [ 78.980915699599919, 20.150603527231059 ], [ 78.980669621705715, 20.150985261560606 ], [ 78.980433123390014, 20.151412198514212 ], [ 78.980211031314127, 20.151800809060145 ], [ 78.980019855232172, 20.152067370812574 ], [ 78.979810880667685, 20.152344102098709 ], [ 78.979601813472982, 20.152620930511603 ], [ 78.979491861460303, 20.152767809586809 ], [ 78.978997287394975, 20.153386846225999 ], [ 78.978696206065138, 20.153755057449988 ], [ 78.978392760417591, 20.154139248727404 ], [ 78.978070211371232, 20.154539116986712 ], [ 78.977816920914222, 20.154970625194267 ], [ 78.977623554083834, 20.155381768254074 ], [ 78.97736553589084, 20.15581995212915 ], [ 78.977255766440521, 20.156170077986758 ], [ 78.977131668092056, 20.15662407374208 ], [ 78.976964663988099, 20.157188729276466 ], [ 78.976835842400249, 20.157674408147447 ], [ 78.976740432425075, 20.158080891819736 ], [ 78.976671265566495, 20.158277505202761 ], [ 78.976551856283209, 20.158501076663409 ], [ 78.976346356699082, 20.158918938558202 ], [ 78.976071673169258, 20.159370796625012 ], [ 78.97596424915082, 20.159567331766997 ], [ 78.975825630348595, 20.159781945080734 ], [ 78.975601111901824, 20.160166029338825 ], [ 78.97539797483671, 20.160554583227508 ], [ 78.975266631549857, 20.160785057884141 ], [ 78.975123213065913, 20.160990629414076 ], [ 78.974872411033004, 20.161336201104856 ], [ 78.974537836252182, 20.161688640918101 ], [ 78.974172099962516, 20.162054746829142 ], [ 78.973622405549634, 20.162606011458308 ], [ 78.972764369580034, 20.163363085038387 ], [ 78.972400949044641, 20.163629832950505 ], [ 78.971956200118598, 20.163851339567714 ], [ 78.971547494221511, 20.164057100854563 ], [ 78.971107534185421, 20.164237915847195 ], [ 78.970196455302244, 20.16457496736092 ], [ 78.969715912459435, 20.164728747833518 ], [ 78.969307263219662, 20.164879794367035 ], [ 78.969299912161262, 20.164882513017631 ], [ 78.969096619513437, 20.164923299071063 ], [ 78.968407988837669, 20.165158462792874 ], [ 78.968113888944856, 20.165246789707624 ], [ 78.967611709313019, 20.16537798370706 ], [ 78.967425216000947, 20.165436810160717 ], [ 78.966963709107972, 20.16557030642457 ], [ 78.96642323724268, 20.165755742133854 ], [ 78.966004765607522, 20.165875654138176 ], [ 78.965768071239552, 20.165905082653467 ], [ 78.965502637236966, 20.165912064989868 ], [ 78.965177394721024, 20.165898590447625 ], [ 78.964574678078975, 20.165862873872584 ], [ 78.964333086902514, 20.16583352359828 ], [ 78.963572621079663, 20.165840737959744 ], [ 78.963048878403072, 20.165877173992442 ], [ 78.96258497571614, 20.16594279842144 ], [ 78.962080369713362, 20.166022109632706 ], [ 78.961642730827407, 20.166090119063767 ], [ 78.961548736105925, 20.166116497011 ] ] ] } },
{ "type": "Feature", "properties": { "REGION": 1.0, "STATE.NAME": "Maharashtra", "DISTRICT.NAME": "Yavatmal", "DISTRICT.AREA": 13583.851744, "GRID_G0": "193291", "woodland": 0.037976713807479329, "maskWdl": 0.0, "cropland": 0.72544854330692821, "maskCrp": 1.0, "one": 0.18723435150735668, "maskOne": 0.0, "GRID.AREA": 1.2875305153432226, "REGION.AREA": 32202.066020262951 }, "geometry": { "type": "Polygon", "coordinates": [ [ [ 78.986536213764211, 20.128736832413249 ], [ 78.986536213764211, 20.121118320294308 ], [ 79.005601617571699, 20.121119713075601 ], [ 79.005137366896008, 20.121555510578393 ], [ 79.00465224200741, 20.122022728166428 ], [ 79.00427204102192, 20.122474925277629 ], [ 79.003573721050429, 20.123067107261249 ], [ 79.003252840246432, 20.123342381645674 ], [ 79.002695144565337, 20.123752022837607 ], [ 79.002201038147476, 20.124259986009577 ], [ 79.00183865812761, 20.124630671268502 ], [ 79.001465878347688, 20.124947418788395 ], [ 79.00083853557004, 20.125493460155099 ], [ 78.999714651909699, 20.126521816029026 ], [ 78.999714620433465, 20.126521842109359 ], [ 78.998590700800264, 20.127550210573816 ], [ 78.998213852487368, 20.127500244240938 ], [ 78.997477069411275, 20.127519554483914 ], [ 78.997018083317926, 20.127637251458058 ], [ 78.996499317489565, 20.127770906002581 ], [ 78.995970941505789, 20.127875170702623 ], [ 78.995753442267585, 20.12791139359598 ], [ 78.995258642472436, 20.128015605236047 ], [ 78.994727879687957, 20.128126560892099 ], [ 78.994206668602942, 20.128235372564465 ], [ 78.993585151633511, 20.128378067094161 ], [ 78.993078353982924, 20.12849809421175 ], [ 78.99280103543947, 20.128568286297423 ], [ 78.992550055340814, 20.128604462426043 ], [ 78.992346744706538, 20.128643073019475 ], [ 78.991835235507793, 20.128742750277752 ], [ 78.991533895173177, 20.128758818464746 ], [ 78.991225446597127, 20.128788352200729 ], [ 78.990816697532637, 20.128838255581059 ], [ 78.990233238073529, 20.128877045139578 ], [ 78.989559002845738, 20.128924869287346 ], [ 78.989076083994121, 20.12898851340924 ], [ 78.988528576732506, 20.129047487351727 ], [ 78.988296651469341, 20.129086082656617 ], [ 78.987787438239764, 20.129075085746649 ], [ 78.98753153795019, 20.129041357572646 ], [ 78.987246897126681, 20.128998701828667 ], [ 78.986763858665199, 20.128847695764591 ], [ 78.986577277219624, 20.128759742967819 ], [ 78.986536213764211, 20.128736832413249 ] ] ] } },
{ "type": "Feature", "properties": { "REGION": 1.0, "STATE.NAME": "Maharashtra", "DISTRICT.NAME": "Yavatmal", "DISTRICT.AREA": 13583.851744, "GRID_G0": "192604", "woodland": 0.032042811990741556, "maskWdl": 0.0, "cropland": 0.88605063013330487, "maskCrp": 1.0, "one": 0.07337683732621976, "maskOne": 0.0, "GRID.AREA": 0.45619314866037847, "REGION.AREA": 32202.066020262951 }, "geometry": { "type": "MultiPolygon", "coordinates": [ [ [ [ 77.355833240932782, 20.076118019330671 ], [ 77.366531414075837, 20.076116986977912 ], [ 77.366531414075837, 20.083705966150333 ], [ 77.366228477862023, 20.083327503161797 ], [ 77.365754659250172, 20.082799209915663 ], [ 77.365458615023101, 20.082469139838963 ], [ 77.364358822401812, 20.081549668482463 ], [ 77.362108992935759, 20.079979569101912 ], [ 77.362108951566938, 20.07997954032356 ], [ 77.3602655500152, 20.07874593487702 ], [ 77.357700010846884, 20.077774146359843 ], [ 77.356351506217095, 20.077401141749363 ], [ 77.356301369013011, 20.077089451117327 ], [ 77.355833240932782, 20.076118019330671 ] ] ], [ [ [ 77.366531414075837, 20.096304806571329 ], [ 77.366531414075837, 20.097617789274079 ], [ 77.364787039090629, 20.098632309633444 ], [ 77.36596137201974, 20.097069851792302 ], [ 77.366531414075837, 20.096304806571329 ] ] ] ] } },
{ "type": "Feature", "properties": { "REGION": 1.0, "STATE.NAME": "Maharashtra", "DISTRICT.NAME": "Yavatmal", "DISTRICT.AREA": 13583.851744, "GRID_G0": "192611", "woodland": 0.018986945961472473, "maskWdl": 0.0, "cropland": 0.9156468819781135, "maskCrp": 1.0, "one": 0.056543239706495878, "maskOne": 0.0, "GRID.AREA": 9.3797351417979939, "REGION.AREA": 32202.066020262951 }, "geometry": { "type": "MultiPolygon", "coordinates": [ [ [ [ 77.653678501739478, 20.076118366433693 ], [ 77.681531217347981, 20.076116992781564 ], [ 77.681531217347981, 20.121118254903781 ], [ 77.671278631681034, 20.12111925669673 ], [ 77.671274241413187, 20.121108955813728 ], [ 77.671274227923334, 20.121108913545584 ], [ 77.67095257280306, 20.120302757666192 ], [ 77.670699232883351, 20.119035455521892 ], [ 77.671032505445851, 20.11818879507689 ], [ 77.671352468941336, 20.117741623377242 ], [ 77.671590968248665, 20.117408349016159 ], [ 77.671590966450026, 20.117408307647338 ], [ 77.671646177629043, 20.113908081492806 ], [ 77.671510211826899, 20.112770306904167 ], [ 77.67133507245569, 20.111304456035896 ], [ 77.670935047714352, 20.110492068754017 ], [ 77.670645789771413, 20.109904554251841 ], [ 77.670500160753875, 20.109611959824122 ], [ 77.670161942819448, 20.108512321886227 ], [ 77.670178943603446, 20.107704710004441 ], [ 77.670200838497976, 20.106665042457788 ], [ 77.669699207452538, 20.104148475871511 ], [ 77.669530718567856, 20.102067673984038 ], [ 77.66806495943041, 20.101052253958414 ], [ 77.667319031148452, 20.100406894162855 ], [ 77.667232230383206, 20.100274270241417 ], [ 77.666980585685565, 20.099889739020284 ], [ 77.666827155049248, 20.099199805226874 ], [ 77.666827110982467, 20.099199779146545 ], [ 77.662822055793299, 20.098092738888848 ], [ 77.662821912801064, 20.09809270021799 ], [ 77.662821872331619, 20.098092688526776 ], [ 77.659846705461121, 20.097272237923505 ], [ 77.65886678977057, 20.097103039473723 ], [ 77.65830989628472, 20.097006864175512 ], [ 77.657786942313578, 20.093510449347832 ], [ 77.657424835687664, 20.091074107683994 ], [ 77.65690059748465, 20.087428172472244 ], [ 77.656583477645427, 20.085222491624737 ], [ 77.656176501144671, 20.082529100337752 ], [ 77.656906747048822, 20.081720424557997 ], [ 77.65690677582711, 20.081720396679032 ], [ 77.656791192259789, 20.081603760005581 ], [ 77.656675609591787, 20.081487124231444 ], [ 77.656638213982433, 20.081444821921028 ], [ 77.656540656426216, 20.081334397764294 ], [ 77.656488522727216, 20.081220302574934 ], [ 77.656433721639019, 20.081100253873672 ], [ 77.656369268127264, 20.080851717233031 ], [ 77.65631567662723, 20.080644910034607 ], [ 77.656222191201209, 20.080293287705103 ], [ 77.656119156773741, 20.079928166551667 ], [ 77.65606536022824, 20.079756988694101 ], [ 77.656065353033682, 20.079756945526643 ], [ 77.656002397792463, 20.079658007511117 ], [ 77.655843989408666, 20.079564135376586 ], [ 77.655747208866671, 20.079521523699388 ], [ 77.655652151425727, 20.079479636875821 ], [ 77.655470465889323, 20.079480846463923 ], [ 77.655317781690314, 20.079517956088864 ], [ 77.655317747516108, 20.079517980370554 ], [ 77.655160900355327, 20.079640882620708 ], [ 77.655160869778399, 20.079640908701037 ], [ 77.65499008762248, 20.079818121009513 ], [ 77.654785796727197, 20.079982031445642 ], [ 77.654695690953417, 20.080081920044616 ], [ 77.654587249801807, 20.08009513198482 ], [ 77.654537990336053, 20.080101120570308 ], [ 77.654384785429556, 20.080061401112797 ], [ 77.654235442211927, 20.079917843233943 ], [ 77.65422019330731, 20.079811862627423 ], [ 77.65419520834223, 20.079638213432872 ], [ 77.654177363094902, 20.07951496134643 ], [ 77.6541599216431, 20.079394505252253 ], [ 77.654137465571651, 20.079298758031317 ], [ 77.65410072826603, 20.079142052963448 ], [ 77.654051672946423, 20.078966249892574 ], [ 77.65405165945657, 20.078966213919674 ], [ 77.654043829059503, 20.07894962232729 ], [ 77.653949718604693, 20.07875017428114 ], [ 77.653949675437218, 20.078750137408974 ], [ 77.653752257160988, 20.078561766312532 ], [ 77.653752222986782, 20.078561733936908 ], [ 77.653574302911807, 20.078409360903326 ], [ 77.653518874096847, 20.078343309296319 ], [ 77.653453671449839, 20.078265611468851 ], [ 77.65337583782474, 20.078071904694696 ], [ 77.6534010961837, 20.077886969008485 ], [ 77.653401088089822, 20.077886923143016 ], [ 77.653401967626735, 20.077880610801571 ], [ 77.653403013538309, 20.077873081677406 ], [ 77.653539741066254, 20.077605725823613 ], [ 77.653771362358555, 20.077251977496811 ], [ 77.653922579763275, 20.077011654364412 ], [ 77.653957497740407, 20.076905458819908 ], [ 77.653988042314381, 20.076812531872921 ], [ 77.65399636823787, 20.076744160015039 ], [ 77.654010613499054, 20.076627191491752 ], [ 77.653971264562244, 20.07647390294829 ], [ 77.653910191602108, 20.076378397644987 ], [ 77.65386488825402, 20.076307562544002 ], [ 77.653744500508367, 20.076186411273909 ], [ 77.653744464535464, 20.076186372603047 ], [ 77.653715529747956, 20.076154928707069 ], [ 77.653678501739478, 20.076118366433693 ] ] ], [ [ [ 77.651985468666041, 20.076118309191656 ], [ 77.653464596913281, 20.076118360091687 ], [ 77.652517123766302, 20.076365968114995 ], [ 77.651985468666041, 20.076118309191656 ] ] ] ] } },
{ "type": "Feature", "properties": { "REGION": 1.0, "STATE.NAME": "Maharashtra", "DISTRICT.NAME": "Yavatmal", "DISTRICT.AREA": 13583.851744, "GRID_G0": "192612", "woodland": 0.05953037489672864, "maskWdl": 0.0, "cropland": 0.70423499305419845, "maskCrp": 1.0, "one": 0.12525126233723957, "maskOne": 0.0, "GRID.AREA": 23.514363642160706, "REGION.AREA": 32202.066020262951 }, "geometry": { "type": "Polygon", "coordinates": [ [ [ 77.681531217347981, 20.076116992781564 ], [ 77.726532454914178, 20.076117072739383 ], [ 77.726532454914178, 20.12111828302535 ], [ 77.681531217347981, 20.121118254903781 ], [ 77.681531217347981, 20.076116992781564 ] ] ] } },
{ "type": "Feature", "properties": { "REGION": 1.0, "STATE.NAME": "Maharashtra", "DISTRICT.NAME": "Yavatmal", "DISTRICT.AREA": 13583.851744, "GRID_G0": "192613", "woodland": 0.040403916249329846, "maskWdl": 0.0, "cropland": 0.60283247247488436, "maskCrp": 1.0, "one": 0.16640942185035598, "maskOne": 0.0, "GRID.AREA": 23.514371039322388, "REGION.AREA": 32202.066020262951 }, "geometry": { "type": "Polygon", "coordinates": [ [ [ 77.726532454914178, 20.076117072739383 ], [ 77.771533724775892, 20.076117063061357 ], [ 77.771533724775892, 20.121118288920552 ], [ 77.726532454914178, 20.12111828302535 ], [ 77.726532454914178, 20.076117072739383 ] ] ] } },
{ "type": "Feature", "properties": { "REGION": 1.0, "STATE.NAME": "Maharashtra", "DISTRICT.NAME": "Yavatmal", "DISTRICT.AREA": 13583.851744, "GRID_G0": "192614", "woodland": 0.06246206070677493, "maskWdl": 0.0, "cropland": 0.64781212408190947, "maskCrp": 1.0, "one": 0.062630606720613879, "maskOne": 0.0, "GRID.AREA": 23.514381426923503, "REGION.AREA": 32202.066020262951 }, "geometry": { "type": "Polygon", "coordinates": [ [ [ 77.771533724775892, 20.076117063061357 ], [ 77.816535009901216, 20.076117060466231 ], [ 77.816535009901216, 20.121118279981896 ], [ 77.771533724775892, 20.121118288920552 ], [ 77.771533724775892, 20.076117063061357 ] ] ] } },
{ "type": "Feature", "properties": { "REGION": 1.0, "STATE.NAME": "Maharashtra", "DISTRICT.NAME": "Yavatmal", "DISTRICT.AREA": 13583.851744, "GRID_G0": "192615", "woodland": 0.076157952108446766, "maskWdl": 0.0, "cropland": 0.85715711523152671, "maskCrp": 1.0, "one": 0.054587764377932918, "maskOne": 0.0, "GRID.AREA": 23.512024544487623, "REGION.AREA": 32202.066020262951 }, "geometry": { "type": "Polygon", "coordinates": [ [ [ 77.816535009901216, 20.076117060466231 ], [ 77.861531757373555, 20.076117025910285 ], [ 77.861531757373555, 20.121118305983195 ], [ 77.816535009901216, 20.121118279981896 ], [ 77.816535009901216, 20.076117060466231 ] ] ] } },
{ "type": "Feature", "properties": { "REGION": 1.0, "STATE.NAME": "Maharashtra", "DISTRICT.NAME": "Yavatmal", "DISTRICT.AREA": 13583.851744, "GRID_G0": "192616", "woodland": 0.10752120776133323, "maskWdl": 0.0, "cropland": 0.81085885206079455, "maskCrp": 1.0, "one": 0.070193555072426222, "maskOne": 0.0, "GRID.AREA": 23.51438807844935, "REGION.AREA": 32202.066020262951 }, "geometry": { "type": "Polygon", "coordinates": [ [ [ 77.861531757373555, 20.076117025910285 ], [ 77.906533022918595, 20.076117060893498 ], [ 77.906533022918595, 20.121118290813744 ], [ 77.861531757373555, 20.121118305983195 ], [ 77.861531757373555, 20.076117025910285 ] ] ] } },
{ "type": "Feature", "properties": { "REGION": 1.0, "STATE.NAME": "Maharashtra", "DISTRICT.NAME": "Yavatmal", "DISTRICT.AREA": 13583.851744, "GRID_G0": "192617", "woodland": 0.1684450571865794, "maskWdl": 0.0, "cropland": 0.64418697300514138, "maskCrp": 1.0, "one": 0.16770749753734948, "maskOne": 0.0, "GRID.AREA": 23.514360094849184, "REGION.AREA": 32202.066020262951 }, "geometry": { "type": "Polygon", "coordinates": [ [ [ 77.906533022918595, 20.076117060893498 ], [ 77.951534251315636, 20.076117035552045 ], [ 77.951534251315636, 20.121118282810343 ], [ 77.906533022918595, 20.121118290813744 ], [ 77.906533022918595, 20.076117060893498 ] ] ] } },
{ "type": "Feature", "properties": { "REGION": 1.0, "STATE.NAME": "Maharashtra", "DISTRICT.NAME": "Yavatmal", "DISTRICT.AREA": 13583.851744, "GRID_G0": "192618", "woodland": 0.082445704557508104, "maskWdl": 0.0, "cropland": 0.80157826889290718, "maskCrp": 1.0, "one": 0.082892598014233779, "maskOne": 0.0, "GRID.AREA": 23.512058505912314, "REGION.AREA": 32202.066020262951 }, "geometry": { "type": "Polygon", "coordinates": [ [ [ 77.951534251315636, 20.076117035552045 ], [ 77.996531068852022, 20.076117016162069 ], [ 77.996531068852022, 20.121118258340935 ], [ 77.951534251315636, 20.121118282810343 ], [ 77.951534251315636, 20.076117035552045 ] ] ] } },
{ "type": "Feature", "properties": { "REGION": 1.0, "STATE.NAME": "Maharashtra", "DISTRICT.NAME": "Yavatmal", "DISTRICT.AREA": 13583.851744, "GRID_G0": "192620", "woodland": 0.13781170059088532, "maskWdl": 0.0, "cropland": 0.67479843699665565, "maskCrp": 1.0, "one": 0.17336454153152225, "maskOne": 0.0, "GRID.AREA": 23.514359304744207, "REGION.AREA": 32202.066020262951 }, "geometry": { "type": "Polygon", "coordinates": [ [ [ 78.041532344959762, 20.076116994491528 ], [ 78.086533529357553, 20.076117023475771 ], [ 78.086533529357553, 20.121118280415462 ], [ 78.041532344959762, 20.121118299694473 ], [ 78.041532344959762, 20.076116994491528 ] ] ] } },
{ "type": "Feature", "properties": { "REGION": 1.0, "STATE.NAME": "Maharashtra", "DISTRICT.NAME": "Yavatmal", "DISTRICT.AREA": 13583.851744, "GRID_G0": "192621", "woodland": 0.018940430459292456, "maskWdl": 0.0, "cropland": 0.93775335031189755, "maskCrp": 1.0, "one": 0.038301605269024902, "maskOne": 0.0, "GRID.AREA": 23.514385034163652, "REGION.AREA": 32202.066020262951 }, "geometry": { "type": "Polygon", "coordinates": [ [ [ 78.086533529357553, 20.076117023475771 ], [ 78.131534777466058, 20.076117032651503 ], [ 78.131534777466058, 20.121118308920408 ], [ 78.086533529357553, 20.121118280415462 ], [ 78.086533529357553, 20.076117023475771 ] ] ] } },
{ "type": "Feature", "properties": { "REGION": 1.0, "STATE.NAME": "Maharashtra", "DISTRICT.NAME": "Yavatmal", "DISTRICT.AREA": 13583.851744, "GRID_G0": "192622", "woodland": 0.026344981494288787, "maskWdl": 0.0, "cropland": 0.91657645602118232, "maskCrp": 1.0, "one": 0.046095556566227984, "maskOne": 0.0, "GRID.AREA": 23.512095007723129, "REGION.AREA": 32202.066020262951 }, "geometry": { "type": "Polygon", "coordinates": [ [ [ 78.131534777466058, 20.076117032651503 ], [ 78.176531634831946, 20.076116997986851 ], [ 78.176531634831946, 20.121118271217139 ], [ 78.131534777466058, 20.121118308920408 ], [ 78.131534777466058, 20.076117032651503 ] ] ] } },
{ "type": "Feature", "properties": { "REGION": 1.0, "STATE.NAME": "Maharashtra", "DISTRICT.NAME": "Yavatmal", "DISTRICT.AREA": 13583.851744, "GRID_G0": "192623", "woodland": 0.046227129847982017, "maskWdl": 0.0, "cropland": 0.89066605662324239, "maskCrp": 1.0, "one": 0.05340218109123112, "maskOne": 0.0, "GRID.AREA": 23.514374323072467, "REGION.AREA": 32202.066020262951 }, "geometry": { "type": "Polygon", "coordinates": [ [ [ 78.176531634831946, 20.076116997986851 ], [ 78.221532867981381, 20.076117073387135 ], [ 78.221532867981381, 20.121118322289114 ], [ 78.176531634831946, 20.121118271217139 ], [ 78.176531634831946, 20.076116997986851 ] ] ] } },
{ "type": "Feature", "properties": { "REGION": 1.0, "STATE.NAME": "Maharashtra", "DISTRICT.NAME": "Yavatmal", "DISTRICT.AREA": 13583.851744, "GRID_G0": "192624", "woodland": 0.011599063880797645, "maskWdl": 0.0, "cropland": 0.97424404819385435, "maskCrp": 1.0, "one": 0.012303293470962725, "maskOne": 0.0, "GRID.AREA": 23.51435903647052, "REGION.AREA": 32202.066020262951 }, "geometry": { "type": "Polygon", "coordinates": [ [ [ 78.221532867981381, 20.076117073387135 ], [ 78.266534107122311, 20.076117060414724 ], [ 78.266534107122311, 20.121118263159556 ], [ 78.221532867981381, 20.121118322289114 ], [ 78.221532867981381, 20.076117073387135 ] ] ] } },
{ "type": "Feature", "properties": { "REGION": 1.0, "STATE.NAME": "Maharashtra", "DISTRICT.NAME": "Yavatmal", "DISTRICT.AREA": 13583.851744, "GRID_G0": "192625", "woodland": 0.048844978350592622, "maskWdl": 0.0, "cropland": 0.88852601734997483, "maskCrp": 1.0, "one": 0.051281288935435508, "maskOne": 0.0, "GRID.AREA": 23.514345423416007, "REGION.AREA": 32202.066020262951 }, "geometry": { "type": "Polygon", "coordinates": [ [ [ 78.266534107122311, 20.076117060414724 ], [ 78.311535332528592, 20.076117055412404 ], [ 78.311535332528592, 20.121118279670284 ], [ 78.266534107122311, 20.121118263159556 ], [ 78.266534107122311, 20.076117060414724 ] ] ] } },
{ "type": "Feature", "properties": { "REGION": 1.0, "STATE.NAME": "Maharashtra", "DISTRICT.NAME": "Yavatmal", "DISTRICT.AREA": 13583.851744, "GRID_G0": "192626", "woodland": 0.091741945440871692, "maskWdl": 0.0, "cropland": 0.80789527514651716, "maskCrp": 1.0, "one": 0.092120604623851118, "maskOne": 0.0, "GRID.AREA": 23.512019595832449, "REGION.AREA": 32202.066020262951 }, "geometry": { "type": "Polygon", "coordinates": [ [ [ 78.311535332528592, 20.076117055412404 ], [ 78.356532096467092, 20.076117039562778 ], [ 78.356532096467092, 20.121118263009773 ], [ 78.311535332528592, 20.121118279670284 ], [ 78.311535332528592, 20.076117055412404 ] ] ] } },
{ "type": "Feature", "properties": { "REGION": 1.0, "STATE.NAME": "Maharashtra", "DISTRICT.NAME": "Yavatmal", "DISTRICT.AREA": 13583.851744, "GRID_G0": "192627", "woodland": 0.259209010168307, "maskWdl": 0.0, "cropland": 0.64510019729550838, "maskCrp": 1.0, "one": 0.090954608323141228, "maskOne": 0.0, "GRID.AREA": 23.5144141888251, "REGION.AREA": 32202.066020262951 }, "geometry": { "type": "Polygon", "coordinates": [ [ [ 78.356532096467092, 20.076117039562778 ], [ 78.401533409796329, 20.076116994377124 ], [ 78.401533409796329, 20.12111828527912 ], [ 78.356532096467092, 20.121118263009773 ], [ 78.356532096467092, 20.076117039562778 ] ] ] } },
{ "type": "Feature", "properties": { "REGION": 1.0, "STATE.NAME": "Maharashtra", "DISTRICT.NAME": "Yavatmal", "DISTRICT.AREA": 13583.851744, "GRID_G0": "192628", "woodland": 0.041687790077157345, "maskWdl": 0.0, "cropland": 0.87373421646718685, "maskCrp": 1.0, "one": 0.060791813020040726, "maskOne": 0.0, "GRID.AREA": 23.514381459784325, "REGION.AREA": 32202.066020262951 }, "geometry": { "type": "Polygon", "coordinates": [ [ [ 78.401533409796329, 20.076116994377124 ], [ 78.446534648681762, 20.076117067068573 ], [ 78.446534648681762, 20.121118314142421 ], [ 78.401533409796329, 20.12111828527912 ], [ 78.401533409796329, 20.076116994377124 ] ] ] } },
{ "type": "Feature", "properties": { "REGION": 1.0, "STATE.NAME": "Maharashtra", "DISTRICT.NAME": "Yavatmal", "DISTRICT.AREA": 13583.851744, "GRID_G0": "192629", "woodland": 0.067286093933582342, "maskWdl": 0.0, "cropland": 0.69723230555117144, "maskCrp": 1.0, "one": 0.12151288195092089, "maskOne": 0.0, "GRID.AREA": 23.514371872010916, "REGION.AREA": 32202.066020262951 }, "geometry": { "type": "Polygon", "coordinates": [ [ [ 78.446534648681762, 20.076117067068573 ], [ 78.491535879173696, 20.076117001568743 ], [ 78.491535879173696, 20.121118272559247 ], [ 78.446534648681762, 20.121118314142421 ], [ 78.446534648681762, 20.076117067068573 ] ] ] } },
{ "type": "Feature", "properties": { "REGION": 1.0, "STATE.NAME": "Maharashtra", "DISTRICT.NAME": "Yavatmal", "DISTRICT.AREA": 13583.851744, "GRID_G0": "192630", "woodland": 0.091378515304140553, "maskWdl": 0.0, "cropland": 0.81955871951586057, "maskCrp": 1.0, "one": 0.070320154994670828, "maskOne": 0.0, "GRID.AREA": 23.512030233473222, "REGION.AREA": 32202.066020262951 }, "geometry": { "type": "Polygon", "coordinates": [ [ [ 78.491535879173696, 20.076117001568743 ], [ 78.536532660272343, 20.076117052734247 ], [ 78.536532660272343, 20.121118235834334 ], [ 78.491535879173696, 20.121118272559247 ], [ 78.491535879173696, 20.076117001568743 ] ] ] } },
{ "type": "Feature", "properties": { "REGION": 1.0, "STATE.NAME": "Maharashtra", "DISTRICT.NAME": "Yavatmal", "DISTRICT.AREA": 13583.851744, "GRID_G0": "192631", "woodland": 0.089500666730487441, "maskWdl": 0.0, "cropland": 0.78481220710229582, "maskCrp": 1.0, "one": 0.10978993426274129, "maskOne": 0.0, "GRID.AREA": 23.514354952907699, "REGION.AREA": 32202.066020262951 }, "geometry": { "type": "Polygon", "coordinates": [ [ [ 78.536532660272343, 20.076117052734247 ], [ 78.58153389932626, 20.076117006328953 ], [ 78.58153389932626, 20.121118259395939 ], [ 78.536532660272343, 20.121118235834334 ], [ 78.536532660272343, 20.076117052734247 ] ] ] } },
{ "type": "Feature", "properties": { "REGION": 1.0, "STATE.NAME": "Maharashtra", "DISTRICT.NAME": "Yavatmal", "DISTRICT.AREA": 13583.851744, "GRID_G0": "192632", "woodland": 0.090198318888104687, "maskWdl": 0.0, "cropland": 0.85462722816132164, "maskCrp": 1.0, "one": 0.044639086839975403, "maskOne": 0.0, "GRID.AREA": 23.514369969765905, "REGION.AREA": 32202.066020262951 }, "geometry": { "type": "Polygon", "coordinates": [ [ [ 78.58153389932626, 20.076117006328953 ], [ 78.626535152789216, 20.076117026263169 ], [ 78.626535152789216, 20.121118238019545 ], [ 78.58153389932626, 20.121118259395939 ], [ 78.58153389932626, 20.076117006328953 ] ] ] } },
{ "type": "Feature", "properties": { "REGION": 1.0, "STATE.NAME": "Maharashtra", "DISTRICT.NAME": "Yavatmal", "DISTRICT.AREA": 13583.851744, "GRID_G0": "192634", "woodland": 0.2137655588578658, "maskWdl": 0.0, "cropland": 0.62142967484723122, "maskCrp": 1.0, "one": 0.15703193339150065, "maskOne": 0.0, "GRID.AREA": 23.514355782667145, "REGION.AREA": 32202.066020262951 }, "geometry": { "type": "Polygon", "coordinates": [ [ [ 78.671531984763533, 20.076117013098958 ], [ 78.716533203310703, 20.076117007442654 ], [ 78.716533203310703, 20.121118250025098 ], [ 78.671531984763533, 20.121118250868328 ], [ 78.671531984763533, 20.076117013098958 ] ] ] } },
{ "type": "Feature", "properties": { "REGION": 1.0, "STATE.NAME": "Maharashtra", "DISTRICT.NAME": "Yavatmal", "DISTRICT.AREA": 13583.851744, "GRID_G0": "192635", "woodland": 0.058645148936214295, "maskWdl": 0.0, "cropland": 0.79192950766374415, "maskCrp": 1.0, "one": 0.11433187233747531, "maskOne": 0.0, "GRID.AREA": 23.51439415670766, "REGION.AREA": 32202.066020262951 }, "geometry": { "type": "Polygon", "coordinates": [ [ [ 78.716533203310703, 20.076117007442654 ], [ 78.761534456541753, 20.076117003561453 ], [ 78.761534456541753, 20.121118318850119 ], [ 78.716533203310703, 20.121118250025098 ], [ 78.716533203310703, 20.076117007442654 ] ] ] } },
{ "type": "Feature", "properties": { "REGION": 1.0, "STATE.NAME": "Maharashtra", "DISTRICT.NAME": "Yavatmal", "DISTRICT.AREA": 13583.851744, "GRID_G0": "192636", "woodland": 0.014369047986424431, "maskWdl": 0.0, "cropland": 0.82903780166311403, "maskCrp": 1.0, "one": 0.08439495538783523, "maskOne": 0.0, "GRID.AREA": 23.514409351555052, "REGION.AREA": 32202.066020262951 }, "geometry": { "type": "Polygon", "coordinates": [ [ [ 78.761534456541753, 20.076117003561453 ], [ 78.806535721790198, 20.076117007809358 ], [ 78.806535721790198, 20.121118284521035 ], [ 78.761534456541753, 20.121118318850119 ], [ 78.761534456541753, 20.076117003561453 ] ] ] } },
{ "type": "Feature", "properties": { "REGION": 1.0, "STATE.NAME": "Maharashtra", "DISTRICT.NAME": "Yavatmal", "DISTRICT.AREA": 13583.851744, "GRID_G0": "192637", "woodland": 0.029810247777581025, "maskWdl": 0.0, "cropland": 0.80914736824982891, "maskCrp": 1.0, "one": 0.12990938422376633, "maskOne": 0.0, "GRID.AREA": 23.512053693286532, "REGION.AREA": 32202.066020262951 }, "geometry": { "type": "Polygon", "coordinates": [ [ [ 78.806535721790198, 20.076117007809358 ], [ 78.851532483715133, 20.076117009905307 ], [ 78.851532483715133, 20.121118315445951 ], [ 78.806535721790198, 20.121118284521035 ], [ 78.806535721790198, 20.076117007809358 ] ] ] } },
{ "type": "Feature", "properties": { "REGION": 1.0, "STATE.NAME": "Maharashtra", "DISTRICT.NAME": "Yavatmal", "DISTRICT.AREA": 13583.851744, "GRID_G0": "192638", "woodland": 0.036591505406316463, "maskWdl": 0.0, "cropland": 0.80302636708654018, "maskCrp": 1.0, "one": 0.14273865512881284, "maskOne": 0.0, "GRID.AREA": 23.514370525979455, "REGION.AREA": 32202.066020262951 }, "geometry": { "type": "Polygon", "coordinates": [ [ [ 78.851532483715133, 20.076117009905307 ], [ 78.896533706099333, 20.076117050722772 ], [ 78.896533706099333, 20.121118274309254 ], [ 78.851532483715133, 20.121118315445951 ], [ 78.851532483715133, 20.076117009905307 ] ] ] } },
{ "type": "Feature", "properties": { "REGION": 1.0, "STATE.NAME": "Maharashtra", "DISTRICT.NAME": "Yavatmal", "DISTRICT.AREA": 13583.851744, "GRID_G0": "192639", "woodland": 0.026338421806203612, "maskWdl": 0.0, "cropland": 0.74855451301810105, "maskCrp": 1.0, "one": 0.1747105588552082, "maskOne": 0.0, "GRID.AREA": 23.514360550276102, "REGION.AREA": 32202.066020262951 }, "geometry": { "type": "Polygon", "coordinates": [ [ [ 78.896533706099333, 20.076117050722772 ], [ 78.941534957368745, 20.076117034399775 ], [ 78.941534957368745, 20.121118243980678 ], [ 78.896533706099333, 20.121118274309254 ], [ 78.896533706099333, 20.076117050722772 ] ] ] } },
{ "type": "Feature", "properties": { "REGION": 1.0, "STATE.NAME": "Maharashtra", "DISTRICT.NAME": "Yavatmal", "DISTRICT.AREA": 13583.851744, "GRID_G0": "192640", "woodland": 0.010461351878996118, "maskWdl": 0.0, "cropland": 0.92221976568315811, "maskCrp": 1.0, "one": 0.047454951710408644, "maskOne": 0.0, "GRID.AREA": 23.514373671203749, "REGION.AREA": 32202.066020262951 }, "geometry": { "type": "Polygon", "coordinates": [ [ [ 78.941534957368745, 20.076117034399775 ], [ 78.986536213764225, 20.076117056731427 ], [ 78.986536213764211, 20.121118320294308 ], [ 78.941534957368745, 20.121118243980678 ], [ 78.941534957368745, 20.076117034399775 ] ] ] } },
{ "type": "Feature", "properties": { "REGION": 1.0, "STATE.NAME": "Maharashtra", "DISTRICT.NAME": "Yavatmal", "DISTRICT.AREA": 13583.851744, "GRID_G0": "192641", "woodland": 0.11524988419089995, "maskWdl": 0.0, "cropland": 0.65248094540721946, "maskCrp": 1.0, "one": 0.19543745228429912, "maskOne": 0.0, "GRID.AREA": 20.198056351159813, "REGION.AREA": 32202.066020262951 }, "geometry": { "type": "Polygon", "coordinates": [ [ [ 79.005601617571699, 20.121119713075601 ], [ 78.986536213764211, 20.121118320294308 ], [ 78.986536213764225, 20.076117056731427 ], [ 79.031532967179075, 20.076117022986573 ], [ 79.031532967179075, 20.096217917857491 ], [ 79.031271075599705, 20.096459019668089 ], [ 79.030260596449409, 20.097556673701604 ], [ 79.030026886931353, 20.097889555058941 ], [ 79.029806160925659, 20.098136392880292 ], [ 79.029413451269818, 20.098697118377345 ], [ 79.02904483804889, 20.099262043708393 ], [ 79.02865544059614, 20.099728021131337 ], [ 79.028170188003855, 20.100181789358142 ], [ 79.027911306461704, 20.10044271505933 ], [ 79.027656998871464, 20.100676553180449 ], [ 79.02726366148886, 20.101201146615669 ], [ 79.026781683328068, 20.101857983559171 ], [ 79.026444112905551, 20.10227346314986 ], [ 79.026094749673007, 20.102558336897804 ], [ 79.025802094091432, 20.102792749685708 ], [ 79.025306414759314, 20.103192485744671 ], [ 79.024871278686646, 20.10349646648876 ], [ 79.024634617593563, 20.103644377985692 ], [ 79.024371627948312, 20.103945993512866 ], [ 79.024122945617478, 20.104233913264522 ], [ 79.023815033936728, 20.104716683728043 ], [ 79.023603903697278, 20.105270406204344 ], [ 79.023472448894438, 20.106012354086946 ], [ 79.023223778254817, 20.106616204774074 ], [ 79.023034206563466, 20.107016102711047 ], [ 79.022669765297508, 20.10754933413449 ], [ 79.022229085803701, 20.108101734607434 ], [ 79.021835447148248, 20.108608390165102 ], [ 79.021206162734302, 20.109321330415128 ], [ 79.020666385145603, 20.109956447831848 ], [ 79.020050974572882, 20.110646771931044 ], [ 79.01946698361445, 20.111205668207052 ], [ 79.019336315718476, 20.111335059965089 ], [ 79.019232777670595, 20.111437624946461 ], [ 79.019203390524126, 20.111466735101775 ], [ 79.019156828125176, 20.111492892782852 ], [ 79.018634587316399, 20.111786275016637 ], [ 79.018298817336586, 20.112016715499063 ], [ 79.017908730103841, 20.112252849589368 ], [ 79.017687890783577, 20.112386530214224 ], [ 79.017158673933693, 20.112786756403747 ], [ 79.016691289071787, 20.11316799430756 ], [ 79.016412707880249, 20.113388513469147 ], [ 79.015578909539101, 20.113878827446005 ], [ 79.014849220315341, 20.114304469375835 ], [ 79.014105957623897, 20.114775430841519 ], [ 79.013058203373419, 20.115349985213697 ], [ 79.012807203489729, 20.11549797135433 ], [ 79.012073592322508, 20.115977717397815 ], [ 79.011344170197333, 20.116416949882364 ], [ 79.01079059341123, 20.116790335805376 ], [ 79.009782751972466, 20.117463676207766 ], [ 79.009211844351171, 20.117954602622888 ], [ 79.008060609609515, 20.118932433684908 ], [ 79.006702314959909, 20.120125169441053 ], [ 79.00624896042126, 20.1204836751815 ], [ 79.005679239905078, 20.121046847733908 ], [ 79.005601617571699, 20.121119713075601 ] ] ] } },
{ "type": "Feature", "properties": { "REGION": 1.0, "STATE.NAME": "Maharashtra", "DISTRICT.NAME": "Yavatmal", "DISTRICT.AREA": 13583.851744, "GRID_G0": "191954", "woodland": 0.075827444790643517, "maskWdl": 0.0, "cropland": 0.76249839629431271, "maskCrp": 1.0, "one": 0.14970719510078095, "maskOne": 0.0, "GRID.AREA": 2.7999143928138888, "REGION.AREA": 32202.066020262951 }, "geometry": { "type": "MultiPolygon", "coordinates": [ [ [ [ 77.363188226035092, 20.031116144980402 ], [ 77.366531414075837, 20.031115751171644 ], [ 77.366531414075837, 20.036593202522862 ], [ 77.366458910250572, 20.036478586517603 ], [ 77.36540964244108, 20.034689601144237 ], [ 77.364293486655129, 20.032875803475577 ], [ 77.363289772205292, 20.031269815749454 ], [ 77.363188226035092, 20.031116144980402 ] ] ], [ [ [ 77.366531414075837, 20.052654370571751 ], [ 77.366531414075837, 20.076116986977912 ], [ 77.355833240932782, 20.076118019330671 ], [ 77.355605826148008, 20.075646096789967 ], [ 77.35552806896527, 20.075403086483277 ], [ 77.355209107314522, 20.074406145727096 ], [ 77.354965596984755, 20.072831916659652 ], [ 77.354837987683027, 20.072277209425746 ], [ 77.354709966491839, 20.071720649588375 ], [ 77.354556310125645, 20.071509213579422 ], [ 77.354243781325522, 20.071079119106116 ], [ 77.354053326499866, 20.070919002010385 ], [ 77.3538756492419, 20.070769629115148 ], [ 77.353341367410223, 20.070550265582312 ], [ 77.352818850509607, 20.070335729610292 ], [ 77.352667531481472, 20.070293791525334 ], [ 77.352484202883716, 20.07024297982969 ], [ 77.352484213675552, 20.070242935762902 ], [ 77.352412631237996, 20.069222190851459 ], [ 77.352611389504091, 20.067828823541451 ], [ 77.352611427275633, 20.067828791165827 ], [ 77.353233149290475, 20.06717179774034 ], [ 77.353250082625266, 20.066252580891959 ], [ 77.352886774505123, 20.065755664991968 ], [ 77.352866944453979, 20.065559772865296 ], [ 77.352838988128838, 20.065283594662219 ], [ 77.353085472516625, 20.064201918883501 ], [ 77.353609231380972, 20.06440032011875 ], [ 77.353771668727575, 20.064461849035183 ], [ 77.354002437462555, 20.064240282163322 ], [ 77.354336008600001, 20.063920010200377 ], [ 77.35448672867966, 20.063233447965274 ], [ 77.354242985425529, 20.062799757103164 ], [ 77.354254659524997, 20.062703436114763 ], [ 77.354281330718891, 20.062483593243261 ], [ 77.356342557063442, 20.060745236103795 ], [ 77.356342599331526, 20.060745201030272 ], [ 77.359049410302077, 20.058679504155862 ], [ 77.359602818015674, 20.058253141869042 ], [ 77.36123249028725, 20.056997569582222 ], [ 77.363429856902428, 20.055311124009226 ], [ 77.363429891076706, 20.055311095230937 ], [ 77.365359415304852, 20.053574812827378 ], [ 77.366531414075837, 20.052654370571751 ] ] ] ] } },
{ "type": "Feature", "properties": { "REGION": 1.0, "STATE.NAME": "Maharashtra", "DISTRICT.NAME": "Yavatmal", "DISTRICT.AREA": 13583.851744, "GRID_G0": "191956", "woodland": 0.054682267687084632, "maskWdl": 0.0, "cropland": 0.55214993257973399, "maskCrp": 1.0, "one": 0.34456705066126153, "maskOne": 1.0, "GRID.AREA": 22.180053857036917, "REGION.AREA": 32202.066020262951 }, "geometry": { "type": "Polygon", "coordinates": [ [ [ 77.424791071468945, 20.076118245128509 ], [ 77.411532665061301, 20.076117059161888 ], [ 77.411532665061301, 20.031115807849172 ], [ 77.456533885822068, 20.031115820657298 ], [ 77.456533885822068, 20.06981461623041 ], [ 77.456010428238756, 20.069808907654988 ], [ 77.454084735122478, 20.069923198896561 ], [ 77.452622458159965, 20.070016888468668 ], [ 77.450553051582119, 20.070095672677216 ], [ 77.449401571325495, 20.07019216543614 ], [ 77.448321672607165, 20.070274707911494 ], [ 77.446830584963607, 20.070327858743724 ], [ 77.446003721294744, 20.070345864070418 ], [ 77.44555040452758, 20.070483801186526 ], [ 77.444973644118434, 20.070762390471998 ], [ 77.443858831020293, 20.071396064476858 ], [ 77.442505845968071, 20.072175583336559 ], [ 77.441367059642118, 20.072804877643026 ], [ 77.440995110835729, 20.072955874713902 ], [ 77.440507954378631, 20.073026199899235 ], [ 77.439633539955935, 20.07310761282611 ], [ 77.439250917096217, 20.073140661112685 ], [ 77.438520365422562, 20.073203761144725 ], [ 77.436848224466019, 20.073375324811419 ], [ 77.435558999548221, 20.073634908724099 ], [ 77.433678028818008, 20.074064844017411 ], [ 77.432723259970544, 20.074291186289262 ], [ 77.431104564823855, 20.074611338642395 ], [ 77.430092483081694, 20.074842468005556 ], [ 77.429056321991709, 20.075055708054549 ], [ 77.427127680897797, 20.075508365618646 ], [ 77.425924854748303, 20.075826266069384 ], [ 77.424791071468945, 20.076118245128509 ] ] ] } },
{ "type": "Feature", "properties": { "REGION": 1.0, "STATE.NAME": "Maharashtra", "DISTRICT.NAME": "Yavatmal", "DISTRICT.AREA": 13583.851744, "GRID_G0": "191960", "woodland": 0.11645286268100255, "maskWdl": 0.0, "cropland": 0.59845326391834353, "maskCrp": 1.0, "one": 0.25925000493079647, "maskOne": 0.0, "GRID.AREA": 4.3389498508976398, "REGION.AREA": 32202.066020262951 }, "geometry": { "type": "Polygon", "coordinates": [ [ [ 77.591533190519684, 20.033475533745744 ], [ 77.591533190519684, 20.031115745664522 ], [ 77.636534486368078, 20.031115775412992 ], [ 77.636534486368078, 20.054064744035841 ], [ 77.636012338398757, 20.053468044414785 ], [ 77.634319775637209, 20.051410565545215 ], [ 77.634319748657504, 20.051410532270321 ], [ 77.634204461866489, 20.051266418610396 ], [ 77.632626888220386, 20.049294350154188 ], [ 77.631505960631614, 20.04802606235296 ], [ 77.630444004287426, 20.046824408919406 ], [ 77.629280647583869, 20.047229220751998 ], [ 77.629183493823234, 20.046100045480788 ], [ 77.628764582419592, 20.04123069683925 ], [ 77.628575838104496, 20.03911498326994 ], [ 77.62844249742335, 20.037619938609339 ], [ 77.628265048593164, 20.035530134508178 ], [ 77.626737578876217, 20.03653771964008 ], [ 77.625900790289279, 20.037089678545897 ], [ 77.624992681866843, 20.037750207206333 ], [ 77.622700825282891, 20.039413148997653 ], [ 77.620673313622603, 20.040627279625308 ], [ 77.619208925951227, 20.040305495002659 ], [ 77.617916122631016, 20.04002141355744 ], [ 77.616203672261747, 20.040148518339493 ], [ 77.614658253875348, 20.040263206182093 ], [ 77.613639372359216, 20.037429051209816 ], [ 77.613639344480248, 20.037429005344393 ], [ 77.611904270765535, 20.038094777951699 ], [ 77.611904226698755, 20.038094811226589 ], [ 77.611157057352386, 20.038542009006559 ], [ 77.609973604398363, 20.038120373556467 ], [ 77.608516002111855, 20.036770202482895 ], [ 77.607089932754263, 20.035830734700706 ], [ 77.606027118456836, 20.035584399600392 ], [ 77.604880646524691, 20.035659298737698 ], [ 77.603352362921271, 20.035817838422531 ], [ 77.600819729047316, 20.034510421119084 ], [ 77.599245589012767, 20.035631096897646 ], [ 77.595927114944473, 20.03746714109576 ], [ 77.595230525268562, 20.036252094058966 ], [ 77.594874110451883, 20.035861364710286 ], [ 77.591896237521382, 20.033743610579222 ], [ 77.591533190519684, 20.033475533745744 ] ] ] } },
{ "type": "Feature", "properties": { "REGION": 1.0, "STATE.NAME": "Maharashtra", "DISTRICT.NAME": "Yavatmal", "DISTRICT.AREA": 13583.851744, "GRID_G0": "191961", "woodland": 0.08180277236977114, "maskWdl": 0.0, "cropland": 0.69751762831733011, "maskCrp": 1.0, "one": 0.20200180968370862, "maskOne": 0.0, "GRID.AREA": 21.977286392836277, "REGION.AREA": 32202.066020262951 }, "geometry": { "type": "Polygon", "coordinates": [ [ [ 77.636534486368078, 20.054064744035841 ], [ 77.636534486368078, 20.031115775412992 ], [ 77.681531217347981, 20.031115754413264 ], [ 77.681531217347981, 20.076116992781564 ], [ 77.653678501739478, 20.076118366433693 ], [ 77.653633731011951, 20.07607415879545 ], [ 77.653464596913281, 20.076118360091687 ], [ 77.651985468666041, 20.076118309191656 ], [ 77.648329520590949, 20.074415208195379 ], [ 77.646160235306695, 20.073335390415991 ], [ 77.644299370719466, 20.072409058131601 ], [ 77.644019071822754, 20.070090229080847 ], [ 77.643750091793379, 20.067864971791039 ], [ 77.643617863573581, 20.066536760363249 ], [ 77.64355420865985, 20.065897251556976 ], [ 77.643372899939436, 20.064629429604565 ], [ 77.643299750882875, 20.064431232515403 ], [ 77.643299735594383, 20.064431193844595 ], [ 77.643172511202465, 20.064093385101671 ], [ 77.643031655786331, 20.06371939033767 ], [ 77.642992597330533, 20.06371307799623 ], [ 77.642897691875021, 20.063697739159409 ], [ 77.642825948458835, 20.063667798929828 ], [ 77.642801795366609, 20.063657722026274 ], [ 77.642691467437317, 20.063604224955046 ], [ 77.642604756604271, 20.063514446534558 ], [ 77.642573086978416, 20.063444239160336 ], [ 77.642517375776322, 20.063320793719697 ], [ 77.642504770878531, 20.063201176692989 ], [ 77.642491696534648, 20.063077119713341 ], [ 77.642481452357174, 20.062991382846068 ], [ 77.642368889612612, 20.06262629047097 ], [ 77.642315533734973, 20.062513747511506 ], [ 77.642238406976958, 20.062423914232284 ], [ 77.64219939348726, 20.062324847613699 ], [ 77.642049278651371, 20.062054860343608 ], [ 77.641903978785649, 20.061784880268078 ], [ 77.641903960799198, 20.061784846093815 ], [ 77.64175339540293, 20.061465157790849 ], [ 77.641700081793374, 20.061361636830103 ], [ 77.641564402874963, 20.061100529465932 ], [ 77.641399348501182, 20.060758344621945 ], [ 77.641185582348783, 20.060276558916087 ], [ 77.641088323367512, 20.060046878360822 ], [ 77.6410302226667, 20.059952464834453 ], [ 77.64103019838501, 20.059952435156791 ], [ 77.64102517387272, 20.059948105820464 ], [ 77.640967753059385, 20.059898614329651 ], [ 77.640967707193965, 20.059898600839801 ], [ 77.64086712611703, 20.059867603906866 ], [ 77.640793936590967, 20.059863340221003 ], [ 77.640728411087366, 20.059859488424706 ], [ 77.640656334022651, 20.059801269912725 ], [ 77.639934706321696, 20.059497692064895 ], [ 77.639366508357739, 20.059258630681313 ], [ 77.638661905722415, 20.058976141036112 ], [ 77.637592786278105, 20.058547457599161 ], [ 77.637144262897493, 20.056007776637614 ], [ 77.636672528914119, 20.054222487477887 ], [ 77.636547483579534, 20.054079596895914 ], [ 77.636534486368078, 20.054064744035841 ] ] ] } },
{ "type": "Feature", "properties": { "REGION": 1.0, "STATE.NAME": "Maharashtra", "DISTRICT.NAME": "Yavatmal", "DISTRICT.AREA": 13583.851744, "GRID_G0": "191962", "woodland": 0.13504805486415852, "maskWdl": 0.0, "cropland": 0.6198938212814018, "maskCrp": 1.0, "one": 0.22703280352933689, "maskOne": 0.0, "GRID.AREA": 23.521126098146915, "REGION.AREA": 32202.066020262951 }, "geometry": { "type": "Polygon", "coordinates": [ [ [ 77.681531217347981, 20.031115754413264 ], [ 77.726532454914178, 20.031115794133552 ], [ 77.726532454914178, 20.076117072739383 ], [ 77.681531217347981, 20.076116992781564 ], [ 77.681531217347981, 20.031115754413264 ] ] ] } },
{ "type": "Feature", "properties": { "REGION": 1.0, "STATE.NAME": "Maharashtra", "DISTRICT.NAME": "Yavatmal", "DISTRICT.AREA": 13583.851744, "GRID_G0": "191963", "woodland": 0.11985103872852645, "maskWdl": 0.0, "cropland": 0.71629635203819253, "maskCrp": 1.0, "one": 0.15332448329938542, "maskOne": 0.0, "GRID.AREA": 23.521158274302909, "REGION.AREA": 32202.066020262951 }, "geometry": { "type": "Polygon", "coordinates": [ [ [ 77.726532454914178, 20.031115794133552 ], [ 77.771533724775892, 20.031115766151839 ], [ 77.771533724775892, 20.076117063061357 ], [ 77.726532454914178, 20.076117072739383 ], [ 77.726532454914178, 20.031115794133552 ] ] ] } },
{ "type": "Feature", "properties": { "REGION": 1.0, "STATE.NAME": "Maharashtra", "DISTRICT.NAME": "Yavatmal", "DISTRICT.AREA": 13583.851744, "GRID_G0": "191964", "woodland": 0.010855618209859559, "maskWdl": 0.0, "cropland": 0.89831877315062281, "maskCrp": 1.0, "one": 0.083014019779875367, "maskOne": 0.0, "GRID.AREA": 23.521170091070864, "REGION.AREA": 32202.066020262951 }, "geometry": { "type": "Polygon", "coordinates": [ [ [ 77.771533724775892, 20.031115766151839 ], [ 77.816535009901216, 20.031115767176949 ], [ 77.816535009901216, 20.076117060466231 ], [ 77.771533724775892, 20.076117063061357 ], [ 77.771533724775892, 20.031115766151839 ] ] ] } },
{ "type": "Feature", "properties": { "REGION": 1.0, "STATE.NAME": "Maharashtra", "DISTRICT.NAME": "Yavatmal", "DISTRICT.AREA": 13583.851744, "GRID_G0": "191965", "woodland": 0.039863686650103744, "maskWdl": 0.0, "cropland": 0.8924090984253259, "maskCrp": 1.0, "one": 0.046142357765017537, "maskOne": 0.0, "GRID.AREA": 23.518790594111209, "REGION.AREA": 32202.066020262951 }, "geometry": { "type": "Polygon", "coordinates": [ [ [ 77.816535009901216, 20.031115767176949 ], [ 77.861531757373555, 20.031115758728628 ], [ 77.861531757373555, 20.076117025910285 ], [ 77.816535009901216, 20.076117060466231 ], [ 77.816535009901216, 20.031115767176949 ] ] ] } },
{ "type": "Feature", "properties": { "REGION": 1.0, "STATE.NAME": "Maharashtra", "DISTRICT.NAME": "Yavatmal", "DISTRICT.AREA": 13583.851744, "GRID_G0": "191966", "woodland": 0.050724041019517996, "maskWdl": 0.0, "cropland": 0.86904725214329726, "maskCrp": 1.0, "one": 0.063609873536746547, "maskOne": 0.0, "GRID.AREA": 23.521156223653907, "REGION.AREA": 32202.066020262951 }, "geometry": { "type": "Polygon", "coordinates": [ [ [ 77.861531757373555, 20.031115758728628 ], [ 77.906533022918595, 20.031115751787318 ], [ 77.906533022918595, 20.076117060893498 ], [ 77.861531757373555, 20.076117025910285 ], [ 77.861531757373555, 20.031115758728628 ] ] ] } },
{ "type": "Feature", "properties": { "REGION": 1.0, "STATE.NAME": "Maharashtra", "DISTRICT.NAME": "Yavatmal", "DISTRICT.AREA": 13583.851744, "GRID_G0": "191967", "woodland": 0.096112136303070084, "maskWdl": 0.0, "cropland": 0.81579804700237857, "maskCrp": 1.0, "one": 0.054597239071362498, "maskOne": 0.0, "GRID.AREA": 23.521129634698482, "REGION.AREA": 32202.066020262951 }, "geometry": { "type": "Polygon", "coordinates": [ [ [ 77.906533022918595, 20.031115751787318 ], [ 77.951534251315636, 20.031115795809001 ], [ 77.951534251315636, 20.076117035552045 ], [ 77.906533022918595, 20.076117060893498 ], [ 77.906533022918595, 20.031115751787318 ] ] ] } },
{ "type": "Feature", "properties": { "REGION": 1.0, "STATE.NAME": "Maharashtra", "DISTRICT.NAME": "Yavatmal", "DISTRICT.AREA": 13583.851744, "GRID_G0": "191968", "woodland": 0.058682713664268915, "maskWdl": 0.0, "cropland": 0.82101764362668284, "maskCrp": 1.0, "one": 0.071274248998424147, "maskOne": 0.0, "GRID.AREA": 23.518805422688104, "REGION.AREA": 32202.066020262951 }, "geometry": { "type": "Polygon", "coordinates": [ [ [ 77.951534251315636, 20.031115795809001 ], [ 77.996531068852022, 20.031115778827701 ], [ 77.996531068852022, 20.076117016162069 ], [ 77.951534251315636, 20.076117035552045 ], [ 77.951534251315636, 20.031115795809001 ] ] ] } },
{ "type": "Feature", "properties": { "REGION": 1.0, "STATE.NAME": "Maharashtra", "DISTRICT.NAME": "Yavatmal", "DISTRICT.AREA": 13583.851744, "GRID_G0": "191969", "woodland": 0.087112189287539596, "maskWdl": 0.0, "cropland": 0.82547196593639671, "maskCrp": 1.0, "one": 0.074128038382755015, "maskOne": 0.0, "GRID.AREA": 23.521128985167188, "REGION.AREA": 32202.066020262951 }, "geometry": { "type": "Polygon", "coordinates": [ [ [ 77.996531068852022, 20.031115778827701 ], [ 78.041532344959762, 20.031115780894069 ], [ 78.041532344959762, 20.076116994491528 ], [ 77.996531068852022, 20.076117016162069 ], [ 77.996531068852022, 20.031115778827701 ] ] ] } },
{ "type": "Feature", "properties": { "REGION": 1.0, "STATE.NAME": "Maharashtra", "DISTRICT.NAME": "Yavatmal", "DISTRICT.AREA": 13583.851744, "GRID_G0": "191970", "woodland": 0.098746698918789622, "maskWdl": 0.0, "cropland": 0.77709015702150774, "maskCrp": 1.0, "one": 0.11714722273833481, "maskOne": 0.0, "GRID.AREA": 23.52108629545841, "REGION.AREA": 32202.066020262951 }, "geometry": { "type": "Polygon", "coordinates": [ [ [ 78.041532344959762, 20.031115780894069 ], [ 78.086533529357553, 20.031115766072499 ], [ 78.086533529357553, 20.076117023475771 ], [ 78.041532344959762, 20.076116994491528 ], [ 78.041532344959762, 20.031115780894069 ] ] ] } },
{ "type": "Feature", "properties": { "REGION": 1.0, "STATE.NAME": "Maharashtra", "DISTRICT.NAME": "Yavatmal", "DISTRICT.AREA": 13583.851744, "GRID_G0": "191971", "woodland": 0.12320386877010116, "maskWdl": 0.0, "cropland": 0.79535529877701194, "maskCrp": 1.0, "one": 0.071104540581657869, "maskOne": 0.0, "GRID.AREA": 23.521136783984161, "REGION.AREA": 32202.066020262951 }, "geometry": { "type": "Polygon", "coordinates": [ [ [ 78.086533529357553, 20.031115766072499 ], [ 78.131534777466058, 20.031115753281956 ], [ 78.131534777466058, 20.076117032651503 ], [ 78.086533529357553, 20.076117023475771 ], [ 78.086533529357553, 20.031115766072499 ] ] ] } },
{ "type": "Feature", "properties": { "REGION": 1.0, "STATE.NAME": "Maharashtra", "DISTRICT.NAME": "Yavatmal", "DISTRICT.AREA": 13583.851744, "GRID_G0": "191972", "woodland": 0.19096925813633292, "maskWdl": 0.0, "cropland": 0.54573062745633016, "maskCrp": 1.0, "one": 0.25829522129753307, "maskOne": 0.0, "GRID.AREA": 23.518824101179966, "REGION.AREA": 32202.066020262951 }, "geometry": { "type": "Polygon", "coordinates": [ [ [ 78.131534777466058, 20.031115753281956 ], [ 78.176531634831946, 20.03111580847127 ], [ 78.176531634831946, 20.076116997986851 ], [ 78.131534777466058, 20.076117032651503 ], [ 78.131534777466058, 20.031115753281956 ] ] ] } },
{ "type": "Feature", "properties": { "REGION": 1.0, "STATE.NAME": "Maharashtra", "DISTRICT.NAME": "Yavatmal", "DISTRICT.AREA": 13583.851744, "GRID_G0": "191974", "woodland": 0.17081061499120911, "maskWdl": 0.0, "cropland": 0.73632251610734145, "maskCrp": 1.0, "one": 0.082209977208144769, "maskOne": 0.0, "GRID.AREA": 23.521138275796055, "REGION.AREA": 32202.066020262951 }, "geometry": { "type": "Polygon", "coordinates": [ [ [ 78.221532867981381, 20.031115816132004 ], [ 78.266534107122311, 20.031115757234648 ], [ 78.266534107122311, 20.076117060414724 ], [ 78.221532867981381, 20.076117073387135 ], [ 78.221532867981381, 20.031115816132004 ] ] ] } },
{ "type": "Feature", "properties": { "REGION": 1.0, "STATE.NAME": "Maharashtra", "DISTRICT.NAME": "Yavatmal", "DISTRICT.AREA": 13583.851744, "GRID_G0": "191975", "woodland": 0.055128924424563956, "maskWdl": 0.0, "cropland": 0.91035242388166193, "maskCrp": 1.0, "one": 0.029418548827089896, "maskOne": 0.0, "GRID.AREA": 23.521126019126317, "REGION.AREA": 32202.066020262951 }, "geometry": { "type": "Polygon", "coordinates": [ [ [ 78.266534107122311, 20.031115757234648 ], [ 78.311535332528592, 20.031115817589896 ], [ 78.311535332528592, 20.076117055412404 ], [ 78.266534107122311, 20.076117060414724 ], [ 78.266534107122311, 20.031115757234648 ] ] ] } },
{ "type": "Feature", "properties": { "REGION": 1.0, "STATE.NAME": "Maharashtra", "DISTRICT.NAME": "Yavatmal", "DISTRICT.AREA": 13583.851744, "GRID_G0": "191976", "woodland": 0.22843396277150957, "maskWdl": 0.0, "cropland": 0.61164805318655435, "maskCrp": 1.0, "one": 0.15158020875667763, "maskOne": 0.0, "GRID.AREA": 23.518777495295964, "REGION.AREA": 32202.066020262951 }, "geometry": { "type": "Polygon", "coordinates": [ [ [ 78.311535332528592, 20.031115817589896 ], [ 78.356532096467092, 20.031115799962585 ], [ 78.356532096467092, 20.076117039562778 ], [ 78.311535332528592, 20.076117055412404 ], [ 78.311535332528592, 20.031115817589896 ] ] ] } },
{ "type": "Feature", "properties": { "REGION": 1.0, "STATE.NAME": "Maharashtra", "DISTRICT.NAME": "Yavatmal", "DISTRICT.AREA": 13583.851744, "GRID_G0": "191978", "woodland": 0.25349938440781772, "maskWdl": 0.0, "cropland": 0.56598341535949659, "maskCrp": 1.0, "one": 0.17252658479848804, "maskOne": 0.0, "GRID.AREA": 23.521119344622779, "REGION.AREA": 32202.066020262951 }, "geometry": { "type": "Polygon", "coordinates": [ [ [ 78.401533409796329, 20.031115774251393 ], [ 78.446534648681762, 20.031115798697794 ], [ 78.446534648681762, 20.076117067068573 ], [ 78.401533409796329, 20.076116994377124 ], [ 78.401533409796329, 20.031115774251393 ] ] ] } },
{ "type": "Feature", "properties": { "REGION": 1.0, "STATE.NAME": "Maharashtra", "DISTRICT.NAME": "Yavatmal", "DISTRICT.AREA": 13583.851744, "GRID_G0": "191979", "woodland": 0.10785388136587051, "maskWdl": 0.0, "cropland": 0.74695993926970972, "maskCrp": 1.0, "one": 0.12667813567698957, "maskOne": 0.0, "GRID.AREA": 23.521111087769206, "REGION.AREA": 32202.066020262951 }, "geometry": { "type": "Polygon", "coordinates": [ [ [ 78.446534648681762, 20.031115798697794 ], [ 78.491535879173696, 20.031115796246315 ], [ 78.491535879173696, 20.076117001568743 ], [ 78.446534648681762, 20.076117067068573 ], [ 78.446534648681762, 20.031115798697794 ] ] ] } },
{ "type": "Feature", "properties": { "REGION": 1.0, "STATE.NAME": "Maharashtra", "DISTRICT.NAME": "Yavatmal", "DISTRICT.AREA": 13583.851744, "GRID_G0": "191980", "woodland": 0.04636254390377019, "maskWdl": 0.0, "cropland": 0.89030700853697076, "maskCrp": 1.0, "one": 0.051432497246265092, "maskOne": 0.0, "GRID.AREA": 23.518793508805068, "REGION.AREA": 32202.066020262951 }, "geometry": { "type": "Polygon", "coordinates": [ [ [ 78.491535879173696, 20.031115796246315 ], [ 78.536532660272343, 20.03111575369217 ], [ 78.536532660272343, 20.076117052734247 ], [ 78.491535879173696, 20.076117001568743 ], [ 78.491535879173696, 20.031115796246315 ] ] ] } },
{ "type": "Feature", "properties": { "REGION": 1.0, "STATE.NAME": "Maharashtra", "DISTRICT.NAME": "Yavatmal", "DISTRICT.AREA": 13583.851744, "GRID_G0": "191981", "woodland": 0.1078452299682196, "maskWdl": 0.0, "cropland": 0.69511708062556465, "maskCrp": 1.0, "one": 0.16985817166676068, "maskOne": 0.0, "GRID.AREA": 23.521120220015085, "REGION.AREA": 32202.066020262951 }, "geometry": { "type": "Polygon", "coordinates": [ [ [ 78.536532660272343, 20.03111575369217 ], [ 78.58153389932626, 20.031115813862986 ], [ 78.58153389932626, 20.076117006328953 ], [ 78.536532660272343, 20.076117052734247 ], [ 78.536532660272343, 20.03111575369217 ] ] ] } },
{ "type": "Feature", "properties": { "REGION": 1.0, "STATE.NAME": "Maharashtra", "DISTRICT.NAME": "Yavatmal", "DISTRICT.AREA": 13583.851744, "GRID_G0": "191984", "woodland": 0.28831241794387014, "maskWdl": 0.0, "cropland": 0.56478126002354845, "maskCrp": 1.0, "one": 0.13737137483738193, "maskOne": 0.0, "GRID.AREA": 23.521078189127891, "REGION.AREA": 32202.066020262951 }, "geometry": { "type": "Polygon", "coordinates": [ [ [ 78.671531984763533, 20.031115830904451 ], [ 78.716533203310703, 20.03111581793879 ], [ 78.716533203310703, 20.076117007442654 ], [ 78.671531984763533, 20.076117013098958 ], [ 78.671531984763533, 20.031115830904451 ] ] ] } },
{ "type": "Feature", "properties": { "REGION": 1.0, "STATE.NAME": "Maharashtra", "DISTRICT.NAME": "Yavatmal", "DISTRICT.AREA": 13583.851744, "GRID_G0": "191985", "woodland": 0.058191262510572578, "maskWdl": 0.0, "cropland": 0.80338415704687205, "maskCrp": 1.0, "one": 0.11974135054435103, "maskOne": 0.0, "GRID.AREA": 23.521094465152665, "REGION.AREA": 32202.066020262951 }, "geometry": { "type": "Polygon", "coordinates": [ [ [ 78.716533203310703, 20.03111581793879 ], [ 78.761534456541753, 20.031115828456873 ], [ 78.761534456541753, 20.076117003561453 ], [ 78.716533203310703, 20.076117007442654 ], [ 78.716533203310703, 20.03111581793879 ] ] ] } },
{ "type": "Feature", "properties": { "REGION": 1.0, "STATE.NAME": "Maharashtra", "DISTRICT.NAME": "Yavatmal", "DISTRICT.AREA": 13583.851744, "GRID_G0": "191986", "woodland": 0.04137879137359661, "maskWdl": 0.0, "cropland": 0.85351875579484859, "maskCrp": 1.0, "one": 0.058942488544260686, "maskOne": 0.0, "GRID.AREA": 23.521110963013179, "REGION.AREA": 32202.066020262951 }, "geometry": { "type": "Polygon", "coordinates": [ [ [ 78.761534456541753, 20.031115828456873 ], [ 78.806535721790198, 20.031115779217487 ], [ 78.806535721790198, 20.076117007809358 ], [ 78.761534456541753, 20.076117003561453 ], [ 78.761534456541753, 20.031115828456873 ] ] ] } },
{ "type": "Feature", "properties": { "REGION": 1.0, "STATE.NAME": "Maharashtra", "DISTRICT.NAME": "Yavatmal", "DISTRICT.AREA": 13583.851744, "GRID_G0": "191987", "woodland": 0.077688022803597281, "maskWdl": 0.0, "cropland": 0.78602149560701129, "maskCrp": 1.0, "one": 0.12817730775563632, "maskOne": 0.0, "GRID.AREA": 23.518779337186768, "REGION.AREA": 32202.066020262951 }, "geometry": { "type": "Polygon", "coordinates": [ [ [ 78.806535721790198, 20.031115779217487 ], [ 78.851532483715147, 20.031115750022096 ], [ 78.851532483715133, 20.076117009905307 ], [ 78.806535721790198, 20.076117007809358 ], [ 78.806535721790198, 20.031115779217487 ] ] ] } },
{ "type": "Feature", "properties": { "REGION": 1.0, "STATE.NAME": "Maharashtra", "DISTRICT.NAME": "Yavatmal", "DISTRICT.AREA": 13583.851744, "GRID_G0": "191988", "woodland": 0.076741340860589896, "maskWdl": 0.0, "cropland": 0.68844157156075447, "maskCrp": 1.0, "one": 0.23187079656011267, "maskOne": 0.0, "GRID.AREA": 23.521121539904684, "REGION.AREA": 32202.066020262951 }, "geometry": { "type": "Polygon", "coordinates": [ [ [ 78.851532483715147, 20.031115750022096 ], [ 78.896533706099333, 20.031115780712984 ], [ 78.896533706099333, 20.076117050722772 ], [ 78.851532483715133, 20.076117009905307 ], [ 78.851532483715147, 20.031115750022096 ] ] ] } },
{ "type": "Feature", "properties": { "REGION": 1.0, "STATE.NAME": "Maharashtra", "DISTRICT.NAME": "Yavatmal", "DISTRICT.AREA": 13583.851744, "GRID_G0": "191989", "woodland": 0.052769693494575956, "maskWdl": 0.0, "cropland": 0.86815106900426564, "maskCrp": 1.0, "one": 0.041596570150818378, "maskOne": 0.0, "GRID.AREA": 23.521136264402703, "REGION.AREA": 32202.066020262951 }, "geometry": { "type": "Polygon", "coordinates": [ [ [ 78.896533706099333, 20.031115780712984 ], [ 78.941534957368745, 20.03111577593722 ], [ 78.941534957368745, 20.076117034399775 ], [ 78.896533706099333, 20.076117050722772 ], [ 78.896533706099333, 20.031115780712984 ] ] ] } },
{ "type": "Feature", "properties": { "REGION": 1.0, "STATE.NAME": "Maharashtra", "DISTRICT.NAME": "Yavatmal", "DISTRICT.AREA": 13583.851744, "GRID_G0": "191991", "woodland": 0.053657384998637155, "maskWdl": 0.0, "cropland": 0.79474121364753803, "maskCrp": 1.0, "one": 0.13291672221068537, "maskOne": 0.0, "GRID.AREA": 23.518797339013091, "REGION.AREA": 32202.066020262951 }, "geometry": { "type": "Polygon", "coordinates": [ [ [ 78.986536213764211, 20.031115741847959 ], [ 79.031532967179075, 20.031115763477594 ], [ 79.031532967179075, 20.076117022986573 ], [ 78.986536213764225, 20.076117056731427 ], [ 78.986536213764211, 20.031115741847959 ] ] ] } },
{ "type": "Feature", "properties": { "REGION": 1.0, "STATE.NAME": "Maharashtra", "DISTRICT.NAME": "Yavatmal", "DISTRICT.AREA": 13583.851744, "GRID_G0": "191993", "woodland": 0.11029036757665124, "maskWdl": 0.0, "cropland": 0.70105995927573539, "maskCrp": 1.0, "one": 0.15942827607838336, "maskOne": 0.0, "GRID.AREA": 0.6286239331799176, "REGION.AREA": 32202.066020262951 }, "geometry": { "type": "Polygon", "coordinates": [ [ [ 79.076534249862149, 20.048435269738043 ], [ 79.076534249862149, 20.031115785485689 ], [ 79.080249384405136, 20.031116217142415 ], [ 79.080269866561139, 20.031383728376397 ], [ 79.080383153259959, 20.031878552453293 ], [ 79.080411698641058, 20.032166968630747 ], [ 79.080484915146769, 20.032549503356964 ], [ 79.080527261523969, 20.032797102004679 ], [ 79.080614743975332, 20.033183954376057 ], [ 79.08067267560358, 20.033512626906258 ], [ 79.080758079721647, 20.033763984720171 ], [ 79.080801418051067, 20.034079331096279 ], [ 79.080860259793212, 20.034755534040702 ], [ 79.080867461564139, 20.035049042179594 ], [ 79.08086910102827, 20.035115922961552 ], [ 79.080874751468684, 20.035346485751745 ], [ 79.08087345464628, 20.035367156668997 ], [ 79.080855785666017, 20.035649137297924 ], [ 79.0808702980259, 20.035951363464676 ], [ 79.080873709154389, 20.036022416201604 ], [ 79.080884805889127, 20.036253501497924 ], [ 79.080853612903994, 20.03648519833331 ], [ 79.080829404053816, 20.036665011481148 ], [ 79.080757682221304, 20.037221230475435 ], [ 79.080753025531749, 20.03725732476579 ], [ 79.080749300539821, 20.037310459410211 ], [ 79.080721980934754, 20.037700078096179 ], [ 79.080664854199711, 20.038003300711807 ], [ 79.080550343523612, 20.038307337213894 ], [ 79.080489008860752, 20.038651294621616 ], [ 79.080418106310617, 20.038876184488402 ], [ 79.080311755183402, 20.039213510295326 ], [ 79.080283702630823, 20.03954330607877 ], [ 79.08022647966834, 20.039846531392357 ], [ 79.080045783386254, 20.040490063765503 ], [ 79.079931554197913, 20.040807657547418 ], [ 79.079783276676949, 20.04109864848391 ], [ 79.07966493488891, 20.041456886226346 ], [ 79.079492488987228, 20.041730191095496 ], [ 79.079358175239634, 20.041993975741434 ], [ 79.07925698262369, 20.042239167803416 ], [ 79.079229782628445, 20.042293856476363 ], [ 79.079158113855954, 20.042437884700693 ], [ 79.079158089574207, 20.042437915277617 ], [ 79.079057977943364, 20.042639231215617 ], [ 79.079018025561481, 20.042722370840806 ], [ 79.078937882477362, 20.042889138423046 ], [ 79.078863713589556, 20.042994223304788 ], [ 79.078793003494354, 20.043094405082797 ], [ 79.07874946461618, 20.043356735524981 ], [ 79.078703681929426, 20.043479249267985 ], [ 79.078645547953727, 20.04372834348834 ], [ 79.078589289064496, 20.044085725076229 ], [ 79.078620515324602, 20.044308955693797 ], [ 79.07867056799239, 20.044666759963036 ], [ 79.078660390364803, 20.044882866151397 ], [ 79.078656315536591, 20.04496934585865 ], [ 79.078633439481678, 20.045128491686569 ], [ 79.078613401687235, 20.045267893798329 ], [ 79.078394084919125, 20.045884844909722 ], [ 79.078278557109797, 20.046134779996127 ], [ 79.077853795616249, 20.046754686279826 ], [ 79.077401324211792, 20.047442803442667 ], [ 79.077209368417698, 20.047689324702617 ], [ 79.076534249862149, 20.048435269738043 ] ] ] } },
{ "type": "Feature", "properties": { "REGION": 1.0, "STATE.NAME": "Maharashtra", "DISTRICT.NAME": "Yavatmal", "DISTRICT.AREA": 13583.851744, "GRID_G0": "191304", "woodland": 0.096883635757625278, "maskWdl": 0.0, "cropland": 0.67154945383124998, "maskCrp": 1.0, "one": 0.22160316473712208, "maskOne": 0.0, "GRID.AREA": 10.223652431331114, "REGION.AREA": 32202.066020262951 }, "geometry": { "type": "Polygon", "coordinates": [ [ [ 77.336336122109159, 19.986115797490424 ], [ 77.366531414075837, 19.986114553195449 ], [ 77.366531414075837, 20.031115751171644 ], [ 77.363188226035092, 20.031116144980402 ], [ 77.362539899496824, 20.030135017916788 ], [ 77.362121069032185, 20.029501154155014 ], [ 77.361602444397363, 20.028735332869363 ], [ 77.361602419216354, 20.028735294198498 ], [ 77.360252221163137, 20.026510468583293 ], [ 77.360252186988873, 20.026510416422642 ], [ 77.359186276325659, 20.02485463683206 ], [ 77.357439323466053, 20.023076684341561 ], [ 77.355555968633098, 20.021280695947382 ], [ 77.355555929962236, 20.02128066806841 ], [ 77.354341817321099, 20.020596038476469 ], [ 77.354074227643537, 20.020020053282909 ], [ 77.354234681985034, 20.018730459643049 ], [ 77.354901906997441, 20.016558040221415 ], [ 77.355134002232489, 20.015674974320632 ], [ 77.35513409036605, 20.014993465376165 ], [ 77.355134156915881, 20.014566075164282 ], [ 77.354845108515008, 20.013495481731127 ], [ 77.354845071642785, 20.013495440362306 ], [ 77.35422385144966, 20.012847071435264 ], [ 77.353955135820911, 20.012830900725533 ], [ 77.353695623854037, 20.012815271407703 ], [ 77.353695587881134, 20.012815289394155 ], [ 77.352208802594248, 20.01335912472388 ], [ 77.349376310468415, 20.013751267806811 ], [ 77.349173214772122, 20.013202342314287 ], [ 77.349204694641017, 20.011601058941782 ], [ 77.349090024784857, 20.011063475698904 ], [ 77.34901450151807, 20.010946184318982 ], [ 77.348822421617513, 20.010647855813943 ], [ 77.348033880759033, 20.009843602899991 ], [ 77.348033844786187, 20.00984356332981 ], [ 77.347011070104884, 20.009314708906743 ], [ 77.346655439496999, 20.009177648629649 ], [ 77.345873445703035, 20.008876251637734 ], [ 77.343909002598423, 20.007947276245833 ], [ 77.343908952236418, 20.007947249266181 ], [ 77.343270891338648, 20.007574360668283 ], [ 77.342439067908686, 20.00757184076787 ], [ 77.341389820783661, 20.00784016699015 ], [ 77.341059949457133, 20.007860380152461 ], [ 77.340835324890406, 20.00772031254246 ], [ 77.340639401287376, 20.007483051601582 ], [ 77.340627485270261, 20.007124016160443 ], [ 77.341189507589775, 20.006051360581864 ], [ 77.341452558388951, 20.005373906680518 ], [ 77.341452579073348, 20.005373866211013 ], [ 77.341423391576313, 20.005167901677396 ], [ 77.341395324634561, 20.00496964972962 ], [ 77.341163541464311, 20.004585606840351 ], [ 77.340618884154253, 20.003980205721977 ], [ 77.340618845483391, 20.003980149963979 ], [ 77.338353005386921, 20.000609026885119 ], [ 77.337789374180318, 19.998818838218885 ], [ 77.337565469970514, 19.998043040753771 ], [ 77.337390820729865, 19.997547021477885 ], [ 77.33729822743129, 19.997226849339654 ], [ 77.337178619397832, 19.996283408352671 ], [ 77.337156807240945, 19.995759603622844 ], [ 77.337154084993074, 19.995253881561439 ], [ 77.337100871208293, 19.994228899044515 ], [ 77.337053506614112, 19.993402576767551 ], [ 77.337016033663076, 19.992621474201709 ], [ 77.336704976153783, 19.991633800059901 ], [ 77.336601738479487, 19.991087766787079 ], [ 77.336464519921719, 19.990451685297103 ], [ 77.336465289741398, 19.989683862120614 ], [ 77.336346384078411, 19.988876028106286 ], [ 77.336346331917753, 19.987950084328986 ], [ 77.336336517616246, 19.987001723151025 ], [ 77.336336122109159, 19.986115797490424 ] ] ] } },
{ "type": "Feature", "properties": { "REGION": 1.0, "STATE.NAME": "Maharashtra", "DISTRICT.NAME": "Yavatmal", "DISTRICT.AREA": 13583.851744, "GRID_G0": "191306", "woodland": 0.10859550045202766, "maskWdl": 0.0, "cropland": 0.56372072268359918, "maskCrp": 1.0, "one": 0.18652791505540464, "maskOne": 0.0, "GRID.AREA": 23.52787725296886, "REGION.AREA": 32202.066020262951 }, "geometry": { "type": "Polygon", "coordinates": [ [ [ 77.411532665061301, 19.986114502300293 ], [ 77.456533885822068, 19.986114518802911 ], [ 77.456533885822068, 20.031115820657298 ], [ 77.411532665061301, 20.031115807849172 ], [ 77.411532665061301, 19.986114502300293 ] ] ] } },
{ "type": "Feature", "properties": { "REGION": 1.0, "STATE.NAME": "Maharashtra", "DISTRICT.NAME": "Yavatmal", "DISTRICT.AREA": 13583.851744, "GRID_G0": "191308", "woodland": 0.15306570903693198, "maskWdl": 0.0, "cropland": 0.58614950113401632, "maskCrp": 1.0, "one": 0.24479360950455584, "maskOne": 0.0, "GRID.AREA": 23.527863374144967, "REGION.AREA": 32202.066020262951 }, "geometry": { "type": "Polygon", "coordinates": [ [ [ 77.501530685759349, 19.986114566776113 ], [ 77.546531976600761, 19.986114576552524 ], [ 77.546531976600761, 20.031115804411929 ], [ 77.501530685759349, 20.031115753074534 ], [ 77.501530685759349, 19.986114566776113 ] ] ] } },
{ "type": "Feature", "properties": { "REGION": 1.0, "STATE.NAME": "Maharashtra", "DISTRICT.NAME": "Yavatmal", "DISTRICT.AREA": 13583.851744, "GRID_G0": "191313", "woodland": 0.13160834030669266, "maskWdl": 0.0, "cropland": 0.62957238298997809, "maskCrp": 1.0, "one": 0.22165609358610983, "maskOne": 0.0, "GRID.AREA": 23.527863809680476, "REGION.AREA": 32202.066020262951 }, "geometry": { "type": "Polygon", "coordinates": [ [ [ 77.726532454914178, 19.986114531094188 ], [ 77.771533724775892, 19.98611457141342 ], [ 77.771533724775892, 20.031115766151839 ], [ 77.726532454914178, 20.031115794133552 ], [ 77.726532454914178, 19.986114531094188 ] ] ] } },
{ "type": "Feature", "properties": { "REGION": 1.0, "STATE.NAME": "Maharashtra", "DISTRICT.NAME": "Yavatmal", "DISTRICT.AREA": 13583.851744, "GRID_G0": "191314", "woodland": 0.065118472946906342, "maskWdl": 0.0, "cropland": 0.8200034641130991, "maskCrp": 1.0, "one": 0.10914438597917953, "maskOne": 0.0, "GRID.AREA": 23.527853698289061, "REGION.AREA": 32202.066020262951 }, "geometry": { "type": "Polygon", "coordinates": [ [ [ 77.771533724775892, 19.98611457141342 ], [ 77.816535009901216, 19.986114573342221 ], [ 77.816535009901216, 20.031115767176949 ], [ 77.771533724775892, 20.031115766151839 ], [ 77.771533724775892, 19.98611457141342 ] ] ] } },
{ "type": "Feature", "properties": { "REGION": 1.0, "STATE.NAME": "Maharashtra", "DISTRICT.NAME": "Yavatmal", "DISTRICT.AREA": 13583.851744, "GRID_G0": "191315", "woodland": 0.10475298811369425, "maskWdl": 0.0, "cropland": 0.75660558971374392, "maskCrp": 1.0, "one": 0.12903785618121968, "maskOne": 0.0, "GRID.AREA": 23.525498302737187, "REGION.AREA": 32202.066020262951 }, "geometry": { "type": "Polygon", "coordinates": [ [ [ 77.816535009901216, 19.986114573342221 ], [ 77.861531757373555, 19.986114498930561 ], [ 77.861531757373555, 20.031115758728628 ], [ 77.816535009901216, 20.031115767176949 ], [ 77.816535009901216, 19.986114573342221 ] ] ] } },
{ "type": "Feature", "properties": { "REGION": 1.0, "STATE.NAME": "Maharashtra", "DISTRICT.NAME": "Yavatmal", "DISTRICT.AREA": 13583.851744, "GRID_G0": "191317", "woodland": 0.10458466601635716, "maskWdl": 0.0, "cropland": 0.76447239793675292, "maskCrp": 1.0, "one": 0.10511290070052577, "maskOne": 0.0, "GRID.AREA": 23.52784083473162, "REGION.AREA": 32202.066020262951 }, "geometry": { "type": "Polygon", "coordinates": [ [ [ 77.906533022918595, 19.986114536736949 ], [ 77.951534251315636, 19.986114558042573 ], [ 77.951534251315636, 20.031115795809001 ], [ 77.906533022918595, 20.031115751787318 ], [ 77.906533022918595, 19.986114536736949 ] ] ] } },
{ "type": "Feature", "properties": { "REGION": 1.0, "STATE.NAME": "Maharashtra", "DISTRICT.NAME": "Yavatmal", "DISTRICT.AREA": 13583.851744, "GRID_G0": "191318", "woodland": 0.28171834578652788, "maskWdl": 0.0, "cropland": 0.57764908827451256, "maskCrp": 1.0, "one": 0.13669552563698037, "maskOne": 0.0, "GRID.AREA": 23.52554072821167, "REGION.AREA": 32202.066020262951 }, "geometry": { "type": "Polygon", "coordinates": [ [ [ 77.951534251315636, 19.986114558042573 ], [ 77.996531068852022, 19.986114540783788 ], [ 77.996531068852022, 20.031115778827701 ], [ 77.951534251315636, 20.031115795809001 ], [ 77.951534251315636, 19.986114558042573 ] ] ] } },
{ "type": "Feature", "properties": { "REGION": 1.0, "STATE.NAME": "Maharashtra", "DISTRICT.NAME": "Yavatmal", "DISTRICT.AREA": 13583.851744, "GRID_G0": "191319", "woodland": 0.26348099856585838, "maskWdl": 0.0, "cropland": 0.58520121433186634, "maskCrp": 1.0, "one": 0.14499684419035896, "maskOne": 0.0, "GRID.AREA": 23.527866356930183, "REGION.AREA": 32202.066020262951 }, "geometry": { "type": "Polygon", "coordinates": [ [ [ 77.996531068852022, 19.986114540783788 ], [ 78.041532344959762, 19.986114563907872 ], [ 78.041532344959762, 20.031115780894069 ], [ 77.996531068852022, 20.031115778827701 ], [ 77.996531068852022, 19.986114540783788 ] ] ] } },
{ "type": "Feature", "properties": { "REGION": 1.0, "STATE.NAME": "Maharashtra", "DISTRICT.NAME": "Yavatmal", "DISTRICT.AREA": 13583.851744, "GRID_G0": "191322", "woodland": 0.17173208412928312, "maskWdl": 0.0, "cropland": 0.7041596441078678, "maskCrp": 1.0, "one": 0.10643364911511627, "maskOne": 0.0, "GRID.AREA": 23.525564989165701, "REGION.AREA": 32202.066020262951 }, "geometry": { "type": "Polygon", "coordinates": [ [ [ 78.131534777466058, 19.986114554639975 ], [ 78.176531634831946, 19.986114518159347 ], [ 78.176531634831946, 20.03111580847127 ], [ 78.131534777466058, 20.031115753281956 ], [ 78.131534777466058, 19.986114554639975 ] ] ] } },
{ "type": "Feature", "properties": { "REGION": 1.0, "STATE.NAME": "Maharashtra", "DISTRICT.NAME": "Yavatmal", "DISTRICT.AREA": 13583.851744, "GRID_G0": "191323", "woodland": 0.15428979877322566, "maskWdl": 0.0, "cropland": 0.74127253946059812, "maskCrp": 1.0, "one": 0.085543778640547199, "maskOne": 0.0, "GRID.AREA": 23.5278717420255, "REGION.AREA": 32202.066020262951 }, "geometry": { "type": "Polygon", "coordinates": [ [ [ 78.176531634831946, 19.986114518159347 ], [ 78.221532867981381, 19.986114544893965 ], [ 78.221532867981381, 20.031115816132004 ], [ 78.176531634831946, 20.03111580847127 ], [ 78.176531634831946, 19.986114518159347 ] ] ] } },
{ "type": "Feature", "properties": { "REGION": 1.0, "STATE.NAME": "Maharashtra", "DISTRICT.NAME": "Yavatmal", "DISTRICT.AREA": 13583.851744, "GRID_G0": "191324", "woodland": 0.21652903700665663, "maskWdl": 0.0, "cropland": 0.70616831373994615, "maskCrp": 1.0, "one": 0.073821362307297328, "maskOne": 0.0, "GRID.AREA": 23.527859193630039, "REGION.AREA": 32202.066020262951 }, "geometry": { "type": "Polygon", "coordinates": [ [ [ 78.221532867981381, 19.986114544893965 ], [ 78.266534107122311, 19.986114526913919 ], [ 78.266534107122311, 20.031115757234648 ], [ 78.221532867981381, 20.031115816132004 ], [ 78.221532867981381, 19.986114544893965 ] ] ] } },
{ "type": "Feature", "properties": { "REGION": 1.0, "STATE.NAME": "Maharashtra", "DISTRICT.NAME": "Yavatmal", "DISTRICT.AREA": 13583.851744, "GRID_G0": "191325", "woodland": 0.29901288096251188, "maskWdl": 0.0, "cropland": 0.57864939254504244, "maskCrp": 1.0, "one": 0.11299981460364646, "maskOne": 0.0, "GRID.AREA": 23.527848302401416, "REGION.AREA": 32202.066020262951 }, "geometry": { "type": "Polygon", "coordinates": [ [ [ 78.266534107122311, 19.986114526913919 ], [ 78.311535332528592, 19.986114560542941 ], [ 78.311535332528592, 20.031115817589896 ], [ 78.266534107122311, 20.031115757234648 ], [ 78.266534107122311, 19.986114526913919 ] ] ] } },
{ "type": "Feature", "properties": { "REGION": 1.0, "STATE.NAME": "Maharashtra", "DISTRICT.NAME": "Yavatmal", "DISTRICT.AREA": 13583.851744, "GRID_G0": "191326", "woodland": 0.097593443683061151, "maskWdl": 0.0, "cropland": 0.8301832477705261, "maskCrp": 1.0, "one": 0.055836620631802877, "maskOne": 0.0, "GRID.AREA": 23.525523856202401, "REGION.AREA": 32202.066020262951 }, "geometry": { "type": "Polygon", "coordinates": [ [ [ 78.311535332528592, 19.986114560542941 ], [ 78.356532096467092, 19.986114538534483 ], [ 78.356532096467092, 20.031115799962585 ], [ 78.311535332528592, 20.031115817589896 ], [ 78.311535332528592, 19.986114560542941 ] ] ] } },
{ "type": "Feature", "properties": { "REGION": 1.0, "STATE.NAME": "Maharashtra", "DISTRICT.NAME": "Yavatmal", "DISTRICT.AREA": 13583.851744, "GRID_G0": "191329", "woodland": 0.14141786513125496, "maskWdl": 0.0, "cropland": 0.76340257795398925, "maskCrp": 1.0, "one": 0.085824695686101252, "maskOne": 0.0, "GRID.AREA": 23.527862178616108, "REGION.AREA": 32202.066020262951 }, "geometry": { "type": "Polygon", "coordinates": [ [ [ 78.446534648681762, 19.986114503325965 ], [ 78.491535879173696, 19.986114561340656 ], [ 78.491535879173696, 20.031115796246315 ], [ 78.446534648681762, 20.031115798697794 ], [ 78.446534648681762, 19.986114503325965 ] ] ] } },
{ "type": "Feature", "properties": { "REGION": 1.0, "STATE.NAME": "Maharashtra", "DISTRICT.NAME": "Yavatmal", "DISTRICT.AREA": 13583.851744, "GRID_G0": "191330", "woodland": 0.042650735407111409, "maskWdl": 0.0, "cropland": 0.9085880612817463, "maskCrp": 1.0, "one": 0.034479696352139717, "maskOne": 0.0, "GRID.AREA": 23.525521874490003, "REGION.AREA": 32202.066020262951 }, "geometry": { "type": "Polygon", "coordinates": [ [ [ 78.491535879173696, 19.986114561340656 ], [ 78.536532660272343, 19.986114512041333 ], [ 78.536532660272343, 20.03111575369217 ], [ 78.491535879173696, 20.031115796246315 ], [ 78.491535879173696, 19.986114561340656 ] ] ] } },
{ "type": "Feature", "properties": { "REGION": 1.0, "STATE.NAME": "Maharashtra", "DISTRICT.NAME": "Yavatmal", "DISTRICT.AREA": 13583.851744, "GRID_G0": "191331", "woodland": 0.096141032944090335, "maskWdl": 0.0, "cropland": 0.66845845594747011, "maskCrp": 1.0, "one": 0.13071991292257282, "maskOne": 0.0, "GRID.AREA": 23.527873997149101, "REGION.AREA": 32202.066020262951 }, "geometry": { "type": "Polygon", "coordinates": [ [ [ 78.536532660272343, 19.986114512041333 ], [ 78.58153389932626, 19.986114497162042 ], [ 78.58153389932626, 20.031115813862986 ], [ 78.536532660272343, 20.03111575369217 ], [ 78.536532660272343, 19.986114512041333 ] ] ] } },
{ "type": "Feature", "properties": { "REGION": 1.0, "STATE.NAME": "Maharashtra", "DISTRICT.NAME": "Yavatmal", "DISTRICT.AREA": 13583.851744, "GRID_G0": "191336", "woodland": 0.079405945604249684, "maskWdl": 0.0, "cropland": 0.71032556605045993, "maskCrp": 1.0, "one": 0.20668245451265502, "maskOne": 0.0, "GRID.AREA": 23.527894758378395, "REGION.AREA": 32202.066020262951 }, "geometry": { "type": "Polygon", "coordinates": [ [ [ 78.761534456541753, 19.986114518964854 ], [ 78.806535721790198, 19.986114503320088 ], [ 78.806535721790198, 20.031115779217487 ], [ 78.761534456541753, 20.031115828456873 ], [ 78.761534456541753, 19.986114518964854 ] ] ] } },
{ "type": "Feature", "properties": { "REGION": 1.0, "STATE.NAME": "Maharashtra", "DISTRICT.NAME": "Yavatmal", "DISTRICT.AREA": 13583.851744, "GRID_G0": "191337", "woodland": 0.077112117507401864, "maskWdl": 0.0, "cropland": 0.7267538035626776, "maskCrp": 1.0, "one": 0.18929864657640036, "maskOne": 0.0, "GRID.AREA": 23.525516928362642, "REGION.AREA": 32202.066020262951 }, "geometry": { "type": "Polygon", "coordinates": [ [ [ 78.806535721790198, 19.986114503320088 ], [ 78.851532483715147, 19.986114529943094 ], [ 78.851532483715147, 20.031115750022096 ], [ 78.806535721790198, 20.031115779217487 ], [ 78.806535721790198, 19.986114503320088 ] ] ] } },
{ "type": "Feature", "properties": { "REGION": 1.0, "STATE.NAME": "Maharashtra", "DISTRICT.NAME": "Yavatmal", "DISTRICT.AREA": 13583.851744, "GRID_G0": "191338", "woodland": 0.10865524894964827, "maskWdl": 0.0, "cropland": 0.76829426941957879, "maskCrp": 1.0, "one": 0.11830758745526704, "maskOne": 0.0, "GRID.AREA": 23.527837675935956, "REGION.AREA": 32202.066020262951 }, "geometry": { "type": "Polygon", "coordinates": [ [ [ 78.851532483715147, 19.986114529943094 ], [ 78.896533706099333, 19.986114548037826 ], [ 78.896533706099333, 20.031115780712984 ], [ 78.851532483715147, 20.031115750022096 ], [ 78.851532483715147, 19.986114529943094 ] ] ] } },
{ "type": "Feature", "properties": { "REGION": 1.0, "STATE.NAME": "Maharashtra", "DISTRICT.NAME": "Yavatmal", "DISTRICT.AREA": 13583.851744, "GRID_G0": "191339", "woodland": 0.064125158194143869, "maskWdl": 0.0, "cropland": 0.74229023442577102, "maskCrp": 1.0, "one": 0.18161934861108311, "maskOne": 0.0, "GRID.AREA": 23.527853694013231, "REGION.AREA": 32202.066020262951 }, "geometry": { "type": "Polygon", "coordinates": [ [ [ 78.896533706099333, 19.986114548037826 ], [ 78.941534957368745, 19.98611455234688 ], [ 78.941534957368745, 20.03111577593722 ], [ 78.896533706099333, 20.031115780712984 ], [ 78.896533706099333, 19.986114548037826 ] ] ] } },
{ "type": "Feature", "properties": { "REGION": 1.0, "STATE.NAME": "Maharashtra", "DISTRICT.NAME": "Yavatmal", "DISTRICT.AREA": 13583.851744, "GRID_G0": "191340", "woodland": 0.10345449333600676, "maskWdl": 0.0, "cropland": 0.78339649514807908, "maskCrp": 1.0, "one": 0.10009389079491585, "maskOne": 0.0, "GRID.AREA": 23.527845958617995, "REGION.AREA": 32202.066020262951 }, "geometry": { "type": "Polygon", "coordinates": [ [ [ 78.941534957368745, 19.98611455234688 ], [ 78.986536213764211, 19.986114549020964 ], [ 78.986536213764211, 20.031115741847959 ], [ 78.941534957368745, 20.03111577593722 ], [ 78.941534957368745, 19.98611455234688 ] ] ] } },
{ "type": "Feature", "properties": { "REGION": 1.0, "STATE.NAME": "Maharashtra", "DISTRICT.NAME": "Yavatmal", "DISTRICT.AREA": 13583.851744, "GRID_G0": "191341", "woodland": 0.11066250674231849, "maskWdl": 0.0, "cropland": 0.7481478501107931, "maskCrp": 1.0, "one": 0.13264353194069664, "maskOne": 0.0, "GRID.AREA": 23.525493234234197, "REGION.AREA": 32202.066020262951 }, "geometry": { "type": "Polygon", "coordinates": [ [ [ 78.986536213764211, 19.986114549020964 ], [ 79.031532967179075, 19.986114533950214 ], [ 79.031532967179075, 20.031115763477594 ], [ 78.986536213764211, 20.031115741847959 ], [ 78.986536213764211, 19.986114549020964 ] ] ] } },
{ "type": "Feature", "properties": { "REGION": 1.0, "STATE.NAME": "Maharashtra", "DISTRICT.NAME": "Yavatmal", "DISTRICT.AREA": 13583.851744, "GRID_G0": "190653", "woodland": 0.074454261719774734, "maskWdl": 0.0, "cropland": 0.75035340934973904, "maskCrp": 1.0, "one": 0.15717759791398397, "maskOne": 0.0, "GRID.AREA": 5.0848217420743298, "REGION.AREA": 32202.066020262951 }, "geometry": { "type": "Polygon", "coordinates": [ [ [ 77.294876038792552, 19.941119134218862 ], [ 77.32153461772333, 19.941117789449724 ], [ 77.32153461772333, 19.959323102886522 ], [ 77.32088718829317, 19.95972246701831 ], [ 77.31892571654862, 19.961018621212478 ], [ 77.317699705876805, 19.962275333839614 ], [ 77.317563975696999, 19.962307749902781 ], [ 77.316774147009312, 19.962496377306024 ], [ 77.314183165121051, 19.9630908786412 ], [ 77.311685327815667, 19.963650322604341 ], [ 77.308872357273515, 19.96428029230168 ], [ 77.304205837229688, 19.965376297877867 ], [ 77.303910666244292, 19.962753608592209 ], [ 77.303693306401044, 19.961331934221448 ], [ 77.303537265032787, 19.959760967894397 ], [ 77.303484899308728, 19.958853401763122 ], [ 77.303453517465925, 19.95801151312088 ], [ 77.303413073154843, 19.956925263390247 ], [ 77.303322506028906, 19.955060306887731 ], [ 77.303255192673078, 19.954048965287541 ], [ 77.303244302782389, 19.953791611693589 ], [ 77.303272461454981, 19.953452536705242 ], [ 77.303298369124491, 19.953140942300706 ], [ 77.303186511448416, 19.952858169369051 ], [ 77.303128979119151, 19.9527126635586 ], [ 77.30289302938985, 19.952329095511402 ], [ 77.302613672982659, 19.95187493967677 ], [ 77.302337600000271, 19.951381684017576 ], [ 77.30195812296904, 19.950703640160892 ], [ 77.301046262575028, 19.948901149668355 ], [ 77.300441645665458, 19.947422493353429 ], [ 77.299970801111613, 19.946238696858419 ], [ 77.299658043883653, 19.945452337755224 ], [ 77.299309579073849, 19.944559640115354 ], [ 77.298961223082017, 19.943671447179611 ], [ 77.298763903731242, 19.943378782604782 ], [ 77.298189074166487, 19.943060699591683 ], [ 77.295635813442118, 19.941581691641829 ], [ 77.294876038792552, 19.941119134218862 ] ] ] } },
{ "type": "Feature", "properties": { "REGION": 1.0, "STATE.NAME": "Maharashtra", "DISTRICT.NAME": "Yavatmal", "DISTRICT.AREA": 13583.851744, "GRID_G0": "190656", "woodland": 0.10482065492344379, "maskWdl": 0.0, "cropland": 0.58271736133545904, "maskCrp": 1.0, "one": 0.30220848409313245, "maskOne": 0.0, "GRID.AREA": 23.532226847937796, "REGION.AREA": 32202.066020262951 }, "geometry": { "type": "Polygon", "coordinates": [ [ [ 77.411532665061301, 19.941117777827497 ], [ 77.456533885822068, 19.941117706531525 ], [ 77.456533885822068, 19.986114518802911 ], [ 77.411532665061301, 19.986114502300293 ], [ 77.411532665061301, 19.941117777827497 ] ] ] } },
{ "type": "Feature", "properties": { "REGION": 1.0, "STATE.NAME": "Maharashtra", "DISTRICT.NAME": "Yavatmal", "DISTRICT.AREA": 13583.851744, "GRID_G0": "190657", "woodland": 0.071506898586419149, "maskWdl": 0.0, "cropland": 0.71712168580633329, "maskCrp": 1.0, "one": 0.19599836708716059, "maskOne": 0.0, "GRID.AREA": 23.529931762428841, "REGION.AREA": 32202.066020262951 }, "geometry": { "type": "Polygon", "coordinates": [ [ [ 77.456533885822068, 19.941117706531525 ], [ 77.501530685759349, 19.941117778536537 ], [ 77.501530685759349, 19.986114566776113 ], [ 77.456533885822068, 19.986114518802911 ], [ 77.456533885822068, 19.941117706531525 ] ] ] } },
{ "type": "Feature", "properties": { "REGION": 1.0, "STATE.NAME": "Maharashtra", "DISTRICT.NAME": "Yavatmal", "DISTRICT.AREA": 13583.851744, "GRID_G0": "190658", "woodland": 0.086228273551016768, "maskWdl": 0.0, "cropland": 0.86085993850806863, "maskCrp": 1.0, "one": 0.042037075459493686, "maskOne": 0.0, "GRID.AREA": 23.53228533230893, "REGION.AREA": 32202.066020262951 }, "geometry": { "type": "Polygon", "coordinates": [ [ [ 77.501530685759349, 19.941117778536537 ], [ 77.546531976600761, 19.941117744512628 ], [ 77.546531976600761, 19.986114576552524 ], [ 77.501530685759349, 19.986114566776113 ], [ 77.501530685759349, 19.941117778536537 ] ] ] } },
{ "type": "Feature", "properties": { "REGION": 1.0, "STATE.NAME": "Maharashtra", "DISTRICT.NAME": "Yavatmal", "DISTRICT.AREA": 13583.851744, "GRID_G0": "190659", "woodland": 0.12018728567277578, "maskWdl": 0.0, "cropland": 0.76700313702417855, "maskCrp": 1.0, "one": 0.088511074788473129, "maskOne": 0.0, "GRID.AREA": 23.532238916133579, "REGION.AREA": 32202.066020262951 }, "geometry": { "type": "Polygon", "coordinates": [ [ [ 77.546531976600761, 19.941117744512628 ], [ 77.591533190519684, 19.941117733700544 ], [ 77.591533190519684, 19.986114498245975 ], [ 77.546531976600761, 19.986114576552524 ], [ 77.546531976600761, 19.941117744512628 ] ] ] } },
{ "type": "Feature", "properties": { "REGION": 1.0, "STATE.NAME": "Maharashtra", "DISTRICT.NAME": "Yavatmal", "DISTRICT.AREA": 13583.851744, "GRID_G0": "190661", "woodland": 0.13027598289864661, "maskWdl": 0.0, "cropland": 0.64921959585181355, "maskCrp": 1.0, "one": 0.20444326525944762, "maskOne": 0.0, "GRID.AREA": 23.529894338639345, "REGION.AREA": 32202.066020262951 }, "geometry": { "type": "Polygon", "coordinates": [ [ [ 77.636534486368078, 19.941117766036601 ], [ 77.681531217347981, 19.941117703426173 ], [ 77.681531217347981, 19.98611453435349 ], [ 77.636534486368078, 19.986114530397153 ], [ 77.636534486368078, 19.941117766036601 ] ] ] } },
{ "type": "Feature", "properties": { "REGION": 1.0, "STATE.NAME": "Maharashtra", "DISTRICT.NAME": "Yavatmal", "DISTRICT.AREA": 13583.851744, "GRID_G0": "190662", "woodland": 0.037117324586177128, "maskWdl": 0.0, "cropland": 0.82595333310661423, "maskCrp": 1.0, "one": 0.1089138367732293, "maskOne": 0.0, "GRID.AREA": 23.532256809396657, "REGION.AREA": 32202.066020262951 }, "geometry": { "type": "Polygon", "coordinates": [ [ [ 77.681531217347981, 19.941117703426173 ], [ 77.726532454914178, 19.941117744303138 ], [ 77.726532454914178, 19.986114531094188 ], [ 77.681531217347981, 19.98611453435349 ], [ 77.681531217347981, 19.941117703426173 ] ] ] } },
{ "type": "Feature", "properties": { "REGION": 1.0, "STATE.NAME": "Maharashtra", "DISTRICT.NAME": "Yavatmal", "DISTRICT.AREA": 13583.851744, "GRID_G0": "190663", "woodland": 0.089151665770643748, "maskWdl": 0.0, "cropland": 0.70451381406836655, "maskCrp": 1.0, "one": 0.18841028902949239, "maskOne": 0.0, "GRID.AREA": 23.532268228396916, "REGION.AREA": 32202.066020262951 }, "geometry": { "type": "Polygon", "coordinates": [ [ [ 77.726532454914178, 19.941117744303138 ], [ 77.771533724775892, 19.94111776138794 ], [ 77.771533724775892, 19.98611457141342 ], [ 77.726532454914178, 19.986114531094188 ], [ 77.726532454914178, 19.941117744303138 ] ] ] } },
{ "type": "Feature", "properties": { "REGION": 1.0, "STATE.NAME": "Maharashtra", "DISTRICT.NAME": "Yavatmal", "DISTRICT.AREA": 13583.851744, "GRID_G0": "190664", "woodland": 0.096123494263300219, "maskWdl": 0.0, "cropland": 0.71828186035248931, "maskCrp": 1.0, "one": 0.17256022846166422, "maskOne": 0.0, "GRID.AREA": 23.532282621193506, "REGION.AREA": 32202.066020262951 }, "geometry": { "type": "Polygon", "coordinates": [ [ [ 77.771533724775892, 19.94111776138794 ], [ 77.816535009901216, 19.941117762024945 ], [ 77.816535009901216, 19.986114573342221 ], [ 77.771533724775892, 19.98611457141342 ], [ 77.771533724775892, 19.94111776138794 ] ] ] } },
{ "type": "Feature", "properties": { "REGION": 1.0, "STATE.NAME": "Maharashtra", "DISTRICT.NAME": "Yavatmal", "DISTRICT.AREA": 13583.851744, "GRID_G0": "190665", "woodland": 0.12511000959793883, "maskWdl": 0.0, "cropland": 0.73607182829574413, "maskCrp": 1.0, "one": 0.13132475471048344, "maskOne": 0.0, "GRID.AREA": 23.529904565860825, "REGION.AREA": 32202.066020262951 }, "geometry": { "type": "Polygon", "coordinates": [ [ [ 77.816535009901216, 19.941117762024945 ], [ 77.861531757373555, 19.941117708828084 ], [ 77.861531757373555, 19.986114498930561 ], [ 77.816535009901216, 19.986114573342221 ], [ 77.816535009901216, 19.941117762024945 ] ] ] } },
{ "type": "Feature", "properties": { "REGION": 1.0, "STATE.NAME": "Maharashtra", "DISTRICT.NAME": "Yavatmal", "DISTRICT.AREA": 13583.851744, "GRID_G0": "190667", "woodland": 0.24133967135529963, "maskWdl": 0.0, "cropland": 0.56637193676851827, "maskCrp": 1.0, "one": 0.17682422885333607, "maskOne": 0.0, "GRID.AREA": 23.532226438314083, "REGION.AREA": 32202.066020262951 }, "geometry": { "type": "Polygon", "coordinates": [ [ [ 77.906533022918595, 19.941117789207937 ], [ 77.951534251315636, 19.941117785641531 ], [ 77.951534251315636, 19.986114558042573 ], [ 77.906533022918595, 19.986114536736949 ], [ 77.906533022918595, 19.941117789207937 ] ] ] } },
{ "type": "Feature", "properties": { "REGION": 1.0, "STATE.NAME": "Maharashtra", "DISTRICT.NAME": "Yavatmal", "DISTRICT.AREA": 13583.851744, "GRID_G0": "190668", "woodland": 0.1587062057866766, "maskWdl": 0.0, "cropland": 0.70095612899965143, "maskCrp": 1.0, "one": 0.13158478136563642, "maskOne": 0.0, "GRID.AREA": 23.529927031553477, "REGION.AREA": 32202.066020262951 }, "geometry": { "type": "Polygon", "coordinates": [ [ [ 77.951534251315636, 19.941117785641531 ], [ 77.996531068852022, 19.941117765954591 ], [ 77.996531068852022, 19.986114540783788 ], [ 77.951534251315636, 19.986114558042573 ], [ 77.951534251315636, 19.941117785641531 ] ] ] } },
{ "type": "Feature", "properties": { "REGION": 1.0, "STATE.NAME": "Maharashtra", "DISTRICT.NAME": "Yavatmal", "DISTRICT.AREA": 13583.851744, "GRID_G0": "190669", "woodland": 0.1629449948851025, "maskWdl": 0.0, "cropland": 0.70325655646641172, "maskCrp": 1.0, "one": 0.1228624359601604, "maskOne": 0.0, "GRID.AREA": 23.532277595622151, "REGION.AREA": 32202.066020262951 }, "geometry": { "type": "Polygon", "coordinates": [ [ [ 77.996531068852022, 19.941117765954591 ], [ 78.041532344959762, 19.941117718591322 ], [ 78.041532344959762, 19.986114563907872 ], [ 77.996531068852022, 19.986114540783788 ], [ 77.996531068852022, 19.941117765954591 ] ] ] } },
{ "type": "Feature", "properties": { "REGION": 1.0, "STATE.NAME": "Maharashtra", "DISTRICT.NAME": "Yavatmal", "DISTRICT.AREA": 13583.851744, "GRID_G0": "190670", "woodland": 0.22068717869110976, "maskWdl": 0.0, "cropland": 0.61543844972847572, "maskCrp": 1.0, "one": 0.16109477349993084, "maskOne": 0.0, "GRID.AREA": 23.532214020308608, "REGION.AREA": 32202.066020262951 }, "geometry": { "type": "Polygon", "coordinates": [ [ [ 78.041532344959762, 19.941117718591322 ], [ 78.086533529357553, 19.941117787521527 ], [ 78.086533529357553, 19.986114502621234 ], [ 78.041532344959762, 19.986114563907872 ], [ 78.041532344959762, 19.941117718591322 ] ] ] } },
{ "type": "Feature", "properties": { "REGION": 1.0, "STATE.NAME": "Maharashtra", "DISTRICT.NAME": "Yavatmal", "DISTRICT.AREA": 13583.851744, "GRID_G0": "190671", "woodland": 0.069549283308682139, "maskWdl": 0.0, "cropland": 0.80877460243774202, "maskCrp": 1.0, "one": 0.10006091326212917, "maskOne": 0.0, "GRID.AREA": 23.53224366004968, "REGION.AREA": 32202.066020262951 }, "geometry": { "type": "Polygon", "coordinates": [ [ [ 78.086533529357553, 19.941117787521527 ], [ 78.131534777466058, 19.941117723382625 ], [ 78.131534777466058, 19.986114554639975 ], [ 78.086533529357553, 19.986114502621234 ], [ 78.086533529357553, 19.941117787521527 ] ] ] } },
{ "type": "Feature", "properties": { "REGION": 1.0, "STATE.NAME": "Maharashtra", "DISTRICT.NAME": "Yavatmal", "DISTRICT.AREA": 13583.851744, "GRID_G0": "190675", "woodland": 0.20047756453445881, "maskWdl": 0.0, "cropland": 0.6928061004846191, "maskCrp": 1.0, "one": 0.097225861854913914, "maskOne": 0.0, "GRID.AREA": 23.532242805880003, "REGION.AREA": 32202.066020262951 }, "geometry": { "type": "Polygon", "coordinates": [ [ [ 78.266534107122311, 19.941117747075083 ], [ 78.311535332528592, 19.941117751888719 ], [ 78.311535332528592, 19.986114560542941 ], [ 78.266534107122311, 19.986114526913919 ], [ 78.266534107122311, 19.941117747075083 ] ] ] } },
{ "type": "Feature", "properties": { "REGION": 1.0, "STATE.NAME": "Maharashtra", "DISTRICT.NAME": "Yavatmal", "DISTRICT.AREA": 13583.851744, "GRID_G0": "190676", "woodland": 0.14750269877544639, "maskWdl": 0.0, "cropland": 0.72597642440009869, "maskCrp": 1.0, "one": 0.11979167029961124, "maskOne": 0.0, "GRID.AREA": 23.52991901988965, "REGION.AREA": 32202.066020262951 }, "geometry": { "type": "Polygon", "coordinates": [ [ [ 78.311535332528592, 19.941117751888719 ], [ 78.356532096467092, 19.941117723415271 ], [ 78.356532096467092, 19.986114538534483 ], [ 78.311535332528592, 19.986114560542941 ], [ 78.311535332528592, 19.941117751888719 ] ] ] } },
{ "type": "Feature", "properties": { "REGION": 1.0, "STATE.NAME": "Maharashtra", "DISTRICT.NAME": "Yavatmal", "DISTRICT.AREA": 13583.851744, "GRID_G0": "190679", "woodland": 0.12699875182505432, "maskWdl": 0.0, "cropland": 0.73261229489386526, "maskCrp": 1.0, "one": 0.13343029227093631, "maskOne": 0.0, "GRID.AREA": 23.532237626140986, "REGION.AREA": 32202.066020262951 }, "geometry": { "type": "Polygon", "coordinates": [ [ [ 78.446534648681762, 19.9411177396195 ], [ 78.491535879173696, 19.941117766535307 ], [ 78.491535879173696, 19.986114561340656 ], [ 78.446534648681762, 19.986114503325965 ], [ 78.446534648681762, 19.9411177396195 ] ] ] } },
{ "type": "Feature", "properties": { "REGION": 1.0, "STATE.NAME": "Maharashtra", "DISTRICT.NAME": "Yavatmal", "DISTRICT.AREA": 13583.851744, "GRID_G0": "190680", "woodland": 0.15856923989919017, "maskWdl": 0.0, "cropland": 0.68516608315208016, "maskCrp": 1.0, "one": 0.14321141387629863, "maskOne": 0.0, "GRID.AREA": 23.529921361772143, "REGION.AREA": 32202.066020262951 }, "geometry": { "type": "Polygon", "coordinates": [ [ [ 78.491535879173696, 19.941117766535307 ], [ 78.536532660272343, 19.941117708440405 ], [ 78.536532660272343, 19.986114512041333 ], [ 78.491535879173696, 19.986114561340656 ], [ 78.491535879173696, 19.941117766535307 ] ] ] } },
{ "type": "Feature", "properties": { "REGION": 1.0, "STATE.NAME": "Maharashtra", "DISTRICT.NAME": "Yavatmal", "DISTRICT.AREA": 13583.851744, "GRID_G0": "190681", "woodland": 0.096600167271785053, "maskWdl": 0.0, "cropland": 0.75210249796573592, "maskCrp": 1.0, "one": 0.13133652043767954, "maskOne": 0.0, "GRID.AREA": 23.532251586507698, "REGION.AREA": 32202.066020262951 }, "geometry": { "type": "Polygon", "coordinates": [ [ [ 78.536532660272343, 19.941117708440405 ], [ 78.58153389932626, 19.941117706006271 ], [ 78.58153389932626, 19.986114497162042 ], [ 78.536532660272343, 19.986114512041333 ], [ 78.536532660272343, 19.941117708440405 ] ] ] } },
{ "type": "Feature", "properties": { "REGION": 1.0, "STATE.NAME": "Maharashtra", "DISTRICT.NAME": "Yavatmal", "DISTRICT.AREA": 13583.851744, "GRID_G0": "190682", "woodland": 0.26041009477552141, "maskWdl": 0.0, "cropland": 0.60592454417462649, "maskCrp": 1.0, "one": 0.11543154901515192, "maskOne": 0.0, "GRID.AREA": 23.532246921709582, "REGION.AREA": 32202.066020262951 }, "geometry": { "type": "Polygon", "coordinates": [ [ [ 78.58153389932626, 19.941117706006271 ], [ 78.626535152789216, 19.941117745617973 ], [ 78.626535152789216, 19.986114502568238 ], [ 78.58153389932626, 19.986114497162042 ], [ 78.58153389932626, 19.941117706006271 ] ] ] } },
{ "type": "Feature", "properties": { "REGION": 1.0, "STATE.NAME": "Maharashtra", "DISTRICT.NAME": "Yavatmal", "DISTRICT.AREA": 13583.851744, "GRID_G0": "190686", "woodland": 0.10360417390001, "maskWdl": 0.0, "cropland": 0.76672891501760787, "maskCrp": 1.0, "one": 0.12622638734733327, "maskOne": 0.0, "GRID.AREA": 23.532254205150632, "REGION.AREA": 32202.066020262951 }, "geometry": { "type": "Polygon", "coordinates": [ [ [ 78.761534456541753, 19.941117726967423 ], [ 78.806535721790198, 19.941117742920522 ], [ 78.806535721790198, 19.986114503320088 ], [ 78.761534456541753, 19.986114518964854 ], [ 78.761534456541753, 19.941117726967423 ] ] ] } },
{ "type": "Feature", "properties": { "REGION": 1.0, "STATE.NAME": "Maharashtra", "DISTRICT.NAME": "Yavatmal", "DISTRICT.AREA": 13583.851744, "GRID_G0": "190687", "woodland": 0.098388991714418228, "maskWdl": 0.0, "cropland": 0.61707407950070636, "maskCrp": 1.0, "one": 0.24012172083859928, "maskOne": 0.0, "GRID.AREA": 23.529900396168216, "REGION.AREA": 32202.066020262951 }, "geometry": { "type": "Polygon", "coordinates": [ [ [ 78.806535721790198, 19.941117742920522 ], [ 78.851532483715147, 19.941117733780477 ], [ 78.851532483715147, 19.986114529943094 ], [ 78.806535721790198, 19.986114503320088 ], [ 78.806535721790198, 19.941117742920522 ] ] ] } },
{ "type": "Feature", "properties": { "REGION": 1.0, "STATE.NAME": "Maharashtra", "DISTRICT.NAME": "Yavatmal", "DISTRICT.AREA": 13583.851744, "GRID_G0": "190689", "woodland": 0.067697364194371029, "maskWdl": 0.0, "cropland": 0.76608048039737231, "maskCrp": 1.0, "one": 0.15739365167778954, "maskOne": 0.0, "GRID.AREA": 23.532263099314193, "REGION.AREA": 32202.066020262951 }, "geometry": { "type": "Polygon", "coordinates": [ [ [ 78.896533706099333, 19.941117737295116 ], [ 78.941534957368745, 19.941117748710219 ], [ 78.941534957368745, 19.98611455234688 ], [ 78.896533706099333, 19.986114548037826 ], [ 78.896533706099333, 19.941117737295116 ] ] ] } },
{ "type": "Feature", "properties": { "REGION": 1.0, "STATE.NAME": "Maharashtra", "DISTRICT.NAME": "Yavatmal", "DISTRICT.AREA": 13583.851744, "GRID_G0": "190690", "woodland": 0.045358093971827815, "maskWdl": 0.0, "cropland": 0.65812079551496971, "maskCrp": 1.0, "one": 0.28642204978702634, "maskOne": 0.0, "GRID.AREA": 23.532256392136365, "REGION.AREA": 32202.066020262951 }, "geometry": { "type": "Polygon", "coordinates": [ [ [ 78.941534957368745, 19.941117748710219 ], [ 78.986536213764225, 19.941117774173975 ], [ 78.986536213764211, 19.986114549020964 ], [ 78.941534957368745, 19.98611455234688 ], [ 78.941534957368745, 19.941117748710219 ] ] ] } },
{ "type": "Feature", "properties": { "REGION": 1.0, "STATE.NAME": "Maharashtra", "DISTRICT.NAME": "Yavatmal", "DISTRICT.AREA": 13583.851744, "GRID_G0": "190691", "woodland": 0.025111679942068366, "maskWdl": 0.0, "cropland": 0.87710162305751116, "maskCrp": 1.0, "one": 0.074058896922593168, "maskOne": 0.0, "GRID.AREA": 23.529904254774049, "REGION.AREA": 32202.066020262951 }, "geometry": { "type": "Polygon", "coordinates": [ [ [ 78.986536213764225, 19.941117774173975 ], [ 79.031532967179075, 19.94111772044737 ], [ 79.031532967179075, 19.986114533950214 ], [ 78.986536213764211, 19.986114549020964 ], [ 78.986536213764225, 19.941117774173975 ] ] ] } },
{ "type": "Feature", "properties": { "REGION": 1.0, "STATE.NAME": "Maharashtra", "DISTRICT.NAME": "Yavatmal", "DISTRICT.AREA": 13583.851744, "GRID_G0": "190692", "woodland": 0.034757590961258397, "maskWdl": 0.0, "cropland": 0.90221636823758378, "maskCrp": 1.0, "one": 0.041703314295377769, "maskOne": 0.0, "GRID.AREA": 23.532287410568934, "REGION.AREA": 32202.066020262951 }, "geometry": { "type": "Polygon", "coordinates": [ [ [ 79.031532967179075, 19.94111772044737 ], [ 79.076534249862149, 19.941117709378947 ], [ 79.076534249862135, 19.98611454039532 ], [ 79.031532967179075, 19.986114533950214 ], [ 79.031532967179075, 19.94111772044737 ] ] ] } },
{ "type": "Feature", "properties": { "REGION": 1.0, "STATE.NAME": "Maharashtra", "DISTRICT.NAME": "Yavatmal", "DISTRICT.AREA": 13583.851744, "GRID_G0": "190003", "woodland": 0.13002650495686968, "maskWdl": 0.0, "cropland": 0.71874404088029198, "maskCrp": 1.0, "one": 0.14015429088163811, "maskOne": 0.0, "GRID.AREA": 15.240900746347819, "REGION.AREA": 32202.066020262951 }, "geometry": { "type": "Polygon", "coordinates": [ [ [ 77.313166321097185, 19.896117362933985 ], [ 77.32153461772333, 19.896116518104922 ], [ 77.32153461772333, 19.941117789449724 ], [ 77.294876038792552, 19.941119134218862 ], [ 77.293949305815886, 19.940554923071321 ], [ 77.291448599673174, 19.939048582925807 ], [ 77.290598623427798, 19.938620953494254 ], [ 77.290598584756935, 19.938620934608483 ], [ 77.289748652578282, 19.93819341129694 ], [ 77.287826512683466, 19.937763893289116 ], [ 77.286779691029963, 19.937614846847733 ], [ 77.285856837323252, 19.937406742826965 ], [ 77.28484294884305, 19.937149175194349 ], [ 77.284336045072507, 19.937016023370859 ], [ 77.284337019038276, 19.936248245160414 ], [ 77.284411848028412, 19.93477597493137 ], [ 77.284441513964737, 19.93419273850412 ], [ 77.284571060406165, 19.932371993572705 ], [ 77.284738884691819, 19.929598118358513 ], [ 77.28483410491009, 19.927606063369183 ], [ 77.284832122804289, 19.92527104562231 ], [ 77.284682266973107, 19.923930360597698 ], [ 77.284605829995087, 19.922955102496019 ], [ 77.284438938306437, 19.921072444637677 ], [ 77.284195178864479, 19.919113383076194 ], [ 77.284029413126973, 19.917443079434634 ], [ 77.28381278982846, 19.91514507328657 ], [ 77.283639447302733, 19.913899291918828 ], [ 77.283789081900693, 19.913261825472947 ], [ 77.283835867331447, 19.912091849759125 ], [ 77.283836966302999, 19.911346704786641 ], [ 77.283812751157598, 19.91030347592471 ], [ 77.283726803848992, 19.90932824300404 ], [ 77.283635729505363, 19.908289861487958 ], [ 77.283626661641165, 19.907404730743792 ], [ 77.283648191410975, 19.906934976168259 ], [ 77.283803195860855, 19.9064102999954 ], [ 77.28385277458591, 19.906294931366062 ], [ 77.28390235421034, 19.906179563635988 ], [ 77.28404885826825, 19.905876341020356 ], [ 77.284291014218979, 19.905590674969741 ], [ 77.2845759904896, 19.905273250260336 ], [ 77.284871257702434, 19.905118428372816 ], [ 77.285171531441108, 19.905008734465582 ], [ 77.286110237497496, 19.904580062719788 ], [ 77.286921127408164, 19.904391251854864 ], [ 77.287812666721265, 19.904111899044953 ], [ 77.288742489274512, 19.903827723170934 ], [ 77.289663212487312, 19.9036611201646 ], [ 77.290603171299381, 19.903489808308056 ], [ 77.291596237776218, 19.903440230482317 ], [ 77.291906545250924, 19.903438891391772 ], [ 77.292604643089874, 19.903620897986116 ], [ 77.293589626460175, 19.903878433243165 ], [ 77.29445565830207, 19.904217903933162 ], [ 77.295360513876687, 19.904670025501332 ], [ 77.296237232362444, 19.905235147783912 ], [ 77.29705137242297, 19.905723848376965 ], [ 77.297770939777081, 19.906357525079784 ], [ 77.298490281401428, 19.906954888956989 ], [ 77.299228938664669, 19.907611058603546 ], [ 77.299924515703879, 19.908235650355039 ], [ 77.301287136092526, 19.909507749483115 ], [ 77.301930495795773, 19.910173207327713 ], [ 77.30269337809699, 19.910896990703634 ], [ 77.303384366795171, 19.91155779185868 ], [ 77.303528074860822, 19.911691492268631 ], [ 77.303528111733044, 19.911691543529969 ], [ 77.304094509254242, 19.912218478799787 ], [ 77.304832829271731, 19.912793270592999 ], [ 77.305509022323577, 19.913345702542188 ], [ 77.306242482404684, 19.913911485826475 ], [ 77.306539921480237, 19.914158514304063 ], [ 77.30712404733697, 19.914458525440637 ], [ 77.308047435241008, 19.914802172582259 ], [ 77.308387189217456, 19.914927071327327 ], [ 77.309017837902957, 19.914973861254737 ], [ 77.310011128310975, 19.914960286887776 ], [ 77.310268595219554, 19.914891406013624 ], [ 77.310888421463517, 19.914694323184506 ], [ 77.311674753587056, 19.914365586802433 ], [ 77.312046108840889, 19.914138090700362 ], [ 77.312445381749001, 19.913783978148103 ], [ 77.31269199563917, 19.91345321379481 ], [ 77.312933021142044, 19.912941730676376 ], [ 77.313054317203012, 19.912367607978751 ], [ 77.313169858502249, 19.911635379069537 ], [ 77.313232346095958, 19.910767903815778 ], [ 77.31316735838692, 19.910217166189341 ], [ 77.312890590228619, 19.909301654547786 ], [ 77.312292897199484, 19.908229423449203 ], [ 77.311720678366669, 19.907450770636615 ], [ 77.311148372299613, 19.906672022495908 ], [ 77.310643839141903, 19.906060034742836 ], [ 77.310335955340122, 19.905623389607797 ], [ 77.310229142860692, 19.905253522731925 ], [ 77.310312972265933, 19.904855667155349 ], [ 77.310813397320487, 19.903706210373343 ], [ 77.31107270783923, 19.903068225917934 ], [ 77.31144403161683, 19.901896861650869 ], [ 77.311869015242905, 19.900955332622573 ], [ 77.312246135151099, 19.899982608810376 ], [ 77.312838693051276, 19.898214027255616 ], [ 77.313124912185003, 19.897223577805899 ], [ 77.313188448388246, 19.896563952964126 ], [ 77.313166321097185, 19.896117362933985 ] ] ] } },
{ "type": "Feature", "properties": { "REGION": 1.0, "STATE.NAME": "Maharashtra", "DISTRICT.NAME": "Yavatmal", "DISTRICT.AREA": 13583.851744, "GRID_G0": "190004", "woodland": 0.07008150885994377, "maskWdl": 0.0, "cropland": 0.81164484940748161, "maskCrp": 1.0, "one": 0.11211953288241198, "maskOne": 0.0, "GRID.AREA": 23.53896276849548, "REGION.AREA": 32202.066020262951 }, "geometry": { "type": "Polygon", "coordinates": [ [ [ 77.32153461772333, 19.896116518104922 ], [ 77.366531414075837, 19.896116532451703 ], [ 77.366531414075837, 19.941117760066145 ], [ 77.32153461772333, 19.941117789449724 ], [ 77.32153461772333, 19.896116518104922 ] ] ] } },
{ "type": "Feature", "properties": { "REGION": 1.0, "STATE.NAME": "Maharashtra", "DISTRICT.NAME": "Yavatmal", "DISTRICT.AREA": 13583.851744, "GRID_G0": "190005", "woodland": 0.209351759275621, "maskWdl": 0.0, "cropland": 0.60083007179055525, "maskCrp": 1.0, "one": 0.18218314621356607, "maskOne": 0.0, "GRID.AREA": 23.541287944218599, "REGION.AREA": 32202.066020262951 }, "geometry": { "type": "Polygon", "coordinates": [ [ [ 77.366531414075837, 19.896116532451703 ], [ 77.411532665061301, 19.896116526194191 ], [ 77.411532665061301, 19.941117777827497 ], [ 77.366531414075837, 19.941117760066145 ], [ 77.366531414075837, 19.896116532451703 ] ] ] } },
{ "type": "Feature", "properties": { "REGION": 1.0, "STATE.NAME": "Maharashtra", "DISTRICT.NAME": "Yavatmal", "DISTRICT.AREA": 13583.851744, "GRID_G0": "190008", "woodland": 0.043667002003512215, "maskWdl": 0.0, "cropland": 0.79450055065888148, "maskCrp": 1.0, "one": 0.13992461833678432, "maskOne": 0.0, "GRID.AREA": 23.541341011412424, "REGION.AREA": 32202.066020262951 }, "geometry": { "type": "Polygon", "coordinates": [ [ [ 77.501530685759349, 19.896116456301016 ], [ 77.546531976600761, 19.896116464348911 ], [ 77.546531976600761, 19.941117744512628 ], [ 77.501530685759349, 19.941117778536537 ], [ 77.501530685759349, 19.896116456301016 ] ] ] } },
{ "type": "Feature", "properties": { "REGION": 1.0, "STATE.NAME": "Maharashtra", "DISTRICT.NAME": "Yavatmal", "DISTRICT.AREA": 13583.851744, "GRID_G0": "190009", "woodland": 0.087319385687156373, "maskWdl": 0.0, "cropland": 0.56605736216918501, "maskCrp": 1.0, "one": 0.10232848241133931, "maskOne": 0.0, "GRID.AREA": 23.541272999013849, "REGION.AREA": 32202.066020262951 }, "geometry": { "type": "Polygon", "coordinates": [ [ [ 77.546531976600761, 19.896116464348911 ], [ 77.591533190519684, 19.896116517640959 ], [ 77.591533190519684, 19.941117733700544 ], [ 77.546531976600761, 19.941117744512628 ], [ 77.546531976600761, 19.896116464348911 ] ] ] } },
{ "type": "Feature", "properties": { "REGION": 1.0, "STATE.NAME": "Maharashtra", "DISTRICT.NAME": "Yavatmal", "DISTRICT.AREA": 13583.851744, "GRID_G0": "190010", "woodland": 0.088119384483092367, "maskWdl": 0.0, "cropland": 0.75551682234412643, "maskCrp": 1.0, "one": 0.14037374945205114, "maskOne": 0.0, "GRID.AREA": 23.541323278619465, "REGION.AREA": 32202.066020262951 }, "geometry": { "type": "Polygon", "coordinates": [ [ [ 77.591533190519684, 19.896116517640959 ], [ 77.636534486368078, 19.896116457502021 ], [ 77.636534486368078, 19.941117766036601 ], [ 77.591533190519684, 19.941117733700544 ], [ 77.591533190519684, 19.896116517640959 ] ] ] } },
{ "type": "Feature", "properties": { "REGION": 1.0, "STATE.NAME": "Maharashtra", "DISTRICT.NAME": "Yavatmal", "DISTRICT.AREA": 13583.851744, "GRID_G0": "190011", "woodland": 0.020912865637349357, "maskWdl": 0.0, "cropland": 0.60534830156903885, "maskCrp": 1.0, "one": 0.35535489812172427, "maskOne": 1.0, "GRID.AREA": 23.538931041929349, "REGION.AREA": 32202.066020262951 }, "geometry": { "type": "Polygon", "coordinates": [ [ [ 77.636534486368078, 19.896116457502021 ], [ 77.681531217347981, 19.896116503575723 ], [ 77.681531217347981, 19.941117703426173 ], [ 77.636534486368078, 19.941117766036601 ], [ 77.636534486368078, 19.896116457502021 ] ] ] } },
{ "type": "Feature", "properties": { "REGION": 1.0, "STATE.NAME": "Maharashtra", "DISTRICT.NAME": "Yavatmal", "DISTRICT.AREA": 13583.851744, "GRID_G0": "190012", "woodland": 0.075410350711695301, "maskWdl": 0.0, "cropland": 0.65262988785672515, "maskCrp": 1.0, "one": 0.26305793328236071, "maskOne": 0.0, "GRID.AREA": 23.541272813489485, "REGION.AREA": 32202.066020262951 }, "geometry": { "type": "Polygon", "coordinates": [ [ [ 77.681531217347981, 19.896116503575723 ], [ 77.726532454914178, 19.896116495935978 ], [ 77.726532454914178, 19.941117744303138 ], [ 77.681531217347981, 19.941117703426173 ], [ 77.681531217347981, 19.896116503575723 ] ] ] } },
{ "type": "Feature", "properties": { "REGION": 1.0, "STATE.NAME": "Maharashtra", "DISTRICT.NAME": "Yavatmal", "DISTRICT.AREA": 13583.851744, "GRID_G0": "190013", "woodland": 0.062426490401321803, "maskWdl": 0.0, "cropland": 0.82409264380521052, "maskCrp": 1.0, "one": 0.10632701756410864, "maskOne": 0.0, "GRID.AREA": 23.541309344178622, "REGION.AREA": 32202.066020262951 }, "geometry": { "type": "Polygon", "coordinates": [ [ [ 77.726532454914178, 19.896116495935978 ], [ 77.771533724775892, 19.896116486459491 ], [ 77.771533724775892, 19.94111776138794 ], [ 77.726532454914178, 19.941117744303138 ], [ 77.726532454914178, 19.896116495935978 ] ] ] } },
{ "type": "Feature", "properties": { "REGION": 1.0, "STATE.NAME": "Maharashtra", "DISTRICT.NAME": "Yavatmal", "DISTRICT.AREA": 13583.851744, "GRID_G0": "190014", "woodland": 0.015932782591527386, "maskWdl": 0.0, "cropland": 0.93425264373758266, "maskCrp": 1.0, "one": 0.039717442617936471, "maskOne": 0.0, "GRID.AREA": 23.541325481910558, "REGION.AREA": 32202.066020262951 }, "geometry": { "type": "Polygon", "coordinates": [ [ [ 77.771533724775892, 19.896116486459491 ], [ 77.816535009901216, 19.896116482487024 ], [ 77.816535009901216, 19.941117762024945 ], [ 77.771533724775892, 19.94111776138794 ], [ 77.771533724775892, 19.896116486459491 ] ] ] } },
{ "type": "Feature", "properties": { "REGION": 1.0, "STATE.NAME": "Maharashtra", "DISTRICT.NAME": "Yavatmal", "DISTRICT.AREA": 13583.851744, "GRID_G0": "190015", "woodland": 0.077016720645931389, "maskWdl": 0.0, "cropland": 0.71659330338248828, "maskCrp": 1.0, "one": 0.18789958564545917, "maskOne": 0.0, "GRID.AREA": 23.538924873780591, "REGION.AREA": 32202.066020262951 }, "geometry": { "type": "Polygon", "coordinates": [ [ [ 77.816535009901216, 19.896116482487024 ], [ 77.861531757373555, 19.896116536544991 ], [ 77.861531757373555, 19.941117708828084 ], [ 77.816535009901216, 19.941117762024945 ], [ 77.816535009901216, 19.896116482487024 ] ] ] } },
{ "type": "Feature", "properties": { "REGION": 1.0, "STATE.NAME": "Maharashtra", "DISTRICT.NAME": "Yavatmal", "DISTRICT.AREA": 13583.851744, "GRID_G0": "190016", "woodland": 0.073552636669308252, "maskWdl": 0.0, "cropland": 0.72400045135994573, "maskCrp": 1.0, "one": 0.19361125368054619, "maskOne": 0.0, "GRID.AREA": 23.541296806836773, "REGION.AREA": 32202.066020262951 }, "geometry": { "type": "Polygon", "coordinates": [ [ [ 77.861531757373555, 19.896116536544991 ], [ 77.906533022918595, 19.896116477491109 ], [ 77.906533022918595, 19.941117789207937 ], [ 77.861531757373555, 19.941117708828084 ], [ 77.861531757373555, 19.896116536544991 ] ] ] } },
{ "type": "Feature", "properties": { "REGION": 1.0, "STATE.NAME": "Maharashtra", "DISTRICT.NAME": "Yavatmal", "DISTRICT.AREA": 13583.851744, "GRID_G0": "190017", "woodland": 0.13238078039764728, "maskWdl": 0.0, "cropland": 0.66497073515797223, "maskCrp": 1.0, "one": 0.17661427915132538, "maskOne": 0.0, "GRID.AREA": 22.604883942435013, "REGION.AREA": 32202.066020262951 }, "geometry": { "type": "Polygon", "coordinates": [ [ [ 77.951534251315636, 19.908036688770135 ], [ 77.951534251315636, 19.941117785641531 ], [ 77.906533022918595, 19.941117789207937 ], [ 77.906533022918595, 19.896116477491109 ], [ 77.940623879869662, 19.896117559832017 ], [ 77.940972852515188, 19.89669329885669 ], [ 77.942232174075627, 19.899662220834898 ], [ 77.942459354515677, 19.900197794992323 ], [ 77.943787539863138, 19.90165625253405 ], [ 77.945492986312331, 19.9034216423949 ], [ 77.947876979339185, 19.905674572723399 ], [ 77.950934131105328, 19.907796208328421 ], [ 77.951534251315636, 19.908036688770135 ] ] ] } },
{ "type": "Feature", "properties": { "REGION": 1.0, "STATE.NAME": "Maharashtra", "DISTRICT.NAME": "Yavatmal", "DISTRICT.AREA": 13583.851744, "GRID_G0": "190018", "woodland": 0.18135822602369434, "maskWdl": 0.0, "cropland": 0.65857133998912043, "maskCrp": 1.0, "one": 0.12763455589842274, "maskOne": 0.0, "GRID.AREA": 17.337378250051785, "REGION.AREA": 32202.066020262951 }, "geometry": { "type": "Polygon", "coordinates": [ [ [ 77.996531068852022, 19.911147691287095 ], [ 77.996531068852022, 19.941117765954591 ], [ 77.951534251315636, 19.941117785641531 ], [ 77.951534251315636, 19.908036688770135 ], [ 77.952178405209281, 19.90829481135648 ], [ 77.953422606468166, 19.908793371217143 ], [ 77.954807499466597, 19.908919204357858 ], [ 77.956860704757787, 19.908331157456985 ], [ 77.959052075592865, 19.907304829554278 ], [ 77.961057163557314, 19.906283178126216 ], [ 77.963463554199734, 19.905514134569728 ], [ 77.965760303095578, 19.905382039449592 ], [ 77.968038123960298, 19.905331172895387 ], [ 77.97023024572934, 19.905637176214782 ], [ 77.973124679560385, 19.906660956338101 ], [ 77.975856905371927, 19.907734402420772 ], [ 77.977996714476845, 19.908424306536574 ], [ 77.981096253089675, 19.908905796365445 ], [ 77.983794532191951, 19.909217362891013 ], [ 77.983937909307144, 19.909233916711916 ], [ 77.986506985509038, 19.909132945329194 ], [ 77.988560539737193, 19.909362082694035 ], [ 77.990771954662023, 19.909839360997754 ], [ 77.993155153587509, 19.910221867844996 ], [ 77.996021037540913, 19.91101036014004 ], [ 77.996531068852022, 19.911147691287095 ] ] ] } },
{ "type": "Feature", "properties": { "REGION": 1.0, "STATE.NAME": "Maharashtra", "DISTRICT.NAME": "Yavatmal", "DISTRICT.AREA": 13583.851744, "GRID_G0": "190020", "woodland": 0.18952684506972423, "maskWdl": 0.0, "cropland": 0.68264768062394909, "maskCrp": 1.0, "one": 0.090780563792814975, "maskOne": 0.0, "GRID.AREA": 16.716294785617031, "REGION.AREA": 32202.066020262951 }, "geometry": { "type": "Polygon", "coordinates": [ [ [ 78.075160187546501, 19.896117558860642 ], [ 78.086533529357553, 19.896116495137672 ], [ 78.086533529357553, 19.941117787521527 ], [ 78.041532344959762, 19.941117718591322 ], [ 78.041532344959762, 19.922484934434724 ], [ 78.042876976990954, 19.922769487821654 ], [ 78.04575656571302, 19.923290304104288 ], [ 78.046535055748279, 19.923457779453035 ], [ 78.049018159460559, 19.924046027801975 ], [ 78.051334314826818, 19.924449059876281 ], [ 78.05250431212437, 19.924553432494978 ], [ 78.053865471114648, 19.924517835529741 ], [ 78.054486467376648, 19.924351049961047 ], [ 78.055499116591022, 19.923863653384959 ], [ 78.056330301502271, 19.923330960655335 ], [ 78.056774627746904, 19.922983370885902 ], [ 78.057410076114209, 19.922477710877729 ], [ 78.057801879253361, 19.922026220633594 ], [ 78.058064679141694, 19.921624332497004 ], [ 78.05818902390439, 19.921253906242839 ], [ 78.058084371596522, 19.920233090284967 ], [ 78.057693430007873, 19.918819215734288 ], [ 78.057340613378642, 19.917310436627417 ], [ 78.057359838186017, 19.916958219846041 ], [ 78.057608516919572, 19.916104604943602 ], [ 78.057785419861318, 19.915634871951852 ], [ 78.058330438698817, 19.914216856023135 ], [ 78.058703418128289, 19.913227827502283 ], [ 78.059214872468431, 19.912058169249178 ], [ 78.059979418515411, 19.910717001288617 ], [ 78.060648348642417, 19.909768685076813 ], [ 78.061250383598406, 19.908982997767172 ], [ 78.06137466540855, 19.908815966683559 ], [ 78.062774430495608, 19.907456960670231 ], [ 78.063811036749996, 19.906526837743399 ], [ 78.064823705749461, 19.905705123592611 ], [ 78.066395403225329, 19.904251270579721 ], [ 78.066677176110829, 19.903917081608082 ], [ 78.068043463934771, 19.902440510820956 ], [ 78.069013204695693, 19.901325217484839 ], [ 78.069686838276994, 19.900453673698109 ], [ 78.071425505682612, 19.898760505692849 ], [ 78.074343838097718, 19.896638498667812 ], [ 78.075160187546501, 19.896117558860642 ] ] ] } },
{ "type": "Feature", "properties": { "REGION": 1.0, "STATE.NAME": "Maharashtra", "DISTRICT.NAME": "Yavatmal", "DISTRICT.AREA": 13583.851744, "GRID_G0": "190022", "woodland": 0.078741990332697326, "maskWdl": 0.0, "cropland": 0.81185700401942684, "maskCrp": 1.0, "one": 0.075667363827534737, "maskOne": 0.0, "GRID.AREA": 17.785336427875286, "REGION.AREA": 32202.066020262951 }, "geometry": { "type": "Polygon", "coordinates": [ [ [ 78.176531634831946, 19.905398593112341 ], [ 78.176531634831946, 19.941117771980881 ], [ 78.131534777466058, 19.941117723382625 ], [ 78.131534777466058, 19.89736550072282 ], [ 78.132188887707059, 19.898371622652292 ], [ 78.132929069321165, 19.899654358062207 ], [ 78.133597665799698, 19.900873971856356 ], [ 78.134361749595143, 19.90245027565976 ], [ 78.134925303460022, 19.903755607435361 ], [ 78.136253022958726, 19.9063436890101 ], [ 78.137724012553193, 19.908285801948239 ], [ 78.138798527929794, 19.909202593325062 ], [ 78.139640385995051, 19.909901340474505 ], [ 78.139658233940395, 19.90991615410729 ], [ 78.141215081810628, 19.910787766242493 ], [ 78.142705058791478, 19.911090359332665 ], [ 78.143292377241494, 19.911130958327135 ], [ 78.143841639979769, 19.911176042240587 ], [ 78.14441944899842, 19.911166887142201 ], [ 78.144963823022067, 19.910990778301827 ], [ 78.146725892585962, 19.910475626848722 ], [ 78.14715561114258, 19.910249739633855 ], [ 78.149867987117958, 19.909174442746401 ], [ 78.151233681389328, 19.908636756980798 ], [ 78.152241225152466, 19.908216480406285 ], [ 78.153091151935143, 19.907999652062362 ], [ 78.154227708841745, 19.907678752372593 ], [ 78.155812940215071, 19.907276553969837 ], [ 78.157937979754024, 19.90684251057343 ], [ 78.159933971975306, 19.906358868666928 ], [ 78.160769583349634, 19.906304495655998 ], [ 78.161834571308475, 19.906421782539269 ], [ 78.163018844444196, 19.906407913194698 ], [ 78.164432225267035, 19.906204409206168 ], [ 78.165654832004975, 19.906285471397439 ], [ 78.166662399150482, 19.906402660254628 ], [ 78.167182944737192, 19.906379937983786 ], [ 78.167908792057176, 19.906280425301414 ], [ 78.169131182957813, 19.90599557763386 ], [ 78.169713661256537, 19.90587802545059 ], [ 78.170726014593981, 19.905773933420331 ], [ 78.171666834057191, 19.905742023675487 ], [ 78.173151892645762, 19.905673869453555 ], [ 78.174813694996089, 19.9057051029082 ], [ 78.175467965274436, 19.90562360814306 ], [ 78.176531634831946, 19.905398593112341 ] ] ] } },
{ "type": "Feature", "properties": { "REGION": 1.0, "STATE.NAME": "Maharashtra", "DISTRICT.NAME": "Yavatmal", "DISTRICT.AREA": 13583.851744, "GRID_G0": "190023", "woodland": 0.13956917988794076, "maskWdl": 0.0, "cropland": 0.6765815436830267, "maskCrp": 1.0, "one": 0.12863337068295569, "maskOne": 0.0, "GRID.AREA": 21.073360664250114, "REGION.AREA": 32202.066020262951 }, "geometry": { "type": "Polygon", "coordinates": [ [ [ 78.221532867981381, 19.91007976241681 ], [ 78.221532867981381, 19.941117726245043 ], [ 78.176531634831946, 19.941117771980881 ], [ 78.176531634831946, 19.905398593112341 ], [ 78.176814511180794, 19.905338750582928 ], [ 78.178285096080401, 19.904900168308188 ], [ 78.179497913697844, 19.904353188049242 ], [ 78.180452714021612, 19.903716101117197 ], [ 78.180915716487164, 19.903024930755979 ], [ 78.181373760990311, 19.902198229864439 ], [ 78.181965522990538, 19.901127497935704 ], [ 78.181998853664197, 19.901041698115932 ], [ 78.18232826453783, 19.900477010205918 ], [ 78.182781530043655, 19.899785716637552 ], [ 78.183192030088151, 19.899130756579211 ], [ 78.183535718598591, 19.898800876259489 ], [ 78.184404455601225, 19.898050867753394 ], [ 78.185555103984939, 19.897332324727078 ], [ 78.186815340155874, 19.896663451257321 ], [ 78.187588767008037, 19.896310859458648 ], [ 78.188448931282892, 19.896117624034314 ], [ 78.193615083553496, 19.896117851199627 ], [ 78.195166864659143, 19.896416466846517 ], [ 78.195768585751694, 19.896587905507491 ], [ 78.199211689667777, 19.897209807386727 ], [ 78.20320877416566, 19.897944374533324 ], [ 78.205090330354494, 19.898381664482258 ], [ 78.206427750840078, 19.899031567652798 ], [ 78.208199842448835, 19.899879877454453 ], [ 78.209718675076829, 19.900683211261253 ], [ 78.211046917980923, 19.902186673576182 ], [ 78.211835445349607, 19.90310316637806 ], [ 78.212805448712572, 19.904326777658696 ], [ 78.213230754295921, 19.904891130121598 ], [ 78.214129205798258, 19.906286383309979 ], [ 78.215132932838628, 19.907708721380459 ], [ 78.215620407655763, 19.908435662276016 ], [ 78.216456539737578, 19.909306936266152 ], [ 78.217049016698809, 19.909645450077505 ], [ 78.218338530298979, 19.909915840243855 ], [ 78.219546845010939, 19.910118432319852 ], [ 78.221323260560098, 19.910099417054482 ], [ 78.221532867981381, 19.91007976241681 ] ] ] } },
{ "type": "Feature", "properties": { "REGION": 1.0, "STATE.NAME": "Maharashtra", "DISTRICT.NAME": "Yavatmal", "DISTRICT.AREA": 13583.851744, "GRID_G0": "190024", "woodland": 0.11663864547517856, "maskWdl": 0.0, "cropland": 0.65891431083043461, "maskCrp": 1.0, "one": 0.16833947244888611, "maskOne": 0.0, "GRID.AREA": 15.378855406396172, "REGION.AREA": 32202.066020262951 }, "geometry": { "type": "Polygon", "coordinates": [ [ [ 78.252576690908754, 19.896117686739085 ], [ 78.266534107122311, 19.896116466516542 ], [ 78.266534107122311, 19.941117747075083 ], [ 78.221532867981381, 19.941117726245043 ], [ 78.221532867981381, 19.91007976241681 ], [ 78.222388209848077, 19.909999555435206 ], [ 78.223448159804775, 19.909822793687052 ], [ 78.223968601070112, 19.909727725454218 ], [ 78.226107786045532, 19.90927486554267 ], [ 78.22823741302625, 19.909020655978562 ], [ 78.229211725041125, 19.9091375750391 ], [ 78.230582353892601, 19.909308372483451 ], [ 78.231666493813691, 19.909474832497551 ], [ 78.232296993211719, 19.909623583061943 ], [ 78.233218881046582, 19.909957302587486 ], [ 78.233911417477998, 19.910227822256218 ], [ 78.234943510035009, 19.911067313305921 ], [ 78.235727452659887, 19.912155403948759 ], [ 78.23668828833388, 19.913469196546263 ], [ 78.238671975131581, 19.916092261748531 ], [ 78.241300784303803, 19.919098739415347 ], [ 78.243838731372421, 19.921752931052993 ], [ 78.245028643257342, 19.922795498913217 ], [ 78.245688110717765, 19.923296449171858 ], [ 78.247068991840536, 19.924185286921499 ], [ 78.247957586773282, 19.924518988460594 ], [ 78.248473353362613, 19.924568255120906 ], [ 78.248650124104017, 19.924568129215857 ], [ 78.250591571543865, 19.924517159239542 ], [ 78.251923791250022, 19.924007650132978 ], [ 78.252803661859559, 19.92342122920644 ], [ 78.253701503621528, 19.922523538530523 ], [ 78.254242621200106, 19.921527456626848 ], [ 78.255271808047553, 19.919584476742273 ], [ 78.255648047519458, 19.918406229963576 ], [ 78.256113600462356, 19.916922061703815 ], [ 78.256307163344957, 19.915868231633624 ], [ 78.256522859442441, 19.914548409081874 ], [ 78.256826967890333, 19.912597858704256 ], [ 78.257024781868267, 19.910749922770776 ], [ 78.257181266602245, 19.909610006896344 ], [ 78.257274651304158, 19.908130958476988 ], [ 78.257467849961358, 19.906278381142442 ], [ 78.25733431232868, 19.904215103444301 ], [ 78.25719346770444, 19.903193764980301 ], [ 78.256904118030661, 19.901819059502031 ], [ 78.256445014126143, 19.900690785351514 ], [ 78.255421949863148, 19.899231753142942 ], [ 78.254829080797492, 19.898526234098483 ], [ 78.25357235557982, 19.897069230760447 ], [ 78.252576690908754, 19.896117686739085 ] ] ] } },
{ "type": "Feature", "properties": { "REGION": 1.0, "STATE.NAME": "Maharashtra", "DISTRICT.NAME": "Yavatmal", "DISTRICT.AREA": 13583.851744, "GRID_G0": "190025", "woodland": 0.049664675759443971, "maskWdl": 0.0, "cropland": 0.64003011445050284, "maskCrp": 1.0, "one": 0.27296523764429381, "maskOne": 0.0, "GRID.AREA": 18.501504055801906, "REGION.AREA": 32202.066020262951 }, "geometry": { "type": "Polygon", "coordinates": [ [ [ 78.311535332528592, 19.915143018352456 ], [ 78.311535332528592, 19.941117751888719 ], [ 78.266534107122311, 19.941117747075083 ], [ 78.266534107122311, 19.896116466516542 ], [ 78.280391829760987, 19.896117690898446 ], [ 78.280494122206051, 19.897189464722089 ], [ 78.280849909295924, 19.899020635493969 ], [ 78.281067855497213, 19.899983832787711 ], [ 78.281155562779077, 19.900611360825678 ], [ 78.28124873254302, 19.901276936481505 ], [ 78.281253069073955, 19.901307929817168 ], [ 78.281457406733978, 19.902618556801031 ], [ 78.281865585628339, 19.903628985589247 ], [ 78.282425178878952, 19.904225379098023 ], [ 78.282553772039023, 19.904362427683964 ], [ 78.283098797171817, 19.904978481271936 ], [ 78.283222536690801, 19.905118345635177 ], [ 78.283392614677496, 19.905268455075202 ], [ 78.283875136028769, 19.905694325432819 ], [ 78.284200085365683, 19.905981121031971 ], [ 78.285294048581534, 19.906678146879017 ], [ 78.286315968007557, 19.907009013755044 ], [ 78.28788805758785, 19.90761171870588 ], [ 78.289485547619975, 19.908083824109269 ], [ 78.291534158274828, 19.908740953332369 ], [ 78.294657001919177, 19.909738377923873 ], [ 78.298584627278785, 19.911285528404449 ], [ 78.30099687250771, 19.912275708057503 ], [ 78.304331111691511, 19.913563930231248 ], [ 78.307046807064523, 19.914295331764208 ], [ 78.307046892500125, 19.914295353347942 ], [ 78.308599296820148, 19.914541299041787 ], [ 78.309580101940185, 19.914713645118699 ], [ 78.310436649531823, 19.914907275450446 ], [ 78.311535332528592, 19.915143018352456 ] ] ] } },
{ "type": "Feature", "properties": { "REGION": 1.0, "STATE.NAME": "Maharashtra", "DISTRICT.NAME": "Yavatmal", "DISTRICT.AREA": 13583.851744, "GRID_G0": "190026", "woodland": 0.12168840529915737, "maskWdl": 0.0, "cropland": 0.66673129079630689, "maskCrp": 1.0, "one": 0.17007539021202722, "maskOne": 0.0, "GRID.AREA": 19.024683929068754, "REGION.AREA": 32202.066020262951 }, "geometry": { "type": "Polygon", "coordinates": [ [ [ 78.32443384052435, 19.896117674046121 ], [ 78.356532096467092, 19.896116490700106 ], [ 78.356532096467092, 19.941117723415271 ], [ 78.311535332528592, 19.941117751888719 ], [ 78.311535332528592, 19.915143018352456 ], [ 78.312511566255807, 19.915352481232048 ], [ 78.313991006779588, 19.915737422544055 ], [ 78.315371832144436, 19.915968027602446 ], [ 78.317233441370263, 19.916293664920772 ], [ 78.319833683577713, 19.916703350179489 ], [ 78.321860027018715, 19.916804975369359 ], [ 78.32305764429492, 19.91678548076538 ], [ 78.324336771624758, 19.916744284621078 ], [ 78.326375578770012, 19.916588744175275 ], [ 78.327485138028749, 19.91633818136205 ], [ 78.329234099074483, 19.915660903727769 ], [ 78.330623667648183, 19.91469126548958 ], [ 78.331797694807847, 19.913371980732389 ], [ 78.332858466744881, 19.911519103024258 ], [ 78.333294734164724, 19.910472132083271 ], [ 78.333720063130443, 19.909118258500882 ], [ 78.333926628411234, 19.907292945912786 ], [ 78.334134742324579, 19.905722860022024 ], [ 78.334110966048286, 19.905294800714557 ], [ 78.333872145683017, 19.904895338049471 ], [ 78.333347162841335, 19.904064351888394 ], [ 78.332059519831034, 19.903180590811644 ], [ 78.329314845603676, 19.901632441184294 ], [ 78.327257516021632, 19.900050552590983 ], [ 78.325137040542018, 19.89814764200014 ], [ 78.324668741968935, 19.89737134451201 ], [ 78.324442021981781, 19.896322232285229 ], [ 78.32443384052435, 19.896117674046121 ] ] ] } },
{ "type": "Feature", "properties": { "REGION": 1.0, "STATE.NAME": "Maharashtra", "DISTRICT.NAME": "Yavatmal", "DISTRICT.AREA": 13583.851744, "GRID_G0": "190031", "woodland": 0.2934734794609774, "maskWdl": 0.0, "cropland": 0.56333478698481909, "maskCrp": 1.0, "one": 0.13157802505236857, "maskOne": 0.0, "GRID.AREA": 23.541276170872379, "REGION.AREA": 32202.066020262951 }, "geometry": { "type": "Polygon", "coordinates": [ [ [ 78.536532660272343, 19.896116474733329 ], [ 78.58153389932626, 19.896116481646217 ], [ 78.58153389932626, 19.941117706006271 ], [ 78.536532660272343, 19.941117708440405 ], [ 78.536532660272343, 19.896116474733329 ] ] ] } },
{ "type": "Feature", "properties": { "REGION": 1.0, "STATE.NAME": "Maharashtra", "DISTRICT.NAME": "Yavatmal", "DISTRICT.AREA": 13583.851744, "GRID_G0": "190033", "woodland": 0.30040335964503506, "maskWdl": 0.0, "cropland": 0.59853958127818319, "maskCrp": 1.0, "one": 0.085853822091565959, "maskOne": 0.0, "GRID.AREA": 23.538984861145114, "REGION.AREA": 32202.066020262951 }, "geometry": { "type": "Polygon", "coordinates": [ [ [ 78.626535152789216, 19.896116462842869 ], [ 78.671531984763533, 19.896116499972202 ], [ 78.671531984763533, 19.941117729354985 ], [ 78.626535152789216, 19.941117745617973 ], [ 78.626535152789216, 19.896116462842869 ] ] ] } },
{ "type": "Feature", "properties": { "REGION": 1.0, "STATE.NAME": "Maharashtra", "DISTRICT.NAME": "Yavatmal", "DISTRICT.AREA": 13583.851744, "GRID_G0": "190034", "woodland": 0.31686399601987647, "maskWdl": 0.0, "cropland": 0.55011182380173629, "maskCrp": 1.0, "one": 0.12775057705366882, "maskOne": 0.0, "GRID.AREA": 23.541269519502467, "REGION.AREA": 32202.066020262951 }, "geometry": { "type": "Polygon", "coordinates": [ [ [ 78.671531984763533, 19.896116499972202 ], [ 78.716533203310703, 19.896116539965544 ], [ 78.716533203310703, 19.941117784260044 ], [ 78.671531984763533, 19.941117729354985 ], [ 78.671531984763533, 19.896116499972202 ] ] ] } },
{ "type": "Feature", "properties": { "REGION": 1.0, "STATE.NAME": "Maharashtra", "DISTRICT.NAME": "Yavatmal", "DISTRICT.AREA": 13583.851744, "GRID_G0": "190036", "woodland": 0.14866400986031877, "maskWdl": 0.0, "cropland": 0.63558340870480967, "maskCrp": 1.0, "one": 0.20029011674893563, "maskOne": 0.0, "GRID.AREA": 23.541286809090508, "REGION.AREA": 32202.066020262951 }, "geometry": { "type": "Polygon", "coordinates": [ [ [ 78.761534456541753, 19.896116489504458 ], [ 78.806535721790198, 19.896116534016166 ], [ 78.806535721790198, 19.941117742920522 ], [ 78.761534456541753, 19.941117726967423 ], [ 78.761534456541753, 19.896116489504458 ] ] ] } },
{ "type": "Feature", "properties": { "REGION": 1.0, "STATE.NAME": "Maharashtra", "DISTRICT.NAME": "Yavatmal", "DISTRICT.AREA": 13583.851744, "GRID_G0": "190037", "woodland": 0.076916141580162897, "maskWdl": 0.0, "cropland": 0.84660209251253216, "maskCrp": 1.0, "one": 0.068572924054567275, "maskOne": 0.0, "GRID.AREA": 23.538933680861476, "REGION.AREA": 32202.066020262951 }, "geometry": { "type": "Polygon", "coordinates": [ [ [ 78.806535721790198, 19.896116534016166 ], [ 78.851532483715133, 19.896116486096524 ], [ 78.851532483715147, 19.941117733780477 ], [ 78.806535721790198, 19.941117742920522 ], [ 78.806535721790198, 19.896116534016166 ] ] ] } },
{ "type": "Feature", "properties": { "REGION": 1.0, "STATE.NAME": "Maharashtra", "DISTRICT.NAME": "Yavatmal", "DISTRICT.AREA": 13583.851744, "GRID_G0": "190038", "woodland": 0.07219042560212624, "maskWdl": 0.0, "cropland": 0.78728518151386917, "maskCrp": 1.0, "one": 0.13455518014607068, "maskOne": 0.0, "GRID.AREA": 23.541281805123404, "REGION.AREA": 32202.066020262951 }, "geometry": { "type": "Polygon", "coordinates": [ [ [ 78.851532483715133, 19.896116486096524 ], [ 78.896533706099333, 19.896116472023397 ], [ 78.896533706099333, 19.941117737295116 ], [ 78.851532483715147, 19.941117733780477 ], [ 78.851532483715133, 19.896116486096524 ] ] ] } },
{ "type": "Feature", "properties": { "REGION": 1.0, "STATE.NAME": "Maharashtra", "DISTRICT.NAME": "Yavatmal", "DISTRICT.AREA": 13583.851744, "GRID_G0": "190039", "woodland": 0.049927811419019537, "maskWdl": 0.0, "cropland": 0.87141616754797069, "maskCrp": 1.0, "one": 0.063315479283475432, "maskOne": 0.0, "GRID.AREA": 23.541300441053274, "REGION.AREA": 32202.066020262951 }, "geometry": { "type": "Polygon", "coordinates": [ [ [ 78.896533706099333, 19.896116472023397 ], [ 78.941534957368745, 19.896116487545974 ], [ 78.941534957368745, 19.941117748710219 ], [ 78.896533706099333, 19.941117737295116 ], [ 78.896533706099333, 19.896116472023397 ] ] ] } },
{ "type": "Feature", "properties": { "REGION": 1.0, "STATE.NAME": "Maharashtra", "DISTRICT.NAME": "Yavatmal", "DISTRICT.AREA": 13583.851744, "GRID_G0": "190040", "woodland": 0.015262817593883446, "maskWdl": 0.0, "cropland": 0.89756523449958447, "maskCrp": 1.0, "one": 0.080802225004961051, "maskOne": 0.0, "GRID.AREA": 23.541295296032814, "REGION.AREA": 32202.066020262951 }, "geometry": { "type": "Polygon", "coordinates": [ [ [ 78.941534957368745, 19.896116487545974 ], [ 78.986536213764211, 19.896116538809931 ], [ 78.986536213764225, 19.941117774173975 ], [ 78.941534957368745, 19.941117748710219 ], [ 78.941534957368745, 19.896116487545974 ] ] ] } },
{ "type": "Feature", "properties": { "REGION": 1.0, "STATE.NAME": "Maharashtra", "DISTRICT.NAME": "Yavatmal", "DISTRICT.AREA": 13583.851744, "GRID_G0": "190041", "woodland": 0.092672626287862228, "maskWdl": 0.0, "cropland": 0.71881321993099723, "maskCrp": 1.0, "one": 0.18076768599806239, "maskOne": 0.0, "GRID.AREA": 23.538920370461813, "REGION.AREA": 32202.066020262951 }, "geometry": { "type": "Polygon", "coordinates": [ [ [ 78.986536213764211, 19.896116538809931 ], [ 79.031532967179075, 19.89611653308441 ], [ 79.031532967179075, 19.94111772044737 ], [ 78.986536213764225, 19.941117774173975 ], [ 78.986536213764211, 19.896116538809931 ] ] ] } },
{ "type": "Feature", "properties": { "REGION": 1.0, "STATE.NAME": "Maharashtra", "DISTRICT.NAME": "Yavatmal", "DISTRICT.AREA": 13583.851744, "GRID_G0": "190042", "woodland": 0.20320058213721029, "maskWdl": 0.0, "cropland": 0.58333045417750862, "maskCrp": 1.0, "one": 0.20949384352923081, "maskOne": 0.0, "GRID.AREA": 23.541282543850475, "REGION.AREA": 32202.066020262951 }, "geometry": { "type": "Polygon", "coordinates": [ [ [ 79.031532967179075, 19.89611653308441 ], [ 79.076534249862149, 19.896116501554644 ], [ 79.076534249862149, 19.941117709378947 ], [ 79.031532967179075, 19.94111772044737 ], [ 79.031532967179075, 19.89611653308441 ] ] ] } },
{ "type": "Feature", "properties": { "REGION": 1.0, "STATE.NAME": "Maharashtra", "DISTRICT.NAME": "Yavatmal", "DISTRICT.AREA": 13583.851744, "GRID_G0": "190044", "woodland": 0.14977940662998185, "maskWdl": 0.0, "cropland": 0.72727574203139134, "maskCrp": 1.0, "one": 0.05494350922024803, "maskOne": 0.0, "GRID.AREA": 1.1190875623285108, "REGION.AREA": 32202.066020262951 }, "geometry": { "type": "Polygon", "coordinates": [ [ [ 79.12153546484295, 19.903932293835272 ], [ 79.12153546484295, 19.896116523980179 ], [ 79.148393657845787, 19.896117883286951 ], [ 79.148485927683453, 19.896272931450653 ], [ 79.148658248579352, 19.896581689393486 ], [ 79.147590511393048, 19.896994908987889 ], [ 79.145397352705743, 19.89751083385795 ], [ 79.143376792804816, 19.897486985635908 ], [ 79.142464882948047, 19.897505072800925 ], [ 79.140656882309315, 19.897920404902834 ], [ 79.139170132095956, 19.898267603467161 ], [ 79.137683441237868, 19.898614769655921 ], [ 79.133923305616122, 19.899397681657721 ], [ 79.132821126194074, 19.899748013460112 ], [ 79.131947819736126, 19.899788133115919 ], [ 79.131466400054364, 19.899849558610299 ], [ 79.130970861915785, 19.899915588633576 ], [ 79.130081751671582, 19.900159071983637 ], [ 79.129359480055996, 19.900964204434555 ], [ 79.128950017829141, 19.901624771765853 ], [ 79.128533843062485, 19.901870187759016 ], [ 79.127640359415125, 19.902140740702691 ], [ 79.125470973406777, 19.902651461196001 ], [ 79.124169082437277, 19.903076096784503 ], [ 79.121584940792445, 19.903918834386729 ], [ 79.12153546484295, 19.903932293835272 ] ] ] } },
{ "type": "Feature", "properties": { "REGION": 1.0, "STATE.NAME": "Maharashtra", "DISTRICT.NAME": "Yavatmal", "DISTRICT.AREA": 13583.851744, "GRID_G0": "189353", "woodland": 0.11736765722240279, "maskWdl": 0.0, "cropland": 0.72487967896620331, "maskCrp": 1.0, "one": 0.13729006437263216, "maskOne": 0.0, "GRID.AREA": 3.4289398517937579, "REGION.AREA": 32202.066020262951 }, "geometry": { "type": "Polygon", "coordinates": [ [ [ 77.32153461772333, 19.888431168577089 ], [ 77.32153461772333, 19.896116518104922 ], [ 77.313166321097185, 19.896117362933985 ], [ 77.313151085154516, 19.89580985793862 ], [ 77.313072955652444, 19.895453475497558 ], [ 77.312697841232421, 19.894944853122528 ], [ 77.312400765483005, 19.89472486995686 ], [ 77.311902916086751, 19.894501258926031 ], [ 77.311295876403619, 19.894377515809765 ], [ 77.31096126654927, 19.894284246221051 ], [ 77.309371312835879, 19.894332076664057 ], [ 77.308927309447824, 19.894334158594575 ], [ 77.308329953664497, 19.894255617203044 ], [ 77.307351332997655, 19.894296098386288 ], [ 77.306329669878437, 19.894341309104163 ], [ 77.305289237908084, 19.894454463602642 ], [ 77.304191661216237, 19.894563268979709 ], [ 77.30329947798856, 19.894720915637777 ], [ 77.302441108370488, 19.894950496368381 ], [ 77.301435121333839, 19.895257637330133 ], [ 77.300538553911167, 19.89548743299866 ], [ 77.300219166881107, 19.895597360729653 ], [ 77.299546443413703, 19.895708780435939 ], [ 77.298658728017926, 19.895793962421465 ], [ 77.297813829344818, 19.89585206582024 ], [ 77.297412658867188, 19.89583568287054 ], [ 77.296834826466124, 19.895829233832103 ], [ 77.295879611554881, 19.895792947986195 ], [ 77.294871679284654, 19.89571608383028 ], [ 77.294565898097801, 19.895667785739764 ], [ 77.294049144952112, 19.895462338316293 ], [ 77.293603886110532, 19.895229420201645 ], [ 77.293277812621, 19.894950781453474 ], [ 77.292960128906884, 19.894459971950198 ], [ 77.29290572891631, 19.894071840742921 ], [ 77.292914215818485, 19.893854985419296 ], [ 77.293045881961916, 19.893443398094405 ], [ 77.293248416481276, 19.892891460772319 ], [ 77.29357372015113, 19.892050021791135 ], [ 77.293685861113659, 19.891566202718142 ], [ 77.293798098303625, 19.89108247897326 ], [ 77.293872821173807, 19.890756990043087 ], [ 77.293832831020381, 19.890391273538512 ], [ 77.293807475534607, 19.890075273355251 ], [ 77.293652721096237, 19.889710135114687 ], [ 77.293526197276265, 19.889222896819263 ], [ 77.293342608774424, 19.888794550628059 ], [ 77.293307521724799, 19.888465045325628 ], [ 77.293328993038642, 19.887977190095288 ], [ 77.293397649981614, 19.887376219936641 ], [ 77.293510940277713, 19.887122761306443 ], [ 77.293746604921921, 19.886498541874232 ], [ 77.294134120093645, 19.885688294978877 ], [ 77.294276190493861, 19.88545282099096 ], [ 77.294650715857927, 19.884913664833793 ], [ 77.294816570628313, 19.884659966084602 ], [ 77.295330195032534, 19.884246775268537 ], [ 77.295587226669227, 19.884101077003155 ], [ 77.296168221086589, 19.883795910952585 ], [ 77.297093127945587, 19.883516291044028 ], [ 77.298062123168506, 19.883453186515396 ], [ 77.298912083226128, 19.883467419186104 ], [ 77.299776196814094, 19.883454515713368 ], [ 77.300077037125618, 19.88345767593103 ], [ 77.300711356843692, 19.883301348578414 ], [ 77.300944986322122, 19.883250620519789 ], [ 77.30154038068406, 19.882972444023096 ], [ 77.302455101821522, 19.882566317381706 ], [ 77.302741004393908, 19.882438593866084 ], [ 77.303508275386662, 19.882155066403243 ], [ 77.303813357800266, 19.882058937869715 ], [ 77.30441914652647, 19.881938751572189 ], [ 77.304758052442196, 19.881923657350971 ], [ 77.30542655539125, 19.88191158934842 ], [ 77.305646296639338, 19.881946818490917 ], [ 77.3062910637816, 19.881989096519646 ], [ 77.307170481132857, 19.88217027034176 ], [ 77.308055297114322, 19.882464312677939 ], [ 77.308830181767519, 19.882731822315801 ], [ 77.309567579080579, 19.883157475037478 ], [ 77.310291054888353, 19.883632966388348 ], [ 77.310904750453915, 19.884122554612251 ], [ 77.31158546979367, 19.884661329456833 ], [ 77.312280433495289, 19.885168557882707 ], [ 77.312865643035082, 19.885707901998106 ], [ 77.313522569910731, 19.886246881888155 ], [ 77.314194028931354, 19.886821968658982 ], [ 77.314831959427465, 19.887388082893779 ], [ 77.315512596029521, 19.887913330136143 ], [ 77.315726458409358, 19.888070502851463 ], [ 77.31582415805849, 19.888142329005348 ], [ 77.316082774300639, 19.888295024895516 ], [ 77.316226482366346, 19.888379887621738 ], [ 77.316619048130633, 19.888581363639048 ], [ 77.317097516237425, 19.888782363915027 ], [ 77.317461141818285, 19.888925224819335 ], [ 77.318068014227563, 19.889012817887306 ], [ 77.318318702046497, 19.889062654717804 ], [ 77.318378700316828, 19.889074588721314 ], [ 77.318546615434002, 19.889075056368824 ], [ 77.318985131158911, 19.889076309124391 ], [ 77.319276379301527, 19.889074936758959 ], [ 77.319530734555826, 19.889027384206486 ], [ 77.319920355939757, 19.88895454721461 ], [ 77.320230328866614, 19.888880899933611 ], [ 77.320768901363749, 19.888697761092828 ], [ 77.32153461772333, 19.888431168577089 ] ] ] } },
{ "type": "Feature", "properties": { "REGION": 1.0, "STATE.NAME": "Maharashtra", "DISTRICT.NAME": "Yavatmal", "DISTRICT.AREA": 13583.851744, "GRID_G0": "189354", "woodland": 0.11408332130246433, "maskWdl": 0.0, "cropland": 0.67399431930458953, "maskCrp": 1.0, "one": 0.14312739978976827, "maskOne": 0.0, "GRID.AREA": 13.608551572519476, "REGION.AREA": 32202.066020262951 }, "geometry": { "type": "Polygon", "coordinates": [ [ [ 77.353650810563508, 19.851116400623251 ], [ 77.366531414075837, 19.851115237851978 ], [ 77.366531414075837, 19.896116532451703 ], [ 77.32153461772333, 19.896116518104922 ], [ 77.32153461772333, 19.888431168577089 ], [ 77.321636425180941, 19.888395722884354 ], [ 77.322575425315677, 19.888066196897512 ], [ 77.323556564084257, 19.887578412713648 ], [ 77.324256665612666, 19.887136169298795 ], [ 77.324356069477062, 19.887073385828156 ], [ 77.32463710042191, 19.88693655937476 ], [ 77.325260670543571, 19.88657689980414 ], [ 77.32540408632957, 19.886453704375018 ], [ 77.325969064720596, 19.885968447286075 ], [ 77.326334365738447, 19.885570927156607 ], [ 77.326652673582089, 19.885224601833958 ], [ 77.327174958457647, 19.884585214436125 ], [ 77.32726005680621, 19.884481045064206 ], [ 77.327318527128398, 19.884404485778418 ], [ 77.327824355309815, 19.883742220527097 ], [ 77.328139071261205, 19.883205372030318 ], [ 77.328326107763701, 19.882886383399921 ], [ 77.328702931794908, 19.882331184236818 ], [ 77.328790443923879, 19.882202248435075 ], [ 77.329244844374102, 19.881436867817229 ], [ 77.329646140756836, 19.880891146609198 ], [ 77.329794804986307, 19.880689016784743 ], [ 77.33046497437914, 19.880103344993412 ], [ 77.330690884976434, 19.879880022644958 ], [ 77.331148973546362, 19.879427262558181 ], [ 77.331710300689906, 19.879016214826496 ], [ 77.331881498332578, 19.878890870017699 ], [ 77.332104527501997, 19.878756064340962 ], [ 77.332657244536279, 19.878422036347956 ], [ 77.333467571471317, 19.878156326253528 ], [ 77.333829236530107, 19.878123336422902 ], [ 77.334407642698636, 19.878070583990336 ], [ 77.334670429097059, 19.878047853625613 ], [ 77.335290588090231, 19.877994229749962 ], [ 77.335929567195819, 19.877903080762621 ], [ 77.336239960106127, 19.877858814332853 ], [ 77.336588499559639, 19.877752494681943 ], [ 77.337112316879995, 19.877592721127201 ], [ 77.337336006151816, 19.87757038376623 ], [ 77.337966535227451, 19.877507445612196 ], [ 77.33860180732762, 19.87739272899131 ], [ 77.338839467567425, 19.877349822336498 ], [ 77.339731715546293, 19.877241693249573 ], [ 77.34018985537756, 19.877185360615954 ], [ 77.340647835129516, 19.877129047767369 ], [ 77.341245594708482, 19.877088483846475 ], [ 77.341650145737674, 19.877061063517317 ], [ 77.342030293663186, 19.876993428204173 ], [ 77.342484882071687, 19.876912587246181 ], [ 77.343109939672047, 19.876785185687826 ], [ 77.343505528057733, 19.876704579452849 ], [ 77.343798515489141, 19.87667091513066 ], [ 77.344121093313845, 19.87663388194812 ], [ 77.344313051805955, 19.876586068592246 ], [ 77.344416702269029, 19.876560271539347 ], [ 77.344646792015908, 19.876470721546642 ], [ 77.344945580973842, 19.876354463487758 ], [ 77.345298153886745, 19.876217354647224 ], [ 77.345402745940035, 19.876131015234193 ], [ 77.345670204316548, 19.875951651747354 ], [ 77.345721470169792, 19.875917279658779 ], [ 77.345916127527346, 19.875695009517131 ], [ 77.346029702908538, 19.875509268937662 ], [ 77.346122727881664, 19.87504824228262 ], [ 77.346147426862331, 19.874850272721972 ], [ 77.346159394140784, 19.87475446614576 ], [ 77.346108372903132, 19.874144941635791 ], [ 77.345957328168197, 19.873567585875435 ], [ 77.34585368400036, 19.873284295833624 ], [ 77.34572477248031, 19.872931868610916 ], [ 77.345415293281235, 19.872188115788958 ], [ 77.345260255556411, 19.871860816523512 ], [ 77.345028987697674, 19.871372480155912 ], [ 77.344576737526495, 19.870719776496518 ], [ 77.344474047539336, 19.870590155411378 ], [ 77.344355700355322, 19.870440728556844 ], [ 77.344247866246064, 19.870226175497635 ], [ 77.344099881004752, 19.869931636735714 ], [ 77.344037973473746, 19.869744432059917 ], [ 77.344022331565384, 19.869697100740666 ], [ 77.344015382503983, 19.869594694939277 ], [ 77.344006716636727, 19.869466906672471 ], [ 77.344098323379001, 19.868721272468804 ], [ 77.34415039322613, 19.868555362839803 ], [ 77.344267302394144, 19.868182918506932 ], [ 77.344311634474423, 19.867702168820074 ], [ 77.34432605150613, 19.86754591161457 ], [ 77.344320966739303, 19.867421568650514 ], [ 77.34430410984686, 19.867008494746305 ], [ 77.344295890043327, 19.866562979597859 ], [ 77.344290628110059, 19.866276898060448 ], [ 77.34427916984788, 19.865911150079569 ], [ 77.344258931504555, 19.865569178374923 ], [ 77.344252992381769, 19.865468721404397 ], [ 77.344255993419438, 19.865396840391895 ], [ 77.34426566203075, 19.865165968234919 ], [ 77.344283248273371, 19.864872354875331 ], [ 77.344307300641461, 19.864599646256689 ], [ 77.344314729041571, 19.864515407660008 ], [ 77.344352325199694, 19.864404618378501 ], [ 77.344389929451722, 19.864293739164797 ], [ 77.344422658478948, 19.86425599821581 ], [ 77.344665234413071, 19.86397626589201 ], [ 77.344883829025548, 19.863794601939389 ], [ 77.345449963944759, 19.863417080034253 ], [ 77.346354261939666, 19.862893369733285 ], [ 77.346395952711077, 19.862873893115701 ], [ 77.348082980145477, 19.862085786629791 ], [ 77.348148186389722, 19.862067481828888 ], [ 77.348459519091591, 19.861980132477189 ], [ 77.34907968977592, 19.861886833210857 ], [ 77.349633422144791, 19.861858387654536 ], [ 77.350048484450042, 19.861837073722029 ], [ 77.350965515945859, 19.861895955034356 ], [ 77.351223513454443, 19.861944412304808 ], [ 77.35192073805166, 19.861981742263652 ], [ 77.352071471621173, 19.861981034497205 ], [ 77.352226322286981, 19.861980342019198 ], [ 77.352822731084245, 19.861909704769118 ], [ 77.353051780315468, 19.861886022022361 ], [ 77.35337610012698, 19.861839309436618 ], [ 77.353709617305071, 19.861715832519675 ], [ 77.353945290043171, 19.861659780474557 ], [ 77.353981425702273, 19.861651191049702 ], [ 77.354210287874537, 19.861604999171448 ], [ 77.354427106325943, 19.861549573054393 ], [ 77.354696598968928, 19.861480720059202 ], [ 77.355613107059298, 19.861458314349765 ], [ 77.356203520975782, 19.861413098235971 ], [ 77.35655798066631, 19.861385965689806 ], [ 77.356868133457624, 19.861357385235177 ], [ 77.357579416257124, 19.861349440624224 ], [ 77.357692197536949, 19.861353268138885 ], [ 77.357813365894174, 19.861357418510124 ], [ 77.358429345737761, 19.8613724902483 ], [ 77.358590308196199, 19.861367159966509 ], [ 77.358749156348551, 19.86136192591221 ], [ 77.359431405435089, 19.861286362175921 ], [ 77.359691054998223, 19.861258535353162 ], [ 77.359961016187995, 19.861229639236512 ], [ 77.360323600353922, 19.861178259169378 ], [ 77.360548253698994, 19.861097607968308 ], [ 77.360719065532521, 19.861036325466102 ], [ 77.360895323660316, 19.860962894921727 ], [ 77.361081090320113, 19.860885542433891 ], [ 77.361166179675536, 19.860810894207475 ], [ 77.361195074892862, 19.860785555808832 ], [ 77.36123366390251, 19.860753644265344 ], [ 77.361442268845678, 19.860581199262981 ], [ 77.361709433143858, 19.860263407630214 ], [ 77.361831193255, 19.860118612284168 ], [ 77.362105485579775, 19.859629523184029 ], [ 77.36227060740265, 19.859271914067616 ], [ 77.362528622897685, 19.858417093174353 ], [ 77.362574042258316, 19.858306899244038 ], [ 77.362618186380246, 19.858199891611772 ], [ 77.362696767342015, 19.857738794809567 ], [ 77.362723836036253, 19.857549937179897 ], [ 77.362784233605566, 19.857128685740292 ], [ 77.362824495354232, 19.856636181914329 ], [ 77.362822590590156, 19.856279438845092 ], [ 77.362802373830561, 19.856183480283448 ], [ 77.362758919488613, 19.855977071484691 ], [ 77.362727061904422, 19.855905214753928 ], [ 77.362667100506314, 19.855769837108372 ], [ 77.362460181792031, 19.855472668728741 ], [ 77.362194216290106, 19.855283573678033 ], [ 77.361961791003921, 19.855118293574435 ], [ 77.361883580562861, 19.855082158814639 ], [ 77.361486036151689, 19.854898481279918 ], [ 77.361042904206727, 19.854693707448689 ], [ 77.360461686757503, 19.854432734982769 ], [ 77.360167127311115, 19.854300458199646 ], [ 77.359343586637294, 19.853956609609895 ], [ 77.357483047604603, 19.853179730260369 ], [ 77.356967111942708, 19.852936194749645 ], [ 77.356583264206336, 19.852754981357347 ], [ 77.356191563589846, 19.852589006077839 ], [ 77.35575078966724, 19.852402206996317 ], [ 77.355379672733761, 19.852202803916327 ], [ 77.354884257802325, 19.851936577611017 ], [ 77.354315241455311, 19.851563165607676 ], [ 77.354098576787919, 19.851420965705074 ], [ 77.353650810563508, 19.851116400623251 ] ] ] } },
{ "type": "Feature", "properties": { "REGION": 1.0, "STATE.NAME": "Maharashtra", "DISTRICT.NAME": "Yavatmal", "DISTRICT.AREA": 13583.851744, "GRID_G0": "189355", "woodland": 0.056208592924851787, "maskWdl": 0.0, "cropland": 0.82789845342397828, "maskCrp": 1.0, "one": 0.10402715556652774, "maskOne": 0.0, "GRID.AREA": 23.547993152948397, "REGION.AREA": 32202.066020262951 }, "geometry": { "type": "Polygon", "coordinates": [ [ [ 77.366531414075837, 19.851115237851978 ], [ 77.411532665061301, 19.85111529392633 ], [ 77.411532665061301, 19.896116526194191 ], [ 77.366531414075837, 19.896116532451703 ], [ 77.366531414075837, 19.851115237851978 ] ] ] } },
{ "type": "Feature", "properties": { "REGION": 1.0, "STATE.NAME": "Maharashtra", "DISTRICT.NAME": "Yavatmal", "DISTRICT.AREA": 13583.851744, "GRID_G0": "189356", "woodland": 0.035151547485978651, "maskWdl": 0.0, "cropland": 0.88562501739464028, "maskCrp": 1.0, "one": 0.064647657850148144, "maskOne": 0.0, "GRID.AREA": 23.547962295283412, "REGION.AREA": 32202.066020262951 }, "geometry": { "type": "Polygon", "coordinates": [ [ [ 77.411532665061301, 19.85111529392633 ], [ 77.456533885822068, 19.851115215836629 ], [ 77.456533885822068, 19.896116452930599 ], [ 77.411532665061301, 19.896116526194191 ], [ 77.411532665061301, 19.85111529392633 ] ] ] } },
{ "type": "Feature", "properties": { "REGION": 1.0, "STATE.NAME": "Maharashtra", "DISTRICT.NAME": "Yavatmal", "DISTRICT.AREA": 13583.851744, "GRID_G0": "189358", "woodland": 0.058328288794928171, "maskWdl": 0.0, "cropland": 0.69371899266398573, "maskCrp": 1.0, "one": 0.22564288818260919, "maskOne": 0.0, "GRID.AREA": 23.547980661588042, "REGION.AREA": 32202.066020262951 }, "geometry": { "type": "Polygon", "coordinates": [ [ [ 77.501530685759349, 19.851115236985866 ], [ 77.546531976600761, 19.851115284272439 ], [ 77.546531976600761, 19.896116464348911 ], [ 77.501530685759349, 19.896116456301016 ], [ 77.501530685759349, 19.851115236985866 ] ] ] } },
{ "type": "Feature", "properties": { "REGION": 1.0, "STATE.NAME": "Maharashtra", "DISTRICT.NAME": "Yavatmal", "DISTRICT.AREA": 13583.851744, "GRID_G0": "189359", "woodland": 0.059494626936080583, "maskWdl": 0.0, "cropland": 0.81850434863655352, "maskCrp": 1.0, "one": 0.066209919888925731, "maskOne": 0.0, "GRID.AREA": 23.547960824188813, "REGION.AREA": 32202.066020262951 }, "geometry": { "type": "Polygon", "coordinates": [ [ [ 77.546531976600761, 19.851115284272439 ], [ 77.591533190519684, 19.851115220294897 ], [ 77.591533190519684, 19.896116517640959 ], [ 77.546531976600761, 19.896116464348911 ], [ 77.546531976600761, 19.851115284272439 ] ] ] } },
{ "type": "Feature", "properties": { "REGION": 1.0, "STATE.NAME": "Maharashtra", "DISTRICT.NAME": "Yavatmal", "DISTRICT.AREA": 13583.851744, "GRID_G0": "189360", "woodland": 0.086923585921357072, "maskWdl": 0.0, "cropland": 0.83734829850597836, "maskCrp": 1.0, "one": 0.064001438227403853, "maskOne": 0.0, "GRID.AREA": 23.548012590125648, "REGION.AREA": 32202.066020262951 }, "geometry": { "type": "Polygon", "coordinates": [ [ [ 77.591533190519684, 19.851115220294897 ], [ 77.636534486368078, 19.851115243437267 ], [ 77.636534486368078, 19.896116457502021 ], [ 77.591533190519684, 19.896116517640959 ], [ 77.591533190519684, 19.851115220294897 ] ] ] } },
{ "type": "Feature", "properties": { "REGION": 1.0, "STATE.NAME": "Maharashtra", "DISTRICT.NAME": "Yavatmal", "DISTRICT.AREA": 13583.851744, "GRID_G0": "189361", "woodland": 0.12592821044392796, "maskWdl": 0.0, "cropland": 0.70576924376590822, "maskCrp": 1.0, "one": 0.14420496163022792, "maskOne": 0.0, "GRID.AREA": 23.54562115039051, "REGION.AREA": 32202.066020262951 }, "geometry": { "type": "Polygon", "coordinates": [ [ [ 77.636534486368078, 19.851115243437267 ], [ 77.681531217347981, 19.85111521679028 ], [ 77.681531217347981, 19.896116503575723 ], [ 77.636534486368078, 19.896116457502021 ], [ 77.636534486368078, 19.851115243437267 ] ] ] } },
{ "type": "Feature", "properties": { "REGION": 1.0, "STATE.NAME": "Maharashtra", "DISTRICT.NAME": "Yavatmal", "DISTRICT.AREA": 13583.851744, "GRID_G0": "189362", "woodland": 0.049361033722462602, "maskWdl": 0.0, "cropland": 0.76531437088260024, "maskCrp": 1.0, "one": 0.1655277982639686, "maskOne": 0.0, "GRID.AREA": 23.547988415116432, "REGION.AREA": 32202.066020262951 }, "geometry": { "type": "Polygon", "coordinates": [ [ [ 77.681531217347981, 19.85111521679028 ], [ 77.726532454914178, 19.851115247141696 ], [ 77.726532454914178, 19.896116495935978 ], [ 77.681531217347981, 19.896116503575723 ], [ 77.681531217347981, 19.85111521679028 ] ] ] } },
{ "type": "Feature", "properties": { "REGION": 1.0, "STATE.NAME": "Maharashtra", "DISTRICT.NAME": "Yavatmal", "DISTRICT.AREA": 13583.851744, "GRID_G0": "189363", "woodland": 0.12192345052126873, "maskWdl": 0.0, "cropland": 0.7269306463537073, "maskCrp": 1.0, "one": 0.14199452205720514, "maskOne": 0.0, "GRID.AREA": 23.548003052757601, "REGION.AREA": 32202.066020262951 }, "geometry": { "type": "Polygon", "coordinates": [ [ [ 77.726532454914178, 19.851115247141696 ], [ 77.771533724775892, 19.851115208322394 ], [ 77.771533724775892, 19.896116486459491 ], [ 77.726532454914178, 19.896116495935978 ], [ 77.726532454914178, 19.851115247141696 ] ] ] } },
{ "type": "Feature", "properties": { "REGION": 1.0, "STATE.NAME": "Maharashtra", "DISTRICT.NAME": "Yavatmal", "DISTRICT.AREA": 13583.851744, "GRID_G0": "189364", "woodland": 0.12343864218601273, "maskWdl": 0.0, "cropland": 0.6711247263644482, "maskCrp": 1.0, "one": 0.19488051000697867, "maskOne": 0.0, "GRID.AREA": 23.547997275858169, "REGION.AREA": 32202.066020262951 }, "geometry": { "type": "Polygon", "coordinates": [ [ [ 77.771533724775892, 19.851115208322394 ], [ 77.816535009901216, 19.851115286296089 ], [ 77.816535009901216, 19.896116482487024 ], [ 77.771533724775892, 19.896116486459491 ], [ 77.771533724775892, 19.851115208322394 ] ] ] } },
{ "type": "Feature", "properties": { "REGION": 1.0, "STATE.NAME": "Maharashtra", "DISTRICT.NAME": "Yavatmal", "DISTRICT.AREA": 13583.851744, "GRID_G0": "189365", "woodland": 0.10178075171886693, "maskWdl": 0.0, "cropland": 0.74746304246818684, "maskCrp": 1.0, "one": 0.14139976776268759, "maskOne": 0.0, "GRID.AREA": 23.545620809308399, "REGION.AREA": 32202.066020262951 }, "geometry": { "type": "Polygon", "coordinates": [ [ [ 77.816535009901216, 19.851115286296089 ], [ 77.861531757373555, 19.851115266156352 ], [ 77.861531757373555, 19.896116536544991 ], [ 77.816535009901216, 19.896116482487024 ], [ 77.816535009901216, 19.851115286296089 ] ] ] } },
{ "type": "Feature", "properties": { "REGION": 1.0, "STATE.NAME": "Maharashtra", "DISTRICT.NAME": "Yavatmal", "DISTRICT.AREA": 13583.851744, "GRID_G0": "189366", "woodland": 0.069122013199594698, "maskWdl": 0.0, "cropland": 0.81825666937757113, "maskCrp": 1.0, "one": 0.055968990471672392, "maskOne": 0.0, "GRID.AREA": 18.014037956820733, "REGION.AREA": 32202.066020262951 }, "geometry": { "type": "Polygon", "coordinates": [ [ [ 77.906533022918595, 19.88154431906063 ], [ 77.906533022918595, 19.896116477491109 ], [ 77.861531757373555, 19.896116536544991 ], [ 77.861531757373555, 19.851115266156352 ], [ 77.880842941685543, 19.851116639276274 ], [ 77.881273433222418, 19.851545702572139 ], [ 77.882786795274455, 19.854617060029341 ], [ 77.884787237341186, 19.858253009169065 ], [ 77.886845083134119, 19.861834801135213 ], [ 77.888234479038033, 19.86348785128337 ], [ 77.890468934593741, 19.866030652892391 ], [ 77.89182517878902, 19.868636810840204 ], [ 77.893935675391162, 19.871662801097443 ], [ 77.896519036424422, 19.875461213664153 ], [ 77.899546369369489, 19.877610819983431 ], [ 77.902306342863483, 19.879507536043999 ], [ 77.905309841975679, 19.881015652350527 ], [ 77.906533022918595, 19.88154431906063 ] ] ] } },
{ "type": "Feature", "properties": { "REGION": 1.0, "STATE.NAME": "Maharashtra", "DISTRICT.NAME": "Yavatmal", "DISTRICT.AREA": 13583.851744, "GRID_G0": "189367", "woodland": 0.086513071038266345, "maskWdl": 0.0, "cropland": 0.75933473745425595, "maskCrp": 1.0, "one": 0.097701959420152001, "maskOne": 0.0, "GRID.AREA": 3.2209044039857524, "REGION.AREA": 32202.066020262951 }, "geometry": { "type": "Polygon", "coordinates": [ [ [ 77.940623879869662, 19.896117559832017 ], [ 77.906533022918595, 19.896116477491109 ], [ 77.906533022918595, 19.88154431906063 ], [ 77.907200786187389, 19.881832925649061 ], [ 77.910342598332306, 19.882550472226569 ], [ 77.913560878931492, 19.883263510502672 ], [ 77.916535682475796, 19.884084920682596 ], [ 77.917043830008822, 19.88433751596364 ], [ 77.917077476344502, 19.884354161515375 ], [ 77.918512653136474, 19.885055636308611 ], [ 77.919892920921598, 19.886387818243289 ], [ 77.921894224538903, 19.888586887275096 ], [ 77.923518004452376, 19.889896339744329 ], [ 77.925385220051908, 19.89068640135639 ], [ 77.927142549289272, 19.891146618621576 ], [ 77.929200571349327, 19.891145951324628 ], [ 77.931960210295529, 19.890810997929236 ], [ 77.932431652898515, 19.890773426952137 ], [ 77.932431765313765, 19.89077341705962 ], [ 77.933554991569679, 19.890683894945827 ], [ 77.93515471641706, 19.891040271991017 ], [ 77.937996406808793, 19.892678852047428 ], [ 77.939563228160523, 19.894367654743519 ], [ 77.940623879869662, 19.896117559832017 ] ] ] } },
{ "type": "Feature", "properties": { "REGION": 1.0, "STATE.NAME": "Maharashtra", "DISTRICT.NAME": "Yavatmal", "DISTRICT.AREA": 13583.851744, "GRID_G0": "189370", "woodland": 0.034017409775270895, "maskWdl": 0.0, "cropland": 0.89430101015396712, "maskCrp": 1.0, "one": 0.052700076193371859, "maskOne": 0.0, "GRID.AREA": 0.24496065324089644, "REGION.AREA": 32202.066020262951 }, "geometry": { "type": "Polygon", "coordinates": [ [ [ 78.086533529357553, 19.893364563970898 ], [ 78.086533529357553, 19.896116495137672 ], [ 78.075160187546501, 19.896117558860642 ], [ 78.076239912941674, 19.895428539095857 ], [ 78.076913263236577, 19.895062816295987 ], [ 78.07781113647485, 19.894778571174186 ], [ 78.078694561205111, 19.894512332278339 ], [ 78.079406037358808, 19.894345422603234 ], [ 78.080891122927028, 19.894142537348273 ], [ 78.082743958367018, 19.893777105928734 ], [ 78.084324411642342, 19.893542605007269 ], [ 78.085895496679896, 19.893425604108412 ], [ 78.086533529357553, 19.893364563970898 ] ] ] } },
{ "type": "Feature", "properties": { "REGION": 1.0, "STATE.NAME": "Maharashtra", "DISTRICT.NAME": "Yavatmal", "DISTRICT.AREA": 13583.851744, "GRID_G0": "189371", "woodland": 0.020170790424984653, "maskWdl": 0.0, "cropland": 0.88598285019426226, "maskCrp": 1.0, "one": 0.056498629340757951, "maskOne": 0.0, "GRID.AREA": 1.8186675413195847, "REGION.AREA": 32202.066020262951 }, "geometry": { "type": "Polygon", "coordinates": [ [ [ 78.130704215782998, 19.896116592980906 ], [ 78.086533529357553, 19.896116495137672 ], [ 78.086533529357553, 19.893364563970898 ], [ 78.087308858617021, 19.893290385642842 ], [ 78.09091889109402, 19.89264524348323 ], [ 78.092146048401446, 19.892370005971031 ], [ 78.094810723436183, 19.891688477241473 ], [ 78.096992859133209, 19.89100229182236 ], [ 78.099270523515884, 19.890496786497522 ], [ 78.10095143556039, 19.890298317813176 ], [ 78.102452671153912, 19.890340810779833 ], [ 78.103840084952026, 19.890380001435972 ], [ 78.105325077890086, 19.890601474778293 ], [ 78.106934175471849, 19.891053447958317 ], [ 78.107449830545306, 19.891152830238976 ], [ 78.110171482128237, 19.891988740188253 ], [ 78.11176620764445, 19.892476688948076 ], [ 78.113957897738828, 19.893045895951389 ], [ 78.115834465388332, 19.893502265017563 ], [ 78.118150272716946, 19.893836693208868 ], [ 78.120303720040695, 19.89407611881791 ], [ 78.122075293639966, 19.894270438929652 ], [ 78.123612812381452, 19.894437524871933 ], [ 78.124696697794434, 19.894369851787303 ], [ 78.125933403204044, 19.894143995149307 ], [ 78.126960134902333, 19.893994892050674 ], [ 78.12782904367549, 19.894062714422773 ], [ 78.128540603466149, 19.894396917783581 ], [ 78.129247350085222, 19.894866708331961 ], [ 78.129849034305551, 19.895318358655402 ], [ 78.130698975477401, 19.896108762009813 ], [ 78.130704215782998, 19.896116592980906 ] ] ] } },
{ "type": "Feature", "properties": { "REGION": 1.0, "STATE.NAME": "Maharashtra", "DISTRICT.NAME": "Yavatmal", "DISTRICT.AREA": 13583.851744, "GRID_G0": "189373", "woodland": 0.018602769678529831, "maskWdl": 0.0, "cropland": 0.94268552381599091, "maskCrp": 1.0, "one": 0.02399675009592997, "maskOne": 0.0, "GRID.AREA": 0.0098050450723662901, "REGION.AREA": 32202.066020262951 }, "geometry": { "type": "Polygon", "coordinates": [ [ [ 78.193615083553496, 19.896117851199627 ], [ 78.188448931282892, 19.896117624034314 ], [ 78.188515100191751, 19.896102759035159 ], [ 78.189503509979033, 19.895930702539946 ], [ 78.191384729821493, 19.895857812488089 ], [ 78.192487832847291, 19.8959612821875 ], [ 78.193237530187901, 19.896058875716619 ], [ 78.193457230966487, 19.896087474157635 ], [ 78.193615083553496, 19.896117851199627 ] ] ] } },
{ "type": "Feature", "properties": { "REGION": 1.0, "STATE.NAME": "Maharashtra", "DISTRICT.NAME": "Yavatmal", "DISTRICT.AREA": 13583.851744, "GRID_G0": "189374", "woodland": 0.11378925696493766, "maskWdl": 0.0, "cropland": 0.56100332970591094, "maskCrp": 1.0, "one": 0.27790632867251003, "maskOne": 0.0, "GRID.AREA": 7.4996183939609367, "REGION.AREA": 32202.066020262951 }, "geometry": { "type": "Polygon", "coordinates": [ [ [ 78.266534107122311, 19.869023318035346 ], [ 78.266534107122311, 19.896116466516542 ], [ 78.252576690908754, 19.896117686739085 ], [ 78.25235513847889, 19.895905949599921 ], [ 78.251400780621566, 19.895110885958672 ], [ 78.249394886864593, 19.893673170380563 ], [ 78.248664016830958, 19.893307521325085 ], [ 78.246236627918108, 19.891064319862494 ], [ 78.244836544471013, 19.889601795586429 ], [ 78.244201041245105, 19.889064748339536 ], [ 78.243579650180777, 19.888238551068355 ], [ 78.24328799284666, 19.887597388408778 ], [ 78.242585384008351, 19.886676397198016 ], [ 78.241724881198365, 19.885249629966495 ], [ 78.241170029173588, 19.883904039140134 ], [ 78.240782432163599, 19.882657568891716 ], [ 78.240948338195324, 19.881017954614947 ], [ 78.241147952615961, 19.879775672509314 ], [ 78.241971924065126, 19.876979249492816 ], [ 78.242591458928757, 19.875465764233695 ], [ 78.243110996375435, 19.874322566733099 ], [ 78.24383580497846, 19.873111671866244 ], [ 78.244460386837446, 19.871905290696642 ], [ 78.244813237640869, 19.871349494383708 ], [ 78.245461841290989, 19.870346314131154 ], [ 78.246415735997459, 19.869085453830682 ], [ 78.246930758847498, 19.868443706611799 ], [ 78.24801385555503, 19.867512543169369 ], [ 78.248648392909047, 19.866992681966735 ], [ 78.250650307165984, 19.866504156741481 ], [ 78.252417903963135, 19.866260803793121 ], [ 78.253653522991726, 19.866228534319479 ], [ 78.254191262716631, 19.866333363793728 ], [ 78.255596763679762, 19.866465276351448 ], [ 78.257573008587556, 19.866733994678153 ], [ 78.258677228571287, 19.866930448881135 ], [ 78.263030522840438, 19.867864507241279 ], [ 78.265107543978047, 19.868490696188704 ], [ 78.266534107122311, 19.869023318035346 ] ] ] } },
{ "type": "Feature", "properties": { "REGION": 1.0, "STATE.NAME": "Maharashtra", "DISTRICT.NAME": "Yavatmal", "DISTRICT.AREA": 13583.851744, "GRID_G0": "189376", "woodland": 0.22737886490762887, "maskWdl": 0.0, "cropland": 0.5644593142571076, "maskCrp": 1.0, "one": 0.1679704097094924, "maskOne": 0.0, "GRID.AREA": 4.4227804191833009, "REGION.AREA": 32202.066020262951 }, "geometry": { "type": "Polygon", "coordinates": [ [ [ 78.356532096467092, 19.883083762780501 ], [ 78.356532096467092, 19.896116490700106 ], [ 78.32443384052435, 19.896117674046121 ], [ 78.324382443694901, 19.894832604241348 ], [ 78.324382798027784, 19.894831141044396 ], [ 78.324382717988101, 19.894829147247375 ], [ 78.324645471111637, 19.893748148658176 ], [ 78.324732811470142, 19.893388821836709 ], [ 78.325461163402053, 19.891821332288714 ], [ 78.326309144951153, 19.890219071353101 ], [ 78.327415250813203, 19.888569620291776 ], [ 78.32878100893646, 19.887153024392603 ], [ 78.329944740657311, 19.886311944240902 ], [ 78.330858326850375, 19.885662239820533 ], [ 78.332107040007941, 19.884898652450886 ], [ 78.333483552224209, 19.884650774113993 ], [ 78.335082259938417, 19.884152453473007 ], [ 78.335670700742298, 19.883576190388911 ], [ 78.336898256449444, 19.883001830270299 ], [ 78.339148328732449, 19.883110226455813 ], [ 78.342423908736464, 19.882804507322195 ], [ 78.344170827421806, 19.882695570644103 ], [ 78.347015724795938, 19.882507370418864 ], [ 78.349028855397421, 19.882482248756844 ], [ 78.349229301690968, 19.882479745044236 ], [ 78.352682931272341, 19.882455434570712 ], [ 78.354988117607604, 19.882758114895125 ], [ 78.356532096467092, 19.883083762780501 ] ] ] } },
{ "type": "Feature", "properties": { "REGION": 1.0, "STATE.NAME": "Maharashtra", "DISTRICT.NAME": "Yavatmal", "DISTRICT.AREA": 13583.851744, "GRID_G0": "189377", "woodland": 0.11803045841662597, "maskWdl": 0.0, "cropland": 0.65693116265878571, "maskCrp": 1.0, "one": 0.17808653752711548, "maskOne": 0.0, "GRID.AREA": 14.527134556670234, "REGION.AREA": 32202.066020262951 }, "geometry": { "type": "Polygon", "coordinates": [ [ [ 78.384769774133389, 19.85111655562083 ], [ 78.401533409796329, 19.851115246135148 ], [ 78.401533409796329, 19.896116508317082 ], [ 78.356532096467092, 19.896116490700106 ], [ 78.356532096467092, 19.883083762780501 ], [ 78.357209983553957, 19.883226734526204 ], [ 78.357210440409574, 19.883226830753703 ], [ 78.358758523487154, 19.883422757054632 ], [ 78.360452177126319, 19.883394374450859 ], [ 78.361429830122631, 19.882979912892722 ], [ 78.362163471866779, 19.882626169062519 ], [ 78.363734529025351, 19.881599352827948 ], [ 78.364877141067268, 19.880929266172757 ], [ 78.366131347283897, 19.880522038761118 ], [ 78.367092166770135, 19.880328472281235 ], [ 78.368059028801213, 19.880022202762515 ], [ 78.369654904550259, 19.879771710995726 ], [ 78.371096274073864, 19.879691184800382 ], [ 78.373223491770773, 19.880136194529825 ], [ 78.374571972118872, 19.880686445623041 ], [ 78.375794535689352, 19.880991767256315 ], [ 78.376775015254793, 19.881177356749674 ], [ 78.377652524244652, 19.881195014938047 ], [ 78.378840677954997, 19.88114354134143 ], [ 78.380047191324877, 19.880740181913893 ], [ 78.380689734443763, 19.880435170546722 ], [ 78.381206708822617, 19.879842118918702 ], [ 78.381608272303993, 19.879356092010084 ], [ 78.382393605280697, 19.87727978493416 ], [ 78.382445584296363, 19.877111066722424 ], [ 78.382445541128902, 19.877111055031207 ], [ 78.382497467084477, 19.876942348510628 ], [ 78.382646223044787, 19.87598727119564 ], [ 78.383054831815116, 19.873904520477314 ], [ 78.381970212555302, 19.870181154536684 ], [ 78.381612981154205, 19.867957581677107 ], [ 78.38161337775523, 19.867954660679118 ], [ 78.381613299514242, 19.867954181340455 ], [ 78.381991997732541, 19.865164708284738 ], [ 78.382069330435286, 19.864947755834294 ], [ 78.382906175679523, 19.862600020774376 ], [ 78.381842951291219, 19.861759852535211 ], [ 78.381560831267407, 19.860082991037249 ], [ 78.381664066243729, 19.858057940821368 ], [ 78.381664198444071, 19.8580570118217 ], [ 78.381664325248494, 19.858054518900985 ], [ 78.38180892364295, 19.857040693373339 ], [ 78.382374129562493, 19.855078722505088 ], [ 78.383503619596411, 19.853397665669775 ], [ 78.38443843608502, 19.852093663991468 ], [ 78.384769774133389, 19.85111655562083 ] ] ] } },
{ "type": "Feature", "properties": { "REGION": 1.0, "STATE.NAME": "Maharashtra", "DISTRICT.NAME": "Yavatmal", "DISTRICT.AREA": 13583.851744, "GRID_G0": "189381", "woodland": 0.11939686567140391, "maskWdl": 0.0, "cropland": 0.69719128074601677, "maskCrp": 1.0, "one": 0.13929003456909755, "maskOne": 0.0, "GRID.AREA": 23.547948378704579, "REGION.AREA": 32202.066020262951 }, "geometry": { "type": "Polygon", "coordinates": [ [ [ 78.536532660272343, 19.851115281558481 ], [ 78.58153389932626, 19.8511152952297 ], [ 78.58153389932626, 19.896116481646217 ], [ 78.536532660272343, 19.896116474733329 ], [ 78.536532660272343, 19.851115281558481 ] ] ] } },
{ "type": "Feature", "properties": { "REGION": 1.0, "STATE.NAME": "Maharashtra", "DISTRICT.NAME": "Yavatmal", "DISTRICT.AREA": 13583.851744, "GRID_G0": "189382", "woodland": 0.14498970915969456, "maskWdl": 0.0, "cropland": 0.7640642022079176, "maskCrp": 1.0, "one": 0.080733344167404575, "maskOne": 0.0, "GRID.AREA": 23.547970108630384, "REGION.AREA": 32202.066020262951 }, "geometry": { "type": "Polygon", "coordinates": [ [ [ 78.58153389932626, 19.8511152952297 ], [ 78.626535152789216, 19.851115215443382 ], [ 78.626535152789216, 19.896116462842869 ], [ 78.58153389932626, 19.896116481646217 ], [ 78.58153389932626, 19.8511152952297 ] ] ] } },
{ "type": "Feature", "properties": { "REGION": 1.0, "STATE.NAME": "Maharashtra", "DISTRICT.NAME": "Yavatmal", "DISTRICT.AREA": 13583.851744, "GRID_G0": "189383", "woodland": 0.22364168594124664, "maskWdl": 0.0, "cropland": 0.59813567267794687, "maskCrp": 1.0, "one": 0.17145310025056401, "maskOne": 0.0, "GRID.AREA": 23.545682544996961, "REGION.AREA": 32202.066020262951 }, "geometry": { "type": "Polygon", "coordinates": [ [ [ 78.626535152789216, 19.851115215443382 ], [ 78.671531984763533, 19.851115213855621 ], [ 78.671531984763533, 19.896116499972202 ], [ 78.626535152789216, 19.896116462842869 ], [ 78.626535152789216, 19.851115215443382 ] ] ] } },
{ "type": "Feature", "properties": { "REGION": 1.0, "STATE.NAME": "Maharashtra", "DISTRICT.NAME": "Yavatmal", "DISTRICT.AREA": 13583.851744, "GRID_G0": "189385", "woodland": 0.17178533381661654, "maskWdl": 0.0, "cropland": 0.72833940631475058, "maskCrp": 1.0, "one": 0.088376233480758085, "maskOne": 0.0, "GRID.AREA": 23.547990794284502, "REGION.AREA": 32202.066020262951 }, "geometry": { "type": "Polygon", "coordinates": [ [ [ 78.716533203310703, 19.851115236372948 ], [ 78.761534456541753, 19.851115279742 ], [ 78.761534456541753, 19.896116489504458 ], [ 78.716533203310703, 19.896116539965544 ], [ 78.716533203310703, 19.851115236372948 ] ] ] } },
{ "type": "Feature", "properties": { "REGION": 1.0, "STATE.NAME": "Maharashtra", "DISTRICT.NAME": "Yavatmal", "DISTRICT.AREA": 13583.851744, "GRID_G0": "189386", "woodland": 0.23737317995327836, "maskWdl": 0.0, "cropland": 0.57958997624072772, "maskCrp": 1.0, "one": 0.17351400952363119, "maskOne": 0.0, "GRID.AREA": 23.547989158848857, "REGION.AREA": 32202.066020262951 }, "geometry": { "type": "Polygon", "coordinates": [ [ [ 78.761534456541753, 19.851115279742 ], [ 78.806535721790198, 19.85111526070656 ], [ 78.806535721790198, 19.896116534016166 ], [ 78.761534456541753, 19.896116489504458 ], [ 78.761534456541753, 19.851115279742 ] ] ] } },
{ "type": "Feature", "properties": { "REGION": 1.0, "STATE.NAME": "Maharashtra", "DISTRICT.NAME": "Yavatmal", "DISTRICT.AREA": 13583.851744, "GRID_G0": "189388", "woodland": 0.024306604231416729, "maskWdl": 0.0, "cropland": 0.90883308122612239, "maskCrp": 1.0, "one": 0.05892061085223925, "maskOne": 0.0, "GRID.AREA": 23.547963361447806, "REGION.AREA": 32202.066020262951 }, "geometry": { "type": "Polygon", "coordinates": [ [ [ 78.851532483715147, 19.851115261054453 ], [ 78.896533706099333, 19.851115226881596 ], [ 78.896533706099333, 19.896116472023397 ], [ 78.851532483715133, 19.896116486096524 ], [ 78.851532483715147, 19.851115261054453 ] ] ] } },
{ "type": "Feature", "properties": { "REGION": 1.0, "STATE.NAME": "Maharashtra", "DISTRICT.NAME": "Yavatmal", "DISTRICT.AREA": 13583.851744, "GRID_G0": "189389", "woodland": 0.052130252396661199, "maskWdl": 0.0, "cropland": 0.85690143316556511, "maskCrp": 1.0, "one": 0.07654350216848127, "maskOne": 0.0, "GRID.AREA": 23.547983316476483, "REGION.AREA": 32202.066020262951 }, "geometry": { "type": "Polygon", "coordinates": [ [ [ 78.896533706099333, 19.851115226881596 ], [ 78.941534957368745, 19.851115244006667 ], [ 78.941534957368745, 19.896116487545974 ], [ 78.896533706099333, 19.896116472023397 ], [ 78.896533706099333, 19.851115226881596 ] ] ] } },
{ "type": "Feature", "properties": { "REGION": 1.0, "STATE.NAME": "Maharashtra", "DISTRICT.NAME": "Yavatmal", "DISTRICT.AREA": 13583.851744, "GRID_G0": "189390", "woodland": 0.033913116999482663, "maskWdl": 0.0, "cropland": 0.82608195347535507, "maskCrp": 1.0, "one": 0.098072966853764432, "maskOne": 0.0, "GRID.AREA": 23.548002924678698, "REGION.AREA": 32202.066020262951 }, "geometry": { "type": "Polygon", "coordinates": [ [ [ 78.941534957368745, 19.851115244006667 ], [ 78.986536213764225, 19.851115228966172 ], [ 78.986536213764211, 19.896116538809931 ], [ 78.941534957368745, 19.896116487545974 ], [ 78.941534957368745, 19.851115244006667 ] ] ] } },
{ "type": "Feature", "properties": { "REGION": 1.0, "STATE.NAME": "Maharashtra", "DISTRICT.NAME": "Yavatmal", "DISTRICT.AREA": 13583.851744, "GRID_G0": "189391", "woodland": 0.022820639997876882, "maskWdl": 0.0, "cropland": 0.9179413239444375, "maskCrp": 1.0, "one": 0.050202674402336347, "maskOne": 0.0, "GRID.AREA": 23.545652070256601, "REGION.AREA": 32202.066020262951 }, "geometry": { "type": "Polygon", "coordinates": [ [ [ 78.986536213764225, 19.851115228966172 ], [ 79.031532967179075, 19.851115268741012 ], [ 79.031532967179075, 19.89611653308441 ], [ 78.986536213764211, 19.896116538809931 ], [ 78.986536213764225, 19.851115228966172 ] ] ] } },
{ "type": "Feature", "properties": { "REGION": 1.0, "STATE.NAME": "Maharashtra", "DISTRICT.NAME": "Yavatmal", "DISTRICT.AREA": 13583.851744, "GRID_G0": "189393", "woodland": 0.18265831373997468, "maskWdl": 0.0, "cropland": 0.54941490864335063, "maskCrp": 1.0, "one": 0.23494989001023595, "maskOne": 0.0, "GRID.AREA": 22.621751013040118, "REGION.AREA": 32202.066020262951 }, "geometry": { "type": "Polygon", "coordinates": [ [ [ 79.12153546484295, 19.863744431870185 ], [ 79.12153546484295, 19.896116523980179 ], [ 79.076534249862149, 19.896116501554644 ], [ 79.076534249862149, 19.851115214269779 ], [ 79.112236108155074, 19.851116156443549 ], [ 79.112610526954313, 19.851967043044624 ], [ 79.113437440985194, 19.85406708682666 ], [ 79.113732663231872, 19.854808037361067 ], [ 79.114631754152185, 19.857064522709607 ], [ 79.114631765843399, 19.857064562279788 ], [ 79.114851685157191, 19.857616324234016 ], [ 79.115478286893506, 19.859439490140399 ], [ 79.115866653723174, 19.860119715752315 ], [ 79.116241419206176, 19.860552014463959 ], [ 79.117372605361481, 19.861397280959807 ], [ 79.119016438358017, 19.86264119083836 ], [ 79.120626176257076, 19.863551483714051 ], [ 79.121383650934774, 19.863734331174498 ], [ 79.12153546484295, 19.863744431870185 ] ] ] } },
{ "type": "Feature", "properties": { "REGION": 1.0, "STATE.NAME": "Maharashtra", "DISTRICT.NAME": "Yavatmal", "DISTRICT.AREA": 13583.851744, "GRID_G0": "189394", "woodland": 0.11820863415080451, "maskWdl": 0.0, "cropland": 0.55464541235225306, "maskCrp": 1.0, "one": 0.25965903421532743, "maskOne": 0.0, "GRID.AREA": 6.8922187886490986, "REGION.AREA": 32202.066020262951 }, "geometry": { "type": "Polygon", "coordinates": [ [ [ 79.148393657845787, 19.896117883286951 ], [ 79.12153546484295, 19.896116523980179 ], [ 79.12153546484295, 19.863744431870185 ], [ 79.122879767587278, 19.863833867239233 ], [ 79.124662582712062, 19.863938291119268 ], [ 79.126509506908292, 19.863879128319184 ], [ 79.127199822014234, 19.864040324601376 ], [ 79.12828933358594, 19.864678500612342 ], [ 79.129372607459914, 19.865217569535279 ], [ 79.130291072475075, 19.865605508287615 ], [ 79.131832942136612, 19.866155787259803 ], [ 79.13291638148587, 19.866419419021042 ], [ 79.134373990067672, 19.867070174748786 ], [ 79.134383067824388, 19.867078222781803 ], [ 79.134761563695292, 19.867411895542599 ], [ 79.135150595123946, 19.868128193861086 ], [ 79.135433611771816, 19.869076371577361 ], [ 79.135648561432049, 19.870815291692395 ], [ 79.135521543884181, 19.872667742222578 ], [ 79.135366721097341, 19.87355695678815 ], [ 79.135211896511862, 19.874446167756503 ], [ 79.135494235070951, 19.876220228880527 ], [ 79.135883175668084, 19.877794115306244 ], [ 79.136644772838054, 19.879096223012311 ], [ 79.137315858640036, 19.879826383480861 ], [ 79.137772301450582, 19.879995549555019 ], [ 79.139272467750231, 19.880325147487611 ], [ 79.140361053020229, 19.880895603649265 ], [ 79.141927109948199, 19.881449785679138 ], [ 79.142663463148381, 19.881795434711591 ], [ 79.143163832444941, 19.882311474694863 ], [ 79.143662453459513, 19.883296918518003 ], [ 79.144704414277328, 19.885659914173747 ], [ 79.145231788416382, 19.886649473294597 ], [ 79.146035178880481, 19.887576194985456 ], [ 79.146379485225111, 19.888180382918392 ], [ 79.146599489075243, 19.889066166570391 ], [ 79.146574978052854, 19.891043407027666 ], [ 79.146700668201333, 19.89200290810777 ], [ 79.146987798348277, 19.893194644717141 ], [ 79.147596715815837, 19.89477870517317 ], [ 79.148393657845787, 19.896117883286951 ] ] ] } },
{ "type": "Feature", "properties": { "REGION": 1.0, "STATE.NAME": "Maharashtra", "DISTRICT.NAME": "Yavatmal", "DISTRICT.AREA": 13583.851744, "GRID_G0": "188709", "woodland": 0.069457874197840858, "maskWdl": 0.0, "cropland": 0.73750169958173351, "maskCrp": 1.0, "one": 0.17436001232546477, "maskOne": 0.0, "GRID.AREA": 23.552300415276218, "REGION.AREA": 32202.066020262951 }, "geometry": { "type": "Polygon", "coordinates": [ [ [ 77.546531976600761, 19.806118483382733 ], [ 77.591533190519684, 19.806118478402063 ], [ 77.591533190519684, 19.851115220294897 ], [ 77.546531976600761, 19.851115284272439 ], [ 77.546531976600761, 19.806118483382733 ] ] ] } },
{ "type": "Feature", "properties": { "REGION": 1.0, "STATE.NAME": "Maharashtra", "DISTRICT.NAME": "Yavatmal", "DISTRICT.AREA": 13583.851744, "GRID_G0": "188710", "woodland": 0.013419584956310246, "maskWdl": 0.0, "cropland": 0.84230598745267171, "maskCrp": 1.0, "one": 0.13853561151506355, "maskOne": 0.0, "GRID.AREA": 23.552330018561083, "REGION.AREA": 32202.066020262951 }, "geometry": { "type": "Polygon", "coordinates": [ [ [ 77.591533190519684, 19.806118478402063 ], [ 77.636534486368078, 19.806118493280252 ], [ 77.636534486368078, 19.851115243437267 ], [ 77.591533190519684, 19.851115220294897 ], [ 77.591533190519684, 19.806118478402063 ] ] ] } },
{ "type": "Feature", "properties": { "REGION": 1.0, "STATE.NAME": "Maharashtra", "DISTRICT.NAME": "Yavatmal", "DISTRICT.AREA": 13583.851744, "GRID_G0": "188712", "woodland": 0.2107877656348584, "maskWdl": 0.0, "cropland": 0.67479281727495755, "maskCrp": 1.0, "one": 0.077700371886510106, "maskOne": 0.0, "GRID.AREA": 23.552308197687157, "REGION.AREA": 32202.066020262951 }, "geometry": { "type": "Polygon", "coordinates": [ [ [ 77.681531217347981, 19.806118480956549 ], [ 77.726532454914178, 19.806118457755112 ], [ 77.726532454914178, 19.851115247141696 ], [ 77.681531217347981, 19.85111521679028 ], [ 77.681531217347981, 19.806118480956549 ] ] ] } },
{ "type": "Feature", "properties": { "REGION": 1.0, "STATE.NAME": "Maharashtra", "DISTRICT.NAME": "Yavatmal", "DISTRICT.AREA": 13583.851744, "GRID_G0": "188713", "woodland": 0.15907897392694795, "maskWdl": 0.0, "cropland": 0.56362307060010752, "maskCrp": 1.0, "one": 0.26574116967838685, "maskOne": 0.0, "GRID.AREA": 23.552324006548396, "REGION.AREA": 32202.066020262951 }, "geometry": { "type": "Polygon", "coordinates": [ [ [ 77.726532454914178, 19.806118457755112 ], [ 77.771533724775892, 19.806118476669351 ], [ 77.771533724775892, 19.851115208322394 ], [ 77.726532454914178, 19.851115247141696 ], [ 77.726532454914178, 19.806118457755112 ] ] ] } },
{ "type": "Feature", "properties": { "REGION": 1.0, "STATE.NAME": "Maharashtra", "DISTRICT.NAME": "Yavatmal", "DISTRICT.AREA": 13583.851744, "GRID_G0": "188714", "woodland": 0.12512428764279201, "maskWdl": 0.0, "cropland": 0.74877372694208488, "maskCrp": 1.0, "one": 0.091121004344308046, "maskOne": 0.0, "GRID.AREA": 23.552342776159421, "REGION.AREA": 32202.066020262951 }, "geometry": { "type": "Polygon", "coordinates": [ [ [ 77.771533724775892, 19.806118476669351 ], [ 77.816535009901216, 19.806118455709644 ], [ 77.816535009901216, 19.851115286296089 ], [ 77.771533724775892, 19.851115208322394 ], [ 77.771533724775892, 19.806118476669351 ] ] ] } },
{ "type": "Feature", "properties": { "REGION": 1.0, "STATE.NAME": "Maharashtra", "DISTRICT.NAME": "Yavatmal", "DISTRICT.AREA": 13583.851744, "GRID_G0": "188715", "woodland": 0.13773940911985305, "maskWdl": 0.0, "cropland": 0.68792976951835649, "maskCrp": 1.0, "one": 0.14627972600423675, "maskOne": 0.0, "GRID.AREA": 23.263431131156953, "REGION.AREA": 32202.066020262951 }, "geometry": { "type": "Polygon", "coordinates": [ [ [ 77.861531757373555, 19.812895555415459 ], [ 77.861531757373555, 19.851115266156352 ], [ 77.816535009901216, 19.851115286296089 ], [ 77.816535009901216, 19.806118455709644 ], [ 77.854276239377256, 19.806119211451541 ], [ 77.855109660182734, 19.806918112281096 ], [ 77.857361955589852, 19.809050279846588 ], [ 77.859337581764066, 19.81080762437244 ], [ 77.861465976673514, 19.812826847880785 ], [ 77.861531757373555, 19.812895555415459 ] ] ] } },
{ "type": "Feature", "properties": { "REGION": 1.0, "STATE.NAME": "Maharashtra", "DISTRICT.NAME": "Yavatmal", "DISTRICT.AREA": 13583.851744, "GRID_G0": "188716", "woodland": 0.12742381763627608, "maskWdl": 0.0, "cropland": 0.65833161494264192, "maskCrp": 1.0, "one": 0.16790999240932297, "maskOne": 0.0, "GRID.AREA": 4.3178388612549519, "REGION.AREA": 32202.066020262951 }, "geometry": { "type": "Polygon", "coordinates": [ [ [ 77.880842941685543, 19.851116639276274 ], [ 77.861531757373555, 19.851115266156352 ], [ 77.861531757373555, 19.812895555415459 ], [ 77.863126687246904, 19.81456142427038 ], [ 77.86391402301382, 19.815257107429602 ], [ 77.865808721895064, 19.817009721521458 ], [ 77.868543343500562, 19.819290828508997 ], [ 77.869445323942628, 19.820338821079758 ], [ 77.870299652906738, 19.821477106483311 ], [ 77.870710089998738, 19.823103185963305 ], [ 77.870829297833893, 19.825343587836354 ], [ 77.87055247032032, 19.827475491001167 ], [ 77.870275439559919, 19.829607396863931 ], [ 77.870432946823087, 19.832556925861468 ], [ 77.871024683642304, 19.834910170168254 ], [ 77.871697721872408, 19.836631102043782 ], [ 77.872800249332101, 19.839508329146103 ], [ 77.873315803681464, 19.841789360590557 ], [ 77.873602169404649, 19.843704473182925 ], [ 77.875373155746615, 19.846378500267633 ], [ 77.877053501218143, 19.847503114177414 ], [ 77.87930665188054, 19.849585418832078 ], [ 77.879603430853706, 19.849881222040839 ], [ 77.880842941685543, 19.851116639276274 ] ] ] } },
{ "type": "Feature", "properties": { "REGION": 1.0, "STATE.NAME": "Maharashtra", "DISTRICT.NAME": "Yavatmal", "DISTRICT.AREA": 13583.851744, "GRID_G0": "188727", "woodland": 0.14538528525379449, "maskWdl": 0.0, "cropland": 0.63529567167903744, "maskCrp": 1.0, "one": 0.19706386710025045, "maskOne": 0.0, "GRID.AREA": 2.0626317184433383, "REGION.AREA": 32202.066020262951 }, "geometry": { "type": "Polygon", "coordinates": [ [ [ 78.401533409796329, 19.833042874470848 ], [ 78.401533409796329, 19.851115246135148 ], [ 78.384769774133389, 19.85111655562083 ], [ 78.38503472257446, 19.850335219594744 ], [ 78.385297846218691, 19.848938919595525 ], [ 78.385528568188931, 19.847907839675088 ], [ 78.385709966841546, 19.847011684141936 ], [ 78.38600142632481, 19.84608943028303 ], [ 78.386476843931234, 19.845358573739244 ], [ 78.387414970824295, 19.844600661991024 ], [ 78.388987796949323, 19.843808264839595 ], [ 78.390724538906397, 19.842855057215164 ], [ 78.391776886893865, 19.84212527715988 ], [ 78.394331846437638, 19.83959610387717 ], [ 78.396637187456292, 19.837651056451136 ], [ 78.398892052226472, 19.835520629073812 ], [ 78.399508060848405, 19.834867482048704 ], [ 78.400300639662873, 19.834027108764136 ], [ 78.401533409796329, 19.833042874470848 ] ] ] } },
{ "type": "Feature", "properties": { "REGION": 1.0, "STATE.NAME": "Maharashtra", "DISTRICT.NAME": "Yavatmal", "DISTRICT.AREA": 13583.851744, "GRID_G0": "188729", "woodland": 0.11207431947091528, "maskWdl": 0.0, "cropland": 0.56833061728955003, "maskCrp": 1.0, "one": 0.28693398744228465, "maskOne": 0.0, "GRID.AREA": 20.226320719454563, "REGION.AREA": 32202.066020262951 }, "geometry": { "type": "Polygon", "coordinates": [ [ [ 78.481673637209624, 19.806119393565737 ], [ 78.491535879173696, 19.806118430871031 ], [ 78.491535879173696, 19.85111527656078 ], [ 78.446534648681762, 19.851115231206418 ], [ 78.446534648681762, 19.813283188471043 ], [ 78.449859539186434, 19.813009778978142 ], [ 78.451977843702593, 19.812880951994376 ], [ 78.453903454980548, 19.812948860701397 ], [ 78.455355655938831, 19.813198090719364 ], [ 78.45554549742684, 19.813230668660481 ], [ 78.457816677697565, 19.813987738643277 ], [ 78.459763184723286, 19.814786808764271 ], [ 78.461440013845618, 19.815389257408356 ], [ 78.463721147812805, 19.816105724799396 ], [ 78.466662741192636, 19.817044919187705 ], [ 78.467994114636724, 19.817404898917005 ], [ 78.469244941201111, 19.817719101355518 ], [ 78.470980375543945, 19.817730888769574 ], [ 78.472476906783868, 19.817338805041857 ], [ 78.474008513382216, 19.816333301840473 ], [ 78.474446172952582, 19.815971917370121 ], [ 78.475013659552815, 19.815503329215346 ], [ 78.475723669811543, 19.81463457782354 ], [ 78.476446394685411, 19.813468123854875 ], [ 78.477631033845171, 19.811430464244552 ], [ 78.478933976122164, 19.80947965396291 ], [ 78.480308633037055, 19.807971764285526 ], [ 78.4814639507008, 19.806461807066796 ], [ 78.481673637209624, 19.806119393565737 ] ] ] } },
{ "type": "Feature", "properties": { "REGION": 1.0, "STATE.NAME": "Maharashtra", "DISTRICT.NAME": "Yavatmal", "DISTRICT.AREA": 13583.851744, "GRID_G0": "188730", "woodland": 0.10660931178244365, "maskWdl": 0.0, "cropland": 0.67040117528566334, "maskCrp": 1.0, "one": 0.17796762679179709, "maskOne": 0.0, "GRID.AREA": 19.711209994155283, "REGION.AREA": 32202.066020262951 }, "geometry": { "type": "Polygon", "coordinates": [ [ [ 78.536532660272343, 19.819842705218477 ], [ 78.536532660272343, 19.851115281558481 ], [ 78.491535879173696, 19.85111527656078 ], [ 78.491535879173696, 19.806118430871031 ], [ 78.508362590858994, 19.806119745225992 ], [ 78.508452762684897, 19.807163719829877 ], [ 78.50845293265678, 19.807166324266518 ], [ 78.508605207664232, 19.809498057689265 ], [ 78.508774567092644, 19.811110652734499 ], [ 78.508969892646462, 19.812051122361481 ], [ 78.509213750114554, 19.812454961127628 ], [ 78.509530586667339, 19.812697061320364 ], [ 78.51004780656109, 19.81294999024988 ], [ 78.510764319817554, 19.813276957665497 ], [ 78.511466254164375, 19.813648988310206 ], [ 78.511778790159099, 19.813859428769661 ], [ 78.512170378360338, 19.81426014598901 ], [ 78.513271625185439, 19.815673739051878 ], [ 78.514179693138374, 19.817329102256338 ], [ 78.514594491042999, 19.818271580069393 ], [ 78.514795314152479, 19.818679575502074 ], [ 78.514927152965811, 19.818838674565256 ], [ 78.515035809055405, 19.818934502725199 ], [ 78.51528282404314, 19.819022522971125 ], [ 78.516869645417842, 19.819127309277974 ], [ 78.518522968959928, 19.819250752919974 ], [ 78.519733735223781, 19.819284405550945 ], [ 78.520349610745996, 19.819208839116698 ], [ 78.520908253413211, 19.81912819870746 ], [ 78.522015612030955, 19.819021123625987 ], [ 78.523710098442336, 19.818856093533949 ], [ 78.524618541412622, 19.818777416344748 ], [ 78.525170434667871, 19.818729615579343 ], [ 78.525910190003344, 19.818664077485209 ], [ 78.527795252648843, 19.818509896814362 ], [ 78.529030548820856, 19.818475988775901 ], [ 78.530065992251821, 19.818399754145393 ], [ 78.530794982702332, 19.818456029222432 ], [ 78.531694786785067, 19.81859053452558 ], [ 78.533254900093596, 19.81896119370418 ], [ 78.534381164259401, 19.819341529587973 ], [ 78.534970959442262, 19.819491338654416 ], [ 78.535503680950171, 19.819617330975117 ], [ 78.536359975832283, 19.819819846608713 ], [ 78.536532660272343, 19.819842705218477 ] ] ] } },
{ "type": "Feature", "properties": { "REGION": 1.0, "STATE.NAME": "Maharashtra", "DISTRICT.NAME": "Yavatmal", "DISTRICT.AREA": 13583.851744, "GRID_G0": "188731", "woodland": 0.021301959896486394, "maskWdl": 0.0, "cropland": 0.77965795748682343, "maskCrp": 1.0, "one": 0.13272966040481318, "maskOne": 0.0, "GRID.AREA": 15.925819051154649, "REGION.AREA": 32202.066020262951 }, "geometry": { "type": "Polygon", "coordinates": [ [ [ 78.58153389932626, 19.818311287172655 ], [ 78.58153389932626, 19.8511152952297 ], [ 78.536532660272343, 19.851115281558481 ], [ 78.536532660272343, 19.819842705218477 ], [ 78.537055182350855, 19.81991187153568 ], [ 78.53785514729725, 19.82002293690908 ], [ 78.537954901897251, 19.820055435709833 ], [ 78.537963015580772, 19.820059469169227 ], [ 78.538267991874363, 19.82021170280791 ], [ 78.539173071380219, 19.820770492963906 ], [ 78.540156310965017, 19.82162318965851 ], [ 78.540520549883524, 19.821906307929797 ], [ 78.540798513240887, 19.82224730027275 ], [ 78.54105542436838, 19.822773068222549 ], [ 78.541247462900174, 19.823113308732275 ], [ 78.541482911707078, 19.823408763004064 ], [ 78.541823570401505, 19.823673544098824 ], [ 78.542303577248333, 19.823831346339599 ], [ 78.543041675133281, 19.823928268974495 ], [ 78.543808465888048, 19.824020873064907 ], [ 78.544690571312856, 19.82401994946116 ], [ 78.546301457646223, 19.824106647703669 ], [ 78.547516392267767, 19.82419892623949 ], [ 78.549494791051814, 19.824252878367702 ], [ 78.55045365631122, 19.824211868383088 ], [ 78.552023645075224, 19.824086195321687 ], [ 78.552466870549665, 19.824003992790093 ], [ 78.552673317119968, 19.823965703254654 ], [ 78.55349597465954, 19.823724854918169 ], [ 78.554601132636208, 19.823355800130113 ], [ 78.555572049710406, 19.823062163388158 ], [ 78.556802016499944, 19.822617479213363 ], [ 78.557670912682511, 19.822508007438614 ], [ 78.558607537707758, 19.822304351464705 ], [ 78.559500268622571, 19.822190505387539 ], [ 78.560614329887471, 19.821893629287615 ], [ 78.561608909024031, 19.821618286554724 ], [ 78.563244983569177, 19.821077954983707 ], [ 78.563263925090155, 19.821068213527266 ], [ 78.563983182178163, 19.820696463471052 ], [ 78.564349951788941, 19.82026203606415 ], [ 78.564906095240133, 19.819481890377006 ], [ 78.56527412030448, 19.818921118115156 ], [ 78.565892979777232, 19.818529461565447 ], [ 78.566716933239945, 19.81815337767631 ], [ 78.568790375075821, 19.817269292843665 ], [ 78.570840579329342, 19.816331014864488 ], [ 78.571793200595778, 19.815951363364775 ], [ 78.572304367152867, 19.815847652647111 ], [ 78.573094483623549, 19.815990136735479 ], [ 78.5745467052663, 19.816197131892181 ], [ 78.575730681625714, 19.816528083304433 ], [ 78.577174500003252, 19.81710493724313 ], [ 78.578721934669602, 19.817809215223175 ], [ 78.579691896663761, 19.818088558140516 ], [ 78.58067281509841, 19.818223634513178 ], [ 78.581492123562725, 19.818307632091603 ], [ 78.58153389932626, 19.818311287172655 ] ] ] } },
{ "type": "Feature", "properties": { "REGION": 1.0, "STATE.NAME": "Maharashtra", "DISTRICT.NAME": "Yavatmal", "DISTRICT.AREA": 13583.851744, "GRID_G0": "188732", "woodland": 0.034232689370327418, "maskWdl": 0.0, "cropland": 0.77011355526236724, "maskCrp": 1.0, "one": 0.13439495444459285, "maskOne": 0.0, "GRID.AREA": 18.624745553423111, "REGION.AREA": 32202.066020262951 }, "geometry": { "type": "Polygon", "coordinates": [ [ [ 78.626535152789216, 19.808096059581363 ], [ 78.626535152789216, 19.851115215443382 ], [ 78.58153389932626, 19.8511152952297 ], [ 78.58153389932626, 19.818311287172655 ], [ 78.583674064106845, 19.818498523088405 ], [ 78.586135833202206, 19.81879105186562 ], [ 78.586136327829308, 19.818791110321516 ], [ 78.588009800911664, 19.818834823668222 ], [ 78.588491946346323, 19.818784815966524 ], [ 78.588999066853489, 19.818604369695951 ], [ 78.589929008117281, 19.818107130040062 ], [ 78.590633190769225, 19.817774899791857 ], [ 78.591459638951221, 19.817615207176118 ], [ 78.592595426038145, 19.817521567966029 ], [ 78.593106267939959, 19.817512065729318 ], [ 78.593106365066774, 19.817512066628634 ], [ 78.594245462558092, 19.817490951446302 ], [ 78.597496066590281, 19.817636969870311 ], [ 78.598859175310736, 19.817689609887623 ], [ 78.599535332389735, 19.817776751495952 ], [ 78.599833888423291, 19.817973369375522 ], [ 78.60021194812299, 19.81831059355909 ], [ 78.600534575410393, 19.818480510567152 ], [ 78.600839308887032, 19.81853272430584 ], [ 78.601464174931778, 19.818502211208113 ], [ 78.602656913385886, 19.818431454348175 ], [ 78.603582556789604, 19.81836736865921 ], [ 78.604432783046548, 19.81821683383987 ], [ 78.60579938563319, 19.817917487302225 ], [ 78.607328216024428, 19.817610459655047 ], [ 78.608914978043856, 19.81723182169128 ], [ 78.609804238474908, 19.816986878741485 ], [ 78.610584536147485, 19.816668866774819 ], [ 78.611164912730601, 19.816321874155221 ], [ 78.611577968648419, 19.816014212485982 ], [ 78.613065197301069, 19.814587658393748 ], [ 78.613409846287425, 19.814153092491267 ], [ 78.614170662845879, 19.813193925958956 ], [ 78.614956881654848, 19.812233048016822 ], [ 78.615208190905321, 19.811925907055013 ], [ 78.616173765107249, 19.811180727908322 ], [ 78.616571912963479, 19.810931451125608 ], [ 78.617567789821692, 19.810502382778793 ], [ 78.619003269685209, 19.809982465818166 ], [ 78.620260753031403, 19.809623350337404 ], [ 78.621723177482707, 19.809275128344552 ], [ 78.623014178561561, 19.808893787918009 ], [ 78.624712028437443, 19.808357959252476 ], [ 78.625533992599742, 19.808162016763731 ], [ 78.626535152789216, 19.808096059581363 ] ] ] } },
{ "type": "Feature", "properties": { "REGION": 1.0, "STATE.NAME": "Maharashtra", "DISTRICT.NAME": "Yavatmal", "DISTRICT.AREA": 13583.851744, "GRID_G0": "188733", "woodland": 0.07533184621104777, "maskWdl": 0.0, "cropland": 0.70190520149659585, "maskCrp": 1.0, "one": 0.18287381122379578, "maskOne": 0.0, "GRID.AREA": 23.204289177767734, "REGION.AREA": 32202.066020262951 }, "geometry": { "type": "Polygon", "coordinates": [ [ [ 78.645641485031703, 19.806119831969717 ], [ 78.671531984763533, 19.806118431415516 ], [ 78.671531984763533, 19.851115213855621 ], [ 78.626535152789216, 19.851115215443382 ], [ 78.626535152789216, 19.808096059581363 ], [ 78.626683856774605, 19.808086262371145 ], [ 78.628224026717533, 19.808077044320214 ], [ 78.629524923936174, 19.808147024165862 ], [ 78.630459994932892, 19.80808286023586 ], [ 78.631442693125848, 19.808032727528428 ], [ 78.632101460913759, 19.807957188973148 ], [ 78.633150210713723, 19.807979697205326 ], [ 78.633708415411093, 19.807939431859321 ], [ 78.63449074015557, 19.807905635336855 ], [ 78.6353446041702, 19.807854385671419 ], [ 78.636194080392556, 19.807766887032244 ], [ 78.636963143734135, 19.807624612485938 ], [ 78.637793291727064, 19.807442565422093 ], [ 78.637794556173901, 19.807442289330254 ], [ 78.63843049017504, 19.807253669121565 ], [ 78.639280051832998, 19.807157239315192 ], [ 78.640058021160826, 19.807073749853718 ], [ 78.640462422003225, 19.807167502378377 ], [ 78.641141578321253, 19.807453063208357 ], [ 78.641792362827346, 19.807693335079417 ], [ 78.642325407191834, 19.807797170802818 ], [ 78.642759179892323, 19.807809951967783 ], [ 78.643227859777937, 19.807664995643108 ], [ 78.643859945580061, 19.807386169835922 ], [ 78.643983417101083, 19.80731267993627 ], [ 78.643983457570585, 19.807312655654584 ], [ 78.644689437967259, 19.806892436636701 ], [ 78.645280499395597, 19.806414631330203 ], [ 78.645641485031703, 19.806119831969717 ] ] ] } },
{ "type": "Feature", "properties": { "REGION": 1.0, "STATE.NAME": "Maharashtra", "DISTRICT.NAME": "Yavatmal", "DISTRICT.AREA": 13583.851744, "GRID_G0": "188734", "woodland": 0.12316314819783392, "maskWdl": 0.0, "cropland": 0.56471181651066671, "maskCrp": 1.0, "one": 0.30404330185275791, "maskOne": 0.0, "GRID.AREA": 23.552313736401569, "REGION.AREA": 32202.066020262951 }, "geometry": { "type": "Polygon", "coordinates": [ [ [ 78.671531984763533, 19.806118431415516 ], [ 78.716533203310703, 19.806118434407253 ], [ 78.716533203310703, 19.851115236372948 ], [ 78.671531984763533, 19.851115213855621 ], [ 78.671531984763533, 19.806118431415516 ] ] ] } },
{ "type": "Feature", "properties": { "REGION": 1.0, "STATE.NAME": "Maharashtra", "DISTRICT.NAME": "Yavatmal", "DISTRICT.AREA": 13583.851744, "GRID_G0": "188735", "woodland": 0.12946705415543444, "maskWdl": 0.0, "cropland": 0.55887895014562716, "maskCrp": 1.0, "one": 0.30801929579283488, "maskOne": 0.0, "GRID.AREA": 23.552336412981116, "REGION.AREA": 32202.066020262951 }, "geometry": { "type": "Polygon", "coordinates": [ [ [ 78.716533203310703, 19.806118434407253 ], [ 78.761534456541753, 19.806118479999224 ], [ 78.761534456541753, 19.851115279742 ], [ 78.716533203310703, 19.851115236372948 ], [ 78.716533203310703, 19.806118434407253 ] ] ] } },
{ "type": "Feature", "properties": { "REGION": 1.0, "STATE.NAME": "Maharashtra", "DISTRICT.NAME": "Yavatmal", "DISTRICT.AREA": 13583.851744, "GRID_G0": "188736", "woodland": 0.033596050384570267, "maskWdl": 0.0, "cropland": 0.76029283989922691, "maskCrp": 1.0, "one": 0.19264027986167129, "maskOne": 0.0, "GRID.AREA": 23.552335843253903, "REGION.AREA": 32202.066020262951 }, "geometry": { "type": "Polygon", "coordinates": [ [ [ 78.761534456541753, 19.806118479999224 ], [ 78.806535721790198, 19.806118484939631 ], [ 78.806535721790198, 19.85111526070656 ], [ 78.761534456541753, 19.851115279742 ], [ 78.761534456541753, 19.806118479999224 ] ] ] } },
{ "type": "Feature", "properties": { "REGION": 1.0, "STATE.NAME": "Maharashtra", "DISTRICT.NAME": "Yavatmal", "DISTRICT.AREA": 13583.851744, "GRID_G0": "188738", "woodland": 0.071037828867397707, "maskWdl": 0.0, "cropland": 0.56646056699859948, "maskCrp": 1.0, "one": 0.33726987153377525, "maskOne": 0.0, "GRID.AREA": 23.552312167967365, "REGION.AREA": 32202.066020262951 }, "geometry": { "type": "Polygon", "coordinates": [ [ [ 78.851532483715147, 19.806118441951476 ], [ 78.896533706099333, 19.806118475232427 ], [ 78.896533706099333, 19.851115226881596 ], [ 78.851532483715147, 19.851115261054453 ], [ 78.851532483715147, 19.806118441951476 ] ] ] } },
{ "type": "Feature", "properties": { "REGION": 1.0, "STATE.NAME": "Maharashtra", "DISTRICT.NAME": "Yavatmal", "DISTRICT.AREA": 13583.851744, "GRID_G0": "188739", "woodland": 0.085451711507204098, "maskWdl": 0.0, "cropland": 0.57527232504626025, "maskCrp": 1.0, "one": 0.33400372647879961, "maskOne": 0.0, "GRID.AREA": 23.552309737839856, "REGION.AREA": 32202.066020262951 }, "geometry": { "type": "Polygon", "coordinates": [ [ [ 78.896533706099333, 19.806118475232427 ], [ 78.941534957368745, 19.806118491949306 ], [ 78.941534957368745, 19.851115244006667 ], [ 78.896533706099333, 19.851115226881596 ], [ 78.896533706099333, 19.806118475232427 ] ] ] } },
{ "type": "Feature", "properties": { "REGION": 1.0, "STATE.NAME": "Maharashtra", "DISTRICT.NAME": "Yavatmal", "DISTRICT.AREA": 13583.851744, "GRID_G0": "188740", "woodland": 0.041603049327997646, "maskWdl": 0.0, "cropland": 0.77671938187660094, "maskCrp": 1.0, "one": 0.15641715119465094, "maskOne": 0.0, "GRID.AREA": 23.377631366447286, "REGION.AREA": 32202.066020262951 }, "geometry": { "type": "Polygon", "coordinates": [ [ [ 78.986536213764211, 19.806220942233391 ], [ 78.986536213764225, 19.851115228966172 ], [ 78.941534957368745, 19.851115244006667 ], [ 78.941534957368745, 19.806118491949306 ], [ 78.965536135284722, 19.806119897494209 ], [ 78.966601687917603, 19.806462471665785 ], [ 78.966739249117097, 19.806493170923147 ], [ 78.968239661830978, 19.806827996614796 ], [ 78.968411799265198, 19.806853266664977 ], [ 78.968425472557556, 19.806855267656545 ], [ 78.969282480602033, 19.806980694303665 ], [ 78.97037530437683, 19.806992112096339 ], [ 78.970914903000448, 19.806985203504382 ], [ 78.971171860892696, 19.806996565539119 ], [ 78.971496568312034, 19.807015476483112 ], [ 78.971576390338214, 19.807014453953911 ], [ 78.971912236760375, 19.80702932334464 ], [ 78.972139354247872, 19.807044102803161 ], [ 78.97222280144122, 19.807043032609897 ], [ 78.97223787677666, 19.807043700806222 ], [ 78.972302886968691, 19.80704200738279 ], [ 78.974084203822997, 19.806995621250959 ], [ 78.977105371915457, 19.806989885374946 ], [ 78.978798271023436, 19.806894194811264 ], [ 78.979743146429144, 19.806881109675544 ], [ 78.980777764282436, 19.806812673066474 ], [ 78.981788843280526, 19.806762539459669 ], [ 78.983070188338559, 19.806907216095169 ], [ 78.984747799871116, 19.806753003048698 ], [ 78.985435637344835, 19.80647724932567 ], [ 78.986536213764211, 19.806220942233391 ] ] ] } },
{ "type": "Feature", "properties": { "REGION": 1.0, "STATE.NAME": "Maharashtra", "DISTRICT.NAME": "Yavatmal", "DISTRICT.AREA": 13583.851744, "GRID_G0": "188741", "woodland": 0.031977775982383917, "maskWdl": 0.0, "cropland": 0.65100520776265425, "maskCrp": 1.0, "one": 0.27185412285827043, "maskOne": 0.0, "GRID.AREA": 23.411583146129281, "REGION.AREA": 32202.066020262951 }, "geometry": { "type": "Polygon", "coordinates": [ [ [ 79.031532967179075, 19.806623687050923 ], [ 79.031532967179075, 19.851115268741012 ], [ 78.986536213764225, 19.851115228966172 ], [ 78.986536213764211, 19.806220942233391 ], [ 78.986548496216187, 19.806218081799102 ], [ 78.986899075886285, 19.806118543218513 ], [ 78.99328981033419, 19.806119215796034 ], [ 78.993812376140284, 19.806193621138735 ], [ 78.994373216750603, 19.806272484487632 ], [ 78.995476951100443, 19.80642767869449 ], [ 78.996328607279452, 19.806499371748654 ], [ 78.996948964123476, 19.806551589084624 ], [ 78.998602492710916, 19.806542442080115 ], [ 78.999236483277116, 19.806671794267913 ], [ 79.000445654143675, 19.806918489097029 ], [ 79.000866278755836, 19.806975826273405 ], [ 79.001794592246711, 19.807102366281242 ], [ 79.00291674741004, 19.807069594985876 ], [ 79.003903476364428, 19.807040769016339 ], [ 79.005860127742778, 19.807017360562782 ], [ 79.005929729873174, 19.807016368610558 ], [ 79.007029305757897, 19.807000687132074 ], [ 79.008180009000284, 19.80694921713274 ], [ 79.008808452548124, 19.806921104325571 ], [ 79.01072252102756, 19.806613896813928 ], [ 79.011092458050541, 19.806472415469671 ], [ 79.011960897377548, 19.80614028234822 ], [ 79.011991838795055, 19.806119878491408 ], [ 79.031198917608663, 19.806118533440532 ], [ 79.031284258761616, 19.806215035795336 ], [ 79.031485590887371, 19.806545843316087 ], [ 79.031532967179075, 19.806623687050923 ] ] ] } },
{ "type": "Feature", "properties": { "REGION": 1.0, "STATE.NAME": "Maharashtra", "DISTRICT.NAME": "Yavatmal", "DISTRICT.AREA": 13583.851744, "GRID_G0": "188742", "woodland": 0.031141081489901693, "maskWdl": 0.0, "cropland": 0.55772335048656119, "maskCrp": 1.0, "one": 0.34756570735513703, "maskOne": 1.0, "GRID.AREA": 17.406061411869015, "REGION.AREA": 32202.066020262951 }, "geometry": { "type": "Polygon", "coordinates": [ [ [ 79.076534249862135, 19.821616592420195 ], [ 79.076534249862149, 19.851115214269779 ], [ 79.031532967179075, 19.851115268741012 ], [ 79.031532967179075, 19.806623687050923 ], [ 79.031847928639024, 19.807141196309203 ], [ 79.032866713927774, 19.808476012358145 ], [ 79.033734174792428, 19.810196793147554 ], [ 79.034320875408127, 19.812278166104534 ], [ 79.034490305882969, 19.814825752106803 ], [ 79.034706750216401, 19.815829231833618 ], [ 79.035075395812896, 19.816798873669143 ], [ 79.035572328800029, 19.817725974873895 ], [ 79.036186420067281, 19.818525002726744 ], [ 79.036877861124424, 19.819074769984699 ], [ 79.037746237498936, 19.81964901858737 ], [ 79.039377724602389, 19.820478510075244 ], [ 79.041241681058807, 19.821214374943512 ], [ 79.042868356789313, 19.821745883265976 ], [ 79.043697638735068, 19.821955128526383 ], [ 79.044241456078396, 19.821933723762417 ], [ 79.044849555162898, 19.821748886102284 ], [ 79.045541453075657, 19.821129568874539 ], [ 79.046461128578301, 19.820430109462052 ], [ 79.047459485766694, 19.819874132385337 ], [ 79.048500563450318, 19.81930381202136 ], [ 79.050125788574348, 19.81854001960625 ], [ 79.052102223239046, 19.817662849660852 ], [ 79.053668643493154, 19.81710742206991 ], [ 79.055121303105693, 19.816901268678631 ], [ 79.057050615093885, 19.816652089922062 ], [ 79.058637273691261, 19.816471011428064 ], [ 79.059310084392962, 19.816452205704763 ], [ 79.060135713292595, 19.816738156840529 ], [ 79.060745697356083, 19.81696852447789 ], [ 79.061094768308976, 19.81700849664486 ], [ 79.062681359457258, 19.816822872977241 ], [ 79.064283331710456, 19.816700275597274 ], [ 79.066003779750702, 19.81682411943763 ], [ 79.067462374888748, 19.816987840116781 ], [ 79.069538196330768, 19.817237467635096 ], [ 79.07075525694961, 19.817522041908777 ], [ 79.071827118426825, 19.817980383188168 ], [ 79.073466278545993, 19.81897642102507 ], [ 79.074990257094726, 19.82023150228207 ], [ 79.076443550729323, 19.821546226577141 ], [ 79.076534249862135, 19.821616592420195 ] ] ] } },
{ "type": "Feature", "properties": { "REGION": 1.0, "STATE.NAME": "Maharashtra", "DISTRICT.NAME": "Yavatmal", "DISTRICT.AREA": 13583.851744, "GRID_G0": "188743", "woodland": 0.081389417283408497, "maskWdl": 0.0, "cropland": 0.78920849132445159, "maskCrp": 1.0, "one": 0.059743673432266435, "maskOne": 0.0, "GRID.AREA": 5.2578866690745567, "REGION.AREA": 32202.066020262951 }, "geometry": { "type": "Polygon", "coordinates": [ [ [ 79.112236108155074, 19.851116156443549 ], [ 79.076534249862149, 19.851115214269779 ], [ 79.076534249862135, 19.821616592420195 ], [ 79.077168678591704, 19.822108789389176 ], [ 79.077893813648643, 19.822671440334773 ], [ 79.079724803656802, 19.824012186513244 ], [ 79.081914168104461, 19.825672613800123 ], [ 79.083945100785854, 19.82728510452398 ], [ 79.084297116119046, 19.827572211288555 ], [ 79.084297162883843, 19.827572248160777 ], [ 79.084423013111632, 19.827674890483873 ], [ 79.085276542578413, 19.828426224590658 ], [ 79.085516557243352, 19.82870239559912 ], [ 79.085884654253448, 19.82912594030995 ], [ 79.086930520826911, 19.830915952709123 ], [ 79.088317708895204, 19.833441236423994 ], [ 79.089315909601623, 19.834938527591017 ], [ 79.08984704470538, 19.835693044398511 ], [ 79.090400839127483, 19.836479738948867 ], [ 79.090584333200468, 19.837013342691648 ], [ 79.090811639545578, 19.837674345294833 ], [ 79.090712412847608, 19.838429842363382 ], [ 79.090701169523413, 19.838515439835703 ], [ 79.090437019752699, 19.839002201490473 ], [ 79.090399936208144, 19.839070537375452 ], [ 79.089549951868833, 19.840238458138401 ], [ 79.089253376142437, 19.840647123565926 ], [ 79.088924179307469, 19.841100735310761 ], [ 79.088892934161663, 19.841388743195978 ], [ 79.08886189496053, 19.841674851713094 ], [ 79.088985017544587, 19.842039595151224 ], [ 79.089057487613061, 19.842254289403968 ], [ 79.08906189339173, 19.842258833678272 ], [ 79.089096276272187, 19.842294302939759 ], [ 79.089302421569585, 19.844110181639621 ], [ 79.089302426066183, 19.844110221209803 ], [ 79.089373191919321, 19.845233010395191 ], [ 79.089439559188349, 19.84608516749654 ], [ 79.089645860967778, 19.846443202891578 ], [ 79.08977280746916, 19.84657486723637 ], [ 79.089774552153926, 19.846576673075052 ], [ 79.08990321366241, 19.846710145956536 ], [ 79.089903253232592, 19.846710187325353 ], [ 79.090561254798104, 19.846655361056094 ], [ 79.090915567899174, 19.846424483503142 ], [ 79.091103331953263, 19.846182261901902 ], [ 79.091163347310669, 19.846104844662875 ], [ 79.091481595799053, 19.845448951108271 ], [ 79.091602283019029, 19.845200212120119 ], [ 79.091894594160237, 19.844388029883707 ], [ 79.091894614844648, 19.844387988514882 ], [ 79.092154855262436, 19.843946327860806 ], [ 79.092191528716114, 19.843867970830217 ], [ 79.092399453771804, 19.843423742611662 ], [ 79.092670811608741, 19.842792339394975 ], [ 79.092989876681543, 19.842307284653486 ], [ 79.093015554124577, 19.842268255875357 ], [ 79.093596594407359, 19.841880521269104 ], [ 79.094436973987229, 19.841607739805397 ], [ 79.094437223998739, 19.841607659765714 ], [ 79.095111514984467, 19.841388820537706 ], [ 79.095667115245263, 19.841247471393732 ], [ 79.096091016087598, 19.84113963818379 ], [ 79.096850721083968, 19.841178073409424 ], [ 79.097328631611106, 19.841437389324085 ], [ 79.097765909868883, 19.841674654761562 ], [ 79.097813476810586, 19.841738207152616 ], [ 79.09913249806641, 19.843500472768653 ], [ 79.099759563852842, 19.844252240348681 ], [ 79.100344938867863, 19.844954014616121 ], [ 79.100693288564457, 19.845199091564893 ], [ 79.100992115293934, 19.845409328777578 ], [ 79.101700174923167, 19.845614166460681 ], [ 79.101778805347635, 19.845636913013148 ], [ 79.103598469293956, 19.845966597280668 ], [ 79.104834010081561, 19.846059883057197 ], [ 79.105448488057334, 19.846106274584937 ], [ 79.106078384010289, 19.846163840189153 ], [ 79.106596067054909, 19.846211147226711 ], [ 79.106868783767425, 19.846264880819657 ], [ 79.106926182097709, 19.84627618889505 ], [ 79.107640290567019, 19.846416917506815 ], [ 79.108468636318548, 19.846705447898159 ], [ 79.1091191492294, 19.846932032087636 ], [ 79.110026189257269, 19.847505370576414 ], [ 79.110217756544273, 19.847687857408744 ], [ 79.110763390518116, 19.848207627779853 ], [ 79.111479869600373, 19.84939753336954 ], [ 79.111526513837603, 19.84950353645911 ], [ 79.11152653272336, 19.849503581425211 ], [ 79.112236108155074, 19.851116156443549 ] ] ] } },
{ "type": "Feature", "properties": { "REGION": 1.0, "STATE.NAME": "Maharashtra", "DISTRICT.NAME": "Yavatmal", "DISTRICT.AREA": 13583.851744, "GRID_G0": "188057", "woodland": 0.11126435872885272, "maskWdl": 0.0, "cropland": 0.72558133455704732, "maskCrp": 1.0, "one": 0.1493262373647091, "maskOne": 0.0, "GRID.AREA": 23.559001279683784, "REGION.AREA": 32202.066020262951 }, "geometry": { "type": "Polygon", "coordinates": [ [ [ 77.456533885822068, 19.761117232095604 ], [ 77.501530685759349, 19.761117191521333 ], [ 77.501530685759349, 19.806118488401619 ], [ 77.456533885822068, 19.806118451767297 ], [ 77.456533885822068, 19.761117232095604 ] ] ] } },
{ "type": "Feature", "properties": { "REGION": 1.0, "STATE.NAME": "Maharashtra", "DISTRICT.NAME": "Yavatmal", "DISTRICT.AREA": 13583.851744, "GRID_G0": "188060", "woodland": 0.022657829931700384, "maskWdl": 0.0, "cropland": 0.72702844366402164, "maskCrp": 1.0, "one": 0.23703750631785911, "maskOne": 0.0, "GRID.AREA": 23.56137858748146, "REGION.AREA": 32202.066020262951 }, "geometry": { "type": "Polygon", "coordinates": [ [ [ 77.591533190519684, 19.761117181317211 ], [ 77.636534486368078, 19.761117184504091 ], [ 77.636534486368078, 19.806118493280252 ], [ 77.591533190519684, 19.806118478402063 ], [ 77.591533190519684, 19.761117181317211 ] ] ] } },
{ "type": "Feature", "properties": { "REGION": 1.0, "STATE.NAME": "Maharashtra", "DISTRICT.NAME": "Yavatmal", "DISTRICT.AREA": 13583.851744, "GRID_G0": "188062", "woodland": 0.14592682700395376, "maskWdl": 0.0, "cropland": 0.72018698269270531, "maskCrp": 1.0, "one": 0.11873329266528829, "maskOne": 0.0, "GRID.AREA": 23.561336956558311, "REGION.AREA": 32202.066020262951 }, "geometry": { "type": "Polygon", "coordinates": [ [ [ 77.681531217347981, 19.761117183085933 ], [ 77.726532454914178, 19.761117192230479 ], [ 77.726532454914178, 19.806118457755112 ], [ 77.681531217347981, 19.806118480956549 ], [ 77.681531217347981, 19.761117183085933 ] ] ] } },
{ "type": "Feature", "properties": { "REGION": 1.0, "STATE.NAME": "Maharashtra", "DISTRICT.NAME": "Yavatmal", "DISTRICT.AREA": 13583.851744, "GRID_G0": "188063", "woodland": 0.12779156736867592, "maskWdl": 0.0, "cropland": 0.75537051470018812, "maskCrp": 1.0, "one": 0.091083647532478371, "maskOne": 0.0, "GRID.AREA": 23.561354550161262, "REGION.AREA": 32202.066020262951 }, "geometry": { "type": "Polygon", "coordinates": [ [ [ 77.726532454914178, 19.761117192230479 ], [ 77.771533724775892, 19.761117176185181 ], [ 77.771533724775892, 19.806118476669351 ], [ 77.726532454914178, 19.806118457755112 ], [ 77.726532454914178, 19.761117192230479 ] ] ] } },
{ "type": "Feature", "properties": { "REGION": 1.0, "STATE.NAME": "Maharashtra", "DISTRICT.NAME": "Yavatmal", "DISTRICT.AREA": 13583.851744, "GRID_G0": "188064", "woodland": 0.090843431907910055, "maskWdl": 0.0, "cropland": 0.74711197117289818, "maskCrp": 1.0, "one": 0.13649981992086113, "maskOne": 0.0, "GRID.AREA": 23.5613517085526, "REGION.AREA": 32202.066020262951 }, "geometry": { "type": "Polygon", "coordinates": [ [ [ 77.771533724775892, 19.761117176185181 ], [ 77.816535009901216, 19.761117231561666 ], [ 77.816535009901216, 19.806118455709644 ], [ 77.771533724775892, 19.806118476669351 ], [ 77.771533724775892, 19.761117176185181 ] ] ] } },
{ "type": "Feature", "properties": { "REGION": 1.0, "STATE.NAME": "Maharashtra", "DISTRICT.NAME": "Yavatmal", "DISTRICT.AREA": 13583.851744, "GRID_G0": "188065", "woodland": 0.12414108968056051, "maskWdl": 0.0, "cropland": 0.6857662309617214, "maskCrp": 1.0, "one": 0.16285139058885159, "maskOne": 0.0, "GRID.AREA": 20.333387934244293, "REGION.AREA": 32202.066020262951 }, "geometry": { "type": "Polygon", "coordinates": [ [ [ 77.854276239377256, 19.806119211451541 ], [ 77.816535009901216, 19.806118455709644 ], [ 77.816535009901216, 19.761117231561666 ], [ 77.861246645094596, 19.761117269287826 ], [ 77.861531757373555, 19.761720992929231 ], [ 77.861531757373555, 19.778646987140622 ], [ 77.86144974930653, 19.778724593665117 ], [ 77.860719613119741, 19.77941562553076 ], [ 77.858667815267495, 19.780350453710525 ], [ 77.856849830355429, 19.780350181215965 ], [ 77.855862092361747, 19.780571382962989 ], [ 77.853256357095233, 19.783638048657053 ], [ 77.852001126550817, 19.785408507996298 ], [ 77.850650384407743, 19.78774798278323 ], [ 77.849466277646627, 19.791894357438704 ], [ 77.848635417390653, 19.795444475282356 ], [ 77.848477568385135, 19.797874452444095 ], [ 77.848835160414353, 19.799667685315455 ], [ 77.84975597805601, 19.801131339140056 ], [ 77.8500565809465, 19.801835948969938 ], [ 77.852070049693111, 19.804004343925385 ], [ 77.854276239377256, 19.806119211451541 ] ] ] } },
{ "type": "Feature", "properties": { "REGION": 1.0, "STATE.NAME": "Maharashtra", "DISTRICT.NAME": "Yavatmal", "DISTRICT.AREA": 13583.851744, "GRID_G0": "188066", "woodland": 0.22365641127228186, "maskWdl": 0.0, "cropland": 0.64515437280113819, "maskCrp": 1.0, "one": 0.11318101049914452, "maskOne": 0.0, "GRID.AREA": 0.32577556156085918, "REGION.AREA": 32202.066020262951 }, "geometry": { "type": "Polygon", "coordinates": [ [ [ 77.861531757373555, 19.778646987140622 ], [ 77.861531757373555, 19.761720992929231 ], [ 77.86198075850524, 19.762671740108772 ], [ 77.862848810224477, 19.76521030051498 ], [ 77.863879127519795, 19.768516766835376 ], [ 77.864151106788199, 19.769808580002007 ], [ 77.863993391781662, 19.772649729901161 ], [ 77.863205949894734, 19.775526872467257 ], [ 77.862179876500136, 19.778033649933036 ], [ 77.861531757373555, 19.778646987140622 ] ] ] } },
{ "type": "Feature", "properties": { "REGION": 1.0, "STATE.NAME": "Maharashtra", "DISTRICT.NAME": "Yavatmal", "DISTRICT.AREA": 13583.851744, "GRID_G0": "188080", "woodland": 0.0076775732446560463, "maskWdl": 0.0, "cropland": 0.6504433007655418, "maskCrp": 1.0, "one": 0.31126291535151634, "maskOne": 0.0, "GRID.AREA": 2.2716973274708407, "REGION.AREA": 32202.066020262951 }, "geometry": { "type": "Polygon", "coordinates": [ [ [ 78.508362590858994, 19.806119745225992 ], [ 78.491535879173696, 19.806118430871031 ], [ 78.491535879173696, 19.792548257706372 ], [ 78.494057472974077, 19.792522104911257 ], [ 78.4952290737628, 19.792632199016793 ], [ 78.496264847244959, 19.792975877634721 ], [ 78.496540336567364, 19.793073126723474 ], [ 78.497845014535869, 19.793694453935927 ], [ 78.498651339487765, 19.794103523159094 ], [ 78.499598045913174, 19.794297414294309 ], [ 78.500121311049725, 19.794410574188703 ], [ 78.500934898027197, 19.79458050738458 ], [ 78.502479807397265, 19.795019054585737 ], [ 78.503681423059277, 19.795467821682681 ], [ 78.504816004155316, 19.795938603283957 ], [ 78.505641642947538, 19.79632531446174 ], [ 78.50639027818886, 19.79677447186441 ], [ 78.50674051016648, 19.797030417120084 ], [ 78.507240510741042, 19.797549482422706 ], [ 78.507856889883612, 19.798340429866983 ], [ 78.508378652253043, 19.799527495397626 ], [ 78.50847872970968, 19.800006798974664 ], [ 78.508388598754891, 19.801346242035493 ], [ 78.508420970751274, 19.803295983922567 ], [ 78.508399704482827, 19.804442043965196 ], [ 78.508350554734363, 19.805980394579588 ], [ 78.508362590858994, 19.806119745225992 ] ] ] } },
{ "type": "Feature", "properties": { "REGION": 1.0, "STATE.NAME": "Maharashtra", "DISTRICT.NAME": "Yavatmal", "DISTRICT.AREA": 13583.851744, "GRID_G0": "188083", "woodland": 0.026581239903439625, "maskWdl": 0.0, "cropland": 0.92036399021644799, "maskCrp": 1.0, "one": 0.011233711015422086, "maskOne": 0.0, "GRID.AREA": 1.5711710467295974, "REGION.AREA": 32202.066020262951 }, "geometry": { "type": "Polygon", "coordinates": [ [ [ 78.671531984763533, 19.797302908190083 ], [ 78.671531984763533, 19.806118431415516 ], [ 78.645641485031703, 19.806119831969717 ], [ 78.64591484249604, 19.805896593053376 ], [ 78.647138663318742, 19.805054282629101 ], [ 78.648063856162082, 19.804534219978336 ], [ 78.648787324775299, 19.804165880151288 ], [ 78.64967907093245, 19.803645523422233 ], [ 78.650461746412532, 19.803070057137461 ], [ 78.651567125622421, 19.802149921181979 ], [ 78.652445178702067, 19.801570833327336 ], [ 78.653270604354987, 19.801009284950563 ], [ 78.653773877562458, 19.800724765535563 ], [ 78.654578340917737, 19.800366141084567 ], [ 78.655066297771512, 19.800194342694798 ], [ 78.655557770974383, 19.800144386254487 ], [ 78.656425898236648, 19.800102176574228 ], [ 78.657026105770228, 19.800161393333667 ], [ 78.657702378861757, 19.800239343870658 ], [ 78.657702475089195, 19.800239349266633 ], [ 78.659070121788773, 19.800305210217346 ], [ 78.660795743628739, 19.800333431842432 ], [ 78.662006741018331, 19.800334726866193 ], [ 78.663194767924267, 19.800250089869792 ], [ 78.663252496305745, 19.800245439475479 ], [ 78.664411386975985, 19.800152124920658 ], [ 78.665410006766479, 19.799930482505832 ], [ 78.666369936823173, 19.799758062684475 ], [ 78.667447697853049, 19.799230251474967 ], [ 78.668577204974099, 19.798765996253792 ], [ 78.669477484798165, 19.798353953871924 ], [ 78.670426360388262, 19.797833982952 ], [ 78.671374771028923, 19.79737269459423 ], [ 78.671531984763533, 19.797302908190083 ] ] ] } },
{ "type": "Feature", "properties": { "REGION": 1.0, "STATE.NAME": "Maharashtra", "DISTRICT.NAME": "Yavatmal", "DISTRICT.AREA": 13583.851744, "GRID_G0": "188084", "woodland": 0.04050147591238392, "maskWdl": 0.0, "cropland": 0.82187538711745634, "maskCrp": 1.0, "one": 0.072384514433133346, "maskOne": 0.0, "GRID.AREA": 10.655704139303939, "REGION.AREA": 32202.066020262951 }, "geometry": { "type": "Polygon", "coordinates": [ [ [ 78.716533203310703, 19.767552373655221 ], [ 78.716533203310703, 19.806118434407253 ], [ 78.671531984763533, 19.806118431415516 ], [ 78.671531984763533, 19.797302908190083 ], [ 78.672212558762624, 19.797000802445154 ], [ 78.672571247964754, 19.796886462640202 ], [ 78.673102753589262, 19.796642734674492 ], [ 78.673573021677669, 19.796317368052144 ], [ 78.673973237974621, 19.795842378522991 ], [ 78.674430376860471, 19.79539951727395 ], [ 78.674914928880924, 19.795078702120463 ], [ 78.674919119721665, 19.795076692135694 ], [ 78.67505462597029, 19.794952331185183 ], [ 78.675150229299675, 19.794863137324004 ], [ 78.675151548605129, 19.794862955660903 ], [ 78.675450935612218, 19.794821745127479 ], [ 78.675460831752048, 19.794817001203686 ], [ 78.676268125273793, 19.794656894000525 ], [ 78.677705062039024, 19.794452371080126 ], [ 78.67869774720333, 19.794347988568859 ], [ 78.678767575962922, 19.794343175397273 ], [ 78.680099970137576, 19.79419083833659 ], [ 78.680167678295788, 19.794179807252362 ], [ 78.680932074155976, 19.794019319635936 ], [ 78.681839382181806, 19.793860033513795 ], [ 78.683001062549067, 19.793522293119398 ], [ 78.684258674498267, 19.793122234203793 ], [ 78.685629836647706, 19.792817891932202 ], [ 78.686728997944954, 19.792533773614821 ], [ 78.687233117414507, 19.792416704367444 ], [ 78.687233112917909, 19.792416662099303 ], [ 78.687741907063412, 19.792298572121467 ], [ 78.688989318901974, 19.791979597880186 ], [ 78.690403884132024, 19.791612371413859 ], [ 78.691732319490995, 19.791276076229963 ], [ 78.692578541966213, 19.79103036166191 ], [ 78.693018711544369, 19.790857948135852 ], [ 78.693048455721737, 19.79099258923668 ], [ 78.693066202942987, 19.791067009035316 ], [ 78.694212343025242, 19.790618072865811 ], [ 78.694431715551275, 19.790509192845036 ], [ 78.695397352705697, 19.789950507010364 ], [ 78.695354506305478, 19.789940299705108 ], [ 78.695354602532916, 19.789940301503751 ], [ 78.695526023207435, 19.789872794793723 ], [ 78.696693256888352, 19.789449309438112 ], [ 78.69709494897279, 19.78932179366592 ], [ 78.698243367937152, 19.788875525784931 ], [ 78.698970923969, 19.788561197441368 ], [ 78.699622302027649, 19.788223778104907 ], [ 78.700149793078538, 19.787907694284741 ], [ 78.700614629261793, 19.787645368339156 ], [ 78.700936788901743, 19.787350183863964 ], [ 78.701381125938269, 19.786740147639762 ], [ 78.701681678466741, 19.786201081414845 ], [ 78.701825187782219, 19.78562921691486 ], [ 78.701968882358074, 19.785048256671754 ], [ 78.702182358928781, 19.784648378519876 ], [ 78.702584644565775, 19.783938826016083 ], [ 78.702959118668446, 19.783134107253314 ], [ 78.703229459372096, 19.782256346453266 ], [ 78.703394493960786, 19.781436386879818 ], [ 78.703543010701424, 19.780837459081511 ], [ 78.703707058733812, 19.780098721778643 ], [ 78.704083623760312, 19.778567454224685 ], [ 78.704350819534739, 19.777522799937341 ], [ 78.704450746804582, 19.776508204590016 ], [ 78.70454169074651, 19.775949393749556 ], [ 78.704593765989557, 19.775484982046354 ], [ 78.704684313330461, 19.774966783690161 ], [ 78.704817946291257, 19.774439955439618 ], [ 78.705007650182949, 19.774026363525934 ], [ 78.705399644877801, 19.773402362628985 ], [ 78.705821123845851, 19.772670188578392 ], [ 78.706110407869062, 19.772307081906376 ], [ 78.706288301863708, 19.772159679425727 ], [ 78.706840357896283, 19.771744551469911 ], [ 78.707138250230116, 19.771494266547226 ], [ 78.707531493183922, 19.771240397826148 ], [ 78.708072805016016, 19.770951520296482 ], [ 78.708709555601558, 19.770649962325933 ], [ 78.709633419246984, 19.770237870481367 ], [ 78.710337461604638, 19.769882676044688 ], [ 78.710787239539513, 19.769677703463291 ], [ 78.711261304565596, 19.769461662026121 ], [ 78.712518958782994, 19.769038847564786 ], [ 78.713428380215646, 19.768658951449481 ], [ 78.714055052099013, 19.768397165097156 ], [ 78.715537296708931, 19.767913050147172 ], [ 78.716533203310703, 19.767552373655221 ] ] ] } },
{ "type": "Feature", "properties": { "REGION": 1.0, "STATE.NAME": "Maharashtra", "DISTRICT.NAME": "Yavatmal", "DISTRICT.AREA": 13583.851744, "GRID_G0": "188085", "woodland": 0.046191373254027453, "maskWdl": 0.0, "cropland": 0.844517598383282, "maskCrp": 1.0, "one": 0.039310081855910645, "maskOne": 0.0, "GRID.AREA": 15.702060437650555, "REGION.AREA": 32202.066020262951 }, "geometry": { "type": "Polygon", "coordinates": [ [ [ 78.761534456541753, 19.774108730935556 ], [ 78.761534456541753, 19.806118479999224 ], [ 78.716533203310703, 19.806118434407253 ], [ 78.716533203310703, 19.767552373655221 ], [ 78.716828646724707, 19.767445374804254 ], [ 78.717771104752728, 19.767083106300394 ], [ 78.718655648239633, 19.76678796319402 ], [ 78.719176518481618, 19.766652415576569 ], [ 78.719700628980888, 19.766549060091112 ], [ 78.719725664308044, 19.766544123712382 ], [ 78.720350754283913, 19.766481600145763 ], [ 78.720870844813703, 19.766427267604346 ], [ 78.721761956948797, 19.766448073419898 ], [ 78.721762373334911, 19.766448120184638 ], [ 78.722289635957978, 19.766507101321739 ], [ 78.722328769057526, 19.766511478322112 ], [ 78.722775611605243, 19.766645982725947 ], [ 78.723390861199334, 19.767124949956553 ], [ 78.724162071222679, 19.76775852053936 ], [ 78.724538803523046, 19.768262542882098 ], [ 78.725154919164254, 19.769170167469323 ], [ 78.725654954812399, 19.770270955640115 ], [ 78.726013490230457, 19.771207979964341 ], [ 78.726466553388775, 19.772218038231923 ], [ 78.72690338468351, 19.773444630765141 ], [ 78.727316574600309, 19.774657514033095 ], [ 78.727584059057165, 19.775647881644488 ], [ 78.727806072892008, 19.776398857821107 ], [ 78.728094503458635, 19.777168413991149 ], [ 78.72831669535924, 19.777901291311593 ], [ 78.728643501796228, 19.778657667917116 ], [ 78.728844884284058, 19.779038340147338 ], [ 78.729212626961214, 19.779492659658558 ], [ 78.729505703425502, 19.779765777468693 ], [ 78.73004011835684, 19.780230432888231 ], [ 78.730513899197149, 19.780559307765888 ], [ 78.731885253801465, 19.781261006490293 ], [ 78.733280701243416, 19.78193129189566 ], [ 78.734183768066487, 19.782227514188492 ], [ 78.735053065346733, 19.782563970351017 ], [ 78.735548720397162, 19.782718519743927 ], [ 78.735548806732083, 19.782718517945288 ], [ 78.735989573460131, 19.782855964930892 ], [ 78.737127005407046, 19.783068339832088 ], [ 78.737941448539061, 19.783160711897381 ], [ 78.738885187201674, 19.783181952984819 ], [ 78.740072617857095, 19.78313753097234 ], [ 78.740964440456594, 19.783095097360899 ], [ 78.74192427878252, 19.782922385259894 ], [ 78.74308519742398, 19.782652125495247 ], [ 78.744065826276938, 19.782280910535633 ], [ 78.744755315805264, 19.781952623814561 ], [ 78.745478870753345, 19.781552398524415 ], [ 78.746125818751594, 19.781174125685428 ], [ 78.746917480257537, 19.780611823676793 ], [ 78.747652522246142, 19.780041229918876 ], [ 78.748725018644734, 19.778100010906826 ], [ 78.751726049117906, 19.774663151882976 ], [ 78.752886561265825, 19.774052736144885 ], [ 78.754634170630538, 19.773114321468825 ], [ 78.756386502335261, 19.772510033711111 ], [ 78.757087784673558, 19.772501103443229 ], [ 78.758994820454632, 19.772720844691264 ], [ 78.761302415174384, 19.773937669687768 ], [ 78.761534456541753, 19.774108730935556 ] ] ] } },
{ "type": "Feature", "properties": { "REGION": 1.0, "STATE.NAME": "Maharashtra", "DISTRICT.NAME": "Yavatmal", "DISTRICT.AREA": 13583.851744, "GRID_G0": "188086", "woodland": 0.041479716281673192, "maskWdl": 0.0, "cropland": 0.8407547695457982, "maskCrp": 1.0, "one": 0.060496817859005306, "maskOne": 0.0, "GRID.AREA": 17.414334328602209, "REGION.AREA": 32202.066020262951 }, "geometry": { "type": "Polygon", "coordinates": [ [ [ 78.79677291319534, 19.76111819462378 ], [ 78.806535721790198, 19.761117244962982 ], [ 78.806535721790198, 19.806118484939631 ], [ 78.761534456541753, 19.806118479999224 ], [ 78.761534456541753, 19.774108730935556 ], [ 78.765299895373914, 19.776884525000867 ], [ 78.769357643640376, 19.77868399736866 ], [ 78.771138015307201, 19.77938816473204 ], [ 78.773255173187749, 19.779614145476501 ], [ 78.777357888455867, 19.779864434895785 ], [ 78.780021843133625, 19.779275352875288 ], [ 78.782381221716093, 19.778414677395521 ], [ 78.786315105457788, 19.776531889135413 ], [ 78.790529423893872, 19.772248319304538 ], [ 78.79311319232005, 19.769737065912921 ], [ 78.793998039777762, 19.768877019958552 ], [ 78.795645124722796, 19.767271591610722 ], [ 78.795981412712081, 19.766102660909098 ], [ 78.796414727657634, 19.763366095868662 ], [ 78.79677291319534, 19.76111819462378 ] ] ] } },
{ "type": "Feature", "properties": { "REGION": 1.0, "STATE.NAME": "Maharashtra", "DISTRICT.NAME": "Yavatmal", "DISTRICT.AREA": 13583.851744, "GRID_G0": "188087", "woodland": 0.025829167695250028, "maskWdl": 0.0, "cropland": 0.59911867590588552, "maskCrp": 1.0, "one": 0.34689318014863002, "maskOne": 1.0, "GRID.AREA": 23.193698942786764, "REGION.AREA": 32202.066020262951 }, "geometry": { "type": "Polygon", "coordinates": [ [ [ 78.851532483715133, 19.766686970755096 ], [ 78.851532483715147, 19.806118441951476 ], [ 78.806535721790198, 19.806118484939631 ], [ 78.806535721790198, 19.761117244962982 ], [ 78.813901153557779, 19.761118014618766 ], [ 78.814734728924634, 19.76153700612798 ], [ 78.816933989512052, 19.761838181886617 ], [ 78.818514130722633, 19.761569485143696 ], [ 78.819076755344483, 19.761118375217041 ], [ 78.836305754712185, 19.761118503769303 ], [ 78.836449079161753, 19.761169568320952 ], [ 78.840978220568516, 19.761895940845022 ], [ 78.842690378658119, 19.76249202858429 ], [ 78.84622827021856, 19.763294320076852 ], [ 78.848128720264299, 19.764041305062221 ], [ 78.84941552960305, 19.764918224096785 ], [ 78.850794552726484, 19.76589774768297 ], [ 78.851532483715133, 19.766686970755096 ] ] ] } },
{ "type": "Feature", "properties": { "REGION": 1.0, "STATE.NAME": "Maharashtra", "DISTRICT.NAME": "Yavatmal", "DISTRICT.AREA": 13583.851744, "GRID_G0": "188088", "woodland": 0.058456222141931732, "maskWdl": 0.0, "cropland": 0.6923089060233113, "maskCrp": 1.0, "one": 0.21370468339878673, "maskOne": 0.0, "GRID.AREA": 20.832216228598583, "REGION.AREA": 32202.066020262951 }, "geometry": { "type": "Polygon", "coordinates": [ [ [ 78.881436004519927, 19.761118504147611 ], [ 78.896533706099333, 19.761117253249076 ], [ 78.896533706099333, 19.806118475232427 ], [ 78.851532483715147, 19.806118441951476 ], [ 78.851532483715133, 19.766686970755096 ], [ 78.852016164814188, 19.767204265664361 ], [ 78.853115390862683, 19.768625332992769 ], [ 78.853649762626503, 19.769263752720068 ], [ 78.854697762391893, 19.770121146573729 ], [ 78.85580426485501, 19.770734010266438 ], [ 78.857636340344868, 19.771039477589852 ], [ 78.858891244435426, 19.771031934975895 ], [ 78.861526961300285, 19.770821231914397 ], [ 78.863527353904317, 19.77056923917911 ], [ 78.864935097776609, 19.770257196012835 ], [ 78.86742031219768, 19.769226799577208 ], [ 78.868990157969449, 19.768578635695523 ], [ 78.870428476093366, 19.768067654398802 ], [ 78.871695208966798, 19.767897360574807 ], [ 78.873674524160037, 19.767835003382739 ], [ 78.87558573369472, 19.767687936349205 ], [ 78.877310323112965, 19.767502497042642 ], [ 78.878943781530324, 19.766957255173224 ], [ 78.880293746659163, 19.765968804916444 ], [ 78.881144128498761, 19.765072880509077 ], [ 78.881450560794804, 19.764179476002084 ], [ 78.881698531761913, 19.762560279933041 ], [ 78.881549952068667, 19.761551168651579 ], [ 78.881436004519927, 19.761118504147611 ] ] ] } },
{ "type": "Feature", "properties": { "REGION": 1.0, "STATE.NAME": "Maharashtra", "DISTRICT.NAME": "Yavatmal", "DISTRICT.AREA": 13583.851744, "GRID_G0": "188089", "woodland": 0.019091880343540528, "maskWdl": 0.0, "cropland": 0.74695248609285247, "maskCrp": 1.0, "one": 0.21045185379883016, "maskOne": 0.0, "GRID.AREA": 22.984241051103904, "REGION.AREA": 32202.066020262951 }, "geometry": { "type": "Polygon", "coordinates": [ [ [ 78.941534957368745, 19.786337773964831 ], [ 78.941534957368745, 19.806118491949306 ], [ 78.896533706099333, 19.806118475232427 ], [ 78.896533706099333, 19.761117253249076 ], [ 78.941534957368745, 19.761117176933901 ], [ 78.941534957368745, 19.768262396528865 ], [ 78.941299760375671, 19.768520080837106 ], [ 78.940039865047765, 19.770076392711417 ], [ 78.938644488652301, 19.772455959275138 ], [ 78.938003790042956, 19.773940784040008 ], [ 78.937455347486377, 19.77552798762656 ], [ 78.937230460317551, 19.777061085300886 ], [ 78.93744037287496, 19.777992675022006 ], [ 78.937806012037868, 19.779445554968447 ], [ 78.937999166628288, 19.780061559093721 ], [ 78.938192154844117, 19.780677039813611 ], [ 78.938743104710568, 19.782375668502368 ], [ 78.939177288401197, 19.783317683164572 ], [ 78.939704194892727, 19.784380271732232 ], [ 78.940103783462916, 19.784925447951139 ], [ 78.940700967475721, 19.785598928647687 ], [ 78.941534957368745, 19.786337773964831 ] ] ] } },
{ "type": "Feature", "properties": { "REGION": 1.0, "STATE.NAME": "Maharashtra", "DISTRICT.NAME": "Yavatmal", "DISTRICT.AREA": 13583.851744, "GRID_G0": "188090", "woodland": 0.03467398588034367, "maskWdl": 0.0, "cropland": 0.83725738589288667, "maskCrp": 1.0, "one": 0.084124817742829677, "maskOne": 0.0, "GRID.AREA": 2.5158391109048468, "REGION.AREA": 32202.066020262951 }, "geometry": { "type": "MultiPolygon", "coordinates": [ [ [ [ 78.965536135284722, 19.806119897494209 ], [ 78.941534957368745, 19.806118491949306 ], [ 78.941534957368745, 19.786337773964831 ], [ 78.941779739343531, 19.786554628293516 ], [ 78.943113870109073, 19.787664854849194 ], [ 78.943872297168809, 19.788268442035022 ], [ 78.944772978090498, 19.788806783406358 ], [ 78.945396159705069, 19.789303821614112 ], [ 78.945711848722908, 19.7896604774491 ], [ 78.94578772182598, 19.790255261171406 ], [ 78.945984059117109, 19.791232056214483 ], [ 78.946312630923217, 19.791814389722333 ], [ 78.946673183520659, 19.792612890572514 ], [ 78.947133201136353, 19.793355858286304 ], [ 78.947287732542861, 19.793590173048074 ], [ 78.947587531439467, 19.794044755161394 ], [ 78.948188295653381, 19.794939232559557 ], [ 78.948875204127432, 19.795855175875715 ], [ 78.949761632593322, 19.797016586446375 ], [ 78.950610928951278, 19.7979392773758 ], [ 78.951049144302601, 19.798348616395572 ], [ 78.951487364150594, 19.798757768356378 ], [ 78.952725277349714, 19.799499133478264 ], [ 78.953710287699664, 19.799932531161456 ], [ 78.954623033026621, 19.800321674106041 ], [ 78.955494048011985, 19.800783663035645 ], [ 78.956372617302534, 19.801435086959771 ], [ 78.95789601129195, 19.802425231539242 ], [ 78.958821782399411, 19.803039848909975 ], [ 78.960485726934792, 19.804163459176323 ], [ 78.961842136605355, 19.804848975499851 ], [ 78.963680590986542, 19.805523323142893 ], [ 78.965536135284722, 19.806119897494209 ] ] ], [ [ [ 78.941534957368745, 19.768262396528865 ], [ 78.941534957368745, 19.761117176933901 ], [ 78.948684526042683, 19.761117932275429 ], [ 78.94847376565184, 19.761475727223058 ], [ 78.947853709181402, 19.762738906875082 ], [ 78.947541794618189, 19.763246512116893 ], [ 78.947540469916817, 19.763248668691176 ], [ 78.947540413259503, 19.763248653402684 ], [ 78.947229773035644, 19.763753967171908 ], [ 78.94654686384672, 19.764652461841706 ], [ 78.945455642663831, 19.765376046467395 ], [ 78.944230900935395, 19.766105934441384 ], [ 78.943388764080282, 19.766577760155542 ], [ 78.942501235743464, 19.767203719775917 ], [ 78.941534957368745, 19.768262396528865 ] ] ] ] } },
{ "type": "Feature", "properties": { "REGION": 1.0, "STATE.NAME": "Maharashtra", "DISTRICT.NAME": "Yavatmal", "DISTRICT.AREA": 13583.851744, "GRID_G0": "188091", "woodland": 0.038608741155470062, "maskWdl": 0.0, "cropland": 0.89011543734388432, "maskCrp": 1.0, "one": 0.026603643123067653, "maskOne": 0.0, "GRID.AREA": 0.87759214961697751, "REGION.AREA": 32202.066020262951 }, "geometry": { "type": "MultiPolygon", "coordinates": [ [ [ [ 79.031198917608663, 19.806118533440532 ], [ 79.011991838795055, 19.806119878491408 ], [ 79.012039993650831, 19.806088123468157 ], [ 79.013238172104025, 19.805297991708986 ], [ 79.013241085907453, 19.805296069857775 ], [ 79.014678746626885, 19.804142584113038 ], [ 79.014918449227082, 19.803890539217036 ], [ 79.015214008719568, 19.803579757799639 ], [ 79.015404642510305, 19.803338458902829 ], [ 79.016126528316704, 19.802424713529778 ], [ 79.016843523609793, 19.801579384081379 ], [ 79.017010315473726, 19.801411469863467 ], [ 79.01741199676627, 19.80100708520888 ], [ 79.01840563970859, 19.800237428314684 ], [ 79.018718141529064, 19.799995368591453 ], [ 79.018911266441876, 19.799940804024917 ], [ 79.01912207292537, 19.799881243724485 ], [ 79.019299788854255, 19.799852381782049 ], [ 79.019883829275386, 19.799757529386508 ], [ 79.021649050063672, 19.79979602486668 ], [ 79.02175549651902, 19.799798346916251 ], [ 79.021988223977417, 19.799824858930151 ], [ 79.023233043070547, 19.799966664929684 ], [ 79.023409811113936, 19.799999113368415 ], [ 79.024099516479566, 19.80012571902677 ], [ 79.025099617453463, 19.800585298672672 ], [ 79.025494337993337, 19.800901852838312 ], [ 79.025945607903566, 19.801263753519436 ], [ 79.026510252646119, 19.801955248535933 ], [ 79.02677540695953, 19.80243681120993 ], [ 79.027247462000844, 19.803294132218472 ], [ 79.027500040194752, 19.803794943981529 ], [ 79.027548064891334, 19.803890169595718 ], [ 79.027767094775641, 19.804157813232568 ], [ 79.027877909238157, 19.804201583236534 ], [ 79.028550068830683, 19.80446708288963 ], [ 79.029768339936993, 19.804837730377017 ], [ 79.0304093065443, 19.805225645746987 ], [ 79.030949094924836, 19.805836037203392 ], [ 79.031198917608663, 19.806118533440532 ] ] ], [ [ [ 78.99328981033419, 19.806119215796034 ], [ 78.986899075886285, 19.806118543218513 ], [ 78.987384775786836, 19.805980639195184 ], [ 78.988307991920351, 19.805800846731756 ], [ 78.989554356048757, 19.805846722947933 ], [ 78.990112603014268, 19.805845735492372 ], [ 78.990351465647677, 19.805845314609652 ], [ 78.990370107694389, 19.805845285831307 ], [ 78.99037014906321, 19.805845284931991 ], [ 78.990391627571626, 19.805845241764533 ], [ 78.990666372255305, 19.805844757929265 ], [ 78.991057561157561, 19.805844538494682 ], [ 78.99134415980518, 19.805844377516056 ], [ 78.991663281535295, 19.805861853142066 ], [ 78.992199228011998, 19.805891203416369 ], [ 78.993003952170739, 19.806078513312798 ], [ 78.99328981033419, 19.806119215796034 ] ] ] ] } },
{ "type": "Feature", "properties": { "REGION": 1.0, "STATE.NAME": "Maharashtra", "DISTRICT.NAME": "Yavatmal", "DISTRICT.AREA": 13583.851744, "GRID_G0": "187409", "woodland": 0.17410359706121123, "maskWdl": 0.0, "cropland": 0.57330973978485522, "maskCrp": 1.0, "one": 0.24252938385881537, "maskOne": 0.0, "GRID.AREA": 23.567952634647686, "REGION.AREA": 32202.066020262951 }, "geometry": { "type": "Polygon", "coordinates": [ [ [ 77.546531976600761, 19.716115952252654 ], [ 77.591533190519684, 19.716115966249394 ], [ 77.591533190519684, 19.761117181317211 ], [ 77.546531976600761, 19.76111721999958 ], [ 77.546531976600761, 19.716115952252654 ] ] ] } },
{ "type": "Feature", "properties": { "REGION": 1.0, "STATE.NAME": "Maharashtra", "DISTRICT.NAME": "Yavatmal", "DISTRICT.AREA": 13583.851744, "GRID_G0": "187412", "woodland": 0.068851028941774084, "maskWdl": 0.0, "cropland": 0.78617372595355861, "maskCrp": 1.0, "one": 0.13498886479198968, "maskOne": 0.0, "GRID.AREA": 23.567946893098732, "REGION.AREA": 32202.066020262951 }, "geometry": { "type": "Polygon", "coordinates": [ [ [ 77.681531217347981, 19.716115961534079 ], [ 77.726532454914178, 19.716116000185824 ], [ 77.726532454914178, 19.761117192230479 ], [ 77.681531217347981, 19.761117183085933 ], [ 77.681531217347981, 19.716115961534079 ] ] ] } },
{ "type": "Feature", "properties": { "REGION": 1.0, "STATE.NAME": "Maharashtra", "DISTRICT.NAME": "Yavatmal", "DISTRICT.AREA": 13583.851744, "GRID_G0": "187413", "woodland": 0.15374656596321792, "maskWdl": 0.0, "cropland": 0.5506255864380899, "maskCrp": 1.0, "one": 0.27483724605584203, "maskOne": 0.0, "GRID.AREA": 23.567965973059746, "REGION.AREA": 32202.066020262951 }, "geometry": { "type": "Polygon", "coordinates": [ [ [ 77.726532454914178, 19.716116000185824 ], [ 77.771533724775892, 19.716115946363981 ], [ 77.771533724775892, 19.761117176185181 ], [ 77.726532454914178, 19.761117192230479 ], [ 77.726532454914178, 19.716116000185824 ] ] ] } },
{ "type": "Feature", "properties": { "REGION": 1.0, "STATE.NAME": "Maharashtra", "DISTRICT.NAME": "Yavatmal", "DISTRICT.AREA": 13583.851744, "GRID_G0": "187415", "woodland": 0.11527561169439775, "maskWdl": 0.0, "cropland": 0.75267626120406439, "maskCrp": 1.0, "one": 0.10912597277249615, "maskOne": 0.0, "GRID.AREA": 23.077580492186126, "REGION.AREA": 32202.066020262951 }, "geometry": { "type": "Polygon", "coordinates": [ [ [ 77.861246645094596, 19.761117269287826 ], [ 77.816535009901216, 19.761117231561666 ], [ 77.816535009901216, 19.716115985943503 ], [ 77.861531757373555, 19.716115995042735 ], [ 77.861531757373555, 19.743556562157007 ], [ 77.860479501327973, 19.744599658547433 ], [ 77.859625428670654, 19.745828187321024 ], [ 77.858384902041678, 19.748348487892429 ], [ 77.857454371721929, 19.750322264161184 ], [ 77.857598824426248, 19.750900330386003 ], [ 77.857629691856857, 19.751063241675297 ], [ 77.858231723215511, 19.75322212090418 ], [ 77.859218928810549, 19.756474382386898 ], [ 77.860163310488417, 19.758823268579022 ], [ 77.861246645094596, 19.761117269287826 ] ] ] } },
{ "type": "Feature", "properties": { "REGION": 1.0, "STATE.NAME": "Maharashtra", "DISTRICT.NAME": "Yavatmal", "DISTRICT.AREA": 13583.851744, "GRID_G0": "187416", "woodland": 0.15276651562797458, "maskWdl": 0.0, "cropland": 0.66942733438381985, "maskCrp": 1.0, "one": 0.11930371363147833, "maskOne": 0.0, "GRID.AREA": 10.083416273869984, "REGION.AREA": 32202.066020262951 }, "geometry": { "type": "Polygon", "coordinates": [ [ [ 77.861531757373555, 19.743556562157007 ], [ 77.861531757373555, 19.716115995042735 ], [ 77.906533022918595, 19.716115976627144 ], [ 77.906533022918595, 19.732082587960804 ], [ 77.905754138542704, 19.732416140792338 ], [ 77.902448586832861, 19.733500715085995 ], [ 77.900345063573866, 19.733839781081087 ], [ 77.899142946989457, 19.733632125822002 ], [ 77.897945453819716, 19.733112832990916 ], [ 77.89668594969686, 19.73179403296831 ], [ 77.895841518671205, 19.730475126825699 ], [ 77.894801412255447, 19.728329741924085 ], [ 77.89357047239946, 19.727038067253034 ], [ 77.892015439361103, 19.725949642062407 ], [ 77.891123397326965, 19.725665181103295 ], [ 77.890646417598134, 19.725624506565794 ], [ 77.890155189010841, 19.725638120502936 ], [ 77.889186924037347, 19.72616661879448 ], [ 77.887832237467819, 19.727381828608543 ], [ 77.885652532638346, 19.729947481990735 ], [ 77.883577641095314, 19.731822115198501 ], [ 77.881016188446381, 19.733692087220106 ], [ 77.879923860198062, 19.734803374076481 ], [ 77.879265540272513, 19.735747356455363 ], [ 77.878883997498519, 19.737526991577457 ], [ 77.878449918129263, 19.740119672285118 ], [ 77.87789176829051, 19.741542460016543 ], [ 77.877057082318572, 19.742716868488742 ], [ 77.876212619816613, 19.743724164938332 ], [ 77.875268127522133, 19.74405839078219 ], [ 77.874218666358445, 19.744243531513803 ], [ 77.873698583922589, 19.744230029092591 ], [ 77.872300862994507, 19.743620270758921 ], [ 77.869662848361827, 19.742554135265152 ], [ 77.867182213288572, 19.741650652056023 ], [ 77.865731996234672, 19.741474454182764 ], [ 77.864577622859088, 19.741569159988781 ], [ 77.863384953652769, 19.742097496402383 ], [ 77.862201786683158, 19.742892354998222 ], [ 77.861531757373555, 19.743556562157007 ] ] ] } },
{ "type": "Feature", "properties": { "REGION": 1.0, "STATE.NAME": "Maharashtra", "DISTRICT.NAME": "Yavatmal", "DISTRICT.AREA": 13583.851744, "GRID_G0": "187417", "woodland": 0.22685153539365996, "maskWdl": 0.0, "cropland": 0.62853811246282787, "maskCrp": 1.0, "one": 0.11002866002590826, "maskOne": 0.0, "GRID.AREA": 9.0794031738550949, "REGION.AREA": 32202.066020262951 }, "geometry": { "type": "Polygon", "coordinates": [ [ [ 77.906533022918595, 19.732082587960804 ], [ 77.906533022918595, 19.716115976627144 ], [ 77.951534251315636, 19.716115984006311 ], [ 77.951534251315636, 19.726241084599462 ], [ 77.950081155620865, 19.728243529315478 ], [ 77.948851107892381, 19.729409367248536 ], [ 77.947296611749266, 19.730652133189437 ], [ 77.945737214301062, 19.731763965934306 ], [ 77.943347778577163, 19.732668117339813 ], [ 77.941516486396779, 19.733648971023232 ], [ 77.93944190332121, 19.734891904238058 ], [ 77.937539157306333, 19.736103010445618 ], [ 77.936065367222966, 19.736934659407041 ], [ 77.93420543972934, 19.738046437293292 ], [ 77.932412035986715, 19.738765089137591 ], [ 77.931997042929254, 19.738860122296842 ], [ 77.930909461302633, 19.739077198853693 ], [ 77.929273084585247, 19.738793171367831 ], [ 77.927302826464313, 19.738174859582159 ], [ 77.923833996541759, 19.735691629964773 ], [ 77.922340514902885, 19.734436307689521 ], [ 77.921142958780607, 19.733429263949404 ], [ 77.918657136417778, 19.731410848032287 ], [ 77.916524524587203, 19.72998856392115 ], [ 77.915217263765783, 19.729108033209233 ], [ 77.91420601119853, 19.728927528482703 ], [ 77.912684423947042, 19.729212443599465 ], [ 77.911315507404822, 19.729885701264148 ], [ 77.908887927835679, 19.731074084301611 ], [ 77.906533022918595, 19.732082587960804 ] ] ] } },
{ "type": "Feature", "properties": { "REGION": 1.0, "STATE.NAME": "Maharashtra", "DISTRICT.NAME": "Yavatmal", "DISTRICT.AREA": 13583.851744, "GRID_G0": "187418", "woodland": 0.25048605078683672, "maskWdl": 0.0, "cropland": 0.63240610146095444, "maskCrp": 1.0, "one": 0.10303702722896806, "maskOne": 0.0, "GRID.AREA": 0.45256336577825657, "REGION.AREA": 32202.066020262951 }, "geometry": { "type": "Polygon", "coordinates": [ [ [ 77.951534251315636, 19.726241084599462 ], [ 77.951534251315636, 19.716115984006311 ], [ 77.958522545016365, 19.716116722357878 ], [ 77.958465469405951, 19.716252168802615 ], [ 77.957212280322551, 19.71876408859185 ], [ 77.954795785796932, 19.722143794800335 ], [ 77.953017777548439, 19.724574600237649 ], [ 77.951582786016843, 19.726174200079299 ], [ 77.951534251315636, 19.726241084599462 ] ] ] } },
{ "type": "Feature", "properties": { "REGION": 1.0, "STATE.NAME": "Maharashtra", "DISTRICT.NAME": "Yavatmal", "DISTRICT.AREA": 13583.851744, "GRID_G0": "187436", "woodland": 0.035839393956603835, "maskWdl": 0.0, "cropland": 0.90254091337934328, "maskCrp": 1.0, "one": 0.023127822632351549, "maskOne": 0.0, "GRID.AREA": 0.42277823326680281, "REGION.AREA": 32202.066020262951 }, "geometry": { "type": "Polygon", "coordinates": [ [ [ 78.806535721790198, 19.756796041744522 ], [ 78.806535721790198, 19.761117244962982 ], [ 78.79677291319534, 19.76111819462378 ], [ 78.796948784658753, 19.760014436816846 ], [ 78.798857039021186, 19.75832868282248 ], [ 78.80217607246783, 19.756539147963338 ], [ 78.804366852448311, 19.756258249218892 ], [ 78.806535721790198, 19.756796041744522 ] ] ] } },
{ "type": "Feature", "properties": { "REGION": 1.0, "STATE.NAME": "Maharashtra", "DISTRICT.NAME": "Yavatmal", "DISTRICT.AREA": 13583.851744, "GRID_G0": "187437", "woodland": 0.051423146695284687, "maskWdl": 0.0, "cropland": 0.77648293848429295, "maskCrp": 1.0, "one": 0.14027342390397052, "maskOne": 0.0, "GRID.AREA": 0.75626601246973335, "REGION.AREA": 32202.066020262951 }, "geometry": { "type": "MultiPolygon", "coordinates": [ [ [ [ 78.836305754712185, 19.761118503769303 ], [ 78.819076755344483, 19.761118375217041 ], [ 78.819990452397519, 19.760385767788989 ], [ 78.82155028331897, 19.75869989778209 ], [ 78.824352765068113, 19.755855884441587 ], [ 78.825455494875257, 19.755236744380287 ], [ 78.825893190418469, 19.755149788032327 ], [ 78.827913290765821, 19.756590608070155 ], [ 78.831315484522065, 19.758907204104219 ], [ 78.833528137813346, 19.760128847668227 ], [ 78.836305754712185, 19.761118503769303 ] ] ], [ [ [ 78.813901153557779, 19.761118014618766 ], [ 78.806535721790198, 19.761117244962982 ], [ 78.806535721790198, 19.756796041744522 ], [ 78.806928618061306, 19.756893461064408 ], [ 78.811985570677621, 19.760155135750949 ], [ 78.813901153557779, 19.761118014618766 ] ] ] ] } },
{ "type": "Feature", "properties": { "REGION": 1.0, "STATE.NAME": "Maharashtra", "DISTRICT.NAME": "Yavatmal", "DISTRICT.AREA": 13583.851744, "GRID_G0": "187438", "woodland": 0.042310807940070035, "maskWdl": 0.0, "cropland": 0.75341965037325265, "maskCrp": 1.0, "one": 0.17415395810366768, "maskOne": 0.0, "GRID.AREA": 3.2730908859113526, "REGION.AREA": 32202.066020262951 }, "geometry": { "type": "Polygon", "coordinates": [ [ [ 78.896533706099333, 19.738741956919579 ], [ 78.896533706099333, 19.761117253249076 ], [ 78.881436004519927, 19.761118504147611 ], [ 78.881211144179019, 19.760264691162604 ], [ 78.880822074978823, 19.7584913926637 ], [ 78.880251981243987, 19.757045499550198 ], [ 78.879537244148537, 19.754865819901738 ], [ 78.878761889149928, 19.75308860215733 ], [ 78.878583380019066, 19.752630584633835 ], [ 78.878578326728473, 19.752296635781192 ], [ 78.878574057646688, 19.752007807714222 ], [ 78.878440631529998, 19.750747513986656 ], [ 78.878474205919929, 19.749801258121639 ], [ 78.878503250424728, 19.749751859260929 ], [ 78.878640362862541, 19.749315060341814 ], [ 78.878819720953402, 19.748955398073235 ], [ 78.879359627145107, 19.748223839158925 ], [ 78.879716424173694, 19.747743673132049 ], [ 78.879956666367093, 19.747506308769175 ], [ 78.880277654190422, 19.747314665939143 ], [ 78.880746147017135, 19.747146645601276 ], [ 78.881066224726567, 19.747063327910325 ], [ 78.881438515275306, 19.747002913253876 ], [ 78.881733773494886, 19.747032241045133 ], [ 78.882190069715989, 19.747184620373954 ], [ 78.882841239131949, 19.747406087421041 ], [ 78.883388036828478, 19.747563645046228 ], [ 78.883759346216891, 19.747620555044648 ], [ 78.884107010630089, 19.747650181410791 ], [ 78.884488492250171, 19.74763953613575 ], [ 78.884956339363612, 19.747548314303287 ], [ 78.885444110956996, 19.747348815895176 ], [ 78.886392459544425, 19.746800849079992 ], [ 78.887572080487189, 19.74594771351622 ], [ 78.889040890125045, 19.74470861141333 ], [ 78.890913163511755, 19.743097895051847 ], [ 78.892018551714841, 19.74199149241349 ], [ 78.893243775479903, 19.740813663819555 ], [ 78.894318352909693, 19.739977798836382 ], [ 78.895329493061695, 19.73931282033044 ], [ 78.895553162548481, 19.739196875235674 ], [ 78.895702866394231, 19.739119276333611 ], [ 78.896076218143037, 19.73892575032318 ], [ 78.896533706099333, 19.738741956919579 ] ] ] } },
{ "type": "Feature", "properties": { "REGION": 1.0, "STATE.NAME": "Maharashtra", "DISTRICT.NAME": "Yavatmal", "DISTRICT.AREA": 13583.851744, "GRID_G0": "187439", "woodland": 0.051913750113436033, "maskWdl": 0.0, "cropland": 0.65266222668292151, "maskCrp": 1.0, "one": 0.24851867582593493, "maskOne": 0.0, "GRID.AREA": 8.952931474465597, "REGION.AREA": 32202.066020262951 }, "geometry": { "type": "Polygon", "coordinates": [ [ [ 78.941534957368745, 19.748042772089409 ], [ 78.941534957368745, 19.761117176933901 ], [ 78.896533706099333, 19.761117253249076 ], [ 78.896533706099333, 19.738741956919579 ], [ 78.897013535646252, 19.738549186196053 ], [ 78.898657862370499, 19.737974703769623 ], [ 78.899426706277552, 19.737786341666379 ], [ 78.900329027562634, 19.73760346542764 ], [ 78.901334977727132, 19.737574795040814 ], [ 78.903561293518919, 19.737510105007406 ], [ 78.904090095781328, 19.737541020102075 ], [ 78.904904016407272, 19.737664446656936 ], [ 78.905560449555139, 19.737822729135701 ], [ 78.906867455868451, 19.738274585403872 ], [ 78.907504205554687, 19.738502637286956 ], [ 78.908141054166379, 19.738730780001561 ], [ 78.909757995635061, 19.73916246807352 ], [ 78.910418606133817, 19.739392979602371 ], [ 78.911173328886093, 19.739768527495585 ], [ 78.911524356763721, 19.739978756614391 ], [ 78.911704135737352, 19.740138022951442 ], [ 78.912108529385193, 19.740813390425668 ], [ 78.912382762354639, 19.741659352097486 ], [ 78.912683187179425, 19.742221124405432 ], [ 78.913153411201051, 19.743000801545804 ], [ 78.913333182080748, 19.743173663833545 ], [ 78.913550955612152, 19.743351306917308 ], [ 78.914087456970606, 19.74360790957741 ], [ 78.915321724318176, 19.744208199848575 ], [ 78.916446884116453, 19.744753470496335 ], [ 78.918541202814311, 19.745698505981295 ], [ 78.920236673084048, 19.746441958429671 ], [ 78.922227637195761, 19.747201228154211 ], [ 78.923297346595348, 19.747529383574257 ], [ 78.924020904241388, 19.74765205289998 ], [ 78.926329722938419, 19.748002843356574 ], [ 78.928137931320521, 19.748372501589699 ], [ 78.928932956290964, 19.748491159039812 ], [ 78.930657661721796, 19.748589492710948 ], [ 78.932865173588937, 19.748506216388822 ], [ 78.936160501805773, 19.748286440067201 ], [ 78.937777852465956, 19.748095037356165 ], [ 78.938669711937735, 19.748033782732936 ], [ 78.939051966075453, 19.748031963404461 ], [ 78.940175929775421, 19.748026614236892 ], [ 78.941367494614269, 19.748035290895988 ], [ 78.941534957368745, 19.748042772089409 ] ] ] } },
{ "type": "Feature", "properties": { "REGION": 1.0, "STATE.NAME": "Maharashtra", "DISTRICT.NAME": "Yavatmal", "DISTRICT.AREA": 13583.851744, "GRID_G0": "187440", "woodland": 0.030936234851294576, "maskWdl": 0.0, "cropland": 0.81991380479174192, "maskCrp": 1.0, "one": 0.1158561066576628, "maskOne": 0.0, "GRID.AREA": 1.3751811626178605, "REGION.AREA": 32202.066020262951 }, "geometry": { "type": "Polygon", "coordinates": [ [ [ 78.948684526042683, 19.761117932275429 ], [ 78.941534957368745, 19.761117176933901 ], [ 78.941534957368745, 19.748042772089409 ], [ 78.943173277524807, 19.748115953788272 ], [ 78.943305763849992, 19.748127793363036 ], [ 78.944602150968535, 19.74824362963983 ], [ 78.945364794050079, 19.748341744775757 ], [ 78.945940130832412, 19.748415760778816 ], [ 78.946204348951596, 19.74849155294288 ], [ 78.946762872908323, 19.748651765366731 ], [ 78.946895682989464, 19.748694265528002 ], [ 78.947642418862586, 19.748933467205802 ], [ 78.948688359180508, 19.749270369432054 ], [ 78.949486857332658, 19.74954238916996 ], [ 78.949780857400697, 19.749734024805434 ], [ 78.950145421873799, 19.750047998816115 ], [ 78.950414876745242, 19.750325280487345 ], [ 78.950603226257954, 19.75063635508377 ], [ 78.951215636692325, 19.751372724471707 ], [ 78.951655899800016, 19.752391344285169 ], [ 78.95184131212693, 19.753287060949159 ], [ 78.951917783279157, 19.754856723259195 ], [ 78.951771993282932, 19.75655134906555 ], [ 78.951431705109144, 19.757702478586566 ], [ 78.950893662312694, 19.75871181200057 ], [ 78.950066392150347, 19.759535606283237 ], [ 78.949176039942358, 19.7602835121744 ], [ 78.948684526042683, 19.761117932275429 ] ] ] } },
{ "type": "Feature", "properties": { "REGION": 1.0, "STATE.NAME": "Maharashtra", "DISTRICT.NAME": "Yavatmal", "DISTRICT.AREA": 13583.851744, "GRID_G0": "186756", "woodland": 0.12507479646710301, "maskWdl": 0.0, "cropland": 0.64776462092423348, "maskCrp": 1.0, "one": 0.21873286737126788, "maskOne": 0.0, "GRID.AREA": 3.9057422748109176, "REGION.AREA": 32202.066020262951 }, "geometry": { "type": "Polygon", "coordinates": [ [ [ 77.456533885822068, 19.683625562469974 ], [ 77.456533885822068, 19.716115924620336 ], [ 77.440560051367171, 19.716117216811629 ], [ 77.440623513664264, 19.715725722763921 ], [ 77.440728524801614, 19.714925666986005 ], [ 77.4409262623372, 19.714486602674636 ], [ 77.441339090726501, 19.714105090477574 ], [ 77.442028693569398, 19.713767301519795 ], [ 77.443614823365465, 19.713397696346647 ], [ 77.444328599984942, 19.713109385389885 ], [ 77.444993444491899, 19.712604555455925 ], [ 77.445446817017057, 19.711847886570752 ], [ 77.445742958370886, 19.710297224237536 ], [ 77.445615920138664, 19.70896553423205 ], [ 77.445772610817414, 19.706421967300003 ], [ 77.446264376300007, 19.704874766457348 ], [ 77.446737316274209, 19.704197085926808 ], [ 77.447210233765361, 19.703519426080675 ], [ 77.448388385215878, 19.70191885766917 ], [ 77.448716446207072, 19.700923506914364 ], [ 77.448486003926007, 19.699863437347801 ], [ 77.448167192461995, 19.699183111011795 ], [ 77.447093171712538, 19.698217724768256 ], [ 77.444991997482759, 19.696932633134566 ], [ 77.443689726999366, 19.696063279197006 ], [ 77.443269709429629, 19.69560249086231 ], [ 77.442849714342913, 19.695141769976768 ], [ 77.442199654690342, 19.69407475314739 ], [ 77.441816798906189, 19.69303806325604 ], [ 77.441787963044135, 19.6921890438893 ], [ 77.442044142123521, 19.691149017513226 ], [ 77.442605578085022, 19.690111764646247 ], [ 77.443168934099106, 19.689404247308232 ], [ 77.444020324078735, 19.689015947028395 ], [ 77.44591249136846, 19.688820766265394 ], [ 77.448110935371403, 19.688818277841278 ], [ 77.449845932643711, 19.688673551743079 ], [ 77.451466868001603, 19.687775279205823 ], [ 77.452795917597598, 19.686711454969728 ], [ 77.45509283286799, 19.684824960603521 ], [ 77.456533885822068, 19.683625562469974 ] ] ] } },
{ "type": "Feature", "properties": { "REGION": 1.0, "STATE.NAME": "Maharashtra", "DISTRICT.NAME": "Yavatmal", "DISTRICT.AREA": 13583.851744, "GRID_G0": "186757", "woodland": 0.12710698087208855, "maskWdl": 0.0, "cropland": 0.72479884978977194, "maskCrp": 1.0, "one": 0.12054228932711679, "maskOne": 0.0, "GRID.AREA": 18.719249296445231, "REGION.AREA": 32202.066020262951 }, "geometry": { "type": "Polygon", "coordinates": [ [ [ 77.501530685759349, 19.678026263239641 ], [ 77.501530685759349, 19.716115982399121 ], [ 77.456533885822068, 19.716115924620336 ], [ 77.456533885822068, 19.683625562469974 ], [ 77.457337331152985, 19.682956836688732 ], [ 77.458144431320534, 19.682342756213302 ], [ 77.460007954303705, 19.681352797793409 ], [ 77.462533589653503, 19.681059250983708 ], [ 77.464225900604902, 19.680964449849515 ], [ 77.466210039761563, 19.681353814027318 ], [ 77.467429485382524, 19.681593103838736 ], [ 77.470625513156961, 19.682560449705022 ], [ 77.472513038146246, 19.683187083816904 ], [ 77.474156073444078, 19.68362079986008 ], [ 77.47574866127178, 19.683598600994685 ], [ 77.477579385979936, 19.682726036477447 ], [ 77.478091324155344, 19.682217476155643 ], [ 77.478554344607403, 19.681514932068524 ], [ 77.478293663521811, 19.680206504826401 ], [ 77.478295267013038, 19.67912573016838 ], [ 77.47829549094422, 19.678923944784287 ], [ 77.479192248123809, 19.678173902103932 ], [ 77.48057434512998, 19.677593176583851 ], [ 77.482012820635248, 19.676988744934704 ], [ 77.483416787354884, 19.677324301775172 ], [ 77.484972681943759, 19.678318413264204 ], [ 77.486071377392193, 19.678628565156203 ], [ 77.487785528379504, 19.67899404603844 ], [ 77.489556990462802, 19.679381793235219 ], [ 77.492351004195541, 19.67933780379667 ], [ 77.492646775928051, 19.679333052678317 ], [ 77.495739807945824, 19.679018010273012 ], [ 77.495836405026125, 19.67902429743344 ], [ 77.495836409522724, 19.679024230883613 ], [ 77.498745163258718, 19.679213615516002 ], [ 77.499631020655158, 19.679116782813306 ], [ 77.50010229598422, 19.678992206924875 ], [ 77.50062051772278, 19.678722772737839 ], [ 77.501375112771314, 19.678149576341923 ], [ 77.501530685759349, 19.678026263239641 ] ] ] } },
{ "type": "Feature", "properties": { "REGION": 1.0, "STATE.NAME": "Maharashtra", "DISTRICT.NAME": "Yavatmal", "DISTRICT.AREA": 13583.851744, "GRID_G0": "186758", "woodland": 0.11486403018289934, "maskWdl": 0.0, "cropland": 0.70542547038020265, "maskCrp": 1.0, "one": 0.16888877721890191, "maskOne": 0.0, "GRID.AREA": 23.17854439256655, "REGION.AREA": 32202.066020262951 }, "geometry": { "type": "Polygon", "coordinates": [ [ [ 77.515443452288878, 19.671115900926896 ], [ 77.546531976600761, 19.671114764455439 ], [ 77.546531976600761, 19.716115952252654 ], [ 77.501530685759349, 19.716115982399121 ], [ 77.501530685759349, 19.678026263239641 ], [ 77.502006399076095, 19.677649192656187 ], [ 77.502209997493424, 19.677422249637178 ], [ 77.502545298027144, 19.676896490680576 ], [ 77.502856360932356, 19.676307655973574 ], [ 77.5030309670056, 19.676017556265265 ], [ 77.503059363998489, 19.675972364433107 ], [ 77.503425719921097, 19.675066981855764 ], [ 77.503707586336077, 19.674378969913565 ], [ 77.503966976894503, 19.673912305408635 ], [ 77.504194102475878, 19.673635491384857 ], [ 77.504687937298527, 19.673293964844675 ], [ 77.505468210689401, 19.673005116992609 ], [ 77.505834967709632, 19.672948879687112 ], [ 77.506374401757284, 19.673027123403074 ], [ 77.507406384597004, 19.673346470863006 ], [ 77.508505411895328, 19.673701577166131 ], [ 77.508944834136855, 19.673816452067683 ], [ 77.509216843082925, 19.67384205306837 ], [ 77.509278725432864, 19.673837209319803 ], [ 77.509574403635895, 19.673826451629509 ], [ 77.510245863555838, 19.673691690019549 ], [ 77.511044941770706, 19.673366557220898 ], [ 77.511924226022245, 19.672896477990093 ], [ 77.513659435534578, 19.672037506725587 ], [ 77.515443452288878, 19.671115900926896 ] ] ] } },
{ "type": "Feature", "properties": { "REGION": 1.0, "STATE.NAME": "Maharashtra", "DISTRICT.NAME": "Yavatmal", "DISTRICT.AREA": 13583.851744, "GRID_G0": "186759", "woodland": 0.082252497688226095, "maskWdl": 0.0, "cropland": 0.82022994751861533, "maskCrp": 1.0, "one": 0.067484426004450176, "maskOne": 0.0, "GRID.AREA": 23.574569496491446, "REGION.AREA": 32202.066020262951 }, "geometry": { "type": "Polygon", "coordinates": [ [ [ 77.546531976600761, 19.671114764455439 ], [ 77.591533190519684, 19.671114738996561 ], [ 77.591533190519684, 19.716115966249394 ], [ 77.546531976600761, 19.716115952252654 ], [ 77.546531976600761, 19.671114764455439 ] ] ] } },
{ "type": "Feature", "properties": { "REGION": 1.0, "STATE.NAME": "Maharashtra", "DISTRICT.NAME": "Yavatmal", "DISTRICT.AREA": 13583.851744, "GRID_G0": "186760", "woodland": 0.1557772636508761, "maskWdl": 0.0, "cropland": 0.63944848832944556, "maskCrp": 1.0, "one": 0.18071613720295174, "maskOne": 0.0, "GRID.AREA": 23.574627317024074, "REGION.AREA": 32202.066020262951 }, "geometry": { "type": "Polygon", "coordinates": [ [ [ 77.591533190519684, 19.671114738996561 ], [ 77.636534486368078, 19.671114710215527 ], [ 77.636534486368078, 19.716115954892249 ], [ 77.591533190519684, 19.716115966249394 ], [ 77.591533190519684, 19.671114738996561 ] ] ] } },
{ "type": "Feature", "properties": { "REGION": 1.0, "STATE.NAME": "Maharashtra", "DISTRICT.NAME": "Yavatmal", "DISTRICT.AREA": 13583.851744, "GRID_G0": "186765", "woodland": 0.13727984871577686, "maskWdl": 0.0, "cropland": 0.71123684479818616, "maskCrp": 1.0, "one": 0.13479855920394709, "maskOne": 0.0, "GRID.AREA": 23.572262478805715, "REGION.AREA": 32202.066020262951 }, "geometry": { "type": "Polygon", "coordinates": [ [ [ 77.816535009901216, 19.671114713841053 ], [ 77.861531757373555, 19.671114726865959 ], [ 77.861531757373555, 19.716115995042735 ], [ 77.816535009901216, 19.716115985943503 ], [ 77.816535009901216, 19.671114713841053 ] ] ] } },
{ "type": "Feature", "properties": { "REGION": 1.0, "STATE.NAME": "Maharashtra", "DISTRICT.NAME": "Yavatmal", "DISTRICT.AREA": 13583.851744, "GRID_G0": "186766", "woodland": 0.06119252884605781, "maskWdl": 0.0, "cropland": 0.80175289783717418, "maskCrp": 1.0, "one": 0.12133815256924854, "maskOne": 0.0, "GRID.AREA": 23.574621675082817, "REGION.AREA": 32202.066020262951 }, "geometry": { "type": "Polygon", "coordinates": [ [ [ 77.861531757373555, 19.671114726865959 ], [ 77.906533022918595, 19.671114733798611 ], [ 77.906533022918595, 19.716115976627144 ], [ 77.861531757373555, 19.716115995042735 ], [ 77.861531757373555, 19.671114726865959 ] ] ] } },
{ "type": "Feature", "properties": { "REGION": 1.0, "STATE.NAME": "Maharashtra", "DISTRICT.NAME": "Yavatmal", "DISTRICT.AREA": 13583.851744, "GRID_G0": "186769", "woodland": 0.22640705902967898, "maskWdl": 0.0, "cropland": 0.66057007729990347, "maskCrp": 1.0, "one": 0.071658900016944582, "maskOne": 0.0, "GRID.AREA": 7.2032990441402749, "REGION.AREA": 32202.066020262951 }, "geometry": { "type": "Polygon", "coordinates": [ [ [ 77.996531068852022, 19.672884572483987 ], [ 77.996531068852022, 19.671114693954905 ], [ 78.041532344959762, 19.67111469995837 ], [ 78.041532344959762, 19.691510524421606 ], [ 78.041040721452205, 19.691644488202598 ], [ 78.040248916054679, 19.691901620563385 ], [ 78.03923763021254, 19.692253524380703 ], [ 78.038584127955176, 19.692506038722744 ], [ 78.037964075981392, 19.692713600452354 ], [ 78.037210379355599, 19.692898446206357 ], [ 78.0367764016097, 19.692920831231447 ], [ 78.036275672584281, 19.692884353829928 ], [ 78.035922038471369, 19.692845860148399 ], [ 78.035360076406448, 19.692784595632645 ], [ 78.034458726389175, 19.692725449919635 ], [ 78.033304574246756, 19.692724792515207 ], [ 78.032326942834189, 19.69273344489261 ], [ 78.03133499331534, 19.692660585417741 ], [ 78.030347935209079, 19.692493049814463 ], [ 78.02958502592827, 19.692217113529011 ], [ 78.028817410495165, 19.691918508932076 ], [ 78.028078354832246, 19.691610998348949 ], [ 78.027115323913108, 19.691190432192737 ], [ 78.026061700686967, 19.690611719355388 ], [ 78.025546787554276, 19.690295319873144 ], [ 78.024731598884216, 19.689784450092358 ], [ 78.023835425364666, 19.689174275372576 ], [ 78.023244346849197, 19.688780960473025 ], [ 78.02256739387019, 19.688369499952504 ], [ 78.021613940730845, 19.687763695038537 ], [ 78.020398395469613, 19.686999662504491 ], [ 78.019673691187961, 19.686728320855366 ], [ 78.018500804368671, 19.686294062521029 ], [ 78.017599823073468, 19.685828230788275 ], [ 78.016941946513668, 19.685538838846412 ], [ 78.016007559901027, 19.685095523439713 ], [ 78.015163769192668, 19.684562078876866 ], [ 78.014539334822473, 19.684105526349011 ], [ 78.014019812664287, 19.683743820820727 ], [ 78.013090285088651, 19.68315160556222 ], [ 78.012489803261872, 19.682735705088763 ], [ 78.012084684760453, 19.682333438337537 ], [ 78.011674786362335, 19.681926605728339 ], [ 78.01109350416192, 19.681316528135312 ], [ 78.010692757265019, 19.680925162965934 ], [ 78.01029293846841, 19.680534722299626 ], [ 78.009725796308487, 19.679933557887409 ], [ 78.008910921501865, 19.679156148837251 ], [ 78.008453483141807, 19.678686098384787 ], [ 78.007552920031287, 19.677782205084721 ], [ 78.007004834505551, 19.677303032808769 ], [ 78.00582291579498, 19.676254406215946 ], [ 78.005389234825373, 19.675883717359739 ], [ 78.004755443009344, 19.675363878640155 ], [ 78.003997661662822, 19.674839432693719 ], [ 78.003153952792729, 19.67430133144137 ], [ 78.002439116771882, 19.673831205445822 ], [ 78.001790771227149, 19.673546195900258 ], [ 78.001252100703937, 19.673360607306222 ], [ 78.000289005033622, 19.673165722420205 ], [ 77.999919460115052, 19.673102218592586 ], [ 77.999549934082268, 19.673038717462877 ], [ 77.998701186310768, 19.672916293652069 ], [ 77.997200507397565, 19.672800520327826 ], [ 77.996531068852022, 19.672884572483987 ] ] ] } },
{ "type": "Feature", "properties": { "REGION": 1.0, "STATE.NAME": "Maharashtra", "DISTRICT.NAME": "Yavatmal", "DISTRICT.AREA": 13583.851744, "GRID_G0": "186108", "woodland": 0.06692728546716302, "maskWdl": 0.0, "cropland": 0.86081648992663651, "maskCrp": 1.0, "one": 0.052860304314656589, "maskOne": 0.0, "GRID.AREA": 1.5255375124023376, "REGION.AREA": 32202.066020262951 }, "geometry": { "type": "Polygon", "coordinates": [ [ [ 77.546531976600761, 19.660771554628901 ], [ 77.546531976600761, 19.671114764455439 ], [ 77.515443452288878, 19.671115900926896 ], [ 77.515551253887338, 19.671060210760174 ], [ 77.51629796727741, 19.670753471795365 ], [ 77.517126180828654, 19.670518477146057 ], [ 77.518259196205008, 19.670209360373747 ], [ 77.51896879997021, 19.670056269681137 ], [ 77.519869544743756, 19.669978863234007 ], [ 77.520694049490828, 19.66990642913845 ], [ 77.521122489211564, 19.669782084375758 ], [ 77.521888741272448, 19.669560825072093 ], [ 77.522759413616086, 19.669253273120091 ], [ 77.523987182462591, 19.668844339694544 ], [ 77.524700708171224, 19.668578357105559 ], [ 77.525571696176883, 19.668315911550106 ], [ 77.526442694075115, 19.668057962604962 ], [ 77.526947169676191, 19.667897010039045 ], [ 77.527509477080741, 19.667839563145375 ], [ 77.528659006707869, 19.667882664953083 ], [ 77.529951734484996, 19.667961033674828 ], [ 77.530514344961091, 19.667939691863349 ], [ 77.531152342007033, 19.667791509670511 ], [ 77.532005214069443, 19.667673633731283 ], [ 77.532620107532011, 19.667652141733019 ], [ 77.533388932553237, 19.667814771534552 ], [ 77.534158717151115, 19.668135459883615 ], [ 77.534809168908055, 19.668452327912632 ], [ 77.535369070626203, 19.668756296965569 ], [ 77.535856831427679, 19.66897471621024 ], [ 77.536076462958476, 19.669005095308936 ], [ 77.536324493280802, 19.669026206893989 ], [ 77.536815440380337, 19.668982795719504 ], [ 77.537187080719264, 19.668944481003052 ], [ 77.537658381229392, 19.668819788202711 ], [ 77.537957916624634, 19.668678005585548 ], [ 77.538355926884549, 19.668282774230704 ], [ 77.538502707933674, 19.66812394226616 ], [ 77.538696133220014, 19.667797545920052 ], [ 77.538785444892426, 19.667593748752552 ], [ 77.538882416090701, 19.667100908580096 ], [ 77.538932732259866, 19.666770947321421 ], [ 77.539080143733713, 19.665957154399223 ], [ 77.539181464952719, 19.665396573692991 ], [ 77.539463438387031, 19.664013013489807 ], [ 77.539629938870632, 19.663194576468584 ], [ 77.540067108310438, 19.661489317977672 ], [ 77.540286869343618, 19.660801599214498 ], [ 77.540545372271197, 19.660222030222542 ], [ 77.540715620229719, 19.659999725906687 ], [ 77.541043030111794, 19.659749423896869 ], [ 77.541323970225122, 19.659689107266558 ], [ 77.541476725470545, 19.659710746753603 ], [ 77.541816557688037, 19.65990749323629 ], [ 77.542132420275038, 19.660099797967352 ], [ 77.542520006493149, 19.660305417161339 ], [ 77.542997563586766, 19.660428998399599 ], [ 77.543689278037789, 19.660479209348068 ], [ 77.544648038975879, 19.660523260839852 ], [ 77.545582948993967, 19.660571969021191 ], [ 77.546265702600124, 19.66070352185011 ], [ 77.546531976600761, 19.660771554628901 ] ] ] } },
{ "type": "Feature", "properties": { "REGION": 1.0, "STATE.NAME": "Maharashtra", "DISTRICT.NAME": "Yavatmal", "DISTRICT.AREA": 13583.851744, "GRID_G0": "186109", "woodland": 0.10699577713878147, "maskWdl": 0.0, "cropland": 0.85787762460446937, "maskCrp": 1.0, "one": 0.027044166233660832, "maskOne": 0.0, "GRID.AREA": 9.6598617010324901, "REGION.AREA": 32202.066020262951 }, "geometry": { "type": "Polygon", "coordinates": [ [ [ 77.591533190519684, 19.651439207624531 ], [ 77.591533190519684, 19.671114738996561 ], [ 77.546531976600761, 19.671114764455439 ], [ 77.546531976600761, 19.660771554628901 ], [ 77.546991597584224, 19.660888986337682 ], [ 77.547679874826429, 19.66114237482077 ], [ 77.548306879458949, 19.661499958756167 ], [ 77.548905140859631, 19.661848796784568 ], [ 77.549178026644654, 19.66200527702199 ], [ 77.549871291526927, 19.662299260902213 ], [ 77.550497216073722, 19.662494269894694 ], [ 77.550764680745488, 19.662560517553914 ], [ 77.551184513054864, 19.662585169769841 ], [ 77.551598826224904, 19.662519405945886 ], [ 77.552022656020824, 19.662426599508024 ], [ 77.552279087809723, 19.662253480913478 ], [ 77.552397047385909, 19.662067699864512 ], [ 77.552561447053236, 19.661687332504414 ], [ 77.552540669116638, 19.66143457714406 ], [ 77.55245341958971, 19.661204617798941 ], [ 77.552165682400357, 19.660953439849433 ], [ 77.551840691694622, 19.660824406920881 ], [ 77.55136249698171, 19.660624026277844 ], [ 77.550974937743263, 19.660432030913569 ], [ 77.550682397274898, 19.660162760403125 ], [ 77.55046608604107, 19.659888589486858 ], [ 77.550205491290455, 19.659411446081435 ], [ 77.55010285885993, 19.659037062810228 ], [ 77.550033393426418, 19.658599457199216 ], [ 77.550102467654824, 19.658228733269478 ], [ 77.550248236067318, 19.657907145598358 ], [ 77.550564899950245, 19.657485278123147 ], [ 77.550820611382164, 19.657208321107195 ], [ 77.551170180559438, 19.656700346244008 ], [ 77.551519984459787, 19.65623767562829 ], [ 77.551789768483104, 19.655933566281135 ], [ 77.551893660863811, 19.655779346939369 ], [ 77.551983099340646, 19.655593648628042 ], [ 77.551994879560084, 19.655205165785844 ], [ 77.551928918784654, 19.654586881879144 ], [ 77.551911946779001, 19.6541849694608 ], [ 77.551921249366217, 19.653408136876067 ], [ 77.551972059263164, 19.653154909371608 ], [ 77.552092989300093, 19.652679922540415 ], [ 77.552281195820569, 19.652285986209336 ], [ 77.552507354630791, 19.651869150440973 ], [ 77.552748570789959, 19.651583224486274 ], [ 77.553061159844731, 19.651260707815482 ], [ 77.553412735409495, 19.651059937765979 ], [ 77.554173609524526, 19.650752794106211 ], [ 77.555135394882598, 19.650548461842106 ], [ 77.556226710494357, 19.650447145119699 ], [ 77.556236263992446, 19.65044711993869 ], [ 77.556245819289188, 19.650447092959045 ], [ 77.55720852915033, 19.650382705097801 ], [ 77.557994464672845, 19.650274148832978 ], [ 77.558551718786873, 19.650180577971355 ], [ 77.559343205824348, 19.650171342833232 ], [ 77.559924648104072, 19.650149834647213 ], [ 77.560777506676629, 19.650040893472525 ], [ 77.561478045275635, 19.649982465418475 ], [ 77.561954107695954, 19.649889478216892 ], [ 77.562787544509604, 19.649744464335583 ], [ 77.56319726753992, 19.649683280758836 ], [ 77.563811913688937, 19.649611946534151 ], [ 77.564660299932939, 19.649561717599227 ], [ 77.565213237301123, 19.649544866102758 ], [ 77.565994871366286, 19.649490593815923 ], [ 77.567125176185996, 19.649542549449169 ], [ 77.568121969453401, 19.649581743702583 ], [ 77.569156925451807, 19.649634328861229 ], [ 77.570087644629155, 19.649786826900595 ], [ 77.570822782845212, 19.649899919345842 ], [ 77.571783481822308, 19.65026000609447 ], [ 77.572672928412999, 19.650661098331057 ], [ 77.573275668437418, 19.650951099113968 ], [ 77.573620853419698, 19.65123358516189 ], [ 77.574000571469242, 19.651691860790777 ], [ 77.574284886738212, 19.652164474311064 ], [ 77.574703571512657, 19.65273098065029 ], [ 77.575113044531463, 19.653356326932965 ], [ 77.575306866418828, 19.653829391013634 ], [ 77.575454334549931, 19.654510372056052 ], [ 77.575573843657992, 19.655272950386404 ], [ 77.575708906540854, 19.656220566026377 ], [ 77.575802226491589, 19.656630979735951 ], [ 77.575996770534573, 19.657203478257944 ], [ 77.576146452796593, 19.657496002538554 ], [ 77.576314573858554, 19.657675716760988 ], [ 77.576415429228746, 19.657783489716337 ], [ 77.576885026422872, 19.658132962666119 ], [ 77.577397284756955, 19.658446007677188 ], [ 77.577655636598422, 19.658570958582914 ], [ 77.577989860643584, 19.658641183943534 ], [ 77.578337753484618, 19.658621033733766 ], [ 77.578823490811487, 19.65851427521369 ], [ 77.57923274619435, 19.658394323639186 ], [ 77.579869846616191, 19.658124079162974 ], [ 77.580430371564432, 19.657813534267234 ], [ 77.580833388350257, 19.657454300075926 ], [ 77.581207109720367, 19.657009498089906 ], [ 77.581428915811898, 19.656678462141372 ], [ 77.581602954412858, 19.656307133867188 ], [ 77.581643768345316, 19.655981696198353 ], [ 77.581721026404296, 19.65541666204939 ], [ 77.581840186575391, 19.653984269558464 ], [ 77.581916521030678, 19.65328819339544 ], [ 77.582002770511508, 19.652628297857689 ], [ 77.58215440520172, 19.651769340083035 ], [ 77.582371153505974, 19.651379599089296 ], [ 77.582848034309393, 19.650667711945403 ], [ 77.583212146423477, 19.650227348113674 ], [ 77.583886789044129, 19.649857547787633 ], [ 77.584405386699302, 19.649696266969215 ], [ 77.584724171183609, 19.649594954743407 ], [ 77.585329202680612, 19.649523559364809 ], [ 77.586097212916115, 19.649573158774331 ], [ 77.58691426588075, 19.649839205215187 ], [ 77.587951562814453, 19.65023488533177 ], [ 77.588668810817026, 19.650528521174348 ], [ 77.590126361842181, 19.65102105377866 ], [ 77.590900718593332, 19.651305313289644 ], [ 77.591533190519684, 19.651439207624531 ] ] ] } },
{ "type": "Feature", "properties": { "REGION": 1.0, "STATE.NAME": "Maharashtra", "DISTRICT.NAME": "Yavatmal", "DISTRICT.AREA": 13583.851744, "GRID_G0": "186110", "woodland": 0.198437769609766, "maskWdl": 0.0, "cropland": 0.70964204780381235, "maskCrp": 1.0, "one": 0.076766301101521828, "maskOne": 0.0, "GRID.AREA": 18.767691200840424, "REGION.AREA": 32202.066020262951 }, "geometry": { "type": "Polygon", "coordinates": [ [ [ 77.625081873343078, 19.62611898109391 ], [ 77.636534486368078, 19.626117907976472 ], [ 77.636534486368078, 19.671114710215527 ], [ 77.591533190519684, 19.671114738996561 ], [ 77.591533190519684, 19.651439207624531 ], [ 77.591564390384349, 19.651445812574252 ], [ 77.591993715037972, 19.651474914635628 ], [ 77.592570899027805, 19.651512014367995 ], [ 77.592866231891151, 19.651474071970881 ], [ 77.593489790321613, 19.651316664532487 ], [ 77.593932328714061, 19.651183062148675 ], [ 77.594459743322545, 19.650908778817154 ], [ 77.594796678823741, 19.650671931564432 ], [ 77.595246369524375, 19.650194976117287 ], [ 77.595539238245294, 19.649782190895451 ], [ 77.595723148704394, 19.649473952760786 ], [ 77.595938646051707, 19.64890352717606 ], [ 77.596027284131935, 19.648618464570518 ], [ 77.596094941028753, 19.648044452489561 ], [ 77.596179334308886, 19.647122654586894 ], [ 77.596240725629059, 19.646336472650145 ], [ 77.596206820288558, 19.645537264932894 ], [ 77.596188332025974, 19.644932183973143 ], [ 77.596232795407218, 19.64443966755664 ], [ 77.59627301308916, 19.644037406201392 ], [ 77.59635656100653, 19.643711741903417 ], [ 77.596606443932274, 19.643299180612757 ], [ 77.596848157416616, 19.643076413145991 ], [ 77.597417719652071, 19.642689050859079 ], [ 77.597969794570417, 19.642545724105958 ], [ 77.598260338543881, 19.642503283299959 ], [ 77.598822331185715, 19.642423055679501 ], [ 77.599666702856098, 19.642490172983173 ], [ 77.600392158971033, 19.642612151629525 ], [ 77.600989373560836, 19.64278461192038 ], [ 77.601272024184652, 19.642981579636224 ], [ 77.601823679119548, 19.643465983268584 ], [ 77.602304861380333, 19.644126952596825 ], [ 77.602662620683475, 19.644856403500281 ], [ 77.603147495560506, 19.646041262993947 ], [ 77.603472602278828, 19.646888351516282 ], [ 77.603696508287271, 19.64755986989212 ], [ 77.603817174822836, 19.647780407939539 ], [ 77.604110453634576, 19.648126397815076 ], [ 77.604566246235322, 19.648539139869456 ], [ 77.60483918508038, 19.648727124257448 ], [ 77.605054447704674, 19.648816139153553 ], [ 77.605316741274635, 19.64881898640715 ], [ 77.605683505489424, 19.648767009190177 ], [ 77.606473559906931, 19.648577039998433 ], [ 77.60688219835481, 19.648353173560171 ], [ 77.60728508114164, 19.648011969876567 ], [ 77.607512219313548, 19.647757708151747 ], [ 77.607724344203177, 19.647399557643499 ], [ 77.60783660837285, 19.647082709399569 ], [ 77.60786815569088, 19.646816019044081 ], [ 77.607735643285366, 19.646265886661411 ], [ 77.607608771427692, 19.645828589517862 ], [ 77.607146712350925, 19.645181083040598 ], [ 77.606599075586928, 19.644579243237558 ], [ 77.60641153186674, 19.644345593974037 ], [ 77.606197928491667, 19.643791308522111 ], [ 77.605893588918036, 19.643197059896465 ], [ 77.605771576097425, 19.642786763098684 ], [ 77.605807027372464, 19.642389109869551 ], [ 77.605857763525023, 19.642144963719144 ], [ 77.606025500576436, 19.641579365695236 ], [ 77.606249753723205, 19.640896054509369 ], [ 77.606700957083547, 19.639935787206866 ], [ 77.607059112987713, 19.639323914567058 ], [ 77.607564898001726, 19.638688507568645 ], [ 77.607987019985046, 19.638365165320181 ], [ 77.608363208195556, 19.638299642514539 ], [ 77.609111474714837, 19.638267947707678 ], [ 77.610256716374408, 19.638396355607366 ], [ 77.611755209035721, 19.638608348296717 ], [ 77.612447192384082, 19.638703450703758 ], [ 77.613664115406664, 19.638885539136368 ], [ 77.61443286848214, 19.639048020549755 ], [ 77.614776326766105, 19.639077424783352 ], [ 77.61530544738855, 19.639060648829915 ], [ 77.615738810897497, 19.638981049835653 ], [ 77.615942951605973, 19.638866989719872 ], [ 77.616194894878561, 19.638747906890448 ], [ 77.616232848067568, 19.638729680330528 ], [ 77.616417167718168, 19.638498149869747 ], [ 77.616472765605693, 19.638262994241813 ], [ 77.616513846636792, 19.637982674660748 ], [ 77.616430033419363, 19.637576767453879 ], [ 77.616206926008886, 19.637031629006515 ], [ 77.61585485581702, 19.636442246612432 ], [ 77.615411071863548, 19.635699692586797 ], [ 77.615049682896597, 19.635132947927275 ], [ 77.614722812607795, 19.634751071504809 ], [ 77.614224280626104, 19.63434319388335 ], [ 77.613601771704452, 19.633954087810935 ], [ 77.612964638007668, 19.633515404812158 ], [ 77.61250938769814, 19.633166011902006 ], [ 77.612129802748257, 19.632739271899936 ], [ 77.61183936489482, 19.632099694745197 ], [ 77.611662674193099, 19.631346632141398 ], [ 77.611557804249344, 19.630660790263335 ], [ 77.611667749966728, 19.630000727451659 ], [ 77.611797639949202, 19.62946695553563 ], [ 77.612075929760408, 19.62904518698582 ], [ 77.612549391341418, 19.6285545168775 ], [ 77.613133377803194, 19.628216675759006 ], [ 77.613969365094192, 19.627755347831112 ], [ 77.614287814131387, 19.627608855464359 ], [ 77.614800968190195, 19.627370758154029 ], [ 77.615618665069405, 19.627031514093176 ], [ 77.616632977130223, 19.626862645694587 ], [ 77.617248013585026, 19.626881330009443 ], [ 77.617906900982746, 19.627012812691188 ], [ 77.618848390440917, 19.627354635108357 ], [ 77.619579510486062, 19.627612042661667 ], [ 77.620428989406378, 19.627719645645186 ], [ 77.620886657992912, 19.627721369645542 ], [ 77.62153481288135, 19.627699221142166 ], [ 77.622387345899369, 19.627581015151804 ], [ 77.623124589428301, 19.627337010194935 ], [ 77.623984638080628, 19.626916164349552 ], [ 77.624815189869196, 19.626387063512198 ], [ 77.625081873343078, 19.62611898109391 ] ] ] } },
{ "type": "Feature", "properties": { "REGION": 1.0, "STATE.NAME": "Maharashtra", "DISTRICT.NAME": "Yavatmal", "DISTRICT.AREA": 13583.851744, "GRID_G0": "186111", "woodland": 0.20979561713641104, "maskWdl": 0.0, "cropland": 0.57539802272670926, "maskCrp": 1.0, "one": 0.19477578405807763, "maskOne": 0.0, "GRID.AREA": 23.576531179182862, "REGION.AREA": 32202.066020262951 }, "geometry": { "type": "Polygon", "coordinates": [ [ [ 77.636534486368078, 19.626117907976472 ], [ 77.681531217347981, 19.626117922670595 ], [ 77.681531217347981, 19.671114722044617 ], [ 77.636534486368078, 19.671114710215527 ], [ 77.636534486368078, 19.626117907976472 ] ] ] } },
{ "type": "Feature", "properties": { "REGION": 1.0, "STATE.NAME": "Maharashtra", "DISTRICT.NAME": "Yavatmal", "DISTRICT.AREA": 13583.851744, "GRID_G0": "186112", "woodland": 0.13638958108249383, "maskWdl": 0.0, "cropland": 0.61256325956125457, "maskCrp": 1.0, "one": 0.22437307826959096, "maskOne": 0.0, "GRID.AREA": 23.578885328943961, "REGION.AREA": 32202.066020262951 }, "geometry": { "type": "Polygon", "coordinates": [ [ [ 77.681531217347981, 19.626117922670595 ], [ 77.726532454914178, 19.626117923016871 ], [ 77.726532454914178, 19.671114698059444 ], [ 77.681531217347981, 19.671114722044617 ], [ 77.681531217347981, 19.626117922670595 ] ] ] } },
{ "type": "Feature", "properties": { "REGION": 1.0, "STATE.NAME": "Maharashtra", "DISTRICT.NAME": "Yavatmal", "DISTRICT.AREA": 13583.851744, "GRID_G0": "186123", "woodland": 0.19989573907831137, "maskWdl": 0.0, "cropland": 0.70002406652810012, "maskCrp": 1.0, "one": 0.062534043201191478, "maskOne": 0.0, "GRID.AREA": 2.7013622351042983, "REGION.AREA": 32202.066020262951 }, "geometry": { "type": "Polygon", "coordinates": [ [ [ 78.176531634831946, 19.651543520488456 ], [ 78.176531634831946, 19.626117972798859 ], [ 78.190490915927455, 19.626119167564113 ], [ 78.190356761555336, 19.626249018477495 ], [ 78.189908883887938, 19.626764226587852 ], [ 78.189632570786557, 19.627283729860267 ], [ 78.189489756646992, 19.627690288176325 ], [ 78.189270846372494, 19.628516990866501 ], [ 78.189228178937356, 19.629117711912897 ], [ 78.189047596869159, 19.630463894493175 ], [ 78.188871575263022, 19.63129507310919 ], [ 78.188738389265325, 19.63179188378848 ], [ 78.18857180964136, 19.632677293322502 ], [ 78.18843874505211, 19.633472337178659 ], [ 78.188329430658769, 19.634303413271937 ], [ 78.188172386546455, 19.634935911862893 ], [ 78.187934255061862, 19.635541235639547 ], [ 78.18760562659844, 19.636205268958065 ], [ 78.187100623994638, 19.637032069674323 ], [ 78.18689585016341, 19.637379900462069 ], [ 78.18662905009063, 19.63791752777172 ], [ 78.186443309511162, 19.638441536647637 ], [ 78.186243445078958, 19.639191393168289 ], [ 78.186081575204582, 19.639742521100516 ], [ 78.186000679387931, 19.640207815038707 ], [ 78.185905489746631, 19.640618909535078 ], [ 78.185705527288292, 19.641061525269208 ], [ 78.185495904312575, 19.641472692610705 ], [ 78.185271895781398, 19.641793551831025 ], [ 78.184847953570284, 19.64229048751605 ], [ 78.18452377585163, 19.642624913908715 ], [ 78.184257018047006, 19.642972721314091 ], [ 78.183704167913049, 19.643442628774324 ], [ 78.183246693580088, 19.643894406801508 ], [ 78.182998883591665, 19.644210653399 ], [ 78.182660580221636, 19.644698617447265 ], [ 78.18248430500671, 19.64510973172878 ], [ 78.182189094451189, 19.645837014366744 ], [ 78.182098711686251, 19.646257080499936 ], [ 78.182127457616161, 19.646595912671273 ], [ 78.182122769450302, 19.647011423738263 ], [ 78.182051419937125, 19.647237308255232 ], [ 78.1819322786518, 19.647540060525444 ], [ 78.181727424780888, 19.647955603068681 ], [ 78.181403462000219, 19.648443465493585 ], [ 78.180736363792221, 19.649238689214204 ], [ 78.180412240032922, 19.649545913812918 ], [ 78.18008821969562, 19.649916444388452 ], [ 78.179478154693129, 19.650503797012671 ], [ 78.179073087453119, 19.650779432924537 ], [ 78.178629718087052, 19.651018948465772 ], [ 78.177914648242506, 19.651226923883485 ], [ 78.177175781437214, 19.651430379308636 ], [ 78.176884937090222, 19.651486899900533 ], [ 78.176594188071363, 19.65154351402202 ], [ 78.176531634831946, 19.651543520488456 ] ] ] } },
{ "type": "Feature", "properties": { "REGION": 1.0, "STATE.NAME": "Maharashtra", "DISTRICT.NAME": "Yavatmal", "DISTRICT.AREA": 13583.851744, "GRID_G0": "185460", "woodland": 0.066836017622376578, "maskWdl": 0.0, "cropland": 0.88397090112269772, "maskCrp": 1.0, "one": 0.031928464749955462, "maskOne": 0.0, "GRID.AREA": 2.0727615421525409, "REGION.AREA": 32202.066020262951 }, "geometry": { "type": "Polygon", "coordinates": [ [ [ 77.636534486368078, 19.609649144541983 ], [ 77.636534486368078, 19.626117907976472 ], [ 77.625081873343078, 19.62611898109391 ], [ 77.625316961208853, 19.625882658957607 ], [ 77.625761131870775, 19.625328910400924 ], [ 77.626038182416266, 19.62471754587807 ], [ 77.626497264737054, 19.623581136460302 ], [ 77.626758047446003, 19.622689916406557 ], [ 77.626902208769991, 19.622178693192211 ], [ 77.627102337602878, 19.621486439147873 ], [ 77.627203386327267, 19.620934835474316 ], [ 77.627392332989814, 19.620025931151876 ], [ 77.627643716884108, 19.619166355542912 ], [ 77.628051365178408, 19.61747931282008 ], [ 77.628147937977019, 19.616977347226847 ], [ 77.6281997065513, 19.616213817413779 ], [ 77.628196956424475, 19.615811886109725 ], [ 77.628103127457464, 19.615351811836714 ], [ 77.627848586043456, 19.61438704522601 ], [ 77.627632903435824, 19.613543720366465 ], [ 77.62747920120421, 19.612704695165576 ], [ 77.627428974967302, 19.612339219679313 ], [ 77.627403820030338, 19.61146329079827 ], [ 77.627318892552921, 19.610917268317341 ], [ 77.627196429171931, 19.610448468821801 ], [ 77.626919137608184, 19.608964403084766 ], [ 77.626864018159949, 19.608585345137612 ], [ 77.626777597807973, 19.607818145191288 ], [ 77.626775920572356, 19.607574270636121 ], [ 77.626843705172917, 19.607049982970413 ], [ 77.627114580973171, 19.606248984702916 ], [ 77.627383468372443, 19.605854337008108 ], [ 77.627800752003168, 19.605549161964294 ], [ 77.628238222715879, 19.605406473729829 ], [ 77.628748305589909, 19.605416822228623 ], [ 77.629316603378584, 19.605566835441156 ], [ 77.630602216619081, 19.606069159863864 ], [ 77.631342972000596, 19.606335572328874 ], [ 77.631830694131281, 19.606562756366145 ], [ 77.632314291971056, 19.60688046616065 ], [ 77.633119135739605, 19.607453481792788 ], [ 77.633880998209577, 19.608017722739756 ], [ 77.634235716904868, 19.60830461546567 ], [ 77.63482512537928, 19.608752542595827 ], [ 77.635361580872313, 19.609119505560788 ], [ 77.635892922820176, 19.609441364827148 ], [ 77.636260825576713, 19.609569969678432 ], [ 77.636534486368078, 19.609649144541983 ] ] ] } },
{ "type": "Feature", "properties": { "REGION": 1.0, "STATE.NAME": "Maharashtra", "DISTRICT.NAME": "Yavatmal", "DISTRICT.AREA": 13583.851744, "GRID_G0": "185461", "woodland": 0.13166503167257373, "maskWdl": 0.0, "cropland": 0.78265173420012546, "maskCrp": 1.0, "one": 0.057701673336488596, "maskOne": 0.0, "GRID.AREA": 22.255645426216077, "REGION.AREA": 32202.066020262951 }, "geometry": { "type": "Polygon", "coordinates": [ [ [ 77.641247086235836, 19.581117232037311 ], [ 77.681531217347981, 19.581116721544493 ], [ 77.681531217347981, 19.626117922670595 ], [ 77.636534486368078, 19.626117907976472 ], [ 77.636534486368078, 19.609649144541983 ], [ 77.636872109160549, 19.609746824056739 ], [ 77.637851029301601, 19.609980056034825 ], [ 77.638667445546218, 19.610191678203421 ], [ 77.639125583578902, 19.610256567886324 ], [ 77.639535284126111, 19.610231472304633 ], [ 77.640311644566793, 19.610158815177215 ], [ 77.641348581771695, 19.609836061085389 ], [ 77.64201866303091, 19.609560951276933 ], [ 77.642725996007982, 19.609163585830856 ], [ 77.643261773412178, 19.608762853323071 ], [ 77.643569091540371, 19.608413164535989 ], [ 77.643960620386395, 19.607846136589959 ], [ 77.644167778320366, 19.607474460278183 ], [ 77.644336598155519, 19.60709409201877 ], [ 77.64442463638791, 19.606736697840404 ], [ 77.644446196734634, 19.606416012189243 ], [ 77.64444455727056, 19.606190145658729 ], [ 77.644369780441082, 19.605730022822343 ], [ 77.64408704168369, 19.604846620575131 ], [ 77.643776522868279, 19.604076250518574 ], [ 77.643496884074011, 19.603621882443974 ], [ 77.643054923945613, 19.603141510472373 ], [ 77.64268577832604, 19.602836769801115 ], [ 77.642321405408609, 19.602536422318114 ], [ 77.64185283344159, 19.60232262558873 ], [ 77.641398620949644, 19.602135790534366 ], [ 77.640772946414415, 19.601940996479868 ], [ 77.640085400321041, 19.60176919539208 ], [ 77.639727251611419, 19.601676587704393 ], [ 77.639349568727653, 19.601520915058245 ], [ 77.639048144756146, 19.60135120219627 ], [ 77.638856520811828, 19.601216863267666 ], [ 77.638640925438438, 19.601051176670524 ], [ 77.638420247996123, 19.600849394883706 ], [ 77.638261480782774, 19.600633527915022 ], [ 77.638174041498871, 19.600408228856736 ], [ 77.638065719057749, 19.599916699895857 ], [ 77.638029541130507, 19.599528487749584 ], [ 77.637957940706428, 19.598824475968854 ], [ 77.637950783002282, 19.598494793499981 ], [ 77.637915296653659, 19.597519488633566 ], [ 77.637872238912735, 19.596824293806151 ], [ 77.637917695145575, 19.595844030077956 ], [ 77.637926095712828, 19.595013031326406 ], [ 77.637870776615102, 19.593920454865156 ], [ 77.637915024159099, 19.593441462453598 ], [ 77.638064569724179, 19.592347642229981 ], [ 77.638141337652655, 19.591751013098815 ], [ 77.638300369266688, 19.591320978880109 ], [ 77.638780960672875, 19.590545636471969 ], [ 77.638795144780147, 19.59052748725378 ], [ 77.639163586230552, 19.590069083021831 ], [ 77.63977748953954, 19.589270315972328 ], [ 77.640121669079804, 19.588730765012823 ], [ 77.640588005332233, 19.587960061307854 ], [ 77.640808360817232, 19.587443810883201 ], [ 77.641054332591409, 19.586525542819572 ], [ 77.641155065653848, 19.585937750426865 ], [ 77.641240498550246, 19.58522816105085 ], [ 77.641231126715184, 19.584573386252824 ], [ 77.641258184617598, 19.583019715687389 ], [ 77.641196078336407, 19.582315595988007 ], [ 77.641241223403767, 19.581285545791328 ], [ 77.641247086235836, 19.581117232037311 ] ] ] } },
{ "type": "Feature", "properties": { "REGION": 1.0, "STATE.NAME": "Maharashtra", "DISTRICT.NAME": "Yavatmal", "DISTRICT.AREA": 13583.851744, "GRID_G0": "185462", "woodland": 0.051571641717183626, "maskWdl": 0.0, "cropland": 0.55474020255552003, "maskCrp": 1.0, "one": 0.2626947035471322, "maskOne": 0.0, "GRID.AREA": 23.587821394683363, "REGION.AREA": 32202.066020262951 }, "geometry": { "type": "Polygon", "coordinates": [ [ [ 77.681531217347981, 19.581116721544493 ], [ 77.726532454914178, 19.581116653509305 ], [ 77.726532454914178, 19.626117923016871 ], [ 77.681531217347981, 19.626117922670595 ], [ 77.681531217347981, 19.581116721544493 ] ] ] } },
{ "type": "Feature", "properties": { "REGION": 1.0, "STATE.NAME": "Maharashtra", "DISTRICT.NAME": "Yavatmal", "DISTRICT.AREA": 13583.851744, "GRID_G0": "185463", "woodland": 0.16474046110673968, "maskWdl": 0.0, "cropland": 0.54957980434273623, "maskCrp": 1.0, "one": 0.27508993377629098, "maskOne": 0.0, "GRID.AREA": 23.587868397898426, "REGION.AREA": 32202.066020262951 }, "geometry": { "type": "Polygon", "coordinates": [ [ [ 77.726532454914178, 19.581116653509305 ], [ 77.771533724775892, 19.581116648331815 ], [ 77.771533724775892, 19.626117964209371 ], [ 77.726532454914178, 19.626117923016871 ], [ 77.726532454914178, 19.581116653509305 ] ] ] } },
{ "type": "Feature", "properties": { "REGION": 1.0, "STATE.NAME": "Maharashtra", "DISTRICT.NAME": "Yavatmal", "DISTRICT.AREA": 13583.851744, "GRID_G0": "185465", "woodland": 0.079285679016805777, "maskWdl": 0.0, "cropland": 0.71711644623803783, "maskCrp": 1.0, "one": 0.18784099816488564, "maskOne": 0.0, "GRID.AREA": 23.585476523762736, "REGION.AREA": 32202.066020262951 }, "geometry": { "type": "Polygon", "coordinates": [ [ [ 77.816535009901216, 19.58111671329301 ], [ 77.861531757373555, 19.581116636902472 ], [ 77.861531757373555, 19.626117889610885 ], [ 77.816535009901216, 19.626117964240127 ], [ 77.816535009901216, 19.58111671329301 ] ] ] } },
{ "type": "Feature", "properties": { "REGION": 1.0, "STATE.NAME": "Maharashtra", "DISTRICT.NAME": "Yavatmal", "DISTRICT.AREA": 13583.851744, "GRID_G0": "185466", "woodland": 0.22950354156887812, "maskWdl": 0.0, "cropland": 0.57729207137794947, "maskCrp": 1.0, "one": 0.18511040046456861, "maskOne": 0.0, "GRID.AREA": 23.587840025009484, "REGION.AREA": 32202.066020262951 }, "geometry": { "type": "Polygon", "coordinates": [ [ [ 77.861531757373555, 19.581116636902472 ], [ 77.906533022918595, 19.581116686567707 ], [ 77.906533022918595, 19.62611791960941 ], [ 77.861531757373555, 19.626117889610885 ], [ 77.861531757373555, 19.581116636902472 ] ] ] } },
{ "type": "Feature", "properties": { "REGION": 1.0, "STATE.NAME": "Maharashtra", "DISTRICT.NAME": "Yavatmal", "DISTRICT.AREA": 13583.851744, "GRID_G0": "185473", "woodland": 0.20615664888283569, "maskWdl": 0.0, "cropland": 0.56896863542317755, "maskCrp": 1.0, "one": 0.10586361989514739, "maskOne": 0.0, "GRID.AREA": 8.6931635415192154, "REGION.AREA": 32202.066020262951 }, "geometry": { "type": "Polygon", "coordinates": [ [ [ 78.190490915927455, 19.626119167564113 ], [ 78.176531634831946, 19.626117972798859 ], [ 78.176531634831946, 19.581116695026772 ], [ 78.189072747021527, 19.581117813876052 ], [ 78.18947967614622, 19.581418257846394 ], [ 78.18997068799689, 19.581793014336203 ], [ 78.190333078808578, 19.582131659448581 ], [ 78.190604770293987, 19.582461296951351 ], [ 78.190919508728427, 19.582890312238192 ], [ 78.19107698901189, 19.583229123725118 ], [ 78.191353721197345, 19.584145882726375 ], [ 78.191587687022206, 19.585035662965538 ], [ 78.191768926494831, 19.585595806601251 ], [ 78.191788232241208, 19.585952597334543 ], [ 78.191716968163632, 19.5864765027884 ], [ 78.191740998947978, 19.587014062648905 ], [ 78.191826928270189, 19.587411537812272 ], [ 78.192046380835848, 19.587777287591795 ], [ 78.192389835522533, 19.588549703605963 ], [ 78.192466135803556, 19.588856750138973 ], [ 78.19245683411566, 19.58911424762448 ], [ 78.192242669563598, 19.589746662578477 ], [ 78.192042644152764, 19.590193944894676 ], [ 78.191623650910799, 19.591255574785009 ], [ 78.191385638136751, 19.591766060555301 ], [ 78.191152324320342, 19.592258596756889 ], [ 78.190995276610806, 19.592760055132487 ], [ 78.190781049106192, 19.593324667499473 ], [ 78.190733600875035, 19.593649963075393 ], [ 78.190681281915658, 19.594155820934418 ], [ 78.190643405169055, 19.594575953617436 ], [ 78.190610258856395, 19.59505475896998 ], [ 78.190658097393339, 19.595501937864181 ], [ 78.190777480596296, 19.596034876108718 ], [ 78.190777568729857, 19.596364610738252 ], [ 78.190730059344844, 19.59660850687715 ], [ 78.190549079776261, 19.59687962369571 ], [ 78.190210922995732, 19.597281769038489 ], [ 78.190039423180906, 19.597611525251754 ], [ 78.190025446816946, 19.59840651784657 ], [ 78.190140177827004, 19.599197016529157 ], [ 78.190335749795054, 19.599716372312795 ], [ 78.190593307535167, 19.600068628664303 ], [ 78.191074911577971, 19.60072799180341 ], [ 78.191685308430294, 19.601441380815118 ], [ 78.192281436639064, 19.602127859413258 ], [ 78.192829737102727, 19.602760008167877 ], [ 78.193325777962343, 19.603464467810966 ], [ 78.193783699258347, 19.604178017801303 ], [ 78.194246385162614, 19.605027046161293 ], [ 78.194523102958897, 19.605677386402306 ], [ 78.194675937344698, 19.606183174114218 ], [ 78.194728447859632, 19.606508495770527 ], [ 78.194709458674652, 19.606729773959955 ], [ 78.194552439743347, 19.607271852913755 ], [ 78.194500212514868, 19.607678405833834 ], [ 78.194495577409043, 19.608071387984239 ], [ 78.194591053934062, 19.608459891510847 ], [ 78.194758043648847, 19.608793954577379 ], [ 78.195029962662716, 19.609168890032322 ], [ 78.195297008250407, 19.609466869600393 ], [ 78.195659365787151, 19.60969259763533 ], [ 78.195819078187981, 19.609855133907331 ], [ 78.195978887715569, 19.610017671078708 ], [ 78.19607898135996, 19.61023001360428 ], [ 78.196389052312952, 19.610816999305143 ], [ 78.196589472526171, 19.611246099128206 ], [ 78.196818628776725, 19.611959716567696 ], [ 78.196909415337302, 19.612488088054874 ], [ 78.19705772433457, 19.613495367417329 ], [ 78.197076976121593, 19.61396517415352 ], [ 78.196991619667585, 19.614922763274933 ], [ 78.196953670975176, 19.615514437141602 ], [ 78.196901664979919, 19.616314039661233 ], [ 78.196720911141199, 19.617005228008907 ], [ 78.196425748249752, 19.617818325755195 ], [ 78.196111407315655, 19.61837853324278 ], [ 78.195568395764894, 19.619214346065291 ], [ 78.194544190262206, 19.620651056201321 ], [ 78.194163075565541, 19.62110754937396 ], [ 78.193667680419196, 19.621898090324635 ], [ 78.192915143019491, 19.623117964922187 ], [ 78.192000502821031, 19.624500504394806 ], [ 78.191762361443864, 19.624794181606262 ], [ 78.191042854344289, 19.625584931199683 ], [ 78.190490915927455, 19.626119167564113 ] ] ] } },
{ "type": "Feature", "properties": { "REGION": 1.0, "STATE.NAME": "Maharashtra", "DISTRICT.NAME": "Yavatmal", "DISTRICT.AREA": 13583.851744, "GRID_G0": "184810", "woodland": 0.087864110756907893, "maskWdl": 0.0, "cropland": 0.86050330749220905, "maskCrp": 1.0, "one": 0.039340685108588749, "maskOne": 0.0, "GRID.AREA": 0.31191750694525677, "REGION.AREA": 32202.066020262951 }, "geometry": { "type": "Polygon", "coordinates": [ [ [ 77.636534486368078, 19.549210110717439 ], [ 77.636534486368078, 19.557977353941084 ], [ 77.636221722154801, 19.558180456962589 ], [ 77.635968094452039, 19.558037506126084 ], [ 77.635524100057239, 19.55792294508791 ], [ 77.634841139606976, 19.557696900491635 ], [ 77.63434475700501, 19.55756900700413 ], [ 77.633713977018488, 19.557324588359108 ], [ 77.633365153379202, 19.557177635539517 ], [ 77.632786367696781, 19.556865226349149 ], [ 77.632551147317656, 19.556613693167431 ], [ 77.632156776614011, 19.556105864893819 ], [ 77.63193557486693, 19.555818172670566 ], [ 77.631678933536023, 19.555228106791731 ], [ 77.631620093592517, 19.554993716486877 ], [ 77.631645222449094, 19.554505808196552 ], [ 77.631738588265307, 19.554225152268998 ], [ 77.632073000268804, 19.553681170349762 ], [ 77.632365644159222, 19.553295372883213 ], [ 77.63267299376372, 19.552954827503356 ], [ 77.633214630251018, 19.552721096401513 ], [ 77.633570789660268, 19.552551752261593 ], [ 77.633832401544169, 19.552500428851772 ], [ 77.633936483681865, 19.552391380657753 ], [ 77.634310029684187, 19.551973610493807 ], [ 77.634593942056824, 19.551691762065218 ], [ 77.634796658239225, 19.551392450601156 ], [ 77.634951731037631, 19.551079886727447 ], [ 77.635182462001069, 19.550703571712518 ], [ 77.635352757623707, 19.550521893370732 ], [ 77.635341621318844, 19.550291573397431 ], [ 77.635354357517656, 19.550070269127673 ], [ 77.635505145945785, 19.549829941498675 ], [ 77.635851831896559, 19.549669720081564 ], [ 77.636088929160792, 19.549519147490745 ], [ 77.6364305285461, 19.549295728914789 ], [ 77.636534486368078, 19.549210110717439 ] ] ] } },
{ "type": "Feature", "properties": { "REGION": 1.0, "STATE.NAME": "Maharashtra", "DISTRICT.NAME": "Yavatmal", "DISTRICT.AREA": 13583.851744, "GRID_G0": "184811", "woodland": 0.16693772303957649, "maskWdl": 0.0, "cropland": 0.75960753444644014, "maskCrp": 1.0, "one": 0.048980629942105419, "maskOne": 0.0, "GRID.AREA": 16.37478245161865, "REGION.AREA": 32202.066020262951 }, "geometry": { "type": "Polygon", "coordinates": [ [ [ 77.681531217347981, 19.539169446065713 ], [ 77.681531217347981, 19.581116721544493 ], [ 77.641247086235836, 19.581117232037311 ], [ 77.64125695704297, 19.580833854099126 ], [ 77.64132926703212, 19.580268859520292 ], [ 77.641401460109364, 19.579699451068848 ], [ 77.64151110365458, 19.579034810707984 ], [ 77.641693192986509, 19.578505279095396 ], [ 77.642027408937849, 19.577929650033354 ], [ 77.642491253168828, 19.576797653588866 ], [ 77.642986200452867, 19.576044865278337 ], [ 77.643356827255843, 19.575206955236865 ], [ 77.643722903489277, 19.574423365146227 ], [ 77.644196472988881, 19.573332041440608 ], [ 77.644550277073691, 19.572155577118224 ], [ 77.64469314067594, 19.571463723272245 ], [ 77.644863735772844, 19.570672345952062 ], [ 77.645264654440325, 19.569423317132422 ], [ 77.645587920246385, 19.568630871417611 ], [ 77.646041990645415, 19.567494497073426 ], [ 77.646079519354373, 19.567421958656496 ], [ 77.646333499591393, 19.566941618161195 ], [ 77.646826440487885, 19.565908760281101 ], [ 77.647013172120239, 19.565361203556733 ], [ 77.647476046882105, 19.564125285953253 ], [ 77.647727967671642, 19.563365060249392 ], [ 77.648177079208907, 19.562183407738136 ], [ 77.648444318150837, 19.561576581194345 ], [ 77.648751842223817, 19.560608225389334 ], [ 77.648846780954216, 19.559889523183021 ], [ 77.64909205755248, 19.55886717208239 ], [ 77.64914946847324, 19.558221010091586 ], [ 77.64908317584792, 19.557620849322799 ], [ 77.649051168076994, 19.557137820753894 ], [ 77.648896026030855, 19.556773013463843 ], [ 77.648789770231758, 19.556565810563772 ], [ 77.648683393923534, 19.556354285521934 ], [ 77.64833743912159, 19.555950075335772 ], [ 77.647905271710954, 19.555483035813495 ], [ 77.647267563347441, 19.554927020065971 ], [ 77.646254359251316, 19.554499922133747 ], [ 77.645313585653525, 19.554203325722938 ], [ 77.644945461663781, 19.554029451697886 ], [ 77.644536977899293, 19.554226198180572 ], [ 77.644214753508152, 19.554472178947947 ], [ 77.643807150179896, 19.554772753959469 ], [ 77.643626740781542, 19.554868747594693 ], [ 77.643322808600772, 19.555006146916185 ], [ 77.643189737716284, 19.555061180029497 ], [ 77.642809071781315, 19.555131301968061 ], [ 77.642142933149898, 19.555275535237801 ], [ 77.641462893697621, 19.555460428655916 ], [ 77.641077857956816, 19.555580272311772 ], [ 77.640640865683451, 19.555777291289019 ], [ 77.640161366953578, 19.556037670202386 ], [ 77.639544707222512, 19.556425408405911 ], [ 77.639174929379521, 19.556685138008788 ], [ 77.638880752145042, 19.556867701283466 ], [ 77.638586690923091, 19.557054675732729 ], [ 77.638210995541044, 19.557160971102007 ], [ 77.637635922260074, 19.557372231743159 ], [ 77.637128079597232, 19.55765098290658 ], [ 77.636586846006196, 19.557943352503742 ], [ 77.636534486368078, 19.557977353941084 ], [ 77.636534486368078, 19.549210110717439 ], [ 77.637027292575567, 19.548804240423408 ], [ 77.637509591794299, 19.548263798235723 ], [ 77.638135501951922, 19.547844429976521 ], [ 77.638667729731992, 19.547642321735797 ], [ 77.639143620381844, 19.547562515897422 ], [ 77.639648667052427, 19.547554832989192 ], [ 77.640068705306589, 19.54767414514572 ], [ 77.640502987023297, 19.547766304071729 ], [ 77.640746369649321, 19.547818954880935 ], [ 77.64114671364996, 19.547829907724122 ], [ 77.641746286262162, 19.54772679505561 ], [ 77.64206060021661, 19.547697700188735 ], [ 77.642622046070642, 19.547585892874682 ], [ 77.64297943305445, 19.547592666568331 ], [ 77.643618481407827, 19.547674377170832 ], [ 77.644554086601886, 19.547925976003057 ], [ 77.645126655270985, 19.548035198665563 ], [ 77.645842837576936, 19.548238475125572 ], [ 77.646305767197475, 19.548344024956858 ], [ 77.647045632250183, 19.54852893096546 ], [ 77.64758979493314, 19.54866093615334 ], [ 77.648249105012269, 19.548918793367648 ], [ 77.649018845543367, 19.549284231981748 ], [ 77.649248511709516, 19.549422829200239 ], [ 77.649444348977568, 19.549484728637367 ], [ 77.649701513713921, 19.549465095537752 ], [ 77.650286587456094, 19.54932129304331 ], [ 77.651084858979118, 19.549018244896157 ], [ 77.651830619087832, 19.548697458520959 ], [ 77.652495925846381, 19.548449260924713 ], [ 77.653265815664895, 19.548177909383075 ], [ 77.654225889613144, 19.547837621209283 ], [ 77.655194850661871, 19.54741597586667 ], [ 77.656149999023285, 19.547057589736028 ], [ 77.656311715113645, 19.547020545761658 ], [ 77.656958095639652, 19.546794999389761 ], [ 77.658084820258296, 19.546444637010438 ], [ 77.659301790944951, 19.546048467662729 ], [ 77.660347992066249, 19.545779873442431 ], [ 77.661133266587058, 19.545657373189272 ], [ 77.661751801404606, 19.545527008364786 ], [ 77.662322142452979, 19.545342780445026 ], [ 77.662740275943065, 19.545172965060313 ], [ 77.663153464960487, 19.545003164064838 ], [ 77.664146111453931, 19.544554274660072 ], [ 77.665052399648573, 19.544033553705614 ], [ 77.665948246714265, 19.543400119819751 ], [ 77.666455779110947, 19.543071568697997 ], [ 77.667697741057964, 19.542201021360086 ], [ 77.668479950689232, 19.541658580878845 ], [ 77.669247736094178, 19.541098178238371 ], [ 77.670238537178818, 19.540418806083096 ], [ 77.670765809694444, 19.540185087571789 ], [ 77.671297750590782, 19.539955848583588 ], [ 77.672105457800683, 19.539639059694878 ], [ 77.672804332653868, 19.539444865488178 ], [ 77.673625607036172, 19.539033100996846 ], [ 77.674024272901931, 19.538827307334429 ], [ 77.674708200123405, 19.538533831571101 ], [ 77.675322110626951, 19.538421436999784 ], [ 77.675798091209003, 19.538377714659873 ], [ 77.676727518959865, 19.538421472972626 ], [ 77.677557625584029, 19.538565100099333 ], [ 77.6786066343887, 19.538675669946258 ], [ 77.679622324210939, 19.538791041273612 ], [ 77.680180366131026, 19.538882261307382 ], [ 77.680972335205183, 19.53901259465556 ], [ 77.681531217347981, 19.539169446065713 ] ] ] } },
{ "type": "Feature", "properties": { "REGION": 1.0, "STATE.NAME": "Maharashtra", "DISTRICT.NAME": "Yavatmal", "DISTRICT.AREA": 13583.851744, "GRID_G0": "184812", "woodland": 0.083270183738419351, "maskWdl": 0.0, "cropland": 0.85885840358302312, "maskCrp": 1.0, "one": 0.039327072815209335, "maskOne": 0.0, "GRID.AREA": 22.891919105088832, "REGION.AREA": 32202.066020262951 }, "geometry": { "type": "Polygon", "coordinates": [ [ [ 77.701231002166693, 19.536116786691554 ], [ 77.726532454914178, 19.536115437930313 ], [ 77.726532454914178, 19.581116653509305 ], [ 77.681531217347981, 19.581116721544493 ], [ 77.681531217347981, 19.539169446065713 ], [ 77.682041708258296, 19.539312714610162 ], [ 77.682705501457804, 19.539525283764874 ], [ 77.683039634671445, 19.539608864057868 ], [ 77.683354412676081, 19.539651900215063 ], [ 77.683969376285745, 19.539702100371699 ], [ 77.684464775029426, 19.539689890276293 ], [ 77.685317693856518, 19.539697950000459 ], [ 77.686589858635102, 19.539698573230623 ], [ 77.687485613969955, 19.539706370352746 ], [ 77.688614653443551, 19.539689862397271 ], [ 77.689653552969162, 19.53971925943631 ], [ 77.691521970962242, 19.539815382573916 ], [ 77.692493676741833, 19.539790980369503 ], [ 77.692841511126915, 19.539788667313186 ], [ 77.69382773286361, 19.53978221287889 ], [ 77.694565718333308, 19.539700605698446 ], [ 77.695036872253922, 19.539638832166418 ], [ 77.695436370891855, 19.539545811689891 ], [ 77.695759114191844, 19.539385634339624 ], [ 77.696562088269843, 19.539086740161 ], [ 77.697392441308182, 19.538616098853936 ], [ 77.698080066541877, 19.538178058870361 ], [ 77.698743884922408, 19.537749201864244 ], [ 77.699113668161317, 19.537507430823325 ], [ 77.699810587888351, 19.53704665328047 ], [ 77.700692114149831, 19.536422076817416 ], [ 77.701231002166693, 19.536116786691554 ] ] ] } },
{ "type": "Feature", "properties": { "REGION": 1.0, "STATE.NAME": "Maharashtra", "DISTRICT.NAME": "Yavatmal", "DISTRICT.AREA": 13583.851744, "GRID_G0": "184813", "woodland": 0.083476854096087821, "maskWdl": 0.0, "cropland": 0.87574334840897505, "maskCrp": 1.0, "one": 0.018714180172856216, "maskOne": 0.0, "GRID.AREA": 23.594408467474249, "REGION.AREA": 32202.066020262951 }, "geometry": { "type": "Polygon", "coordinates": [ [ [ 77.726532454914178, 19.536115437930313 ], [ 77.771533724775892, 19.536115472768888 ], [ 77.771533724775892, 19.581116648331815 ], [ 77.726532454914178, 19.581116653509305 ], [ 77.726532454914178, 19.536115437930313 ] ] ] } },
{ "type": "Feature", "properties": { "REGION": 1.0, "STATE.NAME": "Maharashtra", "DISTRICT.NAME": "Yavatmal", "DISTRICT.AREA": 13583.851744, "GRID_G0": "184814", "woodland": 0.096041965916442706, "maskWdl": 0.0, "cropland": 0.67895067194622938, "maskCrp": 1.0, "one": 0.21428767570041132, "maskOne": 0.0, "GRID.AREA": 23.594436519240745, "REGION.AREA": 32202.066020262951 }, "geometry": { "type": "Polygon", "coordinates": [ [ [ 77.771533724775892, 19.536115472768888 ], [ 77.816535009901216, 19.536115421229908 ], [ 77.816535009901216, 19.58111671329301 ], [ 77.771533724775892, 19.581116648331815 ], [ 77.771533724775892, 19.536115472768888 ] ] ] } },
{ "type": "Feature", "properties": { "REGION": 1.0, "STATE.NAME": "Maharashtra", "DISTRICT.NAME": "Yavatmal", "DISTRICT.AREA": 13583.851744, "GRID_G0": "184815", "woodland": 0.040784118827867567, "maskWdl": 0.0, "cropland": 0.87756684215824576, "maskCrp": 1.0, "one": 0.04336815997291401, "maskOne": 0.0, "GRID.AREA": 23.592065751912095, "REGION.AREA": 32202.066020262951 }, "geometry": { "type": "Polygon", "coordinates": [ [ [ 77.816535009901216, 19.536115421229908 ], [ 77.861531757373555, 19.536115429489378 ], [ 77.861531757373555, 19.581116636902472 ], [ 77.816535009901216, 19.58111671329301 ], [ 77.816535009901216, 19.536115421229908 ] ] ] } },
{ "type": "Feature", "properties": { "REGION": 1.0, "STATE.NAME": "Maharashtra", "DISTRICT.NAME": "Yavatmal", "DISTRICT.AREA": 13583.851744, "GRID_G0": "184816", "woodland": 0.079893592541689651, "maskWdl": 0.0, "cropland": 0.8684302746558803, "maskCrp": 1.0, "one": 0.043135306374768034, "maskOne": 0.0, "GRID.AREA": 23.594431418793405, "REGION.AREA": 32202.066020262951 }, "geometry": { "type": "Polygon", "coordinates": [ [ [ 77.861531757373555, 19.536115429489378 ], [ 77.906533022918595, 19.536115406663633 ], [ 77.906533022918595, 19.581116686567707 ], [ 77.861531757373555, 19.581116636902472 ], [ 77.861531757373555, 19.536115429489378 ] ] ] } },
{ "type": "Feature", "properties": { "REGION": 1.0, "STATE.NAME": "Maharashtra", "DISTRICT.NAME": "Yavatmal", "DISTRICT.AREA": 13583.851744, "GRID_G0": "184817", "woodland": 0.23271747539801815, "maskWdl": 0.0, "cropland": 0.72857002340434451, "maskCrp": 1.0, "one": 0.027521267727623231, "maskOne": 0.0, "GRID.AREA": 23.59442077009097, "REGION.AREA": 32202.066020262951 }, "geometry": { "type": "Polygon", "coordinates": [ [ [ 77.906533022918595, 19.536115406663633 ], [ 77.951534251315636, 19.536115408271002 ], [ 77.951534251315636, 19.58111664935873 ], [ 77.906533022918595, 19.581116686567707 ], [ 77.906533022918595, 19.536115406663633 ] ] ] } },
{ "type": "Feature", "properties": { "REGION": 1.0, "STATE.NAME": "Maharashtra", "DISTRICT.NAME": "Yavatmal", "DISTRICT.AREA": 13583.851744, "GRID_G0": "184823", "woodland": 0.30676432740445903, "maskWdl": 0.0, "cropland": 0.54852263836077142, "maskCrp": 1.0, "one": 0.12019843916691803, "maskOne": 0.0, "GRID.AREA": 3.6062684040159381, "REGION.AREA": 32202.066020262951 }, "geometry": { "type": "Polygon", "coordinates": [ [ [ 78.189072747021527, 19.581117813876052 ], [ 78.176531634831946, 19.581116695026772 ], [ 78.176531634831946, 19.554802441581948 ], [ 78.178023355593439, 19.554761966591514 ], [ 78.178466417391292, 19.554734788179985 ], [ 78.179409861076294, 19.554698403408626 ], [ 78.18030085090362, 19.554720714689267 ], [ 78.181364273142776, 19.554778468251754 ], [ 78.1813777090141, 19.554779198501251 ], [ 78.181997138657096, 19.554923575662546 ], [ 78.18262631695103, 19.555099488450704 ], [ 78.183321858017393, 19.555148972746963 ], [ 78.18434166853325, 19.555248078036414 ], [ 78.185199425712995, 19.555455529149413 ], [ 78.186262079031792, 19.555875397431691 ], [ 78.187086608959874, 19.556268008162078 ], [ 78.187849134230191, 19.556773774290324 ], [ 78.188285480790341, 19.557146617922118 ], [ 78.188287717404322, 19.557148529880806 ], [ 78.188545111467761, 19.557442066797989 ], [ 78.18901057088118, 19.558161764553859 ], [ 78.189215602817853, 19.558566726573247 ], [ 78.189227708591943, 19.558590663828113 ], [ 78.189651479931911, 19.559429179113351 ], [ 78.18974213069481, 19.559691101263354 ], [ 78.189852141163442, 19.560698408504777 ], [ 78.1898760487407, 19.561086847280251 ], [ 78.189771742671837, 19.562261320503584 ], [ 78.189714778714119, 19.562853090597681 ], [ 78.189672197613902, 19.563499056536273 ], [ 78.189705638004853, 19.563806218182492 ], [ 78.189848816369818, 19.564190139663253 ], [ 78.190115862856828, 19.564623620084035 ], [ 78.190316143675147, 19.564984903830293 ], [ 78.190521205289429, 19.565472750067382 ], [ 78.19057380213934, 19.565861265285207 ], [ 78.19056453552497, 19.566380675927515 ], [ 78.19049319410567, 19.56671035479906 ], [ 78.190226785237996, 19.567645558895489 ], [ 78.190060216405925, 19.568128969676248 ], [ 78.189507876187577, 19.569271900078149 ], [ 78.188869880940331, 19.57050528788875 ], [ 78.18866040545339, 19.570907421540316 ], [ 78.188012755983948, 19.571951069486317 ], [ 78.187660263110729, 19.572506719209795 ], [ 78.187060275911051, 19.573315482223791 ], [ 78.1866030066235, 19.57397054120759 ], [ 78.186350697326873, 19.574399711177758 ], [ 78.186088741901983, 19.575032259231421 ], [ 78.185888811819268, 19.575565331474934 ], [ 78.185741394050126, 19.576071300849886 ], [ 78.185688989655205, 19.576432724890367 ], [ 78.185689262149765, 19.576947665002763 ], [ 78.185756137535762, 19.577340496067109 ], [ 78.185894520715635, 19.577792262403023 ], [ 78.186013783409408, 19.5781173808125 ], [ 78.186323732953952, 19.578569040129139 ], [ 78.186585966269377, 19.578979965553003 ], [ 78.187196223726801, 19.579630238344858 ], [ 78.187863732924995, 19.580226269426817 ], [ 78.188550116194961, 19.580731942025579 ], [ 78.189072747021527, 19.581117813876052 ] ] ] } },
{ "type": "Feature", "properties": { "REGION": 1.0, "STATE.NAME": "Maharashtra", "DISTRICT.NAME": "Yavatmal", "DISTRICT.AREA": 13583.851744, "GRID_G0": "184162", "woodland": 0.09034265225664706, "maskWdl": 0.0, "cropland": 0.86070087422884334, "maskCrp": 1.0, "one": 0.031662088937983716, "maskOne": 0.0, "GRID.AREA": 2.3159618704301521, "REGION.AREA": 32202.066020262951 }, "geometry": { "type": "Polygon", "coordinates": [ [ [ 77.726532454914178, 19.532155277721113 ], [ 77.726532454914178, 19.536115437930313 ], [ 77.701231002166693, 19.536116786691554 ], [ 77.70149874666987, 19.535965103406852 ], [ 77.701934928654111, 19.535682182986424 ], [ 77.702361627287303, 19.535403985805374 ], [ 77.703096478619671, 19.534911258947488 ], [ 77.704111788927946, 19.534349092736477 ], [ 77.704681115541121, 19.534020176490007 ], [ 77.705070280968755, 19.53382784208128 ], [ 77.705534706161814, 19.533490595414719 ], [ 77.705790361835795, 19.533263123594338 ], [ 77.706177004665108, 19.532732111697666 ], [ 77.706427367828837, 19.53244585209444 ], [ 77.706718703205638, 19.531906569132897 ], [ 77.706817010796442, 19.531666560763199 ], [ 77.707163952154701, 19.530919038882583 ], [ 77.70716282800214, 19.5307700077297 ], [ 77.707031515292272, 19.530409593627894 ], [ 77.706870996199598, 19.529972568079586 ], [ 77.706640354268984, 19.529703042161714 ], [ 77.706255859920077, 19.529263108205953 ], [ 77.70606301559576, 19.528948228577917 ], [ 77.705725065659294, 19.528354302808854 ], [ 77.705270927811114, 19.527512737023244 ], [ 77.705067855497191, 19.527116670198211 ], [ 77.704897830570474, 19.526675179515962 ], [ 77.704780154280741, 19.526237897660909 ], [ 77.704574051251541, 19.525426348547175 ], [ 77.704411884600859, 19.524758979643252 ], [ 77.704374915270193, 19.524271498530879 ], [ 77.704374542950859, 19.523594045528853 ], [ 77.704376895577354, 19.523259860154496 ], [ 77.704441963326019, 19.523042583948158 ], [ 77.704696344660647, 19.522656989728322 ], [ 77.704947115217237, 19.522425036586242 ], [ 77.705203100043093, 19.522256186174101 ], [ 77.70562583446474, 19.522104335646645 ], [ 77.705897086181665, 19.522061948799944 ], [ 77.706163358352342, 19.521987882434871 ], [ 77.706521454901292, 19.522084915686378 ], [ 77.706965796434417, 19.522271659909222 ], [ 77.707234316010954, 19.522495649554628 ], [ 77.707469811582598, 19.522769565063413 ], [ 77.707705326040013, 19.523048075208578 ], [ 77.708012397754032, 19.523335038081601 ], [ 77.708314627518121, 19.523622018941069 ], [ 77.708843168077806, 19.524210240310367 ], [ 77.709376387810096, 19.524802849471996 ], [ 77.709698644576861, 19.525216181481657 ], [ 77.709866721571984, 19.525404718053327 ], [ 77.710091177066204, 19.525475521678061 ], [ 77.710396332324933, 19.525496120649507 ], [ 77.710839522725848, 19.525524818915301 ], [ 77.711496641157112, 19.525475232096312 ], [ 77.712530356091122, 19.525472878570554 ], [ 77.712954824405699, 19.525519748537594 ], [ 77.71337919919074, 19.525566523176568 ], [ 77.714419652744823, 19.52582158619731 ], [ 77.715197293820097, 19.525965387792439 ], [ 77.716267085058007, 19.526324060806814 ], [ 77.717332406665264, 19.52670084526784 ], [ 77.718307537063254, 19.527127870355002 ], [ 77.719206567728975, 19.527591477165004 ], [ 77.719240097152806, 19.527613949424278 ], [ 77.720159301410661, 19.528190309635136 ], [ 77.720936203243241, 19.528867099836816 ], [ 77.72166945558098, 19.529444730789749 ], [ 77.72202413200813, 19.529726976718678 ], [ 77.722675845513891, 19.530228387430213 ], [ 77.723365723549364, 19.530725051519934 ], [ 77.724116947039533, 19.531153473254221 ], [ 77.724561694166937, 19.531376368424731 ], [ 77.725293276463617, 19.531723730665707 ], [ 77.72583307563599, 19.531918772033745 ], [ 77.726532454914178, 19.532155277721113 ] ] ] } },
{ "type": "Feature", "properties": { "REGION": 1.0, "STATE.NAME": "Maharashtra", "DISTRICT.NAME": "Yavatmal", "DISTRICT.AREA": 13583.851744, "GRID_G0": "184163", "woodland": 0.16683751991120721, "maskWdl": 0.0, "cropland": 0.76257993111606459, "maskCrp": 1.0, "one": 0.040330017416623398, "maskOne": 0.0, "GRID.AREA": 15.596309808084957, "REGION.AREA": 32202.066020262951 }, "geometry": { "type": "Polygon", "coordinates": [ [ [ 77.734132032832676, 19.491114959589257 ], [ 77.771533724775892, 19.4911141649943 ], [ 77.771533724775892, 19.536115472768888 ], [ 77.726532454914178, 19.536115437930313 ], [ 77.726532454914178, 19.532155277721113 ], [ 77.726592562996416, 19.532175604020949 ], [ 77.7274757053396, 19.532409058131577 ], [ 77.728067404387275, 19.532526979936222 ], [ 77.728686978821088, 19.532549871279574 ], [ 77.729038968073951, 19.532484330487534 ], [ 77.72906753683742, 19.532479622536588 ], [ 77.729567178582499, 19.532403937391852 ], [ 77.730098545711371, 19.532097772194504 ], [ 77.73094242904989, 19.531568174931348 ], [ 77.73165414262462, 19.531175003024032 ], [ 77.73257060484957, 19.530775861416942 ], [ 77.733709344410784, 19.530153920866784 ], [ 77.734430882179538, 19.529814814402187 ], [ 77.735390295126095, 19.529424486151186 ], [ 77.736221508815618, 19.529102662857671 ], [ 77.73742751316928, 19.528575152921007 ], [ 77.738330114143537, 19.528225649394244 ], [ 77.74007367835766, 19.527595144600298 ], [ 77.741845774463002, 19.526955313836709 ], [ 77.742292355307995, 19.526789665910428 ], [ 77.743499357009796, 19.526383943064559 ], [ 77.744245108125313, 19.526094309205064 ], [ 77.744648553887714, 19.525906409353354 ], [ 77.745070363806292, 19.52562351861053 ], [ 77.745321408656153, 19.52542310469255 ], [ 77.745632491346441, 19.525001004292957 ], [ 77.745914177897077, 19.5244660983318 ], [ 77.746581723068118, 19.523291760906091 ], [ 77.747038880839739, 19.522647345398699 ], [ 77.747566766693012, 19.521916635444427 ], [ 77.747745949416071, 19.521684995266355 ], [ 77.748126202562275, 19.520946349694327 ], [ 77.748796394438102, 19.520135939122326 ], [ 77.749077647515492, 19.519838047687813 ], [ 77.749158723196558, 19.519707077619614 ], [ 77.749735872112865, 19.518776927713077 ], [ 77.750212994833873, 19.517819629072672 ], [ 77.750488588477666, 19.516225956662598 ], [ 77.750629263130065, 19.515412462315339 ], [ 77.750614388343422, 19.515003036960653 ], [ 77.750582656664335, 19.514129644167785 ], [ 77.750293843885856, 19.512414540798488 ], [ 77.750056222316857, 19.511003393891539 ], [ 77.749642565651925, 19.509815849921612 ], [ 77.749343339623465, 19.508956803114017 ], [ 77.748710161145084, 19.507741075290426 ], [ 77.748647740101205, 19.507635120764235 ], [ 77.748638437513932, 19.50761932866914 ], [ 77.748439843823803, 19.507282231289992 ], [ 77.748244575826561, 19.507004535031342 ], [ 77.747934137050834, 19.506563049745008 ], [ 77.747351193802615, 19.505713437725039 ], [ 77.746979143372812, 19.505251744672311 ], [ 77.746634556439687, 19.504824128730608 ], [ 77.746389770871303, 19.504563781293541 ], [ 77.746010135559345, 19.504160005479942 ], [ 77.745686894934295, 19.503853625344561 ], [ 77.745338368071259, 19.503523272880784 ], [ 77.744931423046808, 19.503235300069093 ], [ 77.744409166050218, 19.502865722774917 ], [ 77.743351906865087, 19.502276773854074 ], [ 77.742748925822298, 19.501910613084362 ], [ 77.74271904225003, 19.501894260711595 ], [ 77.742031403526482, 19.501517996058737 ], [ 77.741523577950829, 19.501271324611992 ], [ 77.741225619067109, 19.501146055346226 ], [ 77.740974027429502, 19.501040278885796 ], [ 77.740641263883276, 19.50059866499646 ], [ 77.740616203375168, 19.500584332500978 ], [ 77.740538789733421, 19.500540057078013 ], [ 77.740313239764248, 19.500433232907426 ], [ 77.740200495356646, 19.500379836560285 ], [ 77.740101046526149, 19.500341272731585 ], [ 77.739962289228345, 19.500287468092214 ], [ 77.739804739697036, 19.500221679087247 ], [ 77.739659750996793, 19.500161138525755 ], [ 77.739432927587586, 19.500096897254085 ], [ 77.739285759830025, 19.500055217274507 ], [ 77.738830715465213, 19.49991324310173 ], [ 77.738420904301336, 19.499737323119007 ], [ 77.738108890812725, 19.499604232449428 ], [ 77.737899198589218, 19.49955023535512 ], [ 77.73773641590293, 19.499512925181421 ], [ 77.737594350898632, 19.499480365226706 ], [ 77.737502276508906, 19.499447085814381 ], [ 77.737382327632361, 19.49940373219653 ], [ 77.737199951416699, 19.499306272666388 ], [ 77.73710362143504, 19.499254795472496 ], [ 77.736938544578209, 19.499165687946178 ], [ 77.736798540820075, 19.499090112518729 ], [ 77.736443597294226, 19.49887809284974 ], [ 77.736217708280662, 19.498734755304781 ], [ 77.736183856899515, 19.498713274997669 ], [ 77.736131925547966, 19.498685557892259 ], [ 77.735997988616361, 19.49861407348078 ], [ 77.735817990208147, 19.498494862947609 ], [ 77.735728790051667, 19.498435789180348 ], [ 77.735665009232847, 19.498390157579767 ], [ 77.735504820191352, 19.498275556072088 ], [ 77.735404487327287, 19.498197476932095 ], [ 77.735304700351719, 19.498119821372715 ], [ 77.735180692834774, 19.497988857599751 ], [ 77.735087225395205, 19.497894852365619 ], [ 77.734990001487461, 19.497797070878164 ], [ 77.734858936990406, 19.497648084691377 ], [ 77.734770717994309, 19.497537510347858 ], [ 77.734637220831132, 19.497320689198489 ], [ 77.73451979095563, 19.497159027067482 ], [ 77.734484717395844, 19.497110745164832 ], [ 77.734334912826, 19.496909513763114 ], [ 77.734279750210376, 19.496835415921737 ], [ 77.734277748319471, 19.496832084832874 ], [ 77.734172437707912, 19.496657028199369 ], [ 77.734019821857373, 19.496367984295087 ], [ 77.733949100970278, 19.496226290710808 ], [ 77.733938687720297, 19.496205428238003 ], [ 77.733874251295731, 19.49593224477735 ], [ 77.733800166944206, 19.495559607090229 ], [ 77.733721389930281, 19.495263789492355 ], [ 77.733654521738856, 19.494945462762928 ], [ 77.733580310582909, 19.494500525878603 ], [ 77.733561207184039, 19.494301802686099 ], [ 77.733513226554237, 19.493852396171178 ], [ 77.733474893851337, 19.493502353051216 ], [ 77.733481810537171, 19.49308896978016 ], [ 77.733517195262436, 19.492727651859695 ], [ 77.733555241980866, 19.492506284637386 ], [ 77.733607506980945, 19.492366159470752 ], [ 77.733788230242681, 19.491860166713366 ], [ 77.733980802971772, 19.491437767738834 ], [ 77.734132032832676, 19.491114959589257 ] ] ] } },
{ "type": "Feature", "properties": { "REGION": 1.0, "STATE.NAME": "Maharashtra", "DISTRICT.NAME": "Yavatmal", "DISTRICT.AREA": 13583.851744, "GRID_G0": "184164", "woodland": 0.049354932923303972, "maskWdl": 0.0, "cropland": 0.86995500328918662, "maskCrp": 1.0, "one": 0.063253987765261643, "maskOne": 0.0, "GRID.AREA": 23.601036231221695, "REGION.AREA": 32202.066020262951 }, "geometry": { "type": "Polygon", "coordinates": [ [ [ 77.771533724775892, 19.4911141649943 ], [ 77.816535009901216, 19.491114172597751 ], [ 77.816535009901216, 19.536115421229908 ], [ 77.771533724775892, 19.536115472768888 ], [ 77.771533724775892, 19.4911141649943 ] ] ] } },
{ "type": "Feature", "properties": { "REGION": 1.0, "STATE.NAME": "Maharashtra", "DISTRICT.NAME": "Yavatmal", "DISTRICT.AREA": 13583.851744, "GRID_G0": "184165", "woodland": 0.091210010149778517, "maskWdl": 0.0, "cropland": 0.86067517332342669, "maskCrp": 1.0, "one": 0.028060130608638073, "maskOne": 0.0, "GRID.AREA": 17.708775368247274, "REGION.AREA": 32202.066020262951 }, "geometry": { "type": "Polygon", "coordinates": [ [ [ 77.861531757373555, 19.521048574847885 ], [ 77.861531757373555, 19.536115429489378 ], [ 77.816535009901216, 19.536115421229908 ], [ 77.816535009901216, 19.491114172597751 ], [ 77.844543070348337, 19.491115479121326 ], [ 77.844585206342231, 19.491683824948609 ], [ 77.844599281631588, 19.49274488197079 ], [ 77.844573158124831, 19.493259222235395 ], [ 77.844495087977975, 19.494093414479551 ], [ 77.844323496432253, 19.495152237585728 ], [ 77.844219036579318, 19.495832635867487 ], [ 77.844160712846701, 19.49626530060317 ], [ 77.844023420544488, 19.49690911896073 ], [ 77.843990938830814, 19.497193152741829 ], [ 77.843985083345004, 19.497621979171072 ], [ 77.843918457970517, 19.497968729873037 ], [ 77.843808023921213, 19.49838272378372 ], [ 77.843600390245854, 19.498948998097831 ], [ 77.843408862529031, 19.499375504276149 ], [ 77.843231792313418, 19.499788623146515 ], [ 77.843102714418819, 19.500175247090056 ], [ 77.842963726894538, 19.500593421948906 ], [ 77.842253228303889, 19.501811983536243 ], [ 77.841776410453065, 19.504156268796805 ], [ 77.841614236607768, 19.505583531554805 ], [ 77.841642606621065, 19.50680769501918 ], [ 77.84170433338835, 19.507652385049596 ], [ 77.842180426385653, 19.508754629222835 ], [ 77.843461349661595, 19.510719711745367 ], [ 77.845647447771569, 19.513240582486958 ], [ 77.846738159938184, 19.514311406146533 ], [ 77.847439295687025, 19.51511653949677 ], [ 77.848252753162058, 19.516050639225682 ], [ 77.849324422184395, 19.517193562433025 ], [ 77.851383538719404, 19.519168523108931 ], [ 77.851453521263068, 19.519235642211186 ], [ 77.852752463355557, 19.520280570791783 ], [ 77.852896814436519, 19.520396691254344 ], [ 77.85296236332249, 19.520436525825062 ], [ 77.854859346481703, 19.521589299306754 ], [ 77.855459634954229, 19.521761127374187 ], [ 77.856605181483985, 19.522089169479614 ], [ 77.856974521357131, 19.522194924356313 ], [ 77.858479912717883, 19.522380273730679 ], [ 77.859866215853231, 19.522127442827301 ], [ 77.861531757373555, 19.521048574847885 ] ] ] } },
{ "type": "Feature", "properties": { "REGION": 1.0, "STATE.NAME": "Maharashtra", "DISTRICT.NAME": "Yavatmal", "DISTRICT.AREA": 13583.851744, "GRID_G0": "184166", "woodland": 0.065713983577102286, "maskWdl": 0.0, "cropland": 0.86399394869539858, "maskCrp": 1.0, "one": 0.041349505634010339, "maskOne": 0.0, "GRID.AREA": 10.110531068277366, "REGION.AREA": 32202.066020262951 }, "geometry": { "type": "Polygon", "coordinates": [ [ [ 77.906533022918595, 19.533911308148532 ], [ 77.906533022918595, 19.536115406663633 ], [ 77.861531757373555, 19.536115429489378 ], [ 77.861531757373555, 19.521048574847885 ], [ 77.862153029039121, 19.520646133512287 ], [ 77.862482808634752, 19.520300962019803 ], [ 77.863344073170481, 19.519399486996804 ], [ 77.864873427866485, 19.517696711534086 ], [ 77.865783346624198, 19.517046326326977 ], [ 77.866464605557155, 19.516662368873256 ], [ 77.866464695489356, 19.516662317611917 ], [ 77.867231604055362, 19.516228842587051 ], [ 77.868241538216466, 19.515962324901409 ], [ 77.869575374004341, 19.515822447048325 ], [ 77.871795301911732, 19.515677992545363 ], [ 77.873705519494195, 19.515768380706277 ], [ 77.874439140553932, 19.51575022339415 ], [ 77.87532998648976, 19.515641802027574 ], [ 77.876173160263193, 19.515515422099099 ], [ 77.876887712098267, 19.515239843743874 ], [ 77.877221193303512, 19.514874020219906 ], [ 77.877459373351428, 19.514444915900189 ], [ 77.877649935196416, 19.513536965758419 ], [ 77.877845229273987, 19.512574880926081 ], [ 77.87786895069155, 19.511057216517376 ], [ 77.877573692471969, 19.509060599267283 ], [ 77.877268750352584, 19.507168022786065 ], [ 77.877040082433894, 19.505017938926812 ], [ 77.877078183111735, 19.504412629539274 ], [ 77.877273500571675, 19.503735155852834 ], [ 77.877883188758233, 19.503080143633778 ], [ 77.878811999574168, 19.502289593689849 ], [ 77.880107597987319, 19.501625633216463 ], [ 77.881598467095614, 19.501201089358858 ], [ 77.882517832332155, 19.501169375666223 ], [ 77.883532455558452, 19.501264226263061 ], [ 77.884589893708664, 19.50134103016444 ], [ 77.885395014468372, 19.501476428494414 ], [ 77.886137975886925, 19.501928053636789 ], [ 77.88663826064726, 19.502723012956722 ], [ 77.886976465091834, 19.503292157906799 ], [ 77.887029018774228, 19.504281470613421 ], [ 77.887052901170534, 19.505356454536809 ], [ 77.887181589658667, 19.507100062817699 ], [ 77.887543790713451, 19.508572501219987 ], [ 77.88759381999887, 19.508768968912818 ], [ 77.887643854680221, 19.50896545818938 ], [ 77.88782488191282, 19.510297980067776 ], [ 77.887863198427908, 19.511526594276972 ], [ 77.887801342158298, 19.513735380483467 ], [ 77.887753807592219, 19.515804187213515 ], [ 77.888173246897907, 19.517610930600028 ], [ 77.888973661505304, 19.518988562472202 ], [ 77.890512540021746, 19.520307508184999 ], [ 77.892570651114738, 19.521278376695758 ], [ 77.895181320961228, 19.521919620294284 ], [ 77.896515304237937, 19.522325930397415 ], [ 77.898078030077102, 19.523084655132777 ], [ 77.899035640782245, 19.523920241326152 ], [ 77.89984570421592, 19.524909357081242 ], [ 77.900465329911128, 19.52666627442909 ], [ 77.901089757086652, 19.528716962517876 ], [ 77.901904753301778, 19.531029600635634 ], [ 77.90228120681229, 19.531806430522408 ], [ 77.903105728646494, 19.532786463124811 ], [ 77.903960991106885, 19.533247041917491 ], [ 77.903960983912327, 19.533247083286312 ], [ 77.904816257164612, 19.533707707045092 ], [ 77.906533022918595, 19.533911308148532 ] ] ] } },
{ "type": "Feature", "properties": { "REGION": 1.0, "STATE.NAME": "Maharashtra", "DISTRICT.NAME": "Yavatmal", "DISTRICT.AREA": 13583.851744, "GRID_G0": "184167", "woodland": 0.13830318396361549, "maskWdl": 0.0, "cropland": 0.76262570551753284, "maskCrp": 1.0, "one": 0.069713640795367474, "maskOne": 0.0, "GRID.AREA": 13.394994008333562, "REGION.AREA": 32202.066020262951 }, "geometry": { "type": "Polygon", "coordinates": [ [ [ 77.951534251315636, 19.510286431096997 ], [ 77.951534251315636, 19.536115408271002 ], [ 77.906533022918595, 19.536115406663633 ], [ 77.906533022918595, 19.533911308148532 ], [ 77.90713645048686, 19.533982868114951 ], [ 77.908670503241183, 19.533856114068442 ], [ 77.909642338523156, 19.533160297809559 ], [ 77.909613576405491, 19.532595726811394 ], [ 77.909703963667027, 19.531891081008606 ], [ 77.91034200388043, 19.530350701523734 ], [ 77.911318267424178, 19.528222990098982 ], [ 77.911794279482478, 19.526501924224473 ], [ 77.912179597610418, 19.524166552144717 ], [ 77.912583855460639, 19.52117625508015 ], [ 77.912807407136199, 19.519766940092271 ], [ 77.913340649351539, 19.518398176434744 ], [ 77.914440711769487, 19.517069987490004 ], [ 77.915498096859721, 19.515985650617324 ], [ 77.917522442007169, 19.5149281962793 ], [ 77.919908712117433, 19.513771333580227 ], [ 77.923295206408682, 19.511882384964164 ], [ 77.924495379558152, 19.511110416812357 ], [ 77.924495425423629, 19.511110386235377 ], [ 77.92569082137436, 19.510341474879223 ], [ 77.926833565616619, 19.509553146260714 ], [ 77.927976789197544, 19.508764457913458 ], [ 77.930239084166431, 19.507467362129091 ], [ 77.932591762799689, 19.50599869368483 ], [ 77.934420392986794, 19.504516546201675 ], [ 77.935653595537076, 19.503133950971119 ], [ 77.935914162408721, 19.501486760805392 ], [ 77.936113212954467, 19.500748639538131 ], [ 77.936170036617966, 19.49959110774347 ], [ 77.936440285590777, 19.498953283367371 ], [ 77.936957632288966, 19.497984320520004 ], [ 77.937575090617997, 19.497012064355321 ], [ 77.937787696644932, 19.496775344806395 ], [ 77.93795126983531, 19.496646342454767 ], [ 77.93808546037576, 19.496575724090462 ], [ 77.938252579592927, 19.496537074826168 ], [ 77.938709743659786, 19.496529000712883 ], [ 77.939066008289728, 19.496587411679741 ], [ 77.939487891053375, 19.496718755865913 ], [ 77.939838420706621, 19.49685388349997 ], [ 77.940112266967617, 19.497024140451739 ], [ 77.940704897712919, 19.49757289327448 ], [ 77.941030059289872, 19.497820568364602 ], [ 77.941490273857085, 19.498300051805984 ], [ 77.941853001015261, 19.49859326047067 ], [ 77.942389143544176, 19.499087114179019 ], [ 77.942529584372892, 19.49926488946312 ], [ 77.94276761783135, 19.499628847793133 ], [ 77.943038621335347, 19.500015771210943 ], [ 77.943564152763486, 19.500595367182488 ], [ 77.945475396472432, 19.502484572105345 ], [ 77.94646226122444, 19.504363266651467 ], [ 77.948054337337851, 19.506715992049465 ], [ 77.949870227728866, 19.508919575677908 ], [ 77.951032987282588, 19.509948996349181 ], [ 77.951534251315636, 19.510286431096997 ] ] ] } },
{ "type": "Feature", "properties": { "REGION": 1.0, "STATE.NAME": "Maharashtra", "DISTRICT.NAME": "Yavatmal", "DISTRICT.AREA": 13583.851744, "GRID_G0": "184172", "woodland": 0.29082582704629384, "maskWdl": 0.0, "cropland": 0.55307861541009529, "maskCrp": 1.0, "one": 0.13245768802148516, "maskOne": 0.0, "GRID.AREA": 0.69179843425902687, "REGION.AREA": 32202.066020262951 }, "geometry": { "type": "Polygon", "coordinates": [ [ [ 78.131534777466058, 19.533019700654727 ], [ 78.131534777466058, 19.515452178040825 ], [ 78.131744144176992, 19.515587355272263 ], [ 78.132458758964617, 19.51610683875964 ], [ 78.133483016627963, 19.51689726189915 ], [ 78.133954631900792, 19.517335414297978 ], [ 78.134740794951767, 19.518220673645203 ], [ 78.135017107153828, 19.518491748195686 ], [ 78.135488773687996, 19.518767295074667 ], [ 78.135841261165353, 19.519092423376662 ], [ 78.135922345839674, 19.519259624432152 ], [ 78.135946143699655, 19.519526147513776 ], [ 78.135889092507682, 19.519851369345247 ], [ 78.135693718390428, 19.520361890189118 ], [ 78.135546096475252, 19.520831580912784 ], [ 78.135479521462798, 19.521269861015298 ], [ 78.135493871045355, 19.521581464413089 ], [ 78.135598695123747, 19.522213802025423 ], [ 78.135856150341112, 19.523496628266855 ], [ 78.135913265384943, 19.523916804117281 ], [ 78.136003887369569, 19.524942242590495 ], [ 78.135956345608918, 19.525683003367988 ], [ 78.135856434526886, 19.526663150184277 ], [ 78.135818326654487, 19.527137433745622 ], [ 78.13563264992689, 19.52798670042591 ], [ 78.135461171695795, 19.528519758280254 ], [ 78.135204062717378, 19.529224449049138 ], [ 78.135032597976078, 19.529617504943932 ], [ 78.13444672293798, 19.530606708832579 ], [ 78.134107221671002, 19.531005794681732 ], [ 78.134107115550989, 19.531005919687516 ], [ 78.133989430268059, 19.531144259699886 ], [ 78.13315099951906, 19.531934795254646 ], [ 78.132788958543642, 19.532214844139787 ], [ 78.132274388052636, 19.53254460574902 ], [ 78.131534777466058, 19.533019700654727 ] ] ] } },
{ "type": "Feature", "properties": { "REGION": 1.0, "STATE.NAME": "Maharashtra", "DISTRICT.NAME": "Yavatmal", "DISTRICT.AREA": 13583.851744, "GRID_G0": "183512", "woodland": 0.12861538711041701, "maskWdl": 0.0, "cropland": 0.82707453639267314, "maskCrp": 1.0, "one": 0.026711756349451537, "maskOne": 0.0, "GRID.AREA": 8.3944987153450654, "REGION.AREA": 32202.066020262951 }, "geometry": { "type": "Polygon", "coordinates": [ [ [ 77.696683453366347, 19.446118627835741 ], [ 77.726532454914178, 19.446117433163593 ], [ 77.726532454914178, 19.477464150218385 ], [ 77.72649166445882, 19.477355745171561 ], [ 77.726462903240474, 19.477127664510132 ], [ 77.726426864708117, 19.476666965208324 ], [ 77.726414737350296, 19.476235569416019 ], [ 77.726393137433377, 19.475820013382986 ], [ 77.726292888206274, 19.475546836217578 ], [ 77.726083267029196, 19.475269134562954 ], [ 77.7257876418862, 19.474905694242466 ], [ 77.725532734448166, 19.474648336151859 ], [ 77.724806050758673, 19.47412257809458 ], [ 77.724313069392679, 19.473865336016505 ], [ 77.72369375306431, 19.473655575444525 ], [ 77.723372268815183, 19.473554188575008 ], [ 77.722993485161282, 19.473450451776955 ], [ 77.722669604218936, 19.473387425489364 ], [ 77.722109929129999, 19.473270163787106 ], [ 77.721769450299973, 19.473243350500301 ], [ 77.721105060849936, 19.473200722635283 ], [ 77.720364568070408, 19.473241807263665 ], [ 77.720004938177397, 19.473275877180015 ], [ 77.719826472213995, 19.473318883659601 ], [ 77.719433505352072, 19.473359696692686 ], [ 77.719128755687564, 19.473418584300248 ], [ 77.718831116063214, 19.473475192126443 ], [ 77.718695402071205, 19.473515915227384 ], [ 77.718569237080658, 19.473547598343028 ], [ 77.718466883439987, 19.473597285886058 ], [ 77.718231141454055, 19.473744226115169 ], [ 77.717771727283434, 19.474063004304242 ], [ 77.717426601656371, 19.474313814431014 ], [ 77.716886272783313, 19.474679942825162 ], [ 77.716569693436668, 19.474881123864805 ], [ 77.716331686058538, 19.475098027751812 ], [ 77.716043665582731, 19.475407586990571 ], [ 77.715684361244314, 19.47579615526843 ], [ 77.715398773434686, 19.476042548824633 ], [ 77.715341589143065, 19.476101380674205 ], [ 77.714996638883861, 19.476528293346124 ], [ 77.714642055986133, 19.4769801343258 ], [ 77.714515872109885, 19.477097707193479 ], [ 77.714289787044095, 19.477285303074328 ], [ 77.714020719780478, 19.477511280221449 ], [ 77.713770924988239, 19.477669390030371 ], [ 77.713573235116769, 19.477782462690524 ], [ 77.71331364940545, 19.477850392981281 ], [ 77.713001760023246, 19.477895654960548 ], [ 77.712754104718215, 19.477900290965696 ], [ 77.712518361832963, 19.47787111875715 ], [ 77.712263578501393, 19.477816942697814 ], [ 77.711987212340034, 19.4777334964038 ], [ 77.711691879476703, 19.47764332677815 ], [ 77.711458518895597, 19.477514701242512 ], [ 77.711246429079495, 19.477354435758627 ], [ 77.711036816895614, 19.477151306787448 ], [ 77.710850937820567, 19.476970681551734 ], [ 77.710674589760572, 19.476753918858321 ], [ 77.710507868043749, 19.476512316889966 ], [ 77.710360133713266, 19.476315929236819 ], [ 77.710226596080588, 19.476042778151736 ], [ 77.710069253393385, 19.475706241050261 ], [ 77.709954781388106, 19.475428515113947 ], [ 77.70991182886786, 19.47522758858241 ], [ 77.709864093752969, 19.474927190737336 ], [ 77.70983770584553, 19.47473754440222 ], [ 77.709818502621829, 19.474428124558354 ], [ 77.709832699319691, 19.47420456388954 ], [ 77.709894273202224, 19.47363531461815 ], [ 77.709956083606414, 19.473323562832206 ], [ 77.710039198949914, 19.472932862261818 ], [ 77.710155634175237, 19.472463029445297 ], [ 77.710317220763159, 19.471952554466839 ], [ 77.710388578370271, 19.471620557143069 ], [ 77.710371838389676, 19.471478278999427 ], [ 77.710383528676985, 19.47095428451269 ], [ 77.710430882479272, 19.47045738929711 ], [ 77.710468645911362, 19.469983129118194 ], [ 77.710432765659675, 19.469669138020382 ], [ 77.710368354416062, 19.469477159743178 ], [ 77.710327787797212, 19.469289776102357 ], [ 77.710225367606711, 19.46900975779414 ], [ 77.710115706075044, 19.46880201530081 ], [ 77.709925053398536, 19.468533406691392 ], [ 77.709772485212056, 19.468325646211671 ], [ 77.709681923482037, 19.468167621838344 ], [ 77.709524651841264, 19.467968882458024 ], [ 77.709365091425866, 19.467767996395992 ], [ 77.709174481017556, 19.46757609096386 ], [ 77.708795628115809, 19.467280323728005 ], [ 77.708497916545696, 19.467070505599395 ], [ 77.70818587517806, 19.466804153389035 ], [ 77.707792786907646, 19.466519739194666 ], [ 77.707542714224928, 19.466350431027593 ], [ 77.707506994951927, 19.46632103308923 ], [ 77.707466491285629, 19.466294044434676 ], [ 77.707345000071768, 19.466194699026175 ], [ 77.707237783796757, 19.466138293547488 ], [ 77.706859128745862, 19.465865214408158 ], [ 77.706570862755143, 19.465619069064815 ], [ 77.706416013887974, 19.465544747292313 ], [ 77.706158797890282, 19.465346023200482 ], [ 77.706037347145923, 19.46530087903238 ], [ 77.705708653031991, 19.465057138476197 ], [ 77.705570427233511, 19.464973611243238 ], [ 77.705372622248774, 19.464772680215045 ], [ 77.70506551006531, 19.46454700254219 ], [ 77.704824855982395, 19.464416143090602 ], [ 77.704531904523847, 19.464228805315145 ], [ 77.704281703238053, 19.464039188657697 ], [ 77.703938744977165, 19.463741209089562 ], [ 77.703576628458677, 19.463413902629551 ], [ 77.7031550883367, 19.463084298401725 ], [ 77.702826328572257, 19.462856351739273 ], [ 77.702495248556943, 19.462594470958095 ], [ 77.702016403634161, 19.462122600277841 ], [ 77.701771055989525, 19.461853961990812 ], [ 77.701423324127177, 19.461535692818021 ], [ 77.70115167221195, 19.461332511686123 ], [ 77.700863461079905, 19.461106750376302 ], [ 77.700601454393677, 19.460939818218094 ], [ 77.700325234821776, 19.460720856682258 ], [ 77.700196623675311, 19.460653090068092 ], [ 77.699789242479596, 19.46030091555485 ], [ 77.699403456704204, 19.459993902296787 ], [ 77.698981779885287, 19.45966217297098 ], [ 77.698569791462788, 19.459375420539285 ], [ 77.69818631064976, 19.459142942193072 ], [ 77.697702834218489, 19.458829174127118 ], [ 77.697347907779772, 19.458580875806835 ], [ 77.697157383706326, 19.458413853716426 ], [ 77.696733436099237, 19.458057187988857 ], [ 77.696578548561206, 19.457957869560062 ], [ 77.695473367202169, 19.456984795911634 ], [ 77.695008861969484, 19.456492733652794 ], [ 77.694992168753629, 19.45647235681389 ], [ 77.694980200575856, 19.456458850795403 ], [ 77.69478965401936, 19.456181132053644 ], [ 77.694668125034013, 19.456056976148602 ], [ 77.694549058392397, 19.455907963881486 ], [ 77.694365607486873, 19.455600866986458 ], [ 77.694251236205616, 19.455381836202832 ], [ 77.694210655197651, 19.455230459618065 ], [ 77.694160404678996, 19.45456193508528 ], [ 77.694141201455352, 19.454254818405214 ], [ 77.694195743538785, 19.453692460638592 ], [ 77.694243225044829, 19.453421377994232 ], [ 77.694266916784841, 19.453193286540966 ], [ 77.69437626175511, 19.45270995490057 ], [ 77.694490442380072, 19.452316907099657 ], [ 77.694637883531584, 19.451842528210136 ], [ 77.694723473809347, 19.451641485666073 ], [ 77.694813920426157, 19.451467619734899 ], [ 77.695006532725358, 19.45115350453068 ], [ 77.695287351430181, 19.450755970911359 ], [ 77.69554912878931, 19.45039001788507 ], [ 77.695798973943567, 19.450019561953297 ], [ 77.69605830784468, 19.449671575582784 ], [ 77.696229525272443, 19.449384778184992 ], [ 77.696374675850677, 19.449093350178035 ], [ 77.696522169162847, 19.448806461049401 ], [ 77.696574479128969, 19.448636961326773 ], [ 77.696621953440456, 19.448354674029019 ], [ 77.696693213920753, 19.44783290626367 ], [ 77.696709778533489, 19.447523499909664 ], [ 77.696664342985116, 19.447047046284183 ], [ 77.696697389473002, 19.446534331094536 ], [ 77.696683453366347, 19.446118627835741 ] ] ] } },
{ "type": "Feature", "properties": { "REGION": 1.0, "STATE.NAME": "Maharashtra", "DISTRICT.NAME": "Yavatmal", "DISTRICT.AREA": 13583.851744, "GRID_G0": "183513", "woodland": 0.10128301517297908, "maskWdl": 0.0, "cropland": 0.86538614137578174, "maskCrp": 1.0, "one": 0.020765628620712961, "maskOne": 0.0, "GRID.AREA": 22.138367295416788, "REGION.AREA": 32202.066020262951 }, "geometry": { "type": "Polygon", "coordinates": [ [ [ 77.726532454914178, 19.477464150218385 ], [ 77.726532454914178, 19.446117433163593 ], [ 77.771533724775892, 19.44611736132757 ], [ 77.771533724775892, 19.4911141649943 ], [ 77.734132032832676, 19.491114959589257 ], [ 77.734182924702296, 19.491006327879802 ], [ 77.73440655102155, 19.490563456738187 ], [ 77.734672911325845, 19.490113890143959 ], [ 77.734884655802261, 19.489766010792835 ], [ 77.735105869240556, 19.48939089997009 ], [ 77.735186756064024, 19.489207943691724 ], [ 77.735265269576587, 19.489067852699293 ], [ 77.735391316755909, 19.488877960849265 ], [ 77.735479280344578, 19.488728918904542 ], [ 77.735833773310048, 19.488222820027151 ], [ 77.73601465665115, 19.48800363276149 ], [ 77.736097862826171, 19.487883823279848 ], [ 77.736447752162064, 19.4875290461286 ], [ 77.736790474800614, 19.487196851853298 ], [ 77.737437899439556, 19.486661225535158 ], [ 77.737544909769838, 19.486536907752168 ], [ 77.737909064152063, 19.486157267044291 ], [ 77.738230279503853, 19.485836407824021 ], [ 77.738615862032475, 19.485472525037039 ], [ 77.738972885690202, 19.485113260268804 ], [ 77.739132270737741, 19.484876012817775 ], [ 77.739225029511545, 19.484706556262609 ], [ 77.739298654309493, 19.484482884977187 ], [ 77.739341336133805, 19.484250288819851 ], [ 77.739362507973397, 19.483995043236693 ], [ 77.739336194709665, 19.483724010055084 ], [ 77.739319337817221, 19.4835524248046 ], [ 77.739243058220609, 19.483263268485072 ], [ 77.739161980740903, 19.48310310732262 ], [ 77.739026032025834, 19.482814050827812 ], [ 77.738942514685334, 19.482637869142422 ], [ 77.738856713966257, 19.482482137140945 ], [ 77.738704164665535, 19.482281201616217 ], [ 77.738630315936405, 19.48220906609555 ], [ 77.738556261262488, 19.48206903805573 ], [ 77.738432402133697, 19.481861282072543 ], [ 77.738317906746033, 19.481764274901423 ], [ 77.737951052599044, 19.481371476212701 ], [ 77.737364735993822, 19.480748517630047 ], [ 77.736992907696617, 19.48035802929968 ], [ 77.736850013517369, 19.480256454471828 ], [ 77.736168575619331, 19.479674208198215 ], [ 77.735932660064293, 19.479500384535186 ], [ 77.735761177336542, 19.479417020079442 ], [ 77.735442026828139, 19.479279409417249 ], [ 77.735213302252134, 19.479207294581045 ], [ 77.7350442135197, 19.479171185901578 ], [ 77.734810825059583, 19.479139789669603 ], [ 77.734191679602361, 19.479117571019113 ], [ 77.733622508571955, 19.479158490172214 ], [ 77.733334451223982, 19.479215180736048 ], [ 77.732781964416176, 19.479294565691706 ], [ 77.732253419359893, 19.479355757362384 ], [ 77.73172237238964, 19.479410387579374 ], [ 77.731248637414751, 19.479512283465169 ], [ 77.730650914708008, 19.47959161086419 ], [ 77.729596068403922, 19.47972999674198 ], [ 77.729186402930225, 19.479755056350829 ], [ 77.728829170629751, 19.479743987495056 ], [ 77.728648286389387, 19.479712466257354 ], [ 77.728469624373702, 19.479658381928857 ], [ 77.728259980713574, 19.47956358439194 ], [ 77.727997968631428, 19.479432708752544 ], [ 77.727714444765866, 19.479256767186087 ], [ 77.727485809222799, 19.479116940594395 ], [ 77.727371346210703, 19.479035632888213 ], [ 77.727209365719716, 19.478843728355461 ], [ 77.727047410409739, 19.478690224874015 ], [ 77.726932956390897, 19.47853441553093 ], [ 77.726835194688533, 19.478342573950673 ], [ 77.726730324744722, 19.478152923118955 ], [ 77.726668233752036, 19.477976694668772 ], [ 77.726613393093658, 19.477732874072956 ], [ 77.726541798065568, 19.477488980632014 ], [ 77.726532454914178, 19.477464150218385 ] ] ] } },
{ "type": "Feature", "properties": { "REGION": 1.0, "STATE.NAME": "Maharashtra", "DISTRICT.NAME": "Yavatmal", "DISTRICT.AREA": 13583.851744, "GRID_G0": "183514", "woodland": 0.03878075119676111, "maskWdl": 0.0, "cropland": 0.89636721547311526, "maskCrp": 1.0, "one": 0.038740856502811206, "maskOne": 0.0, "GRID.AREA": 20.138985767197987, "REGION.AREA": 32202.066020262951 }, "geometry": { "type": "Polygon", "coordinates": [ [ [ 77.816535009901216, 19.446357936383158 ], [ 77.816535009901216, 19.491114172597751 ], [ 77.771533724775892, 19.4911141649943 ], [ 77.771533724775892, 19.44611736132757 ], [ 77.782082782324053, 19.44611837207729 ], [ 77.782438300087563, 19.44648143117314 ], [ 77.783378159074871, 19.447342054492253 ], [ 77.784040770565184, 19.44794637732349 ], [ 77.784236863240722, 19.448215239541696 ], [ 77.784396340918477, 19.448379755221595 ], [ 77.784631938113534, 19.448549721692359 ], [ 77.784952919641569, 19.448738876098275 ], [ 77.785604973990417, 19.449081233612105 ], [ 77.786007230849066, 19.449239722934919 ], [ 77.786449862771008, 19.449240813812533 ], [ 77.78673178854126, 19.44916307821353 ], [ 77.787301140335387, 19.448944490795668 ], [ 77.787396460378375, 19.448936724250476 ], [ 77.788100216751673, 19.4489816633731 ], [ 77.788204375331702, 19.449019131827523 ], [ 77.788364380911503, 19.449152049827262 ], [ 77.788898973009282, 19.449723119326563 ], [ 77.789002556922526, 19.449801182278804 ], [ 77.78918206430086, 19.44990269865065 ], [ 77.789659723917168, 19.450116406347146 ], [ 77.789816411897959, 19.450145471536359 ], [ 77.790196658748869, 19.450177314731317 ], [ 77.791243064915591, 19.450226604774059 ], [ 77.792009120924263, 19.450240758304407 ], [ 77.792498594934287, 19.450296541452303 ], [ 77.792693760408781, 19.450294483803415 ], [ 77.793156446312992, 19.450219057663446 ], [ 77.79365293503497, 19.450107939230065 ], [ 77.793887672478149, 19.450002482928312 ], [ 77.794170644159976, 19.449843543944439 ], [ 77.794467449213471, 19.449720820659426 ], [ 77.79498350808251, 19.449573795894025 ], [ 77.795240814911722, 19.449549969255717 ], [ 77.795816395410384, 19.449575236607927 ], [ 77.796281677657362, 19.44965333913035 ], [ 77.79659093922055, 19.449661696530143 ], [ 77.797104654456291, 19.449686223740287 ], [ 77.797475113985399, 19.449735999416873 ], [ 77.797840577780505, 19.449812797922334 ], [ 77.798172362864307, 19.449911786299939 ], [ 77.798409103097697, 19.449996041983809 ], [ 77.798702193951158, 19.450139650224745 ], [ 77.799037454914696, 19.450333487400599 ], [ 77.799187961855012, 19.450461752308058 ], [ 77.799248685878183, 19.450543765082731 ], [ 77.799280496697634, 19.450652539882867 ], [ 77.799311852460107, 19.45113600732094 ], [ 77.799393581948323, 19.452441730301643 ], [ 77.79944619408667, 19.45311061276459 ], [ 77.799555518372529, 19.453464059818543 ], [ 77.799692236907276, 19.453894709173539 ], [ 77.799758120341039, 19.454292799473194 ], [ 77.799838088956676, 19.454700101528484 ], [ 77.799866566888625, 19.455052626777327 ], [ 77.799926001284007, 19.455224920693581 ], [ 77.800089668003807, 19.455777777122762 ], [ 77.800128185967083, 19.456085255330319 ], [ 77.800140569631665, 19.45656844397854 ], [ 77.800137149509908, 19.457493894028062 ], [ 77.800227098801599, 19.458212847145205 ], [ 77.800305874016942, 19.458710432140776 ], [ 77.800398259572091, 19.459257917818718 ], [ 77.800432807927791, 19.459506639719677 ], [ 77.800510249448507, 19.459755903911912 ], [ 77.800621222191694, 19.459992070377776 ], [ 77.80073289370813, 19.460174049992474 ], [ 77.800859393246469, 19.460320054027303 ], [ 77.800972230284231, 19.460425345753151 ], [ 77.801169869793739, 19.460585817181766 ], [ 77.801334495190872, 19.460727885783346 ], [ 77.801469839561491, 19.460919124817796 ], [ 77.801604909638911, 19.461133049250858 ], [ 77.801814794317352, 19.461438107382779 ], [ 77.802016431313291, 19.461661837124154 ], [ 77.802283943649115, 19.461931553698324 ], [ 77.802405753223013, 19.462068577103199 ], [ 77.802639408781772, 19.462382989083721 ], [ 77.802883749185753, 19.462607256619663 ], [ 77.803137900293905, 19.46281807659301 ], [ 77.803287356826104, 19.463023118422203 ], [ 77.803539075268191, 19.463405499364345 ], [ 77.803717668036029, 19.463570277646227 ], [ 77.803963080431856, 19.463717764663159 ], [ 77.804662852808463, 19.464051561530368 ], [ 77.804876468774069, 19.464094864786205 ], [ 77.805890225953249, 19.464098554704609 ], [ 77.80691945596817, 19.464021076311667 ], [ 77.807163028351113, 19.463956422251162 ], [ 77.807349989310637, 19.463859422274595 ], [ 77.807701323857088, 19.463583975220331 ], [ 77.808176236943837, 19.463314485275305 ], [ 77.808459664581903, 19.463128424537217 ], [ 77.808739116317213, 19.462883605693889 ], [ 77.809210195594133, 19.462546353631353 ], [ 77.810138429944629, 19.461858228374581 ], [ 77.810538783837842, 19.461474918432774 ], [ 77.811055641304847, 19.460926044201642 ], [ 77.811317861130419, 19.460550156364661 ], [ 77.81180261549838, 19.459915101001172 ], [ 77.812009829190345, 19.459728095075608 ], [ 77.812318917184314, 19.459411411407586 ], [ 77.812624224428475, 19.459017877073393 ], [ 77.812838947459511, 19.45863228555157 ], [ 77.813044747417223, 19.45820595833834 ], [ 77.813229989772253, 19.457887725138448 ], [ 77.81337789227598, 19.457519429378237 ], [ 77.813475468717968, 19.457344584984639 ], [ 77.813809699058424, 19.456928877865494 ], [ 77.814160136980774, 19.456368909597529 ], [ 77.814412975978144, 19.455979285515639 ], [ 77.814550252092545, 19.45569203665821 ], [ 77.814693458336478, 19.455314576806298 ], [ 77.814889190383894, 19.454928796426884 ], [ 77.815037088390966, 19.454560408036453 ], [ 77.815126649175568, 19.454277142276339 ], [ 77.815286599896751, 19.453728332796342 ], [ 77.815426060464404, 19.452929268970653 ], [ 77.815431272934973, 19.452899399787498 ], [ 77.815496240858863, 19.452331372694744 ], [ 77.815553505190167, 19.451979931128964 ], [ 77.81566741781711, 19.451308731113102 ], [ 77.8157157347934, 19.450912054547757 ], [ 77.815746861228718, 19.450731824114428 ], [ 77.815856899576318, 19.450344965447865 ], [ 77.815905143707482, 19.449952789989311 ], [ 77.815952737628777, 19.449262610680986 ], [ 77.815998094936162, 19.449082588890406 ], [ 77.81626919017107, 19.44840424286156 ], [ 77.816310442073302, 19.448179058017161 ], [ 77.816335508876705, 19.447741438016976 ], [ 77.816381198933243, 19.447191226493942 ], [ 77.816380474079665, 19.446897724650341 ], [ 77.816410737165839, 19.446776179477126 ], [ 77.816510148224836, 19.446470463041461 ], [ 77.816535009901216, 19.446357936383158 ] ] ] } },
{ "type": "Feature", "properties": { "REGION": 1.0, "STATE.NAME": "Maharashtra", "DISTRICT.NAME": "Yavatmal", "DISTRICT.AREA": 13583.851744, "GRID_G0": "183515", "woodland": 0.031539056969573286, "maskWdl": 0.0, "cropland": 0.90836910008099325, "maskCrp": 1.0, "one": 0.039905924950415485, "maskOne": 0.0, "GRID.AREA": 10.738975386549768, "REGION.AREA": 32202.066020262951 }, "geometry": { "type": "Polygon", "coordinates": [ [ [ 77.844543070348337, 19.491115479121326 ], [ 77.816535009901216, 19.491114172597751 ], [ 77.816535009901216, 19.446357936383158 ], [ 77.81658814684522, 19.44611743224576 ], [ 77.834927208359588, 19.446118762485298 ], [ 77.835025663903309, 19.446325413187306 ], [ 77.835154417142689, 19.446656606517251 ], [ 77.835274416381253, 19.446924474984598 ], [ 77.835390525152661, 19.447133587145398 ], [ 77.835416124354708, 19.447173562909654 ], [ 77.83548374527868, 19.447279165800918 ], [ 77.835629172848087, 19.447430007289029 ], [ 77.83581233237328, 19.447612815179355 ], [ 77.836230349850837, 19.448015285177291 ], [ 77.836540866867551, 19.448280970090764 ], [ 77.836733224658644, 19.448482008138228 ], [ 77.836877679161603, 19.448705034609699 ], [ 77.836932413699969, 19.448877243090351 ], [ 77.836960209046481, 19.449283944398587 ], [ 77.836991272529247, 19.449446805325863 ], [ 77.837032871569818, 19.449533115960605 ], [ 77.837131129697923, 19.449660763933139 ], [ 77.837281600665392, 19.449793489477997 ], [ 77.837521985851026, 19.449959033082962 ], [ 77.837899268536489, 19.450216501790184 ], [ 77.838201548662596, 19.450387264160955 ], [ 77.83850451227346, 19.450503837881854 ], [ 77.838713568676326, 19.45052902069779 ], [ 77.838922844513718, 19.45054061116031 ], [ 77.839465884842753, 19.450506721108354 ], [ 77.84000605543514, 19.450332793123948 ], [ 77.840273208941483, 19.450286433072502 ], [ 77.840806469143274, 19.450270400858361 ], [ 77.841272413291279, 19.450303267481843 ], [ 77.841904835439834, 19.450347187672605 ], [ 77.842893020396616, 19.450476746704567 ], [ 77.843230289546284, 19.450526016062842 ], [ 77.843628211672694, 19.450657370141585 ], [ 77.844481766320541, 19.450884629721941 ], [ 77.845198059243103, 19.45106047236294 ], [ 77.845519958978969, 19.451186307302294 ], [ 77.84576561239318, 19.451320314381064 ], [ 77.845978032260462, 19.451449338316365 ], [ 77.846175783285844, 19.451605247484224 ], [ 77.846302032812616, 19.45176930450987 ], [ 77.84644604664777, 19.452032919183921 ], [ 77.846528435339053, 19.452268725021668 ], [ 77.846595767580652, 19.452567513080343 ], [ 77.846628118892625, 19.452987783359561 ], [ 77.846616406122294, 19.453840901836198 ], [ 77.846576913293973, 19.454296416546413 ], [ 77.846434277220169, 19.454980818609954 ], [ 77.846232838075082, 19.455786452882538 ], [ 77.84610884404799, 19.456155126358059 ], [ 77.845945124268155, 19.456645213705713 ], [ 77.845840178781259, 19.457009663964868 ], [ 77.845584882836135, 19.457575309652896 ], [ 77.845361666607687, 19.457893123768713 ], [ 77.845079986352346, 19.458304979091562 ], [ 77.844831611589655, 19.458717318249686 ], [ 77.84467943730624, 19.459049482847433 ], [ 77.844572754329192, 19.459197115554502 ], [ 77.844451884546913, 19.459335631833994 ], [ 77.844244620492873, 19.459522681826343 ], [ 77.843950789497399, 19.459780860098647 ], [ 77.8435179826688, 19.460105088179322 ], [ 77.843254024453699, 19.460264398583206 ], [ 77.842870578714269, 19.460458348174257 ], [ 77.842099452327943, 19.460814491395695 ], [ 77.841902667174395, 19.460933988812599 ], [ 77.841436690650823, 19.461248727247039 ], [ 77.840912097215551, 19.461666689865922 ], [ 77.840555605057205, 19.461978242002314 ], [ 77.840218548147561, 19.462267569192992 ], [ 77.839906113776181, 19.462489459820745 ], [ 77.83946426246581, 19.462772943216802 ], [ 77.839133481025385, 19.462949462148 ], [ 77.8385730127344, 19.463213395182095 ], [ 77.838270551844573, 19.463399233787637 ], [ 77.837997650771001, 19.463517804003512 ], [ 77.83771076254169, 19.463609068104059 ], [ 77.837087780576667, 19.463917373687877 ], [ 77.836602437152806, 19.464254504341969 ], [ 77.835694252287965, 19.464884295074228 ], [ 77.83513646307739, 19.465292753657703 ], [ 77.834415280540838, 19.4658210945679 ], [ 77.833924054651447, 19.466239430405434 ], [ 77.833263466635742, 19.466858765619577 ], [ 77.832707133427505, 19.467510947672167 ], [ 77.831922538794174, 19.468489946054206 ], [ 77.831354035960032, 19.469336234179934 ], [ 77.831080800338725, 19.46982039769324 ], [ 77.830868826535152, 19.470354970005932 ], [ 77.830653446099689, 19.4708250051699 ], [ 77.830478487492257, 19.471071443692207 ], [ 77.830449059876287, 19.471112762144287 ], [ 77.830202014311567, 19.471421208022377 ], [ 77.829780091078419, 19.471989271987354 ], [ 77.829255486851309, 19.472754808187918 ], [ 77.828963744980925, 19.473202689452592 ], [ 77.828866231491489, 19.473368452492139 ], [ 77.828802123319406, 19.473534705662189 ], [ 77.828596349442023, 19.473961061653707 ], [ 77.828483593343208, 19.47419439705385 ], [ 77.828137792325322, 19.474767981956855 ], [ 77.827946103629813, 19.475203547006117 ], [ 77.827603716438432, 19.475876483612865 ], [ 77.827446686715291, 19.47621757038462 ], [ 77.827347327816994, 19.476514302593046 ], [ 77.827175077068205, 19.4769275536637 ], [ 77.827076797356369, 19.477152006459956 ], [ 77.82692047180241, 19.477443589150372 ], [ 77.826845719254607, 19.477686390814313 ], [ 77.826756655795066, 19.477933576673252 ], [ 77.826753420034379, 19.478168331203563 ], [ 77.826735923723959, 19.47839837778298 ], [ 77.826670315482716, 19.47866841361645 ], [ 77.826667716441989, 19.478857981710522 ], [ 77.826752404699789, 19.479278852736911 ], [ 77.826852015408235, 19.479645743756123 ], [ 77.82692127759492, 19.479800169941939 ], [ 77.827214722781264, 19.480273244814445 ], [ 77.827561681226655, 19.480999909618163 ], [ 77.827714664899929, 19.481295285648969 ], [ 77.827901186990232, 19.481577464128691 ], [ 77.828097417262029, 19.481846280481534 ], [ 77.828331928975388, 19.482101970329726 ], [ 77.828515665865325, 19.482239697004442 ], [ 77.828761140314441, 19.482387145350515 ], [ 77.829167677946046, 19.482595376175709 ], [ 77.829607729713018, 19.48278590474575 ], [ 77.829821310605041, 19.482833673135531 ], [ 77.830062456617156, 19.482949548083241 ], [ 77.830682091305505, 19.483241636192588 ], [ 77.83158189448892, 19.483573275586249 ], [ 77.832051448515585, 19.483701026980835 ], [ 77.832345748957209, 19.48375878953658 ], [ 77.832916786980221, 19.483774935065238 ], [ 77.834397560299237, 19.483743540631963 ], [ 77.836329553166422, 19.483446975697404 ], [ 77.836877450733823, 19.48340856745148 ], [ 77.837677430069391, 19.483391376910564 ], [ 77.838043471229298, 19.483427484690708 ], [ 77.838389948537326, 19.483499498802871 ], [ 77.838608644773217, 19.483524729282866 ], [ 77.838836246095923, 19.483586194347424 ], [ 77.839153325465645, 19.483721071969967 ], [ 77.839767873588528, 19.484035646727762 ], [ 77.840164920674624, 19.484239209172188 ], [ 77.840509452749075, 19.484455598647003 ], [ 77.840769398189252, 19.484589734328839 ], [ 77.841246072148579, 19.484889070973907 ], [ 77.841472146422461, 19.485063408149813 ], [ 77.841872581254677, 19.485375320914386 ], [ 77.842154311872036, 19.485654181795098 ], [ 77.842337095480616, 19.485864084459994 ], [ 77.842580013157146, 19.486201172845885 ], [ 77.843031640997481, 19.486942555954272 ], [ 77.843269526067843, 19.487297667653312 ], [ 77.84343316131141, 19.487511883466709 ], [ 77.843524471277362, 19.487682055882203 ], [ 77.84372561274688, 19.488057211671045 ], [ 77.843956255576813, 19.488597232076643 ], [ 77.84426784818271, 19.489481450008952 ], [ 77.844417335291837, 19.490038482889698 ], [ 77.844491785667458, 19.490538987084619 ], [ 77.844491791962696, 19.49053903025208 ], [ 77.8445088314175, 19.490653648846887 ], [ 77.844543070348337, 19.491115479121326 ] ] ] } },
{ "type": "Feature", "properties": { "REGION": 1.0, "STATE.NAME": "Maharashtra", "DISTRICT.NAME": "Yavatmal", "DISTRICT.AREA": 13583.851744, "GRID_G0": "183518", "woodland": 0.034835737981450773, "maskWdl": 0.0, "cropland": 0.8503084524991219, "maskCrp": 1.0, "one": 0.075242733964384981, "maskOne": 0.0, "GRID.AREA": 5.4135507344124223, "REGION.AREA": 32202.066020262951 }, "geometry": { "type": "Polygon", "coordinates": [ [ [ 77.996531068852022, 19.453865275766347 ], [ 77.996531068852022, 19.491114180445269 ], [ 77.975623778390414, 19.491115572904494 ], [ 77.976464831786586, 19.489940772448737 ], [ 77.977421153763316, 19.488516333562018 ], [ 77.978125565742346, 19.487427616091679 ], [ 77.978377454156274, 19.487091981010167 ], [ 77.979382654286098, 19.485930009262574 ], [ 77.980349532504988, 19.484790107777314 ], [ 77.981776544352101, 19.483402735348026 ], [ 77.982717397090255, 19.482425065264579 ], [ 77.984287202392522, 19.481039431224819 ], [ 77.985383922030465, 19.479788187374993 ], [ 77.98639078500679, 19.47849520688834 ], [ 77.986899666386535, 19.477422183487025 ], [ 77.987342391837956, 19.476316753915114 ], [ 77.987472551617032, 19.475456031670603 ], [ 77.987490989517596, 19.474765576270386 ], [ 77.987435522931094, 19.474268314131454 ], [ 77.987340658844403, 19.473878914880061 ], [ 77.987174707846521, 19.473457133739767 ], [ 77.986939304905036, 19.472894598806761 ], [ 77.98672969901645, 19.472535518399525 ], [ 77.985821562714989, 19.471355645646554 ], [ 77.984737125118272, 19.470191837483355 ], [ 77.983503444128701, 19.468791475246462 ], [ 77.98231691459398, 19.467432256093787 ], [ 77.982094195690649, 19.466987287733218 ], [ 77.982035382726792, 19.466751784966963 ], [ 77.981916241441468, 19.466028142784637 ], [ 77.981899576104638, 19.465477122771063 ], [ 77.981990672931261, 19.464697181230008 ], [ 77.982164483104441, 19.464134879221376 ], [ 77.982292735421481, 19.463793250158407 ], [ 77.982778698478228, 19.462652248802272 ], [ 77.983197999288279, 19.461885220626471 ], [ 77.983717738183145, 19.461078588106432 ], [ 77.984271746643856, 19.46056140958143 ], [ 77.984748097746547, 19.460165166489276 ], [ 77.985672090894354, 19.459381379447166 ], [ 77.98697397556856, 19.458448481212489 ], [ 77.988661113619571, 19.457172463738292 ], [ 77.989777302680409, 19.456246487585357 ], [ 77.990934216640824, 19.455483464090662 ], [ 77.992151663068853, 19.454815864960263 ], [ 77.992462448083586, 19.454711125418154 ], [ 77.992824976491534, 19.454643092604673 ], [ 77.994462587978092, 19.454246813539669 ], [ 77.995529675853902, 19.454028148780083 ], [ 77.996046920928734, 19.453922182562739 ], [ 77.996531068852022, 19.453865275766347 ] ] ] } },
{ "type": "Feature", "properties": { "REGION": 1.0, "STATE.NAME": "Maharashtra", "DISTRICT.NAME": "Yavatmal", "DISTRICT.AREA": 13583.851744, "GRID_G0": "183519", "woodland": 0.15819487480664587, "maskWdl": 0.0, "cropland": 0.61959802111236462, "maskCrp": 1.0, "one": 0.19038220786609905, "maskOne": 0.0, "GRID.AREA": 9.7945173424138208, "REGION.AREA": 32202.066020262951 }, "geometry": { "type": "Polygon", "coordinates": [ [ [ 78.041532344959762, 19.47768558020535 ], [ 78.041532344959762, 19.491114166474024 ], [ 77.996531068852022, 19.491114180445269 ], [ 77.996531068852022, 19.453865275766347 ], [ 77.99657126435244, 19.453860551123572 ], [ 77.997819215784261, 19.453784706798842 ], [ 77.998698111528654, 19.453773228751572 ], [ 78.00017914115449, 19.454209405339839 ], [ 78.001057993731479, 19.454336986762598 ], [ 78.002138801664444, 19.45429982407768 ], [ 78.003168480441104, 19.454171760618294 ], [ 78.004860634011095, 19.45397920047975 ], [ 78.005866659718606, 19.453832887078132 ], [ 78.007595810498287, 19.453717404234851 ], [ 78.00846358162903, 19.453601001385149 ], [ 78.009560810283233, 19.45339700456816 ], [ 78.010829929957367, 19.453524526635643 ], [ 78.012239098355735, 19.453865831942664 ], [ 78.013414480793699, 19.454254148410254 ], [ 78.014337732000797, 19.455005140774688 ], [ 78.015266772143889, 19.456045191432505 ], [ 78.015913337030952, 19.457587606982546 ], [ 78.016492791808957, 19.459169911062585 ], [ 78.016920459012056, 19.460709768041397 ], [ 78.017133910401697, 19.462256227842712 ], [ 78.017266180889578, 19.463824294755455 ], [ 78.017213601126869, 19.465331471270417 ], [ 78.016993626055068, 19.466900075078456 ], [ 78.016691615725563, 19.468553379734715 ], [ 78.016389597302123, 19.470206690686268 ], [ 78.01607777536907, 19.471887063137501 ], [ 78.015889064328917, 19.473618412759606 ], [ 78.015839153753973, 19.475283737754353 ], [ 78.015907621839347, 19.476999976068097 ], [ 78.015971342403589, 19.478716247656735 ], [ 78.016108494411526, 19.480275317751762 ], [ 78.016375168579202, 19.482120250848936 ], [ 78.016785807119334, 19.48388562991795 ], [ 78.017328073132148, 19.485404190051383 ], [ 78.017950012782933, 19.48627361323673 ], [ 78.018966259285506, 19.487210761667374 ], [ 78.020232118917193, 19.488358478261205 ], [ 78.021128957935105, 19.488955692850993 ], [ 78.022606151053083, 19.489577537173659 ], [ 78.023581482899147, 19.489990589494145 ], [ 78.024517068308114, 19.490163802517543 ], [ 78.025625957571947, 19.4901856290636 ], [ 78.027202084208852, 19.490144942834888 ], [ 78.028337073597129, 19.489986494880895 ], [ 78.029935651808955, 19.489684178781889 ], [ 78.030849321638925, 19.489333535814069 ], [ 78.032383017362406, 19.488515995416886 ], [ 78.033414595507239, 19.487873217574982 ], [ 78.034401144597211, 19.48703123000729 ], [ 78.034850637446993, 19.486494642313914 ], [ 78.035934018340356, 19.485152728815425 ], [ 78.037017479273288, 19.483797214869639 ], [ 78.037983294493529, 19.482332020506419 ], [ 78.038996168538404, 19.480912546776665 ], [ 78.040123198926551, 19.479494302420164 ], [ 78.041221865596697, 19.478066675436768 ], [ 78.041532344959762, 19.47768558020535 ] ] ] } },
{ "type": "Feature", "properties": { "REGION": 1.0, "STATE.NAME": "Maharashtra", "DISTRICT.NAME": "Yavatmal", "DISTRICT.AREA": 13583.851744, "GRID_G0": "182862", "woodland": 0.13604761833989984, "maskWdl": 0.0, "cropland": 0.81217611919710064, "maskCrp": 1.0, "one": 0.035264066712278323, "maskOne": 0.0, "GRID.AREA": 3.5624716870996394, "REGION.AREA": 32202.066020262951 }, "geometry": { "type": "Polygon", "coordinates": [ [ [ 77.726532454914178, 19.433655855354335 ], [ 77.726532454914178, 19.446117433163593 ], [ 77.696683453366347, 19.446118627835741 ], [ 77.69668050470159, 19.446030671178566 ], [ 77.696630098600224, 19.445258256963029 ], [ 77.696580019852092, 19.44494441785065 ], [ 77.6965371140966, 19.44480439970334 ], [ 77.696394135381126, 19.444470104611696 ], [ 77.696222536640789, 19.444065916908585 ], [ 77.696024628234056, 19.443564592531974 ], [ 77.695791183116683, 19.443040762621138 ], [ 77.695600462091704, 19.442566462872037 ], [ 77.695390760874943, 19.442069732232422 ], [ 77.695364568120397, 19.441943293847999 ], [ 77.695326237216136, 19.44158866868219 ], [ 77.695335565883738, 19.441053358925444 ], [ 77.695366355972624, 19.440660400157412 ], [ 77.695413869854292, 19.44037581868912 ], [ 77.695468542339427, 19.440159051499052 ], [ 77.695532686484341, 19.439960159234033 ], [ 77.695623146591004, 19.439756898961775 ], [ 77.695746837546551, 19.439580701987836 ], [ 77.695915790481422, 19.439390970217175 ], [ 77.69612994514091, 19.43920791141602 ], [ 77.696365592697987, 19.439058714787905 ], [ 77.696684458121297, 19.438862214719506 ], [ 77.69703676933149, 19.438697189124014 ], [ 77.697546123754648, 19.438505021089895 ], [ 77.698124638741149, 19.43828342633913 ], [ 77.698717326143765, 19.438070869774894 ], [ 77.699060042487019, 19.43797357482066 ], [ 77.699462365895499, 19.437889881213096 ], [ 77.700259825330704, 19.437706671325884 ], [ 77.700819327749855, 19.437582235731668 ], [ 77.701864313887029, 19.437279116538033 ], [ 77.702123709841374, 19.437218004007718 ], [ 77.702875926183083, 19.436973820085768 ], [ 77.704170865393166, 19.436578008668221 ], [ 77.704875529182402, 19.436367710301624 ], [ 77.705399118074922, 19.436213857883274 ], [ 77.7060538146319, 19.43609381547725 ], [ 77.706815581773753, 19.435969360097943 ], [ 77.707446414820254, 19.435930697343849 ], [ 77.708260645712301, 19.435925728589556 ], [ 77.708289209079794, 19.435925801434621 ], [ 77.708322616195858, 19.435925766361095 ], [ 77.708620099338191, 19.435930176636418 ], [ 77.709567684401179, 19.43596363501382 ], [ 77.710355789088453, 19.435997199511174 ], [ 77.711069937127945, 19.43601262648156 ], [ 77.711619878854378, 19.436055277728943 ], [ 77.712212775799003, 19.436134049346947 ], [ 77.712477086548347, 19.436158699764235 ], [ 77.712691217825522, 19.436145097518306 ], [ 77.7132531466155, 19.436149349512903 ], [ 77.71439348247327, 19.436128519415657 ], [ 77.715360047728097, 19.436116763477912 ], [ 77.716178983873078, 19.436080131392998 ], [ 77.717016955068459, 19.43603460231509 ], [ 77.717614551870156, 19.436002733039743 ], [ 77.717881202655462, 19.4359868087443 ], [ 77.718028751725569, 19.435959590762536 ], [ 77.718411960043966, 19.43584872863596 ], [ 77.718954686509619, 19.435735540862591 ], [ 77.719466422337575, 19.43558853228501 ], [ 77.719887775400593, 19.435409816310024 ], [ 77.720104337545195, 19.435310262258838 ], [ 77.720570810494564, 19.43514298655964 ], [ 77.721058779039481, 19.43497558045874 ], [ 77.721860947324899, 19.434683750454777 ], [ 77.722317961205022, 19.43448031571404 ], [ 77.722691573757174, 19.434358181484924 ], [ 77.72300817468755, 19.434240590630797 ], [ 77.723300980455917, 19.434172605481422 ], [ 77.723491382221596, 19.434158993342919 ], [ 77.7237580869662, 19.434133963411739 ], [ 77.724300725298292, 19.434036648672478 ], [ 77.724757747272292, 19.433934710518542 ], [ 77.725252878917274, 19.433835101608679 ], [ 77.725893314025257, 19.433737625890785 ], [ 77.726257463910883, 19.433687721611136 ], [ 77.726532454914178, 19.433655855354335 ] ] ] } },
{ "type": "Feature", "properties": { "REGION": 1.0, "STATE.NAME": "Maharashtra", "DISTRICT.NAME": "Yavatmal", "DISTRICT.AREA": 13583.851744, "GRID_G0": "182863", "woodland": 0.086185119788032588, "maskWdl": 0.0, "cropland": 0.85857193973952373, "maskCrp": 1.0, "one": 0.036469287229296148, "maskOne": 0.0, "GRID.AREA": 6.0395961695115696, "REGION.AREA": 32202.066020262951 }, "geometry": { "type": "Polygon", "coordinates": [ [ [ 77.771533724775892, 19.439893322740907 ], [ 77.771533724775892, 19.44611736132757 ], [ 77.726532454914178, 19.446117433163593 ], [ 77.726532454914178, 19.433655855354335 ], [ 77.72659072478217, 19.433649102923823 ], [ 77.727081096315601, 19.433601499109955 ], [ 77.727814321673691, 19.433576167006549 ], [ 77.728202427699955, 19.433557950339207 ], [ 77.729195087683195, 19.433485142125672 ], [ 77.729790277899042, 19.433491492238602 ], [ 77.73071638984959, 19.433511352866674 ], [ 77.730921052164888, 19.433536069833792 ], [ 77.731230661765665, 19.43357874086627 ], [ 77.731552066874443, 19.433650894373333 ], [ 77.732011607849472, 19.433702562223512 ], [ 77.73234484264043, 19.433745316892892 ], [ 77.732621064010971, 19.433781320351727 ], [ 77.73279972153, 19.433815006257589 ], [ 77.733018723535338, 19.433884858399555 ], [ 77.733263990241028, 19.433993233001328 ], [ 77.733418853497369, 19.434054019977111 ], [ 77.733564031954586, 19.434126327268245 ], [ 77.733759343119232, 19.43425717682732 ], [ 77.734021348006877, 19.434469237865073 ], [ 77.734221423779744, 19.434604662275373 ], [ 77.734447745367234, 19.434762717225681 ], [ 77.734728850955776, 19.434990593740963 ], [ 77.734955083510329, 19.435182449710339 ], [ 77.735131283182227, 19.43531557905078 ], [ 77.735379038312033, 19.435534494721196 ], [ 77.735624511861772, 19.435762469262613 ], [ 77.735876916486575, 19.43597006426711 ], [ 77.736122310896008, 19.436191330765325 ], [ 77.736341538631166, 19.436385375684608 ], [ 77.736675014440436, 19.436608812246959 ], [ 77.737039264150781, 19.436827571435348 ], [ 77.737298979364482, 19.436981078514009 ], [ 77.737522860191916, 19.437089303828373 ], [ 77.737791903173843, 19.437217967135552 ], [ 77.737963351727331, 19.43728322913779 ], [ 77.738225339527844, 19.437382571848275 ], [ 77.738422968245459, 19.437445660189095 ], [ 77.738558694827987, 19.437470417625718 ], [ 77.7387372597168, 19.437504094538383 ], [ 77.738834889218822, 19.437519911814551 ], [ 77.73904444114811, 19.437553693947851 ], [ 77.739315826863972, 19.437578313788212 ], [ 77.739758636851661, 19.437566778184308 ], [ 77.740096649740622, 19.437539499048683 ], [ 77.740384718779822, 19.437516695838895 ], [ 77.740620398712508, 19.437471323243017 ], [ 77.740858453754697, 19.437417076137198 ], [ 77.741053557175974, 19.437360427841497 ], [ 77.741284526459765, 19.437312869893105 ], [ 77.741503486196962, 19.437254013761791 ], [ 77.741620140856881, 19.437215463422945 ], [ 77.742017651093761, 19.437133969557124 ], [ 77.742200878068104, 19.437063821538175 ], [ 77.742374689140661, 19.436989211083301 ], [ 77.742476944755253, 19.436914524185966 ], [ 77.742667289863618, 19.436749683850909 ], [ 77.742817183466286, 19.436589097309025 ], [ 77.743000333998282, 19.436311251762906 ], [ 77.743126272359632, 19.436015267790424 ], [ 77.743195164025678, 19.435823319190888 ], [ 77.743278172349846, 19.435328632710309 ], [ 77.743316080572697, 19.435147972401069 ], [ 77.743334938456712, 19.434834008282905 ], [ 77.743367814972714, 19.434291896054219 ], [ 77.743391325949005, 19.433851422505199 ], [ 77.743419454943947, 19.433309421792448 ], [ 77.743523984044657, 19.43285318672525 ], [ 77.743621398608695, 19.432577530128981 ], [ 77.743771118642258, 19.432306433994768 ], [ 77.744025566526716, 19.431813898692493 ], [ 77.744203902987806, 19.431596974121138 ], [ 77.744379909305451, 19.431420617967206 ], [ 77.744748696095499, 19.431043263335997 ], [ 77.74497467144397, 19.430837627054871 ], [ 77.745207889032883, 19.430690613980683 ], [ 77.745474375242281, 19.430557242722617 ], [ 77.746147944072391, 19.430301635612071 ], [ 77.746481134796568, 19.430197476132662 ], [ 77.746742976906944, 19.430138528270504 ], [ 77.74760702214644, 19.429961773716908 ], [ 77.747797489562572, 19.429932329913129 ], [ 77.748718714597032, 19.429873005235038 ], [ 77.74963279181992, 19.430284249918262 ], [ 77.750832637616213, 19.430969794120756 ], [ 77.752113914325719, 19.431564058934217 ], [ 77.753164469065041, 19.431979278620876 ], [ 77.75383571494632, 19.432299371618743 ], [ 77.754459789587656, 19.432591741215958 ], [ 77.75564211479184, 19.433112461271094 ], [ 77.756511957960527, 19.433525292358414 ], [ 77.757336156038832, 19.433802212502144 ], [ 77.757953715091958, 19.433877773540477 ], [ 77.75828895177375, 19.434067106012204 ], [ 77.759116939595117, 19.434407273676811 ], [ 77.76029615584298, 19.434815016399906 ], [ 77.76101220055267, 19.435000169722116 ], [ 77.761315665985251, 19.435080807433394 ], [ 77.761561788845555, 19.435174266779029 ], [ 77.762285573120778, 19.435481427525929 ], [ 77.763094885620546, 19.43579869215597 ], [ 77.763614834057421, 19.436049035534609 ], [ 77.763759914488503, 19.436133720195077 ], [ 77.763931088748791, 19.436233660954716 ], [ 77.764459458437329, 19.436565425354161 ], [ 77.764976648653487, 19.437009913476796 ], [ 77.765301476581953, 19.437266866872452 ], [ 77.765692536881147, 19.437547229620975 ], [ 77.76674838952664, 19.438264928183909 ], [ 77.767342572501775, 19.438651685227114 ], [ 77.767833622124044, 19.438928863476292 ], [ 77.768070064681808, 19.439040171666647 ], [ 77.768472496908259, 19.43918520623231 ], [ 77.769018306249905, 19.439291426058499 ], [ 77.769326832167621, 19.439354026966843 ], [ 77.769653829260847, 19.439453006351187 ], [ 77.770089941097979, 19.439575945473564 ], [ 77.770317663829189, 19.439623918908811 ], [ 77.770474314937758, 19.439648502776208 ], [ 77.770797655387526, 19.439670627897215 ], [ 77.770987276541632, 19.439727215038999 ], [ 77.771533724775892, 19.439893322740907 ] ] ] } },
{ "type": "Feature", "properties": { "REGION": 1.0, "STATE.NAME": "Maharashtra", "DISTRICT.NAME": "Yavatmal", "DISTRICT.AREA": 13583.851744, "GRID_G0": "182864", "woodland": 0.030424687930093425, "maskWdl": 0.0, "cropland": 0.93253951612442121, "maskCrp": 1.0, "one": 0.025177439327684445, "maskOne": 0.0, "GRID.AREA": 0.49629700229516621, "REGION.AREA": 32202.066020262951 }, "geometry": { "type": "Polygon", "coordinates": [ [ [ 77.782082782324053, 19.44611837207729 ], [ 77.771533724775892, 19.44611736132757 ], [ 77.771533724775892, 19.439893322740907 ], [ 77.771901868176712, 19.440005228758366 ], [ 77.772494787604444, 19.440143650609063 ], [ 77.773121442400679, 19.440250885769785 ], [ 77.77377617582988, 19.440399140807756 ], [ 77.774292628601984, 19.440559191353657 ], [ 77.775136185486645, 19.44081811426463 ], [ 77.775624005643408, 19.440982323275648 ], [ 77.775950379506469, 19.441130883183746 ], [ 77.776304784338379, 19.441311461654664 ], [ 77.776984385820811, 19.441717375156774 ], [ 77.777290885565947, 19.441919831435143 ], [ 77.777470927141621, 19.441976356523696 ], [ 77.777664721150018, 19.442073599317212 ], [ 77.778343676919235, 19.442524599430786 ], [ 77.778837923631329, 19.442914592234676 ], [ 77.779068685171751, 19.443089088590622 ], [ 77.779238666031688, 19.443185972554659 ], [ 77.779436273165516, 19.443351061102646 ], [ 77.779910170018411, 19.443835546573268 ], [ 77.780389241570276, 19.444288599839069 ], [ 77.78133652715907, 19.445289248500046 ], [ 77.781495440961862, 19.44549895061613 ], [ 77.781757934181371, 19.44578663114817 ], [ 77.782082782324053, 19.44611837207729 ] ] ] } },
{ "type": "Feature", "properties": { "REGION": 1.0, "STATE.NAME": "Maharashtra", "DISTRICT.NAME": "Yavatmal", "DISTRICT.AREA": 13583.851744, "GRID_G0": "182865", "woodland": 0.014058504210537849, "maskWdl": 0.0, "cropland": 0.93531820867092841, "maskCrp": 1.0, "one": 0.032345179424800578, "maskOne": 0.0, "GRID.AREA": 1.2695942480059703, "REGION.AREA": 32202.066020262951 }, "geometry": { "type": "Polygon", "coordinates": [ [ [ 77.834927208359588, 19.446118762485298 ], [ 77.81658814684522, 19.44611743224576 ], [ 77.816657379834282, 19.445804074398552 ], [ 77.81680409433352, 19.445169369770667 ], [ 77.816859722798029, 19.444935304121032 ], [ 77.817051752336567, 19.444472675773401 ], [ 77.817389441469629, 19.443795127443252 ], [ 77.818156624328822, 19.442694082965605 ], [ 77.818432551621015, 19.442358903840383 ], [ 77.818500586233142, 19.442260420881777 ], [ 77.818806255004745, 19.441835380598377 ], [ 77.819313884528185, 19.441263759814717 ], [ 77.819863734523793, 19.440733360356319 ], [ 77.8203252207324, 19.440395943717874 ], [ 77.821059174541347, 19.439976177958272 ], [ 77.821506004498588, 19.43967023399415 ], [ 77.821602121340902, 19.439609133155045 ], [ 77.821602186092093, 19.439609089987584 ], [ 77.822000512913405, 19.439355894858693 ], [ 77.822403272493105, 19.439139598913414 ], [ 77.822847836158758, 19.438996208308428 ], [ 77.823268092048863, 19.438888559459485 ], [ 77.823653867032419, 19.438870701621624 ], [ 77.824206007601219, 19.438864007967656 ], [ 77.825030321692054, 19.438793051458219 ], [ 77.825540506189441, 19.43872263184403 ], [ 77.826070304001405, 19.438607301885497 ], [ 77.826398883901447, 19.438593285052093 ], [ 77.826922121159043, 19.438613348926935 ], [ 77.828230569984896, 19.438638564118495 ], [ 77.828458238756753, 19.438691040459215 ], [ 77.828771020266402, 19.438785271423171 ], [ 77.829046269469814, 19.438847353422659 ], [ 77.829321837033206, 19.438877838641417 ], [ 77.829844514013189, 19.438938486222188 ], [ 77.830361297735749, 19.43907583877899 ], [ 77.830802282099683, 19.439194168875819 ], [ 77.831067263743307, 19.439310293835035 ], [ 77.831431299414987, 19.439486379293044 ], [ 77.831704963113623, 19.439652324894954 ], [ 77.831921825631809, 19.439803937102056 ], [ 77.832110128379782, 19.439955315485463 ], [ 77.832462140115751, 19.440311818435703 ], [ 77.832692966407308, 19.440486230255374 ], [ 77.833258080596011, 19.440922084886381 ], [ 77.833586573261812, 19.441260237170241 ], [ 77.833774027049742, 19.441470206384963 ], [ 77.833946052068711, 19.441765840521157 ], [ 77.834098738066359, 19.442083696005795 ], [ 77.834236411681104, 19.442455622329131 ], [ 77.834372816352484, 19.442917827096096 ], [ 77.834552297650475, 19.444062254869209 ], [ 77.834641056239832, 19.444871453155091 ], [ 77.834667793084236, 19.445354931384998 ], [ 77.834721621105999, 19.445594827339448 ], [ 77.83479464335818, 19.445821499662543 ], [ 77.834891554301862, 19.446043927185546 ], [ 77.834927208359588, 19.446118762485298 ] ] ] } },
{ "type": "Feature", "properties": { "REGION": 1.0, "STATE.NAME": "Telangana", "DISTRICT.NAME": "Adilabad", "DISTRICT.AREA": 3996.656205, "GRID_G0": "190025", "woodland": 0.049664675759443971, "maskWdl": 0.0, "cropland": 0.64003011445050284, "maskCrp": 1.0, "one": 0.27296523764429381, "maskOne": 0.0, "GRID.AREA": 1.3304253070879717, "REGION.AREA": 32202.066020262951 }, "geometry": { "type": "Polygon", "coordinates": [ [ [ 78.303320311457966, 19.896117361333676 ], [ 78.311535332528592, 19.896116528795329 ], [ 78.311535332528592, 19.915143018352456 ], [ 78.310436649531823, 19.914907275450446 ], [ 78.309580101940185, 19.914713645118699 ], [ 78.308599296820148, 19.914541299041787 ], [ 78.307046892500125, 19.914295353347942 ], [ 78.307050113871696, 19.914240615212293 ], [ 78.307158814927448, 19.912415038223457 ], [ 78.306471909151355, 19.910305340219338 ], [ 78.306468651806881, 19.909330646891874 ], [ 78.306362466154951, 19.908174554911856 ], [ 78.306109936524422, 19.907310160735388 ], [ 78.305427324111747, 19.905660778921856 ], [ 78.305243560242161, 19.905036213250696 ], [ 78.304539562850607, 19.902335381872433 ], [ 78.304024164983275, 19.900254486455424 ], [ 78.303635265754963, 19.897953820112775 ], [ 78.303320311457966, 19.896117361333676 ] ] ] } },
{ "type": "Feature", "properties": { "REGION": 1.0, "STATE.NAME": "Telangana", "DISTRICT.NAME": "Adilabad", "DISTRICT.AREA": 3996.656205, "GRID_G0": "190026", "woodland": 0.12168840529915737, "maskWdl": 0.0, "cropland": 0.66673129079630689, "maskCrp": 1.0, "one": 0.17007539021202722, "maskOne": 0.0, "GRID.AREA": 4.5142506012760144, "REGION.AREA": 32202.066020262951 }, "geometry": { "type": "Polygon", "coordinates": [ [ [ 78.311535332528592, 19.915143018352456 ], [ 78.311535332528592, 19.896116528795329 ], [ 78.32443384052435, 19.896117674046121 ], [ 78.324442021981781, 19.896322232285229 ], [ 78.324668741968935, 19.89737134451201 ], [ 78.325137040542018, 19.89814764200014 ], [ 78.327257516021632, 19.900050552590983 ], [ 78.329314845603676, 19.901632441184294 ], [ 78.332059519831034, 19.903180590811644 ], [ 78.333347162841335, 19.904064351888394 ], [ 78.333872145683017, 19.904895338049471 ], [ 78.334110966048286, 19.905294800714557 ], [ 78.334134742324579, 19.905722860022024 ], [ 78.333926628411234, 19.907292945912786 ], [ 78.333720063130443, 19.909118258500882 ], [ 78.333294734164724, 19.910472132083271 ], [ 78.332858466744881, 19.911519103024258 ], [ 78.331797694807847, 19.913371980732389 ], [ 78.330623667648183, 19.91469126548958 ], [ 78.329234099074483, 19.915660903727769 ], [ 78.327485138028749, 19.91633818136205 ], [ 78.326375578770012, 19.916588744175275 ], [ 78.324336771624758, 19.916744284621078 ], [ 78.32305764429492, 19.91678548076538 ], [ 78.321860027018715, 19.916804975369359 ], [ 78.319833683577713, 19.916703350179489 ], [ 78.317233441370263, 19.916293664920772 ], [ 78.315371832144436, 19.915968027602446 ], [ 78.313991006779588, 19.915737422544055 ], [ 78.312511566255807, 19.915352481232048 ], [ 78.311535332528592, 19.915143018352456 ] ] ] } },
{ "type": "Feature", "properties": { "REGION": 1.0, "STATE.NAME": "Telangana", "DISTRICT.NAME": "Adilabad", "DISTRICT.AREA": 3996.656205, "GRID_G0": "189376", "woodland": 0.22737886490762887, "maskWdl": 0.0, "cropland": 0.5644593142571076, "maskCrp": 1.0, "one": 0.1679704097094924, "maskOne": 0.0, "GRID.AREA": 19.122865629984396, "REGION.AREA": 32202.066020262951 }, "geometry": { "type": "Polygon", "coordinates": [ [ [ 78.335082259938417, 19.884152453473007 ], [ 78.333483552224209, 19.884650774113993 ], [ 78.332107040007941, 19.884898652450886 ], [ 78.330858326850375, 19.885662239820533 ], [ 78.329944740657311, 19.886311944240902 ], [ 78.32878100893646, 19.887153024392603 ], [ 78.327415250813203, 19.888569620291776 ], [ 78.326309144951153, 19.890219071353101 ], [ 78.325461163402053, 19.891821332288714 ], [ 78.324732811470142, 19.893388821836709 ], [ 78.324645471111637, 19.893748148658176 ], [ 78.324382717988101, 19.894829147247375 ], [ 78.324382798027784, 19.894831141044396 ], [ 78.324382443694901, 19.894832604241348 ], [ 78.32443384052435, 19.896117674046121 ], [ 78.311535332528592, 19.896116528795329 ], [ 78.311535332528592, 19.851115269873379 ], [ 78.356532096467092, 19.851115219508323 ], [ 78.356532096467092, 19.883083762780501 ], [ 78.354988117607604, 19.882758114895125 ], [ 78.352682931272341, 19.882455434570712 ], [ 78.349229301690968, 19.882479745044236 ], [ 78.349028855397421, 19.882482248756844 ], [ 78.347015724795938, 19.882507370418864 ], [ 78.344170827421806, 19.882695570644103 ], [ 78.342423908736464, 19.882804507322195 ], [ 78.339148328732449, 19.883110226455813 ], [ 78.336898256449444, 19.883001830270299 ], [ 78.335670700742298, 19.883576190388911 ], [ 78.335082259938417, 19.884152453473007 ] ] ] } },
{ "type": "Feature", "properties": { "REGION": 1.0, "STATE.NAME": "Telangana", "DISTRICT.NAME": "Adilabad", "DISTRICT.AREA": 3996.656205, "GRID_G0": "189377", "woodland": 0.11803045841662597, "maskWdl": 0.0, "cropland": 0.65693116265878571, "maskCrp": 1.0, "one": 0.17808653752711548, "maskOne": 0.0, "GRID.AREA": 9.0208929260717508, "REGION.AREA": 32202.066020262951 }, "geometry": { "type": "Polygon", "coordinates": [ [ [ 78.356532096467092, 19.883083762780501 ], [ 78.356532096467092, 19.851115219508323 ], [ 78.384769774133389, 19.85111655562083 ], [ 78.38443843608502, 19.852093663991468 ], [ 78.383503619596411, 19.853397665669775 ], [ 78.382374129562493, 19.855078722505088 ], [ 78.38180892364295, 19.857040693373339 ], [ 78.381664325248494, 19.858054518900985 ], [ 78.381664198444071, 19.8580570118217 ], [ 78.381664066243729, 19.858057940821368 ], [ 78.381560831267407, 19.860082991037249 ], [ 78.381842951291219, 19.861759852535211 ], [ 78.382906175679523, 19.862600020774376 ], [ 78.382069330435286, 19.864947755834294 ], [ 78.381991997732541, 19.865164708284738 ], [ 78.381613299514242, 19.867954181340455 ], [ 78.38161337775523, 19.867954660679118 ], [ 78.381612981154205, 19.867957581677107 ], [ 78.381970212555302, 19.870181154536684 ], [ 78.383054831815116, 19.873904520477314 ], [ 78.382646223044787, 19.87598727119564 ], [ 78.382497467084477, 19.876942348510628 ], [ 78.382445541128902, 19.877111055031207 ], [ 78.382445584296363, 19.877111066722424 ], [ 78.382393605280697, 19.87727978493416 ], [ 78.381608272303993, 19.879356092010084 ], [ 78.381206708822617, 19.879842118918702 ], [ 78.380689734443763, 19.880435170546722 ], [ 78.380047191324877, 19.880740181913893 ], [ 78.378840677954997, 19.88114354134143 ], [ 78.377652524244652, 19.881195014938047 ], [ 78.376775015254793, 19.881177356749674 ], [ 78.375794535689352, 19.880991767256315 ], [ 78.374571972118872, 19.880686445623041 ], [ 78.373223491770773, 19.880136194529825 ], [ 78.371096274073864, 19.879691184800382 ], [ 78.369654904550259, 19.879771710995726 ], [ 78.368059028801213, 19.880022202762515 ], [ 78.367092166770135, 19.880328472281235 ], [ 78.366131347283897, 19.880522038761118 ], [ 78.364877141067268, 19.880929266172757 ], [ 78.363734529025351, 19.881599352827948 ], [ 78.362163471866779, 19.882626169062519 ], [ 78.361429830122631, 19.882979912892722 ], [ 78.360452177126319, 19.883394374450859 ], [ 78.358758523487154, 19.883422757054632 ], [ 78.357210440409574, 19.883226830753703 ], [ 78.357209983553957, 19.883226734526204 ], [ 78.356532096467092, 19.883083762780501 ] ] ] } },
{ "type": "Feature", "properties": { "REGION": 1.0, "STATE.NAME": "Telangana", "DISTRICT.NAME": "Adilabad", "DISTRICT.AREA": 3996.656205, "GRID_G0": "188725", "woodland": 0.07307201422599903, "maskWdl": 0.0, "cropland": 0.85420462470748659, "maskCrp": 1.0, "one": 0.065771022099282594, "maskOne": 0.0, "GRID.AREA": 2.4157597434072677, "REGION.AREA": 32202.066020262951 }, "geometry": { "type": "Polygon", "coordinates": [ [ [ 78.311535332528592, 19.842388693009617 ], [ 78.311535332528592, 19.851115269873379 ], [ 78.285648691761395, 19.851116633157854 ], [ 78.285654068780332, 19.851019772744394 ], [ 78.286094544127991, 19.847934945241605 ], [ 78.286248619578203, 19.847836991084307 ], [ 78.286401926108056, 19.847739523460291 ], [ 78.28703096680573, 19.847371452530581 ], [ 78.288255560146027, 19.847041109959321 ], [ 78.289882676544323, 19.846547852501434 ], [ 78.291076989711371, 19.845941808367797 ], [ 78.293317925781707, 19.844732781392793 ], [ 78.294998153442066, 19.843333037889465 ], [ 78.296974285934596, 19.842342398682831 ], [ 78.299769770958235, 19.840994610812686 ], [ 78.301483607182774, 19.840416390803849 ], [ 78.302572558476868, 19.840274062298192 ], [ 78.303873854095173, 19.840318864723884 ], [ 78.304867983570659, 19.840545513664551 ], [ 78.30759145897872, 19.841349388863254 ], [ 78.309260633071801, 19.841763349499047 ], [ 78.311535332528592, 19.842388693009617 ] ] ] } },
{ "type": "Feature", "properties": { "REGION": 1.0, "STATE.NAME": "Telangana", "DISTRICT.NAME": "Adilabad", "DISTRICT.AREA": 3996.656205, "GRID_G0": "188726", "woodland": 0.18377865518624617, "maskWdl": 0.0, "cropland": 0.54520930621796082, "maskCrp": 1.0, "one": 0.26971400869906653, "maskOne": 0.0, "GRID.AREA": 12.490673699607825, "REGION.AREA": 32202.066020262951 }, "geometry": { "type": "Polygon", "coordinates": [ [ [ 78.35647586879027, 19.806118473590203 ], [ 78.356532096467092, 19.806118466591204 ], [ 78.356532096467092, 19.851115219508323 ], [ 78.311535332528592, 19.851115269873379 ], [ 78.311535332528592, 19.842388693009617 ], [ 78.311561624969102, 19.842395920935076 ], [ 78.313589586290462, 19.842709784329145 ], [ 78.315775459569863, 19.842555896837212 ], [ 78.320334132014636, 19.842164214207177 ], [ 78.323243633087259, 19.841692607028222 ], [ 78.32516095621321, 19.841251682019561 ], [ 78.329135487512815, 19.840208670793569 ], [ 78.331959249020201, 19.839302906903693 ], [ 78.335428621233916, 19.83823219476005 ], [ 78.336433471527528, 19.837921792856491 ], [ 78.336768293621901, 19.837410724325537 ], [ 78.336892079905624, 19.83657262362772 ], [ 78.336892032241565, 19.836571159531449 ], [ 78.336892317326658, 19.836569225089704 ], [ 78.336792347788673, 19.833567377132791 ], [ 78.336019219511456, 19.830206869651363 ], [ 78.335707652086512, 19.828218224891202 ], [ 78.335329621165158, 19.826630430450052 ], [ 78.335008472363143, 19.824212988038994 ], [ 78.334881785765845, 19.822880449972843 ], [ 78.33481655793787, 19.822193990260473 ], [ 78.334475806613227, 19.818548886022313 ], [ 78.33404366798095, 19.814590346467359 ], [ 78.335527767892245, 19.814429309365206 ], [ 78.336988071742155, 19.814317542520595 ], [ 78.3390490462765, 19.814211827214081 ], [ 78.340437383678363, 19.814139932711782 ], [ 78.341106271537285, 19.81402480600002 ], [ 78.341626960116173, 19.813935226329704 ], [ 78.341641229659103, 19.813935384610375 ], [ 78.341908834625087, 19.813888469677181 ], [ 78.342654846544008, 19.813692777199947 ], [ 78.343962514758289, 19.813579516581456 ], [ 78.344818396851565, 19.813371435943058 ], [ 78.345732178197522, 19.812667577047083 ], [ 78.346063891335575, 19.812422688955962 ], [ 78.346712537253836, 19.811973366078007 ], [ 78.347407810322238, 19.811623804095348 ], [ 78.347882508471059, 19.811389324757556 ], [ 78.348534586202277, 19.811061884298567 ], [ 78.34919628667933, 19.810725544148568 ], [ 78.350215897545695, 19.809932410452404 ], [ 78.350230390120501, 19.809914559809158 ], [ 78.351593680503981, 19.808235870888783 ], [ 78.35239435501552, 19.807399956442907 ], [ 78.353396641341988, 19.806881928058601 ], [ 78.353774513083351, 19.806772897851033 ], [ 78.354776393815598, 19.806719657985866 ], [ 78.355239973645951, 19.806620485247262 ], [ 78.356322124266683, 19.806206977869806 ], [ 78.35647586879027, 19.806118473590203 ] ] ] } },
{ "type": "Feature", "properties": { "REGION": 1.0, "STATE.NAME": "Telangana", "DISTRICT.NAME": "Adilabad", "DISTRICT.AREA": 3996.656205, "GRID_G0": "188727", "woodland": 0.14538528525379449, "maskWdl": 0.0, "cropland": 0.63529567167903744, "maskCrp": 1.0, "one": 0.19706386710025045, "maskOne": 0.0, "GRID.AREA": 21.489709251675034, "REGION.AREA": 32202.066020262951 }, "geometry": { "type": "Polygon", "coordinates": [ [ [ 78.384769774133389, 19.85111655562083 ], [ 78.356532096467092, 19.851115219508323 ], [ 78.356532096467092, 19.806118466591204 ], [ 78.401533409796329, 19.80611850011536 ], [ 78.401533409796329, 19.833042874470848 ], [ 78.400300639662873, 19.834027108764136 ], [ 78.399508060848405, 19.834867482048704 ], [ 78.398892052226472, 19.835520629073812 ], [ 78.396637187456292, 19.837651056451136 ], [ 78.394331846437638, 19.83959610387717 ], [ 78.391776886893865, 19.84212527715988 ], [ 78.390724538906397, 19.842855057215164 ], [ 78.388987796949323, 19.843808264839595 ], [ 78.387414970824295, 19.844600661991024 ], [ 78.386476843931234, 19.845358573739244 ], [ 78.38600142632481, 19.84608943028303 ], [ 78.385709966841546, 19.847011684141936 ], [ 78.385528568188931, 19.847907839675088 ], [ 78.385297846218691, 19.848938919595525 ], [ 78.38503472257446, 19.850335219594744 ], [ 78.384769774133389, 19.85111655562083 ] ] ] } },
{ "type": "Feature", "properties": { "REGION": 1.0, "STATE.NAME": "Telangana", "DISTRICT.NAME": "Adilabad", "DISTRICT.AREA": 3996.656205, "GRID_G0": "188729", "woodland": 0.11207431947091528, "maskWdl": 0.0, "cropland": 0.56833061728955003, "maskCrp": 1.0, "one": 0.28693398744228465, "maskOne": 0.0, "GRID.AREA": 3.3260170733058936, "REGION.AREA": 32202.066020262951 }, "geometry": { "type": "Polygon", "coordinates": [ [ [ 78.446534648681762, 19.813283188471043 ], [ 78.446534648681762, 19.806118424451348 ], [ 78.481673637209624, 19.806119393565737 ], [ 78.4814639507008, 19.806461807066796 ], [ 78.480308633037055, 19.807971764285526 ], [ 78.478933976122164, 19.80947965396291 ], [ 78.477631033845171, 19.811430464244552 ], [ 78.476446394685411, 19.813468123854875 ], [ 78.475723669811543, 19.81463457782354 ], [ 78.475013659552815, 19.815503329215346 ], [ 78.474446172952582, 19.815971917370121 ], [ 78.474008513382216, 19.816333301840473 ], [ 78.472476906783868, 19.817338805041857 ], [ 78.470980375543945, 19.817730888769574 ], [ 78.469244941201111, 19.817719101355518 ], [ 78.467994114636724, 19.817404898917005 ], [ 78.466662741192636, 19.817044919187705 ], [ 78.463721147812805, 19.816105724799396 ], [ 78.461440013845618, 19.815389257408356 ], [ 78.459763184723286, 19.814786808764271 ], [ 78.457816677697565, 19.813987738643277 ], [ 78.45554549742684, 19.813230668660481 ], [ 78.455355655938831, 19.813198090719364 ], [ 78.453903454980548, 19.812948860701397 ], [ 78.451977843702593, 19.812880951994376 ], [ 78.449859539186434, 19.813009778978142 ], [ 78.446534648681762, 19.813283188471043 ] ] ] } },
{ "type": "Feature", "properties": { "REGION": 1.0, "STATE.NAME": "Telangana", "DISTRICT.NAME": "Adilabad", "DISTRICT.AREA": 3996.656205, "GRID_G0": "188730", "woodland": 0.10660931178244365, "maskWdl": 0.0, "cropland": 0.67040117528566334, "maskCrp": 1.0, "one": 0.17796762679179709, "maskOne": 0.0, "GRID.AREA": 3.8388136484894844, "REGION.AREA": 32202.066020262951 }, "geometry": { "type": "Polygon", "coordinates": [ [ [ 78.508362590858994, 19.806119745225992 ], [ 78.536532660272343, 19.806118419259434 ], [ 78.536532660272343, 19.819842705218477 ], [ 78.536359975832283, 19.819819846608713 ], [ 78.535503680950171, 19.819617330975117 ], [ 78.534970959442262, 19.819491338654416 ], [ 78.534381164259401, 19.819341529587973 ], [ 78.533254900093596, 19.81896119370418 ], [ 78.531694786785067, 19.81859053452558 ], [ 78.530794982702332, 19.818456029222432 ], [ 78.530065992251821, 19.818399754145393 ], [ 78.529030548820856, 19.818475988775901 ], [ 78.527795252648843, 19.818509896814362 ], [ 78.525910190003344, 19.818664077485209 ], [ 78.525170434667871, 19.818729615579343 ], [ 78.524618541412622, 19.818777416344748 ], [ 78.523710098442336, 19.818856093533949 ], [ 78.522015612030955, 19.819021123625987 ], [ 78.520908253413211, 19.81912819870746 ], [ 78.520349610745996, 19.819208839116698 ], [ 78.519733735223781, 19.819284405550945 ], [ 78.518522968959928, 19.819250752919974 ], [ 78.516869645417842, 19.819127309277974 ], [ 78.51528282404314, 19.819022522971125 ], [ 78.515035809055405, 19.818934502725199 ], [ 78.514927152965811, 19.818838674565256 ], [ 78.514795314152479, 19.818679575502074 ], [ 78.514594491042999, 19.818271580069393 ], [ 78.514179693138374, 19.817329102256338 ], [ 78.513271625185439, 19.815673739051878 ], [ 78.512170378360338, 19.81426014598901 ], [ 78.511778790159099, 19.813859428769661 ], [ 78.511466254164375, 19.813648988310206 ], [ 78.510764319817554, 19.813276957665497 ], [ 78.51004780656109, 19.81294999024988 ], [ 78.509530586667339, 19.812697061320364 ], [ 78.509213750114554, 19.812454961127628 ], [ 78.508969892646462, 19.812051122361481 ], [ 78.508774567092644, 19.811110652734499 ], [ 78.508605207664232, 19.809498057689265 ], [ 78.50845293265678, 19.807166324266518 ], [ 78.508452762684897, 19.807163719829877 ], [ 78.508362590858994, 19.806119745225992 ] ] ] } },
{ "type": "Feature", "properties": { "REGION": 1.0, "STATE.NAME": "Telangana", "DISTRICT.NAME": "Adilabad", "DISTRICT.AREA": 3996.656205, "GRID_G0": "188731", "woodland": 0.021301959896486394, "maskWdl": 0.0, "cropland": 0.77965795748682343, "maskCrp": 1.0, "one": 0.13272966040481318, "maskOne": 0.0, "GRID.AREA": 7.626540884179998, "REGION.AREA": 32202.066020262951 }, "geometry": { "type": "Polygon", "coordinates": [ [ [ 78.536532660272343, 19.819842705218477 ], [ 78.536532660272343, 19.806118419259434 ], [ 78.58153389932626, 19.806118437589468 ], [ 78.58153389932626, 19.818311287172655 ], [ 78.581492123562725, 19.818307632091603 ], [ 78.58067281509841, 19.818223634513178 ], [ 78.579691896663761, 19.818088558140516 ], [ 78.578721934669602, 19.817809215223175 ], [ 78.577174500003252, 19.81710493724313 ], [ 78.575730681625714, 19.816528083304433 ], [ 78.5745467052663, 19.816197131892181 ], [ 78.573094483623549, 19.815990136735479 ], [ 78.572304367152867, 19.815847652647111 ], [ 78.571793200595778, 19.815951363364775 ], [ 78.570840579329342, 19.816331014864488 ], [ 78.568790375075821, 19.817269292843665 ], [ 78.566716933239945, 19.81815337767631 ], [ 78.565892979777232, 19.818529461565447 ], [ 78.56527412030448, 19.818921118115156 ], [ 78.564906095240133, 19.819481890377006 ], [ 78.564349951788941, 19.82026203606415 ], [ 78.563983182178163, 19.820696463471052 ], [ 78.563263925090155, 19.821068213527266 ], [ 78.563244983569177, 19.821077954983707 ], [ 78.561608909024031, 19.821618286554724 ], [ 78.560614329887471, 19.821893629287615 ], [ 78.559500268622571, 19.822190505387539 ], [ 78.558607537707758, 19.822304351464705 ], [ 78.557670912682511, 19.822508007438614 ], [ 78.556802016499944, 19.822617479213363 ], [ 78.555572049710406, 19.823062163388158 ], [ 78.554601132636208, 19.823355800130113 ], [ 78.55349597465954, 19.823724854918169 ], [ 78.552673317119968, 19.823965703254654 ], [ 78.552466870549665, 19.824003992790093 ], [ 78.552023645075224, 19.824086195321687 ], [ 78.55045365631122, 19.824211868383088 ], [ 78.549494791051814, 19.824252878367702 ], [ 78.547516392267767, 19.82419892623949 ], [ 78.546301457646223, 19.824106647703669 ], [ 78.544690571312856, 19.82401994946116 ], [ 78.543808465888048, 19.824020873064907 ], [ 78.543041675133281, 19.823928268974495 ], [ 78.542303577248333, 19.823831346339599 ], [ 78.541823570401505, 19.823673544098824 ], [ 78.541482911707078, 19.823408763004064 ], [ 78.541247462900174, 19.823113308732275 ], [ 78.54105542436838, 19.822773068222549 ], [ 78.540798513240887, 19.82224730027275 ], [ 78.540520549883524, 19.821906307929797 ], [ 78.540156310965017, 19.82162318965851 ], [ 78.539173071380219, 19.820770492963906 ], [ 78.538267991874363, 19.82021170280791 ], [ 78.537963015580772, 19.820059469169227 ], [ 78.537954901897251, 19.820055435709833 ], [ 78.53785514729725, 19.82002293690908 ], [ 78.537055182350855, 19.81991187153568 ], [ 78.536532660272343, 19.819842705218477 ] ] ] } },
{ "type": "Feature", "properties": { "REGION": 1.0, "STATE.NAME": "Telangana", "DISTRICT.NAME": "Adilabad", "DISTRICT.AREA": 3996.656205, "GRID_G0": "188732", "woodland": 0.034232689370327418, "maskWdl": 0.0, "cropland": 0.77011355526236724, "maskCrp": 1.0, "one": 0.13439495444459285, "maskOne": 0.0, "GRID.AREA": 4.9275903532428469, "REGION.AREA": 32202.066020262951 }, "geometry": { "type": "Polygon", "coordinates": [ [ [ 78.58153389932626, 19.818311287172655 ], [ 78.58153389932626, 19.806118437589468 ], [ 78.626535152789216, 19.806118473774777 ], [ 78.626535152789216, 19.808096059581363 ], [ 78.625533992599742, 19.808162016763731 ], [ 78.624712028437443, 19.808357959252476 ], [ 78.623014178561561, 19.808893787918009 ], [ 78.621723177482707, 19.809275128344552 ], [ 78.620260753031403, 19.809623350337404 ], [ 78.619003269685209, 19.809982465818166 ], [ 78.617567789821692, 19.810502382778793 ], [ 78.616571912963479, 19.810931451125608 ], [ 78.616173765107249, 19.811180727908322 ], [ 78.615208190905321, 19.811925907055013 ], [ 78.614956881654848, 19.812233048016822 ], [ 78.614170662845879, 19.813193925958956 ], [ 78.613409846287425, 19.814153092491267 ], [ 78.613065197301069, 19.814587658393748 ], [ 78.611577968648419, 19.816014212485982 ], [ 78.611164912730601, 19.816321874155221 ], [ 78.610584536147485, 19.816668866774819 ], [ 78.609804238474908, 19.816986878741485 ], [ 78.608914978043856, 19.81723182169128 ], [ 78.607328216024428, 19.817610459655047 ], [ 78.60579938563319, 19.817917487302225 ], [ 78.604432783046548, 19.81821683383987 ], [ 78.603582556789604, 19.81836736865921 ], [ 78.602656913385886, 19.818431454348175 ], [ 78.601464174931778, 19.818502211208113 ], [ 78.600839308887032, 19.81853272430584 ], [ 78.600534575410393, 19.818480510567152 ], [ 78.60021194812299, 19.81831059355909 ], [ 78.599833888423291, 19.817973369375522 ], [ 78.599535332389735, 19.817776751495952 ], [ 78.598859175310736, 19.817689609887623 ], [ 78.597496066590281, 19.817636969870311 ], [ 78.594245462558092, 19.817490951446302 ], [ 78.593106365066774, 19.817512066628634 ], [ 78.593106267939959, 19.817512065729318 ], [ 78.592595426038145, 19.817521567966029 ], [ 78.591459638951221, 19.817615207176118 ], [ 78.590633190769225, 19.817774899791857 ], [ 78.589929008117281, 19.818107130040062 ], [ 78.588999066853489, 19.818604369695951 ], [ 78.588491946346323, 19.818784815966524 ], [ 78.588009800911664, 19.818834823668222 ], [ 78.586136327829308, 19.818791110321516 ], [ 78.586135833202206, 19.81879105186562 ], [ 78.583674064106845, 19.818498523088405 ], [ 78.58153389932626, 19.818311287172655 ] ] ] } },
{ "type": "Feature", "properties": { "REGION": 1.0, "STATE.NAME": "Telangana", "DISTRICT.NAME": "Adilabad", "DISTRICT.AREA": 3996.656205, "GRID_G0": "188733", "woodland": 0.07533184621104777, "maskWdl": 0.0, "cropland": 0.70190520149659585, "maskCrp": 1.0, "one": 0.18287381122379578, "maskOne": 0.0, "GRID.AREA": 0.34571297576238808, "REGION.AREA": 32202.066020262951 }, "geometry": { "type": "Polygon", "coordinates": [ [ [ 78.626535152789216, 19.808096059581363 ], [ 78.626535152789216, 19.806118473774777 ], [ 78.645641485031703, 19.806119831969717 ], [ 78.645280499395597, 19.806414631330203 ], [ 78.644689437967259, 19.806892436636701 ], [ 78.643983457570585, 19.807312655654584 ], [ 78.643983417101083, 19.80731267993627 ], [ 78.643859945580061, 19.807386169835922 ], [ 78.643227859777937, 19.807664995643108 ], [ 78.642759179892323, 19.807809951967783 ], [ 78.642325407191834, 19.807797170802818 ], [ 78.641792362827346, 19.807693335079417 ], [ 78.641141578321253, 19.807453063208357 ], [ 78.640462422003225, 19.807167502378377 ], [ 78.640058021160826, 19.807073749853718 ], [ 78.639280051832998, 19.807157239315192 ], [ 78.63843049017504, 19.807253669121565 ], [ 78.637794556173901, 19.807442289330254 ], [ 78.637793291727064, 19.807442565422093 ], [ 78.636963143734135, 19.807624612485938 ], [ 78.636194080392556, 19.807766887032244 ], [ 78.6353446041702, 19.807854385671419 ], [ 78.63449074015557, 19.807905635336855 ], [ 78.633708415411093, 19.807939431859321 ], [ 78.633150210713723, 19.807979697205326 ], [ 78.632101460913759, 19.807957188973148 ], [ 78.631442693125848, 19.808032727528428 ], [ 78.630459994932892, 19.80808286023586 ], [ 78.629524923936174, 19.808147024165862 ], [ 78.628224026717533, 19.808077044320214 ], [ 78.626683856774605, 19.808086262371145 ], [ 78.626535152789216, 19.808096059581363 ] ] ] } },
{ "type": "Feature", "properties": { "REGION": 1.0, "STATE.NAME": "Telangana", "DISTRICT.NAME": "Adilabad", "DISTRICT.AREA": 3996.656205, "GRID_G0": "188076", "woodland": 0.014707578557577324, "maskWdl": 0.0, "cropland": 0.92456039019956737, "maskCrp": 1.0, "one": 0.047244606370758967, "maskOne": 0.0, "GRID.AREA": 1.0583539953006545e-05, "REGION.AREA": 32202.066020262951 }, "geometry": { "type": "Polygon", "coordinates": [ [ [ 78.356532096467092, 19.806086105615432 ], [ 78.356532096467092, 19.806118466591204 ], [ 78.35647586879027, 19.806118473590203 ], [ 78.356532096467092, 19.806086105615432 ] ] ] } },
{ "type": "Feature", "properties": { "REGION": 1.0, "STATE.NAME": "Telangana", "DISTRICT.NAME": "Adilabad", "DISTRICT.AREA": 3996.656205, "GRID_G0": "188077", "woodland": 0.16680131345565286, "maskWdl": 0.0, "cropland": 0.63608853760837014, "maskCrp": 1.0, "one": 0.17983869001238517, "maskOne": 0.0, "GRID.AREA": 21.168794456782326, "REGION.AREA": 32202.066020262951 }, "geometry": { "type": "Polygon", "coordinates": [ [ [ 78.357430272338405, 19.761117302105223 ], [ 78.401533409796329, 19.761117228587434 ], [ 78.401533409796329, 19.80611850011536 ], [ 78.356532096467092, 19.806118466591204 ], [ 78.356532096467092, 19.806086105615432 ], [ 78.357085051533943, 19.805767790351293 ], [ 78.357460648889912, 19.805433124738954 ], [ 78.358076799604703, 19.804477984471479 ], [ 78.358909754381727, 19.802884262598695 ], [ 78.35908049247081, 19.801238763158437 ], [ 78.359122141873399, 19.800923293575181 ], [ 78.359127411900602, 19.800873729239246 ], [ 78.359132668437951, 19.800833169815007 ], [ 78.359284842721365, 19.799575628912184 ], [ 78.359959947593552, 19.796721234697262 ], [ 78.360306764845404, 19.795136105846666 ], [ 78.360431683375566, 19.794669869419014 ], [ 78.360450867713439, 19.79460042017331 ], [ 78.36086376624985, 19.793518245270832 ], [ 78.362205651869374, 19.79102021820853 ], [ 78.362345249134023, 19.790767671490869 ], [ 78.362420217519059, 19.790528841233083 ], [ 78.36278877588137, 19.789323592309984 ], [ 78.362789061865783, 19.789320352052645 ], [ 78.362789109529842, 19.789320196469934 ], [ 78.362835441702316, 19.788794162320812 ], [ 78.362922542841147, 19.787805990853826 ], [ 78.36402027421633, 19.785181773620025 ], [ 78.364425996162822, 19.783334427641762 ], [ 78.364573881579418, 19.782507832870238 ], [ 78.364574205335373, 19.782504436130864 ], [ 78.364693605625462, 19.781230751498015 ], [ 78.364607697886981, 19.780652542281079 ], [ 78.364269095042744, 19.779220639920652 ], [ 78.363839648980672, 19.777526766846847 ], [ 78.36370569226392, 19.776119440260008 ], [ 78.36367283193573, 19.775774218405502 ], [ 78.363453335303234, 19.775308947849737 ], [ 78.363003709353734, 19.774414952488144 ], [ 78.36297623056862, 19.77436043468634 ], [ 78.362413389866106, 19.773050487589956 ], [ 78.361464025944088, 19.771717995389228 ], [ 78.359336251566788, 19.769102481794164 ], [ 78.35894995767444, 19.767932589717308 ], [ 78.358377522105002, 19.76609866432193 ], [ 78.358077070300624, 19.765100453722997 ], [ 78.357729010185722, 19.763176201320675 ], [ 78.357430272338405, 19.761117302105223 ] ] ] } },
{ "type": "Feature", "properties": { "REGION": 1.0, "STATE.NAME": "Telangana", "DISTRICT.NAME": "Adilabad", "DISTRICT.AREA": 3996.656205, "GRID_G0": "188078", "woodland": 0.045219529880251727, "maskWdl": 0.0, "cropland": 0.65676496160204889, "maskCrp": 1.0, "one": 0.28871117885031311, "maskOne": 0.0, "GRID.AREA": 23.561325632793377, "REGION.AREA": 32202.066020262951 }, "geometry": { "type": "Polygon", "coordinates": [ [ [ 78.401533409796329, 19.761117228587434 ], [ 78.446534648681762, 19.761117178475978 ], [ 78.446534648681762, 19.806118424451348 ], [ 78.401533409796329, 19.80611850011536 ], [ 78.401533409796329, 19.761117228587434 ] ] ] } },
{ "type": "Feature", "properties": { "REGION": 1.0, "STATE.NAME": "Telangana", "DISTRICT.NAME": "Adilabad", "DISTRICT.AREA": 3996.656205, "GRID_G0": "188080", "woodland": 0.0076775732446560463, "maskWdl": 0.0, "cropland": 0.6504433007655418, "maskCrp": 1.0, "one": 0.31126291535151634, "maskOne": 0.0, "GRID.AREA": 21.2872680160425, "REGION.AREA": 32202.066020262951 }, "geometry": { "type": "Polygon", "coordinates": [ [ [ 78.491535879173696, 19.792548257706372 ], [ 78.491535879173696, 19.761117232278892 ], [ 78.536532660272343, 19.761117200917074 ], [ 78.536532660272343, 19.806118419259434 ], [ 78.508362590858994, 19.806119745225992 ], [ 78.508350554734363, 19.805980394579588 ], [ 78.508399704482827, 19.804442043965196 ], [ 78.508420970751274, 19.803295983922567 ], [ 78.508388598754891, 19.801346242035493 ], [ 78.50847872970968, 19.800006798974664 ], [ 78.508378652253043, 19.799527495397626 ], [ 78.507856889883612, 19.798340429866983 ], [ 78.507240510741042, 19.797549482422706 ], [ 78.50674051016648, 19.797030417120084 ], [ 78.50639027818886, 19.79677447186441 ], [ 78.505641642947538, 19.79632531446174 ], [ 78.504816004155316, 19.795938603283957 ], [ 78.503681423059277, 19.795467821682681 ], [ 78.502479807397265, 19.795019054585737 ], [ 78.500934898027197, 19.79458050738458 ], [ 78.500121311049725, 19.794410574188703 ], [ 78.499598045913174, 19.794297414294309 ], [ 78.498651339487765, 19.794103523159094 ], [ 78.497845014535869, 19.793694453935927 ], [ 78.496540336567364, 19.793073126723474 ], [ 78.496264847244959, 19.792975877634721 ], [ 78.4952290737628, 19.792632199016793 ], [ 78.494057472974077, 19.792522104911257 ], [ 78.491535879173696, 19.792548257706372 ] ] ] } },
{ "type": "Feature", "properties": { "REGION": 1.0, "STATE.NAME": "Telangana", "DISTRICT.NAME": "Adilabad", "DISTRICT.AREA": 3996.656205, "GRID_G0": "188081", "woodland": 0.030949681756697819, "maskWdl": 0.0, "cropland": 0.90897855822097295, "maskCrp": 1.0, "one": 0.032645654668625977, "maskOne": 0.0, "GRID.AREA": 23.561304166228986, "REGION.AREA": 32202.066020262951 }, "geometry": { "type": "Polygon", "coordinates": [ [ [ 78.536532660272343, 19.761117200917074 ], [ 78.58153389932626, 19.761117220773702 ], [ 78.58153389932626, 19.806118437589468 ], [ 78.536532660272343, 19.806118419259434 ], [ 78.536532660272343, 19.761117200917074 ] ] ] } },
{ "type": "Feature", "properties": { "REGION": 1.0, "STATE.NAME": "Telangana", "DISTRICT.NAME": "Adilabad", "DISTRICT.AREA": 3996.656205, "GRID_G0": "188082", "woodland": 0.020552680135743684, "maskWdl": 0.0, "cropland": 0.9508131759869527, "maskCrp": 1.0, "one": 0.0084738317131482759, "maskOne": 0.0, "GRID.AREA": 23.56132863567548, "REGION.AREA": 32202.066020262951 }, "geometry": { "type": "Polygon", "coordinates": [ [ [ 78.58153389932626, 19.761117220773702 ], [ 78.626535152789216, 19.761117190772719 ], [ 78.626535152789216, 19.806118473774777 ], [ 78.58153389932626, 19.806118437589468 ], [ 78.58153389932626, 19.761117220773702 ] ] ] } },
{ "type": "Feature", "properties": { "REGION": 1.0, "STATE.NAME": "Telangana", "DISTRICT.NAME": "Adilabad", "DISTRICT.AREA": 3996.656205, "GRID_G0": "188083", "woodland": 0.026581239903439625, "maskWdl": 0.0, "cropland": 0.92036399021644799, "maskCrp": 1.0, "one": 0.011233711015422086, "maskOne": 0.0, "GRID.AREA": 21.987848010134236, "REGION.AREA": 32202.066020262951 }, "geometry": { "type": "Polygon", "coordinates": [ [ [ 78.645641485031703, 19.806119831969717 ], [ 78.626535152789216, 19.806118473774777 ], [ 78.626535152789216, 19.761117190772719 ], [ 78.671531984763533, 19.761117194042193 ], [ 78.671531984763533, 19.797302908190083 ], [ 78.671374771028923, 19.79737269459423 ], [ 78.670426360388262, 19.797833982952 ], [ 78.669477484798165, 19.798353953871924 ], [ 78.668577204974099, 19.798765996253792 ], [ 78.667447697853049, 19.799230251474967 ], [ 78.666369936823173, 19.799758062684475 ], [ 78.665410006766479, 19.799930482505832 ], [ 78.664411386975985, 19.800152124920658 ], [ 78.663252496305745, 19.800245439475479 ], [ 78.663194767924267, 19.800250089869792 ], [ 78.662006741018331, 19.800334726866193 ], [ 78.660795743628739, 19.800333431842432 ], [ 78.659070121788773, 19.800305210217346 ], [ 78.657702475089195, 19.800239349266633 ], [ 78.657702378861757, 19.800239343870658 ], [ 78.657026105770228, 19.800161393333667 ], [ 78.656425898236648, 19.800102176574228 ], [ 78.655557770974383, 19.800144386254487 ], [ 78.655066297771512, 19.800194342694798 ], [ 78.654578340917737, 19.800366141084567 ], [ 78.653773877562458, 19.800724765535563 ], [ 78.653270604354987, 19.801009284950563 ], [ 78.652445178702067, 19.801570833327336 ], [ 78.651567125622421, 19.802149921181979 ], [ 78.650461746412532, 19.803070057137461 ], [ 78.64967907093245, 19.803645523422233 ], [ 78.648787324775299, 19.804165880151288 ], [ 78.648063856162082, 19.804534219978336 ], [ 78.647138663318742, 19.805054282629101 ], [ 78.64591484249604, 19.805896593053376 ], [ 78.645641485031703, 19.806119831969717 ] ] ] } },
{ "type": "Feature", "properties": { "REGION": 1.0, "STATE.NAME": "Telangana", "DISTRICT.NAME": "Adilabad", "DISTRICT.AREA": 3996.656205, "GRID_G0": "188084", "woodland": 0.04050147591238392, "maskWdl": 0.0, "cropland": 0.82187538711745634, "maskCrp": 1.0, "one": 0.072384514433133346, "maskOne": 0.0, "GRID.AREA": 12.905605578869245, "REGION.AREA": 32202.066020262951 }, "geometry": { "type": "Polygon", "coordinates": [ [ [ 78.671531984763533, 19.797302908190083 ], [ 78.671531984763533, 19.761117194042193 ], [ 78.716533203310703, 19.761117174407129 ], [ 78.716533203310703, 19.767552373655221 ], [ 78.715537296708931, 19.767913050147172 ], [ 78.714055052099013, 19.768397165097156 ], [ 78.713428380215646, 19.768658951449481 ], [ 78.712518958782994, 19.769038847564786 ], [ 78.711261304565596, 19.769461662026121 ], [ 78.710787239539513, 19.769677703463291 ], [ 78.710337461604638, 19.769882676044688 ], [ 78.709633419246984, 19.770237870481367 ], [ 78.708709555601558, 19.770649962325933 ], [ 78.708072805016016, 19.770951520296482 ], [ 78.707531493183922, 19.771240397826148 ], [ 78.707138250230116, 19.771494266547226 ], [ 78.706840357896283, 19.771744551469911 ], [ 78.706288301863708, 19.772159679425727 ], [ 78.706110407869062, 19.772307081906376 ], [ 78.705821123845851, 19.772670188578392 ], [ 78.705399644877801, 19.773402362628985 ], [ 78.705007650182949, 19.774026363525934 ], [ 78.704817946291257, 19.774439955439618 ], [ 78.704684313330461, 19.774966783690161 ], [ 78.704593765989557, 19.775484982046354 ], [ 78.70454169074651, 19.775949393749556 ], [ 78.704450746804582, 19.776508204590016 ], [ 78.704350819534739, 19.777522799937341 ], [ 78.704083623760312, 19.778567454224685 ], [ 78.703707058733812, 19.780098721778643 ], [ 78.703543010701424, 19.780837459081511 ], [ 78.703394493960786, 19.781436386879818 ], [ 78.703229459372096, 19.782256346453266 ], [ 78.702959118668446, 19.783134107253314 ], [ 78.702584644565775, 19.783938826016083 ], [ 78.702182358928781, 19.784648378519876 ], [ 78.701968882358074, 19.785048256671754 ], [ 78.701825187782219, 19.78562921691486 ], [ 78.701681678466741, 19.786201081414845 ], [ 78.701381125938269, 19.786740147639762 ], [ 78.700936788901743, 19.787350183863964 ], [ 78.700614629261793, 19.787645368339156 ], [ 78.700149793078538, 19.787907694284741 ], [ 78.699622302027649, 19.788223778104907 ], [ 78.698970923969, 19.788561197441368 ], [ 78.698243367937152, 19.788875525784931 ], [ 78.69709494897279, 19.78932179366592 ], [ 78.696693256888352, 19.789449309438112 ], [ 78.695526023207435, 19.789872794793723 ], [ 78.695354602532916, 19.789940301503751 ], [ 78.695354506305478, 19.789940299705108 ], [ 78.695397352705697, 19.789950507010364 ], [ 78.694431715551275, 19.790509192845036 ], [ 78.694212343025242, 19.790618072865811 ], [ 78.693066202942987, 19.791067009035316 ], [ 78.693048455721737, 19.79099258923668 ], [ 78.693018711544369, 19.790857948135852 ], [ 78.692578541966213, 19.79103036166191 ], [ 78.691732319490995, 19.791276076229963 ], [ 78.690403884132024, 19.791612371413859 ], [ 78.688989318901974, 19.791979597880186 ], [ 78.687741907063412, 19.792298572121467 ], [ 78.687233112917909, 19.792416662099303 ], [ 78.687233117414507, 19.792416704367444 ], [ 78.686728997944954, 19.792533773614821 ], [ 78.685629836647706, 19.792817891932202 ], [ 78.684258674498267, 19.793122234203793 ], [ 78.683001062549067, 19.793522293119398 ], [ 78.681839382181806, 19.793860033513795 ], [ 78.680932074155976, 19.794019319635936 ], [ 78.680167678295788, 19.794179807252362 ], [ 78.680099970137576, 19.79419083833659 ], [ 78.678767575962922, 19.794343175397273 ], [ 78.67869774720333, 19.794347988568859 ], [ 78.677705062039024, 19.794452371080126 ], [ 78.676268125273793, 19.794656894000525 ], [ 78.675460831752048, 19.794817001203686 ], [ 78.675450935612218, 19.794821745127479 ], [ 78.675151548605129, 19.794862955660903 ], [ 78.675150229299675, 19.794863137324004 ], [ 78.67505462597029, 19.794952331185183 ], [ 78.674919119721665, 19.795076692135694 ], [ 78.674914928880924, 19.795078702120463 ], [ 78.674430376860471, 19.79539951727395 ], [ 78.673973237974621, 19.795842378522991 ], [ 78.673573021677669, 19.796317368052144 ], [ 78.673102753589262, 19.796642734674492 ], [ 78.672571247964754, 19.796886462640202 ], [ 78.672212558762624, 19.797000802445154 ], [ 78.671531984763533, 19.797302908190083 ] ] ] } },
{ "type": "Feature", "properties": { "REGION": 1.0, "STATE.NAME": "Telangana", "DISTRICT.NAME": "Adilabad", "DISTRICT.AREA": 3996.656205, "GRID_G0": "188085", "woodland": 0.046191373254027453, "maskWdl": 0.0, "cropland": 0.844517598383282, "maskCrp": 1.0, "one": 0.039310081855910645, "maskOne": 0.0, "GRID.AREA": 7.8592735881399749, "REGION.AREA": 32202.066020262951 }, "geometry": { "type": "Polygon", "coordinates": [ [ [ 78.716533203310703, 19.767552373655221 ], [ 78.716533203310703, 19.761117174407129 ], [ 78.761534456541753, 19.761117219129812 ], [ 78.761534456541753, 19.774108730935556 ], [ 78.761302415174384, 19.773937669687768 ], [ 78.758994820454632, 19.772720844691264 ], [ 78.757087784673558, 19.772501103443229 ], [ 78.756386502335261, 19.772510033711111 ], [ 78.754634170630538, 19.773114321468825 ], [ 78.752886561265825, 19.774052736144885 ], [ 78.751726049117906, 19.774663151882976 ], [ 78.748725018644734, 19.778100010906826 ], [ 78.747652522246142, 19.780041229918876 ], [ 78.746917480257537, 19.780611823676793 ], [ 78.746125818751594, 19.781174125685428 ], [ 78.745478870753345, 19.781552398524415 ], [ 78.744755315805264, 19.781952623814561 ], [ 78.744065826276938, 19.782280910535633 ], [ 78.74308519742398, 19.782652125495247 ], [ 78.74192427878252, 19.782922385259894 ], [ 78.740964440456594, 19.783095097360899 ], [ 78.740072617857095, 19.78313753097234 ], [ 78.738885187201674, 19.783181952984819 ], [ 78.737941448539061, 19.783160711897381 ], [ 78.737127005407046, 19.783068339832088 ], [ 78.735989573460131, 19.782855964930892 ], [ 78.735548806732083, 19.782718517945288 ], [ 78.735548720397162, 19.782718519743927 ], [ 78.735053065346733, 19.782563970351017 ], [ 78.734183768066487, 19.782227514188492 ], [ 78.733280701243416, 19.78193129189566 ], [ 78.731885253801465, 19.781261006490293 ], [ 78.730513899197149, 19.780559307765888 ], [ 78.73004011835684, 19.780230432888231 ], [ 78.729505703425502, 19.779765777468693 ], [ 78.729212626961214, 19.779492659658558 ], [ 78.728844884284058, 19.779038340147338 ], [ 78.728643501796228, 19.778657667917116 ], [ 78.72831669535924, 19.777901291311593 ], [ 78.728094503458635, 19.777168413991149 ], [ 78.727806072892008, 19.776398857821107 ], [ 78.727584059057165, 19.775647881644488 ], [ 78.727316574600309, 19.774657514033095 ], [ 78.72690338468351, 19.773444630765141 ], [ 78.726466553388775, 19.772218038231923 ], [ 78.726013490230457, 19.771207979964341 ], [ 78.725654954812399, 19.770270955640115 ], [ 78.725154919164254, 19.769170167469323 ], [ 78.724538803523046, 19.768262542882098 ], [ 78.724162071222679, 19.76775852053936 ], [ 78.723390861199334, 19.767124949956553 ], [ 78.722775611605243, 19.766645982725947 ], [ 78.722328769057526, 19.766511478322112 ], [ 78.722289635957978, 19.766507101321739 ], [ 78.721762373334911, 19.766448120184638 ], [ 78.721761956948797, 19.766448073419898 ], [ 78.720870844813703, 19.766427267604346 ], [ 78.720350754283913, 19.766481600145763 ], [ 78.719725664308044, 19.766544123712382 ], [ 78.719700628980888, 19.766549060091112 ], [ 78.719176518481618, 19.766652415576569 ], [ 78.718655648239633, 19.76678796319402 ], [ 78.717771104752728, 19.767083106300394 ], [ 78.716828646724707, 19.767445374804254 ], [ 78.716533203310703, 19.767552373655221 ] ] ] } },
{ "type": "Feature", "properties": { "REGION": 1.0, "STATE.NAME": "Telangana", "DISTRICT.NAME": "Adilabad", "DISTRICT.AREA": 3996.656205, "GRID_G0": "188086", "woodland": 0.041479716281673192, "maskWdl": 0.0, "cropland": 0.8407547695457982, "maskCrp": 1.0, "one": 0.060496817859005306, "maskOne": 0.0, "GRID.AREA": 6.1470007429965827, "REGION.AREA": 32202.066020262951 }, "geometry": { "type": "Polygon", "coordinates": [ [ [ 78.761534456541753, 19.774108730935556 ], [ 78.761534456541753, 19.761117219129812 ], [ 78.79677291319534, 19.76111819462378 ], [ 78.796414727657634, 19.763366095868662 ], [ 78.795981412712081, 19.766102660909098 ], [ 78.795645124722796, 19.767271591610722 ], [ 78.793998039777762, 19.768877019958552 ], [ 78.79311319232005, 19.769737065912921 ], [ 78.790529423893872, 19.772248319304538 ], [ 78.786315105457788, 19.776531889135413 ], [ 78.782381221716093, 19.778414677395521 ], [ 78.780021843133625, 19.779275352875288 ], [ 78.777357888455867, 19.779864434895785 ], [ 78.773255173187749, 19.779614145476501 ], [ 78.771138015307201, 19.77938816473204 ], [ 78.769357643640376, 19.77868399736866 ], [ 78.765299895373914, 19.776884525000867 ], [ 78.761534456541753, 19.774108730935556 ] ] ] } },
{ "type": "Feature", "properties": { "REGION": 1.0, "STATE.NAME": "Telangana", "DISTRICT.NAME": "Adilabad", "DISTRICT.AREA": 3996.656205, "GRID_G0": "188087", "woodland": 0.025829167695250028, "maskWdl": 0.0, "cropland": 0.59911867590588552, "maskCrp": 1.0, "one": 0.34689318014863002, "maskOne": 1.0, "GRID.AREA": 0.049548013608057551, "REGION.AREA": 32202.066020262951 }, "geometry": { "type": "MultiPolygon", "coordinates": [ [ [ [ 78.836305754712185, 19.761118503769303 ], [ 78.840739018388348, 19.761118270186497 ], [ 78.840758923585497, 19.761253322183109 ], [ 78.840978220568516, 19.761895940845022 ], [ 78.836449079161753, 19.761169568320952 ], [ 78.836305754712185, 19.761118503769303 ] ] ], [ [ [ 78.813901153557779, 19.761118014618766 ], [ 78.819076755344483, 19.761118375217041 ], [ 78.818514130722633, 19.761569485143696 ], [ 78.816933989512052, 19.761838181886617 ], [ 78.814734728924634, 19.76153700612798 ], [ 78.813901153557779, 19.761118014618766 ] ] ] ] } },
{ "type": "Feature", "properties": { "REGION": 1.0, "STATE.NAME": "Telangana", "DISTRICT.NAME": "Adilabad", "DISTRICT.AREA": 3996.656205, "GRID_G0": "187427", "woodland": 0.2166513234422775, "maskWdl": 0.0, "cropland": 0.56866443963740121, "maskCrp": 1.0, "one": 0.21102163077797539, "maskOne": 0.0, "GRID.AREA": 23.538763884634449, "REGION.AREA": 32202.066020262951 }, "geometry": { "type": "Polygon", "coordinates": [ [ [ 78.356532096467092, 19.755659206322004 ], [ 78.356532096467092, 19.716115951075334 ], [ 78.401533409796329, 19.716115989310957 ], [ 78.401533409796329, 19.761117228587434 ], [ 78.357430272338405, 19.761117302105223 ], [ 78.357261722450573, 19.759955633745566 ], [ 78.356532096467092, 19.755659206322004 ] ] ] } },
{ "type": "Feature", "properties": { "REGION": 1.0, "STATE.NAME": "Telangana", "DISTRICT.NAME": "Adilabad", "DISTRICT.AREA": 3996.656205, "GRID_G0": "187428", "woodland": 0.12486215872486227, "maskWdl": 0.0, "cropland": 0.76208182520414502, "maskCrp": 1.0, "one": 0.108543171365877, "maskOne": 0.0, "GRID.AREA": 23.567958600178223, "REGION.AREA": 32202.066020262951 }, "geometry": { "type": "Polygon", "coordinates": [ [ [ 78.401533409796329, 19.716115989310957 ], [ 78.446534648681762, 19.716115962083851 ], [ 78.446534648681762, 19.761117178475978 ], [ 78.401533409796329, 19.761117228587434 ], [ 78.401533409796329, 19.716115989310957 ] ] ] } },
{ "type": "Feature", "properties": { "REGION": 1.0, "STATE.NAME": "Telangana", "DISTRICT.NAME": "Adilabad", "DISTRICT.AREA": 3996.656205, "GRID_G0": "187429", "woodland": 0.038561265780538777, "maskWdl": 0.0, "cropland": 0.79059871043573948, "maskCrp": 1.0, "one": 0.14759804777078225, "maskOne": 0.0, "GRID.AREA": 23.567959930454233, "REGION.AREA": 32202.066020262951 }, "geometry": { "type": "Polygon", "coordinates": [ [ [ 78.446534648681762, 19.716115962083851 ], [ 78.491535879173696, 19.716115971137334 ], [ 78.491535879173696, 19.761117232278892 ], [ 78.446534648681762, 19.761117178475978 ], [ 78.446534648681762, 19.716115962083851 ] ] ] } },
{ "type": "Feature", "properties": { "REGION": 1.0, "STATE.NAME": "Telangana", "DISTRICT.NAME": "Adilabad", "DISTRICT.AREA": 3996.656205, "GRID_G0": "187430", "woodland": 0.021482262693535741, "maskWdl": 0.0, "cropland": 0.86151381548805683, "maskCrp": 1.0, "one": 0.10226767226235653, "maskOne": 0.0, "GRID.AREA": 23.565623852608553, "REGION.AREA": 32202.066020262951 }, "geometry": { "type": "Polygon", "coordinates": [ [ [ 78.491535879173696, 19.716115971137334 ], [ 78.536532660272343, 19.716116006857135 ], [ 78.536532660272343, 19.761117200917074 ], [ 78.491535879173696, 19.761117232278892 ], [ 78.491535879173696, 19.716115971137334 ] ] ] } },
{ "type": "Feature", "properties": { "REGION": 1.0, "STATE.NAME": "Telangana", "DISTRICT.NAME": "Adilabad", "DISTRICT.AREA": 3996.656205, "GRID_G0": "187431", "woodland": 0.036572269961121395, "maskWdl": 0.0, "cropland": 0.84952627084577936, "maskCrp": 1.0, "one": 0.084400889548942939, "maskOne": 0.0, "GRID.AREA": 23.567964723958934, "REGION.AREA": 32202.066020262951 }, "geometry": { "type": "Polygon", "coordinates": [ [ [ 78.536532660272343, 19.716116006857135 ], [ 78.58153389932626, 19.716115936115362 ], [ 78.58153389932626, 19.761117220773702 ], [ 78.536532660272343, 19.761117200917074 ], [ 78.536532660272343, 19.716116006857135 ] ] ] } },
{ "type": "Feature", "properties": { "REGION": 1.0, "STATE.NAME": "Telangana", "DISTRICT.NAME": "Adilabad", "DISTRICT.AREA": 3996.656205, "GRID_G0": "187432", "woodland": 0.036638880235912705, "maskWdl": 0.0, "cropland": 0.92389813009209509, "maskCrp": 1.0, "one": 0.024075089607698576, "maskOne": 0.0, "GRID.AREA": 23.567990578386258, "REGION.AREA": 32202.066020262951 }, "geometry": { "type": "Polygon", "coordinates": [ [ [ 78.58153389932626, 19.716115936115362 ], [ 78.626535152789216, 19.716115926809405 ], [ 78.626535152789216, 19.761117190772719 ], [ 78.58153389932626, 19.761117220773702 ], [ 78.58153389932626, 19.716115936115362 ] ] ] } },
{ "type": "Feature", "properties": { "REGION": 1.0, "STATE.NAME": "Telangana", "DISTRICT.NAME": "Adilabad", "DISTRICT.AREA": 3996.656205, "GRID_G0": "187433", "woodland": 0.030070044393516543, "maskWdl": 0.0, "cropland": 0.89701461788136261, "maskCrp": 1.0, "one": 0.049922334543568946, "maskOne": 0.0, "GRID.AREA": 23.565658282142589, "REGION.AREA": 32202.066020262951 }, "geometry": { "type": "Polygon", "coordinates": [ [ [ 78.626535152789216, 19.716115926809405 ], [ 78.671531984763533, 19.716115973089096 ], [ 78.671531984763533, 19.761117194042193 ], [ 78.626535152789216, 19.761117190772719 ], [ 78.626535152789216, 19.716115926809405 ] ] ] } },
{ "type": "Feature", "properties": { "REGION": 1.0, "STATE.NAME": "Telangana", "DISTRICT.NAME": "Adilabad", "DISTRICT.AREA": 3996.656205, "GRID_G0": "187434", "woodland": 0.018505048757555903, "maskWdl": 0.0, "cropland": 0.93260765183612693, "maskCrp": 1.0, "one": 0.037811196093535275, "maskOne": 0.0, "GRID.AREA": 23.567950953202075, "REGION.AREA": 32202.066020262951 }, "geometry": { "type": "Polygon", "coordinates": [ [ [ 78.671531984763533, 19.716115973089096 ], [ 78.716533203310703, 19.716115928230231 ], [ 78.716533203310703, 19.761117174407129 ], [ 78.671531984763533, 19.761117194042193 ], [ 78.671531984763533, 19.716115973089096 ] ] ] } },
{ "type": "Feature", "properties": { "REGION": 1.0, "STATE.NAME": "Telangana", "DISTRICT.NAME": "Adilabad", "DISTRICT.AREA": 3996.656205, "GRID_G0": "187435", "woodland": 0.009762101828886904, "maskWdl": 0.0, "cropland": 0.97197766042761635, "maskCrp": 1.0, "one": 0.0023335984691149588, "maskOne": 0.0, "GRID.AREA": 23.567976627956121, "REGION.AREA": 32202.066020262951 }, "geometry": { "type": "Polygon", "coordinates": [ [ [ 78.716533203310703, 19.716115928230231 ], [ 78.761534456541753, 19.716115969493451 ], [ 78.761534456541753, 19.761117219129812 ], [ 78.716533203310703, 19.761117174407129 ], [ 78.716533203310703, 19.716115928230231 ] ] ] } },
{ "type": "Feature", "properties": { "REGION": 1.0, "STATE.NAME": "Telangana", "DISTRICT.NAME": "Adilabad", "DISTRICT.AREA": 3996.656205, "GRID_G0": "187436", "woodland": 0.035839393956603835, "maskWdl": 0.0, "cropland": 0.90254091337934328, "maskCrp": 1.0, "one": 0.023127822632351549, "maskOne": 0.0, "GRID.AREA": 23.145200794024696, "REGION.AREA": 32202.066020262951 }, "geometry": { "type": "Polygon", "coordinates": [ [ [ 78.79677291319534, 19.76111819462378 ], [ 78.761534456541753, 19.761117219129812 ], [ 78.761534456541753, 19.716115969493451 ], [ 78.806535721790198, 19.716116013636231 ], [ 78.806535721790198, 19.756796041744522 ], [ 78.804366852448311, 19.756258249218892 ], [ 78.80217607246783, 19.756539147963338 ], [ 78.798857039021186, 19.75832868282248 ], [ 78.796948784658753, 19.760014436816846 ], [ 78.79677291319534, 19.76111819462378 ] ] ] } },
{ "type": "Feature", "properties": { "REGION": 1.0, "STATE.NAME": "Telangana", "DISTRICT.NAME": "Adilabad", "DISTRICT.AREA": 3996.656205, "GRID_G0": "187437", "woodland": 0.051423146695284687, "maskWdl": 0.0, "cropland": 0.77648293848429295, "maskCrp": 1.0, "one": 0.14027342390397052, "maskOne": 0.0, "GRID.AREA": 20.470590982323479, "REGION.AREA": 32202.066020262951 }, "geometry": { "type": "Polygon", "coordinates": [ [ [ 78.806535721790198, 19.756796041744522 ], [ 78.806535721790198, 19.716116013636231 ], [ 78.851532483715147, 19.716115964850495 ], [ 78.851532483715147, 19.716704505882834 ], [ 78.851255092848305, 19.717625155676441 ], [ 78.850569672752286, 19.719380326540886 ], [ 78.850353736535794, 19.719933425787019 ], [ 78.849780476288004, 19.721219748592546 ], [ 78.849440381468469, 19.721975328398738 ], [ 78.849399546851657, 19.722300000744497 ], [ 78.849420144923783, 19.722679266435026 ], [ 78.849491774126136, 19.723216873060267 ], [ 78.849608018695164, 19.723565274018252 ], [ 78.849940601477613, 19.724244745998305 ], [ 78.850132893618195, 19.724607241131313 ], [ 78.851532483715147, 19.726576292291821 ], [ 78.851532483715147, 19.734092932955516 ], [ 78.851164358448443, 19.736132315753821 ], [ 78.847966847691907, 19.735503060118162 ], [ 78.847640891114281, 19.736840932962767 ], [ 78.847139996613635, 19.739129647315394 ], [ 78.846711814998343, 19.740705907951337 ], [ 78.846246442819179, 19.742182644213703 ], [ 78.84582832731553, 19.744264350819208 ], [ 78.845467629027894, 19.746314990344558 ], [ 78.845338846110906, 19.746887169607248 ], [ 78.845105671689453, 19.74739982094502 ], [ 78.844207975617621, 19.749261235018025 ], [ 78.843724249174841, 19.750643010066938 ], [ 78.840672848573149, 19.755354749821894 ], [ 78.840410475862825, 19.756342132583427 ], [ 78.840321262216548, 19.757092696870526 ], [ 78.840321298189394, 19.757747200972577 ], [ 78.840398950151496, 19.758170483980678 ], [ 78.840550148670502, 19.758719213420989 ], [ 78.84052869084644, 19.759211464537486 ], [ 78.840525852586097, 19.759671976780343 ], [ 78.840739018388348, 19.761118270186497 ], [ 78.836305754712185, 19.761118503769303 ], [ 78.833528137813346, 19.760128847668227 ], [ 78.831315484522065, 19.758907204104219 ], [ 78.827913290765821, 19.756590608070155 ], [ 78.825893190418469, 19.755149788032327 ], [ 78.825455494875257, 19.755236744380287 ], [ 78.824352765068113, 19.755855884441587 ], [ 78.82155028331897, 19.75869989778209 ], [ 78.819990452397519, 19.760385767788989 ], [ 78.819076755344483, 19.761118375217041 ], [ 78.813901153557779, 19.761118014618766 ], [ 78.811985570677621, 19.760155135750949 ], [ 78.806928618061306, 19.756893461064408 ], [ 78.806535721790198, 19.756796041744522 ] ] ] } },
{ "type": "Feature", "properties": { "REGION": 1.0, "STATE.NAME": "Telangana", "DISTRICT.NAME": "Adilabad", "DISTRICT.AREA": 3996.656205, "GRID_G0": "187438", "woodland": 0.042310807940070035, "maskWdl": 0.0, "cropland": 0.75341965037325265, "maskCrp": 1.0, "one": 0.17415395810366768, "maskOne": 0.0, "GRID.AREA": 0.042814184518152706, "REGION.AREA": 32202.066020262951 }, "geometry": { "type": "MultiPolygon", "coordinates": [ [ [ [ 78.851532483715147, 19.716704505882834 ], [ 78.851532483715147, 19.716115964850495 ], [ 78.851700599209224, 19.716115985665823 ], [ 78.85166209363075, 19.716274331695104 ], [ 78.851532483715147, 19.716704505882834 ] ] ], [ [ [ 78.851532483715147, 19.734092932955516 ], [ 78.851532483715147, 19.726576292291821 ], [ 78.851668143370205, 19.72676714558736 ], [ 78.852238338728398, 19.727529676253596 ], [ 78.852360631238184, 19.727729179158363 ], [ 78.852382848090031, 19.727909901520775 ], [ 78.85236765494335, 19.728582182521734 ], [ 78.852283609700862, 19.729497699559261 ], [ 78.852235616480584, 19.729767195799525 ], [ 78.852008319128686, 19.731043529835066 ], [ 78.851639499963028, 19.733500306793758 ], [ 78.851559414435485, 19.733943668065876 ], [ 78.851559417133444, 19.733943722025177 ], [ 78.851532483715147, 19.734092932955516 ] ] ] ] } },
{ "type": "Feature", "properties": { "REGION": 1.0, "STATE.NAME": "Telangana", "DISTRICT.NAME": "Adilabad", "DISTRICT.AREA": 3996.656205, "GRID_G0": "186777", "woodland": 0.11949060681046336, "maskWdl": 0.0, "cropland": 0.73596370664170296, "maskCrp": 1.0, "one": 0.12955168610038248, "maskOne": 0.0, "GRID.AREA": 23.574647046393995, "REGION.AREA": 32202.066020262951 }, "geometry": { "type": "Polygon", "coordinates": [ [ [ 78.356532096467092, 19.671114740487738 ], [ 78.401533409796329, 19.671114687608739 ], [ 78.401533409796329, 19.716115989310957 ], [ 78.356532096467092, 19.716115951075334 ], [ 78.356532096467092, 19.671114740487738 ] ] ] } },
{ "type": "Feature", "properties": { "REGION": 1.0, "STATE.NAME": "Telangana", "DISTRICT.NAME": "Adilabad", "DISTRICT.AREA": 3996.656205, "GRID_G0": "186778", "woodland": 0.080631086834923885, "maskWdl": 0.0, "cropland": 0.73808499319978527, "maskCrp": 1.0, "one": 0.10395072921180436, "maskOne": 0.0, "GRID.AREA": 23.574626626972098, "REGION.AREA": 32202.066020262951 }, "geometry": { "type": "Polygon", "coordinates": [ [ [ 78.401533409796329, 19.671114687608739 ], [ 78.446534648681762, 19.671114680572167 ], [ 78.446534648681762, 19.716115962083851 ], [ 78.401533409796329, 19.716115989310957 ], [ 78.401533409796329, 19.671114687608739 ] ] ] } },
{ "type": "Feature", "properties": { "REGION": 1.0, "STATE.NAME": "Telangana", "DISTRICT.NAME": "Adilabad", "DISTRICT.AREA": 3996.656205, "GRID_G0": "186779", "woodland": 0.077052340617701012, "maskWdl": 0.0, "cropland": 0.84080969534172889, "maskCrp": 1.0, "one": 0.056072349486603487, "maskOne": 0.0, "GRID.AREA": 23.574605928108149, "REGION.AREA": 32202.066020262951 }, "geometry": { "type": "Polygon", "coordinates": [ [ [ 78.446534648681762, 19.671114680572167 ], [ 78.491535879173696, 19.671114731668048 ], [ 78.491535879173696, 19.716115971137334 ], [ 78.446534648681762, 19.716115962083851 ], [ 78.446534648681762, 19.671114680572167 ] ] ] } },
{ "type": "Feature", "properties": { "REGION": 1.0, "STATE.NAME": "Telangana", "DISTRICT.NAME": "Adilabad", "DISTRICT.AREA": 3996.656205, "GRID_G0": "186780", "woodland": 0.069879746409718474, "maskWdl": 0.0, "cropland": 0.65381234994999793, "maskCrp": 1.0, "one": 0.10201280192905607, "maskOne": 0.0, "GRID.AREA": 23.572270591678294, "REGION.AREA": 32202.066020262951 }, "geometry": { "type": "Polygon", "coordinates": [ [ [ 78.491535879173696, 19.671114731668048 ], [ 78.536532660272343, 19.671114742326068 ], [ 78.536532660272343, 19.716116006857135 ], [ 78.491535879173696, 19.716115971137334 ], [ 78.491535879173696, 19.671114731668048 ] ] ] } },
{ "type": "Feature", "properties": { "REGION": 1.0, "STATE.NAME": "Telangana", "DISTRICT.NAME": "Adilabad", "DISTRICT.AREA": 3996.656205, "GRID_G0": "186781", "woodland": 0.14762828217772894, "maskWdl": 0.0, "cropland": 0.63197543483872465, "maskCrp": 1.0, "one": 0.11919646002910768, "maskOne": 0.0, "GRID.AREA": 23.574590071530572, "REGION.AREA": 32202.066020262951 }, "geometry": { "type": "Polygon", "coordinates": [ [ [ 78.536532660272343, 19.671114742326068 ], [ 78.58153389932626, 19.671114757312619 ], [ 78.58153389932626, 19.716115936115362 ], [ 78.536532660272343, 19.716116006857135 ], [ 78.536532660272343, 19.671114742326068 ] ] ] } },
{ "type": "Feature", "properties": { "REGION": 1.0, "STATE.NAME": "Telangana", "DISTRICT.NAME": "Adilabad", "DISTRICT.AREA": 3996.656205, "GRID_G0": "186782", "woodland": 0.074003421500253755, "maskWdl": 0.0, "cropland": 0.84237966911339357, "maskCrp": 1.0, "one": 0.068012634368203553, "maskOne": 0.0, "GRID.AREA": 23.574593880090632, "REGION.AREA": 32202.066020262951 }, "geometry": { "type": "Polygon", "coordinates": [ [ [ 78.58153389932626, 19.671114757312619 ], [ 78.626535152789216, 19.671114676576636 ], [ 78.626535152789216, 19.716115926809405 ], [ 78.58153389932626, 19.716115936115362 ], [ 78.58153389932626, 19.671114757312619 ] ] ] } },
{ "type": "Feature", "properties": { "REGION": 1.0, "STATE.NAME": "Telangana", "DISTRICT.NAME": "Adilabad", "DISTRICT.AREA": 3996.656205, "GRID_G0": "186783", "woodland": 0.044268641304771428, "maskWdl": 0.0, "cropland": 0.85888169457551999, "maskCrp": 1.0, "one": 0.069672982920695709, "maskOne": 0.0, "GRID.AREA": 23.572285747060391, "REGION.AREA": 32202.066020262951 }, "geometry": { "type": "Polygon", "coordinates": [ [ [ 78.626535152789216, 19.671114676576636 ], [ 78.671531984763533, 19.671114763233195 ], [ 78.671531984763533, 19.716115973089096 ], [ 78.626535152789216, 19.716115926809405 ], [ 78.626535152789216, 19.671114676576636 ] ] ] } },
{ "type": "Feature", "properties": { "REGION": 1.0, "STATE.NAME": "Telangana", "DISTRICT.NAME": "Adilabad", "DISTRICT.AREA": 3996.656205, "GRID_G0": "186784", "woodland": 0.021685525238929707, "maskWdl": 0.0, "cropland": 0.80230813305314441, "maskCrp": 1.0, "one": 0.17167476712671545, "maskOne": 0.0, "GRID.AREA": 23.574580435543773, "REGION.AREA": 32202.066020262951 }, "geometry": { "type": "Polygon", "coordinates": [ [ [ 78.671531984763533, 19.671114763233195 ], [ 78.716533203310703, 19.671114690539145 ], [ 78.716533203310703, 19.716115928230231 ], [ 78.671531984763533, 19.716115973089096 ], [ 78.671531984763533, 19.671114763233195 ] ] ] } },
{ "type": "Feature", "properties": { "REGION": 1.0, "STATE.NAME": "Telangana", "DISTRICT.NAME": "Adilabad", "DISTRICT.AREA": 3996.656205, "GRID_G0": "186785", "woodland": 0.11716372883426486, "maskWdl": 0.0, "cropland": 0.78720762409334821, "maskCrp": 1.0, "one": 0.087008095841774186, "maskOne": 0.0, "GRID.AREA": 23.574607486053775, "REGION.AREA": 32202.066020262951 }, "geometry": { "type": "Polygon", "coordinates": [ [ [ 78.716533203310703, 19.671114690539145 ], [ 78.761534456541753, 19.671114725738338 ], [ 78.761534456541753, 19.716115969493451 ], [ 78.716533203310703, 19.716115928230231 ], [ 78.716533203310703, 19.671114690539145 ] ] ] } },
{ "type": "Feature", "properties": { "REGION": 1.0, "STATE.NAME": "Telangana", "DISTRICT.NAME": "Adilabad", "DISTRICT.AREA": 3996.656205, "GRID_G0": "186786", "woodland": 0.077488420161521965, "maskWdl": 0.0, "cropland": 0.89330608881116547, "maskCrp": 1.0, "one": 0.019624797369616118, "maskOne": 0.0, "GRID.AREA": 23.574634703684538, "REGION.AREA": 32202.066020262951 }, "geometry": { "type": "Polygon", "coordinates": [ [ [ 78.761534456541753, 19.671114725738338 ], [ 78.806535721790198, 19.671114696056481 ], [ 78.806535721790198, 19.716116013636231 ], [ 78.761534456541753, 19.716115969493451 ], [ 78.761534456541753, 19.671114725738338 ] ] ] } },
{ "type": "Feature", "properties": { "REGION": 1.0, "STATE.NAME": "Telangana", "DISTRICT.NAME": "Adilabad", "DISTRICT.AREA": 3996.656205, "GRID_G0": "186787", "woodland": 0.078198766423933599, "maskWdl": 0.0, "cropland": 0.84020209336919394, "maskCrp": 1.0, "one": 0.061065772585908409, "maskOne": 0.0, "GRID.AREA": 23.572284950333838, "REGION.AREA": 32202.066020262951 }, "geometry": { "type": "Polygon", "coordinates": [ [ [ 78.806535721790198, 19.671114696056481 ], [ 78.851532483715133, 19.671114685268069 ], [ 78.851532483715147, 19.716115964850495 ], [ 78.806535721790198, 19.716116013636231 ], [ 78.806535721790198, 19.671114696056481 ] ] ] } },
{ "type": "Feature", "properties": { "REGION": 1.0, "STATE.NAME": "Telangana", "DISTRICT.NAME": "Adilabad", "DISTRICT.AREA": 3996.656205, "GRID_G0": "186788", "woodland": 0.095003272601901195, "maskWdl": 0.0, "cropland": 0.62984487823159718, "maskCrp": 1.0, "one": 0.27105240079725018, "maskOne": 0.0, "GRID.AREA": 2.2175439169582742, "REGION.AREA": 32202.066020262951 }, "geometry": { "type": "Polygon", "coordinates": [ [ [ 78.851700599209224, 19.716115985665823 ], [ 78.851532483715147, 19.716115964850495 ], [ 78.851532483715133, 19.671114685268069 ], [ 78.854298292334732, 19.671115010829265 ], [ 78.854877040443114, 19.673270208353475 ], [ 78.855417276686026, 19.675296311675481 ], [ 78.855852858822459, 19.677312517059079 ], [ 78.855924542883429, 19.678409809565096 ], [ 78.856079659748559, 19.680342640600426 ], [ 78.856156053559062, 19.682577240047635 ], [ 78.856159539331316, 19.683845552130553 ], [ 78.856114619094456, 19.68408436620058 ], [ 78.856020719080959, 19.684480831425276 ], [ 78.855735348007954, 19.685543779721687 ], [ 78.855684565090655, 19.686477606956032 ], [ 78.855706799928953, 19.686667324337577 ], [ 78.856081806430268, 19.687392284026714 ], [ 78.857168320561584, 19.689625580356282 ], [ 78.85993791860011, 19.689497740828131 ], [ 78.85921756343987, 19.692403301071522 ], [ 78.858818416436804, 19.693397676061977 ], [ 78.858281213607199, 19.694937120251947 ], [ 78.857925662139678, 19.695846015581196 ], [ 78.857536406779786, 19.696804358334532 ], [ 78.857251563608827, 19.697804114868063 ], [ 78.856831648561808, 19.700120665036707 ], [ 78.856691884922611, 19.701419415573643 ], [ 78.856407428460102, 19.702938209530767 ], [ 78.856235103067604, 19.703586751127716 ], [ 78.856114101084927, 19.703815980223339 ], [ 78.855427448917695, 19.704424546056032 ], [ 78.854696461972196, 19.705213310845696 ], [ 78.854347935109161, 19.705851490453995 ], [ 78.854010836830696, 19.706819241914559 ], [ 78.853581734309671, 19.708535480228306 ], [ 78.853208713511378, 19.71037398766947 ], [ 78.852634651068342, 19.712314770510318 ], [ 78.852344866122735, 19.713328005183371 ], [ 78.851953480268961, 19.715076057913787 ], [ 78.851700599209224, 19.716115985665823 ] ] ] } },
{ "type": "Feature", "properties": { "REGION": 1.0, "STATE.NAME": "Telangana", "DISTRICT.NAME": "Adilabad", "DISTRICT.AREA": 3996.656205, "GRID_G0": "186126", "woodland": 0.33889164643546882, "maskWdl": 0.0, "cropland": 0.55145882850094385, "maskCrp": 1.0, "one": 0.098567854797893872, "maskOne": 0.0, "GRID.AREA": 23.57654365750243, "REGION.AREA": 32202.066020262951 }, "geometry": { "type": "Polygon", "coordinates": [ [ [ 78.311535332528592, 19.626117908183399 ], [ 78.356532096467092, 19.626117936233573 ], [ 78.356532096467092, 19.671114740487738 ], [ 78.311535332528592, 19.671114687257141 ], [ 78.311535332528592, 19.626117908183399 ] ] ] } },
{ "type": "Feature", "properties": { "REGION": 1.0, "STATE.NAME": "Telangana", "DISTRICT.NAME": "Adilabad", "DISTRICT.AREA": 3996.656205, "GRID_G0": "186127", "woodland": 0.14864184435067018, "maskWdl": 0.0, "cropland": 0.70140614409989954, "maskCrp": 1.0, "one": 0.1148956533168624, "maskOne": 0.0, "GRID.AREA": 23.5789115309246, "REGION.AREA": 32202.066020262951 }, "geometry": { "type": "Polygon", "coordinates": [ [ [ 78.356532096467092, 19.626117936233573 ], [ 78.401533409796329, 19.626117968942747 ], [ 78.401533409796329, 19.671114687608739 ], [ 78.356532096467092, 19.671114740487738 ], [ 78.356532096467092, 19.626117936233573 ] ] ] } },
{ "type": "Feature", "properties": { "REGION": 1.0, "STATE.NAME": "Telangana", "DISTRICT.NAME": "Adilabad", "DISTRICT.AREA": 3996.656205, "GRID_G0": "186128", "woodland": 0.066739490073677549, "maskWdl": 0.0, "cropland": 0.83868939149664734, "maskCrp": 1.0, "one": 0.070794382983434698, "maskOne": 0.0, "GRID.AREA": 23.578868814566952, "REGION.AREA": 32202.066020262951 }, "geometry": { "type": "Polygon", "coordinates": [ [ [ 78.401533409796329, 19.626117968942747 ], [ 78.446534648681762, 19.626117890495607 ], [ 78.446534648681762, 19.671114680572167 ], [ 78.401533409796329, 19.671114687608739 ], [ 78.401533409796329, 19.626117968942747 ] ] ] } },
{ "type": "Feature", "properties": { "REGION": 1.0, "STATE.NAME": "Telangana", "DISTRICT.NAME": "Adilabad", "DISTRICT.AREA": 3996.656205, "GRID_G0": "186129", "woodland": 0.057728573318261291, "maskWdl": 0.0, "cropland": 0.73494758547483141, "maskCrp": 1.0, "one": 0.16408019898417128, "maskOne": 0.0, "GRID.AREA": 23.578896116944001, "REGION.AREA": 32202.066020262951 }, "geometry": { "type": "Polygon", "coordinates": [ [ [ 78.446534648681762, 19.626117890495607 ], [ 78.491535879173696, 19.626117892016293 ], [ 78.491535879173696, 19.671114731668048 ], [ 78.446534648681762, 19.671114680572167 ], [ 78.446534648681762, 19.626117890495607 ] ] ] } },
{ "type": "Feature", "properties": { "REGION": 1.0, "STATE.NAME": "Telangana", "DISTRICT.NAME": "Adilabad", "DISTRICT.AREA": 3996.656205, "GRID_G0": "186131", "woodland": 0.025297804567059722, "maskWdl": 0.0, "cropland": 0.72299767448215879, "maskCrp": 1.0, "one": 0.16690715907427842, "maskOne": 0.0, "GRID.AREA": 23.578882507817802, "REGION.AREA": 32202.066020262951 }, "geometry": { "type": "Polygon", "coordinates": [ [ [ 78.536532660272343, 19.626117964927182 ], [ 78.58153389932626, 19.626117974013276 ], [ 78.58153389932626, 19.671114757312619 ], [ 78.536532660272343, 19.671114742326068 ], [ 78.536532660272343, 19.626117964927182 ] ] ] } },
{ "type": "Feature", "properties": { "REGION": 1.0, "STATE.NAME": "Telangana", "DISTRICT.NAME": "Adilabad", "DISTRICT.AREA": 3996.656205, "GRID_G0": "186132", "woodland": 0.047370547995275042, "maskWdl": 0.0, "cropland": 0.75373286079745727, "maskCrp": 1.0, "one": 0.18232239936317229, "maskOne": 0.0, "GRID.AREA": 23.5788874340159, "REGION.AREA": 32202.066020262951 }, "geometry": { "type": "Polygon", "coordinates": [ [ [ 78.58153389932626, 19.626117974013276 ], [ 78.626535152789216, 19.62611790920813 ], [ 78.626535152789216, 19.671114676576636 ], [ 78.58153389932626, 19.671114757312619 ], [ 78.58153389932626, 19.626117974013276 ] ] ] } },
{ "type": "Feature", "properties": { "REGION": 1.0, "STATE.NAME": "Telangana", "DISTRICT.NAME": "Adilabad", "DISTRICT.AREA": 3996.656205, "GRID_G0": "186133", "woodland": 0.092483026775795285, "maskWdl": 0.0, "cropland": 0.63654772336227361, "maskCrp": 1.0, "one": 0.22588234937738272, "maskOne": 0.0, "GRID.AREA": 23.57658000085944, "REGION.AREA": 32202.066020262951 }, "geometry": { "type": "Polygon", "coordinates": [ [ [ 78.626535152789216, 19.62611790920813 ], [ 78.671531984763533, 19.626117944617 ], [ 78.671531984763533, 19.671114763233195 ], [ 78.626535152789216, 19.671114676576636 ], [ 78.626535152789216, 19.62611790920813 ] ] ] } },
{ "type": "Feature", "properties": { "REGION": 1.0, "STATE.NAME": "Telangana", "DISTRICT.NAME": "Adilabad", "DISTRICT.AREA": 3996.656205, "GRID_G0": "186134", "woodland": 0.07068533826856277, "maskWdl": 0.0, "cropland": 0.65939823161948552, "maskCrp": 1.0, "one": 0.16911964867995544, "maskOne": 0.0, "GRID.AREA": 23.578876215369288, "REGION.AREA": 32202.066020262951 }, "geometry": { "type": "Polygon", "coordinates": [ [ [ 78.671531984763533, 19.626117944617 ], [ 78.716533203310703, 19.626117931479289 ], [ 78.716533203310703, 19.671114690539145 ], [ 78.671531984763533, 19.671114763233195 ], [ 78.671531984763533, 19.626117944617 ] ] ] } },
{ "type": "Feature", "properties": { "REGION": 1.0, "STATE.NAME": "Telangana", "DISTRICT.NAME": "Adilabad", "DISTRICT.AREA": 3996.656205, "GRID_G0": "186138", "woodland": 0.25619949790731478, "maskWdl": 0.0, "cropland": 0.57946494075100907, "maskCrp": 1.0, "one": 0.16000088890932615, "maskOne": 0.0, "GRID.AREA": 17.16292543087599, "REGION.AREA": 32202.066020262951 }, "geometry": { "type": "Polygon", "coordinates": [ [ [ 78.854298292334732, 19.671115010829265 ], [ 78.851532483715133, 19.671114685268069 ], [ 78.851532483715133, 19.626117967581411 ], [ 78.896533706099333, 19.626117885277388 ], [ 78.896533706099333, 19.664743696142498 ], [ 78.896020551007666, 19.664463134066409 ], [ 78.895840107435049, 19.664398673360157 ], [ 78.895339528596423, 19.664426466008649 ], [ 78.893445756916208, 19.664710323522687 ], [ 78.892912322245934, 19.664688248763696 ], [ 78.892745912593853, 19.664650901717778 ], [ 78.892608315421455, 19.664577660930377 ], [ 78.89252310915424, 19.664513814461031 ], [ 78.892103232778027, 19.66401427883596 ], [ 78.891947640171509, 19.663818983859073 ], [ 78.891772005273879, 19.663736456672211 ], [ 78.890816343399592, 19.663499174147603 ], [ 78.890054649102808, 19.663425770582872 ], [ 78.889645685100334, 19.663341496912608 ], [ 78.88865711973034, 19.663049748746971 ], [ 78.886460868274526, 19.66246017929387 ], [ 78.889417443460331, 19.660419616672016 ], [ 78.890228211962494, 19.659744236607306 ], [ 78.890449121429867, 19.659524651841252 ], [ 78.890492982265357, 19.659416656753365 ], [ 78.890460559906955, 19.659303591287767 ], [ 78.889954371996737, 19.658293316283565 ], [ 78.888948393053965, 19.656661076447563 ], [ 78.888084562752454, 19.655697732564366 ], [ 78.887668092108811, 19.655365149781915 ], [ 78.88749990269838, 19.655297273450461 ], [ 78.887383250736491, 19.655250196639319 ], [ 78.886741517906785, 19.655078358679361 ], [ 78.886137368644725, 19.654970101888754 ], [ 78.885308819646355, 19.654918775780914 ], [ 78.883354985843994, 19.654976313506097 ], [ 78.883130794750457, 19.655019738170438 ], [ 78.88273250659995, 19.655355302205461 ], [ 78.881670689650662, 19.656430517254591 ], [ 78.881273209091376, 19.656680272476649 ], [ 78.880469285329298, 19.65710299610646 ], [ 78.880034386677664, 19.657257743350211 ], [ 78.879452004606378, 19.657397777685333 ], [ 78.879037195010596, 19.657435256931596 ], [ 78.878642055386592, 19.657405261843397 ], [ 78.877271574923327, 19.657214374443868 ], [ 78.87643852931474, 19.657131452454621 ], [ 78.875099551203391, 19.657161926881486 ], [ 78.874398477507782, 19.657242426996447 ], [ 78.873601929085794, 19.657362808446919 ], [ 78.872728143289237, 19.657590920584539 ], [ 78.870672871355978, 19.658387761286178 ], [ 78.869059096400235, 19.658799854030061 ], [ 78.868109034604345, 19.659031861131552 ], [ 78.867498944420788, 19.659063318517383 ], [ 78.866831887581611, 19.659076329908768 ], [ 78.866360425193534, 19.659045722382245 ], [ 78.865809123692145, 19.65889258312626 ], [ 78.864379672883672, 19.6583491506928 ], [ 78.862656114987772, 19.657654617766468 ], [ 78.862043066934064, 19.657464883297795 ], [ 78.86160526077424, 19.657411916826561 ], [ 78.860890770093022, 19.657392933037499 ], [ 78.860428377367782, 19.657425492992161 ], [ 78.859870370521264, 19.657502522623361 ], [ 78.857923037018622, 19.657916527325938 ], [ 78.856816960834124, 19.658007336369508 ], [ 78.854356048792681, 19.658313521351996 ], [ 78.853369168752181, 19.658391810933381 ], [ 78.852359714829049, 19.658320896692089 ], [ 78.852054941782171, 19.658305036248464 ], [ 78.851935311265663, 19.658367321494723 ], [ 78.851901388838087, 19.658443775559817 ], [ 78.851861880721287, 19.658605904439014 ], [ 78.851923126351267, 19.659242799815384 ], [ 78.852154386116069, 19.661740481538061 ], [ 78.852242999914552, 19.663086137115616 ], [ 78.852354465486272, 19.664549296312998 ], [ 78.852408928429384, 19.664870181613651 ], [ 78.852939588691129, 19.666331987331375 ], [ 78.853193158837257, 19.667331355357817 ], [ 78.853916395425358, 19.669692833857255 ], [ 78.854298292334732, 19.671115010829265 ] ] ] } },
{ "type": "Feature", "properties": { "REGION": 1.0, "STATE.NAME": "Telangana", "DISTRICT.NAME": "Adilabad", "DISTRICT.AREA": 3996.656205, "GRID_G0": "185477", "woodland": 0.27588749838421645, "maskWdl": 0.0, "cropland": 0.64049616725898184, "maskCrp": 1.0, "one": 0.077719550112942098, "maskOne": 0.0, "GRID.AREA": 23.587873993434226, "REGION.AREA": 32202.066020262951 }, "geometry": { "type": "Polygon", "coordinates": [ [ [ 78.356532096467092, 19.581116679880132 ], [ 78.401533409796329, 19.581116705481417 ], [ 78.401533409796329, 19.626117968942747 ], [ 78.356532096467092, 19.626117936233573 ], [ 78.356532096467092, 19.581116679880132 ] ] ] } },
{ "type": "Feature", "properties": { "REGION": 1.0, "STATE.NAME": "Telangana", "DISTRICT.NAME": "Adilabad", "DISTRICT.AREA": 3996.656205, "GRID_G0": "185478", "woodland": 0.12455940676931969, "maskWdl": 0.0, "cropland": 0.72267119463529528, "maskCrp": 1.0, "one": 0.14267790874807201, "maskOne": 0.0, "GRID.AREA": 23.587832963409905, "REGION.AREA": 32202.066020262951 }, "geometry": { "type": "Polygon", "coordinates": [ [ [ 78.401533409796329, 19.581116705481417 ], [ 78.446534648681762, 19.581116641821701 ], [ 78.446534648681762, 19.626117890495607 ], [ 78.401533409796329, 19.626117968942747 ], [ 78.401533409796329, 19.581116705481417 ] ] ] } },
{ "type": "Feature", "properties": { "REGION": 1.0, "STATE.NAME": "Telangana", "DISTRICT.NAME": "Adilabad", "DISTRICT.AREA": 3996.656205, "GRID_G0": "185479", "woodland": 0.14494660976351353, "maskWdl": 0.0, "cropland": 0.70133618335205428, "maskCrp": 1.0, "one": 0.1360528523715564, "maskOne": 0.0, "GRID.AREA": 23.58781508618652, "REGION.AREA": 32202.066020262951 }, "geometry": { "type": "Polygon", "coordinates": [ [ [ 78.446534648681762, 19.581116641821701 ], [ 78.491535879173696, 19.581116679995219 ], [ 78.491535879173696, 19.626117892016293 ], [ 78.446534648681762, 19.626117890495607 ], [ 78.446534648681762, 19.581116641821701 ] ] ] } },
{ "type": "Feature", "properties": { "REGION": 1.0, "STATE.NAME": "Telangana", "DISTRICT.NAME": "Adilabad", "DISTRICT.AREA": 3996.656205, "GRID_G0": "185481", "woodland": 0.084153584912435436, "maskWdl": 0.0, "cropland": 0.75730855187930946, "maskCrp": 1.0, "one": 0.14321649588608282, "maskOne": 0.0, "GRID.AREA": 23.587828289206673, "REGION.AREA": 32202.066020262951 }, "geometry": { "type": "Polygon", "coordinates": [ [ [ 78.536532660272343, 19.581116722484445 ], [ 78.58153389932626, 19.581116722468032 ], [ 78.58153389932626, 19.626117974013276 ], [ 78.536532660272343, 19.626117964927182 ], [ 78.536532660272343, 19.581116722484445 ] ] ] } },
{ "type": "Feature", "properties": { "REGION": 1.0, "STATE.NAME": "Telangana", "DISTRICT.NAME": "Adilabad", "DISTRICT.AREA": 3996.656205, "GRID_G0": "185482", "woodland": 0.2080003165591206, "maskWdl": 0.0, "cropland": 0.63101045029401315, "maskCrp": 1.0, "one": 0.15670193058688611, "maskOne": 0.0, "GRID.AREA": 23.587834893017991, "REGION.AREA": 32202.066020262951 }, "geometry": { "type": "Polygon", "coordinates": [ [ [ 78.58153389932626, 19.581116722468032 ], [ 78.626535152789216, 19.581116670400789 ], [ 78.626535152789216, 19.62611790920813 ], [ 78.58153389932626, 19.626117974013276 ], [ 78.58153389932626, 19.581116722468032 ] ] ] } },
{ "type": "Feature", "properties": { "REGION": 1.0, "STATE.NAME": "Telangana", "DISTRICT.NAME": "Adilabad", "DISTRICT.AREA": 3996.656205, "GRID_G0": "185489", "woodland": 0.20147644067566592, "maskWdl": 0.0, "cropland": 0.55895839433026329, "maskCrp": 1.0, "one": 0.23410228652134379, "maskOne": 0.0, "GRID.AREA": 23.587834825220618, "REGION.AREA": 32202.066020262951 }, "geometry": { "type": "Polygon", "coordinates": [ [ [ 78.896533706099333, 19.581116644908409 ], [ 78.941534957368745, 19.581116708800007 ], [ 78.941534957368745, 19.626117962901596 ], [ 78.896533706099333, 19.626117885277388 ], [ 78.896533706099333, 19.581116644908409 ] ] ] } },
{ "type": "Feature", "properties": { "REGION": 1.0, "STATE.NAME": "Telangana", "DISTRICT.NAME": "Adilabad", "DISTRICT.AREA": 3996.656205, "GRID_G0": "184829", "woodland": 0.27611571046676953, "maskWdl": 0.0, "cropland": 0.56345533222470545, "maskCrp": 1.0, "one": 0.15207937483746711, "maskOne": 0.0, "GRID.AREA": 23.594402042633607, "REGION.AREA": 32202.066020262951 }, "geometry": { "type": "Polygon", "coordinates": [ [ [ 78.446534648681762, 19.53611540217015 ], [ 78.491535879173696, 19.53611547427532 ], [ 78.491535879173696, 19.581116679995219 ], [ 78.446534648681762, 19.581116641821701 ], [ 78.446534648681762, 19.53611540217015 ] ] ] } },
{ "type": "Feature", "properties": { "REGION": 1.0, "STATE.NAME": "Telangana", "DISTRICT.NAME": "Adilabad", "DISTRICT.AREA": 3996.656205, "GRID_G0": "184830", "woodland": 0.29473456001050735, "maskWdl": 0.0, "cropland": 0.56128907621447899, "maskCrp": 1.0, "one": 0.11809014364743452, "maskOne": 0.0, "GRID.AREA": 23.592092432065201, "REGION.AREA": 32202.066020262951 }, "geometry": { "type": "Polygon", "coordinates": [ [ [ 78.491535879173696, 19.53611547427532 ], [ 78.536532660272343, 19.53611539419434 ], [ 78.536532660272343, 19.581116722484445 ], [ 78.491535879173696, 19.581116679995219 ], [ 78.491535879173696, 19.53611547427532 ] ] ] } },
{ "type": "Feature", "properties": { "REGION": 1.0, "STATE.NAME": "Telangana", "DISTRICT.NAME": "Adilabad", "DISTRICT.AREA": 3996.656205, "GRID_G0": "184176", "woodland": 0.29408934847169566, "maskWdl": 0.0, "cropland": 0.58436435915767926, "maskCrp": 1.0, "one": 0.10245866387756167, "maskOne": 0.0, "GRID.AREA": 23.598655554596501, "REGION.AREA": 32202.066020262951 }, "geometry": { "type": "Polygon", "coordinates": [ [ [ 78.311535332528592, 19.491114181827573 ], [ 78.356532096467092, 19.491114205698956 ], [ 78.356532096467092, 19.536115438011855 ], [ 78.311535332528592, 19.536115469588697 ], [ 78.311535332528592, 19.491114181827573 ] ] ] } },
{ "type": "Feature", "properties": { "REGION": 1.0, "STATE.NAME": "Telangana", "DISTRICT.NAME": "Adilabad", "DISTRICT.AREA": 3996.656205, "GRID_G0": "184177", "woodland": 0.17963063377267946, "maskWdl": 0.0, "cropland": 0.73253744520590613, "maskCrp": 1.0, "one": 0.082043110490667009, "maskOne": 0.0, "GRID.AREA": 23.601030254844339, "REGION.AREA": 32202.066020262951 }, "geometry": { "type": "Polygon", "coordinates": [ [ [ 78.356532096467092, 19.491114205698956 ], [ 78.401533409796329, 19.491114208864808 ], [ 78.401533409796329, 19.536115453770343 ], [ 78.356532096467092, 19.536115438011855 ], [ 78.356532096467092, 19.491114205698956 ] ] ] } },
{ "type": "Feature", "properties": { "REGION": 1.0, "STATE.NAME": "Telangana", "DISTRICT.NAME": "Adilabad", "DISTRICT.AREA": 3996.656205, "GRID_G0": "184180", "woodland": 0.11678973560241769, "maskWdl": 0.0, "cropland": 0.81244063226960872, "maskCrp": 1.0, "one": 0.039153744813951515, "maskOne": 0.0, "GRID.AREA": 23.598668220210744, "REGION.AREA": 32202.066020262951 }, "geometry": { "type": "Polygon", "coordinates": [ [ [ 78.491535879173696, 19.491114180450321 ], [ 78.536532660272343, 19.491114153976707 ], [ 78.536532660272343, 19.53611539419434 ], [ 78.491535879173696, 19.53611547427532 ], [ 78.491535879173696, 19.491114180450321 ] ] ] } },
{ "type": "Feature", "properties": { "REGION": 1.0, "STATE.NAME": "Telangana", "DISTRICT.NAME": "Adilabad", "DISTRICT.AREA": 3996.656205, "GRID_G0": "184181", "woodland": 0.042390137045359079, "maskWdl": 0.0, "cropland": 0.91107635976272006, "maskCrp": 1.0, "one": 0.035213860747634794, "maskOne": 0.0, "GRID.AREA": 23.600995951455282, "REGION.AREA": 32202.066020262951 }, "geometry": { "type": "Polygon", "coordinates": [ [ [ 78.536532660272343, 19.491114153976707 ], [ 78.58153389932626, 19.491114217108823 ], [ 78.58153389932626, 19.53611547183451 ], [ 78.536532660272343, 19.53611539419434 ], [ 78.536532660272343, 19.491114153976707 ] ] ] } },
{ "type": "Feature", "properties": { "REGION": 1.0, "STATE.NAME": "Telangana", "DISTRICT.NAME": "Adilabad", "DISTRICT.AREA": 3996.656205, "GRID_G0": "184182", "woodland": 0.096601035039721297, "maskWdl": 0.0, "cropland": 0.83287965951789944, "maskCrp": 1.0, "one": 0.045221366251842428, "maskOne": 0.0, "GRID.AREA": 23.601005381809092, "REGION.AREA": 32202.066020262951 }, "geometry": { "type": "Polygon", "coordinates": [ [ [ 78.58153389932626, 19.491114217108823 ], [ 78.626535152789216, 19.491114182449603 ], [ 78.626535152789216, 19.536115429820807 ], [ 78.58153389932626, 19.53611547183451 ], [ 78.58153389932626, 19.491114217108823 ] ] ] } },
{ "type": "Feature", "properties": { "REGION": 1.0, "STATE.NAME": "Telangana", "DISTRICT.NAME": "Adilabad", "DISTRICT.AREA": 3996.656205, "GRID_G0": "184183", "woodland": 0.088359557385316131, "maskWdl": 0.0, "cropland": 0.79172853996807724, "maskCrp": 1.0, "one": 0.089535131848161573, "maskOne": 0.0, "GRID.AREA": 23.598676804099203, "REGION.AREA": 32202.066020262951 }, "geometry": { "type": "Polygon", "coordinates": [ [ [ 78.626535152789216, 19.491114182449603 ], [ 78.671531984763533, 19.4911142255594 ], [ 78.671531984763533, 19.5361154432182 ], [ 78.626535152789216, 19.536115429820807 ], [ 78.626535152789216, 19.491114182449603 ] ] ] } },
{ "type": "Feature", "properties": { "REGION": 1.0, "STATE.NAME": "Telangana", "DISTRICT.NAME": "Adilabad", "DISTRICT.AREA": 3996.656205, "GRID_G0": "184188", "woodland": 0.25145485565558362, "maskWdl": 0.0, "cropland": 0.57530016825973984, "maskCrp": 1.0, "one": 0.16354536727492494, "maskOne": 0.0, "GRID.AREA": 23.600993982882432, "REGION.AREA": 32202.066020262951 }, "geometry": { "type": "Polygon", "coordinates": [ [ [ 78.851532483715133, 19.491114213213031 ], [ 78.896533706099333, 19.491114195675816 ], [ 78.896533706099333, 19.536115476434642 ], [ 78.851532483715147, 19.53611545324399 ], [ 78.851532483715133, 19.491114213213031 ] ] ] } },
{ "type": "Feature", "properties": { "REGION": 1.0, "STATE.NAME": "Telangana", "DISTRICT.NAME": "Adilabad", "DISTRICT.AREA": 3996.656205, "GRID_G0": "183524", "woodland": 0.15701910636926533, "maskWdl": 0.0, "cropland": 0.77613622043158215, "maskCrp": 1.0, "one": 0.057236329816484764, "maskOne": 0.0, "GRID.AREA": 0.097149694243331822, "REGION.AREA": 32202.066020262951 }, "geometry": { "type": "Polygon", "coordinates": [ [ [ 78.263201462837714, 19.446117797952599 ], [ 78.266534107122311, 19.446117417280565 ], [ 78.266534107122311, 19.448705935163574 ], [ 78.265118644310064, 19.448862425860341 ], [ 78.263761516081161, 19.448929681659532 ], [ 78.263201462837714, 19.446117797952599 ] ] ] } },
{ "type": "Feature", "properties": { "REGION": 1.0, "STATE.NAME": "Telangana", "DISTRICT.NAME": "Adilabad", "DISTRICT.AREA": 3996.656205, "GRID_G0": "183526", "woodland": 0.098661210744680414, "maskWdl": 0.0, "cropland": 0.81497956239432734, "maskCrp": 1.0, "one": 0.07473182345082427, "maskOne": 0.0, "GRID.AREA": 23.602892349250968, "REGION.AREA": 32202.066020262951 }, "geometry": { "type": "Polygon", "coordinates": [ [ [ 78.311535332528592, 19.446117370579667 ], [ 78.356532096467092, 19.446117358256377 ], [ 78.356532096467092, 19.491114205698956 ], [ 78.311535332528592, 19.491114181827573 ], [ 78.311535332528592, 19.446117370579667 ] ] ] } },
{ "type": "Feature", "properties": { "REGION": 1.0, "STATE.NAME": "Telangana", "DISTRICT.NAME": "Adilabad", "DISTRICT.AREA": 3996.656205, "GRID_G0": "183527", "woodland": 0.060721873350797075, "maskWdl": 0.0, "cropland": 0.84229634478944515, "maskCrp": 1.0, "one": 0.056517178843247737, "maskOne": 0.0, "GRID.AREA": 23.605268647393988, "REGION.AREA": 32202.066020262951 }, "geometry": { "type": "Polygon", "coordinates": [ [ [ 78.356532096467092, 19.446117358256377 ], [ 78.401533409796329, 19.446117435990537 ], [ 78.401533409796329, 19.491114208864808 ], [ 78.356532096467092, 19.491114205698956 ], [ 78.356532096467092, 19.446117358256377 ] ] ] } },
{ "type": "Feature", "properties": { "REGION": 1.0, "STATE.NAME": "Telangana", "DISTRICT.NAME": "Adilabad", "DISTRICT.AREA": 3996.656205, "GRID_G0": "183528", "woodland": 0.21943285688801428, "maskWdl": 0.0, "cropland": 0.66334697589088598, "maskCrp": 1.0, "one": 0.11268549013331107, "maskOne": 0.0, "GRID.AREA": 23.605208178826256, "REGION.AREA": 32202.066020262951 }, "geometry": { "type": "Polygon", "coordinates": [ [ [ 78.401533409796329, 19.446117435990537 ], [ 78.446534648681762, 19.446117400798336 ], [ 78.446534648681762, 19.491114166581312 ], [ 78.401533409796329, 19.491114208864808 ], [ 78.401533409796329, 19.446117435990537 ] ] ] } },
{ "type": "Feature", "properties": { "REGION": 1.0, "STATE.NAME": "Telangana", "DISTRICT.NAME": "Adilabad", "DISTRICT.AREA": 3996.656205, "GRID_G0": "183529", "woodland": 0.22775435888017814, "maskWdl": 0.0, "cropland": 0.61795440313535832, "maskCrp": 1.0, "one": 0.13809218405053508, "maskOne": 0.0, "GRID.AREA": 23.605194314561292, "REGION.AREA": 32202.066020262951 }, "geometry": { "type": "Polygon", "coordinates": [ [ [ 78.446534648681762, 19.446117400798336 ], [ 78.491535879173696, 19.446117443650337 ], [ 78.491535879173696, 19.491114180450321 ], [ 78.446534648681762, 19.491114166581312 ], [ 78.446534648681762, 19.446117400798336 ] ] ] } },
{ "type": "Feature", "properties": { "REGION": 1.0, "STATE.NAME": "Telangana", "DISTRICT.NAME": "Adilabad", "DISTRICT.AREA": 3996.656205, "GRID_G0": "183530", "woodland": 0.049450205612378915, "maskWdl": 0.0, "cropland": 0.90851295435712109, "maskCrp": 1.0, "one": 0.025890578421083471, "maskOne": 0.0, "GRID.AREA": 23.602862779467657, "REGION.AREA": 32202.066020262951 }, "geometry": { "type": "Polygon", "coordinates": [ [ [ 78.491535879173696, 19.446117443650337 ], [ 78.536532660272343, 19.446117379145193 ], [ 78.536532660272343, 19.491114153976707 ], [ 78.491535879173696, 19.491114180450321 ], [ 78.491535879173696, 19.446117443650337 ] ] ] } },
{ "type": "Feature", "properties": { "REGION": 1.0, "STATE.NAME": "Telangana", "DISTRICT.NAME": "Adilabad", "DISTRICT.AREA": 3996.656205, "GRID_G0": "183531", "woodland": 0.15539932888380253, "maskWdl": 0.0, "cropland": 0.74919986361662638, "maskCrp": 1.0, "one": 0.070234806973885289, "maskOne": 0.0, "GRID.AREA": 23.6052155364154, "REGION.AREA": 32202.066020262951 }, "geometry": { "type": "Polygon", "coordinates": [ [ [ 78.536532660272343, 19.446117379145193 ], [ 78.58153389932626, 19.446117425574691 ], [ 78.58153389932626, 19.491114217108823 ], [ 78.536532660272343, 19.491114153976707 ], [ 78.536532660272343, 19.446117379145193 ] ] ] } },
{ "type": "Feature", "properties": { "REGION": 1.0, "STATE.NAME": "Telangana", "DISTRICT.NAME": "Adilabad", "DISTRICT.AREA": 3996.656205, "GRID_G0": "183532", "woodland": 0.11097966857350013, "maskWdl": 0.0, "cropland": 0.77523995636330933, "maskCrp": 1.0, "one": 0.10390110132745006, "maskOne": 0.0, "GRID.AREA": 23.605226119280651, "REGION.AREA": 32202.066020262951 }, "geometry": { "type": "Polygon", "coordinates": [ [ [ 78.58153389932626, 19.446117425574691 ], [ 78.626535152789216, 19.446117396080396 ], [ 78.626535152789216, 19.491114182449603 ], [ 78.58153389932626, 19.491114217108823 ], [ 78.58153389932626, 19.446117425574691 ] ] ] } },
{ "type": "Feature", "properties": { "REGION": 1.0, "STATE.NAME": "Telangana", "DISTRICT.NAME": "Adilabad", "DISTRICT.AREA": 3996.656205, "GRID_G0": "183533", "woodland": 0.10013364598442244, "maskWdl": 0.0, "cropland": 0.80749198741902206, "maskCrp": 1.0, "one": 0.083078178317144757, "maskOne": 0.0, "GRID.AREA": 23.602921736485008, "REGION.AREA": 32202.066020262951 }, "geometry": { "type": "Polygon", "coordinates": [ [ [ 78.626535152789216, 19.446117396080396 ], [ 78.671531984763533, 19.446117377252605 ], [ 78.671531984763533, 19.4911142255594 ], [ 78.626535152789216, 19.491114182449603 ], [ 78.626535152789216, 19.446117396080396 ] ] ] } },
{ "type": "Feature", "properties": { "REGION": 1.0, "STATE.NAME": "Telangana", "DISTRICT.NAME": "Adilabad", "DISTRICT.AREA": 3996.656205, "GRID_G0": "183534", "woodland": 0.12708082055143297, "maskWdl": 0.0, "cropland": 0.75036020055571573, "maskCrp": 1.0, "one": 0.10021954986598119, "maskOne": 0.0, "GRID.AREA": 23.605226126662895, "REGION.AREA": 32202.066020262951 }, "geometry": { "type": "Polygon", "coordinates": [ [ [ 78.671531984763533, 19.446117377252605 ], [ 78.716533203310703, 19.446117395145667 ], [ 78.716533203310703, 19.491114194591063 ], [ 78.671531984763533, 19.4911142255594 ], [ 78.671531984763533, 19.446117377252605 ] ] ] } },
{ "type": "Feature", "properties": { "REGION": 1.0, "STATE.NAME": "Telangana", "DISTRICT.NAME": "Adilabad", "DISTRICT.AREA": 3996.656205, "GRID_G0": "183535", "woodland": 0.10937217544022451, "maskWdl": 0.0, "cropland": 0.75917550926039323, "maskCrp": 1.0, "one": 0.12076733658520689, "maskOne": 0.0, "GRID.AREA": 23.605236433154371, "REGION.AREA": 32202.066020262951 }, "geometry": { "type": "Polygon", "coordinates": [ [ [ 78.716533203310703, 19.446117395145667 ], [ 78.761534456541753, 19.446117361487811 ], [ 78.761534456541753, 19.491114179718039 ], [ 78.716533203310703, 19.491114194591063 ], [ 78.716533203310703, 19.446117395145667 ] ] ] } },
{ "type": "Feature", "properties": { "REGION": 1.0, "STATE.NAME": "Telangana", "DISTRICT.NAME": "Adilabad", "DISTRICT.AREA": 3996.656205, "GRID_G0": "183537", "woodland": 0.082634419492073077, "maskWdl": 0.0, "cropland": 0.75621301490524606, "maskCrp": 1.0, "one": 0.11900446379719394, "maskOne": 0.0, "GRID.AREA": 23.602877218377312, "REGION.AREA": 32202.066020262951 }, "geometry": { "type": "Polygon", "coordinates": [ [ [ 78.806535721790198, 19.446117371967429 ], [ 78.851532483715133, 19.446117423374609 ], [ 78.851532483715133, 19.491114213213031 ], [ 78.806535721790198, 19.491114187166271 ], [ 78.806535721790198, 19.446117371967429 ] ] ] } },
{ "type": "Feature", "properties": { "REGION": 1.0, "STATE.NAME": "Telangana", "DISTRICT.NAME": "Adilabad", "DISTRICT.AREA": 3996.656205, "GRID_G0": "183538", "woodland": 0.12054961416064881, "maskWdl": 0.0, "cropland": 0.71795159728577518, "maskCrp": 1.0, "one": 0.14024169337976833, "maskOne": 0.0, "GRID.AREA": 22.477964133785882, "REGION.AREA": 32202.066020262951 }, "geometry": { "type": "Polygon", "coordinates": [ [ [ 78.896533706099333, 19.460127382900467 ], [ 78.896533706099333, 19.491114195675816 ], [ 78.851532483715133, 19.491114213213031 ], [ 78.851532483715133, 19.446117423374609 ], [ 78.851614286553982, 19.446117433331384 ], [ 78.853018888211182, 19.447255682703656 ], [ 78.855030224665214, 19.448011364133208 ], [ 78.857935864048954, 19.448272852809964 ], [ 78.859031391185795, 19.448159304408421 ], [ 78.859951527141334, 19.447958609902006 ], [ 78.860778151590466, 19.446448028553732 ], [ 78.861142054528415, 19.446118342193945 ], [ 78.88496628916792, 19.446118438005183 ], [ 78.885253038297151, 19.446529080852432 ], [ 78.885436524276258, 19.447934411843679 ], [ 78.887210599789398, 19.450344880012267 ], [ 78.8896937403739, 19.452196304415963 ], [ 78.891367330138223, 19.453545088734927 ], [ 78.892342203330088, 19.454216005464335 ], [ 78.893289772205264, 19.45472413231289 ], [ 78.893498144224054, 19.455075010903101 ], [ 78.893509537735042, 19.455094184449081 ], [ 78.894439828835118, 19.456660325014013 ], [ 78.896533706099333, 19.460127382900467 ] ] ] } },
{ "type": "Feature", "properties": { "REGION": 1.0, "STATE.NAME": "Telangana", "DISTRICT.NAME": "Adilabad", "DISTRICT.AREA": 3996.656205, "GRID_G0": "182875", "woodland": 0.21422018652392777, "maskWdl": 0.0, "cropland": 0.65676951129563621, "maskCrp": 1.0, "one": 0.11114329310360256, "maskOne": 0.0, "GRID.AREA": 23.614097058319693, "REGION.AREA": 32202.066020262951 }, "geometry": { "type": "Polygon", "coordinates": [ [ [ 78.266534107122311, 19.401116111910508 ], [ 78.311535332528592, 19.401116181972281 ], [ 78.311535332528592, 19.446117370579667 ], [ 78.266534107122311, 19.446117417280565 ], [ 78.266534107122311, 19.401116111910508 ] ] ] } },
{ "type": "Feature", "properties": { "REGION": 1.0, "STATE.NAME": "Telangana", "DISTRICT.NAME": "Adilabad", "DISTRICT.AREA": 3996.656205, "GRID_G0": "182876", "woodland": 0.022163674106621942, "maskWdl": 0.0, "cropland": 0.93515782914305112, "maskCrp": 1.0, "one": 0.023005736957137268, "maskOne": 0.0, "GRID.AREA": 23.611735665922225, "REGION.AREA": 32202.066020262951 }, "geometry": { "type": "Polygon", "coordinates": [ [ [ 78.311535332528592, 19.401116181972281 ], [ 78.356532096467092, 19.40111613014259 ], [ 78.356532096467092, 19.446117358256377 ], [ 78.311535332528592, 19.446117370579667 ], [ 78.311535332528592, 19.401116181972281 ] ] ] } },
{ "type": "Feature", "properties": { "REGION": 1.0, "STATE.NAME": "Telangana", "DISTRICT.NAME": "Adilabad", "DISTRICT.AREA": 3996.656205, "GRID_G0": "182877", "woodland": 0.11878381956851045, "maskWdl": 0.0, "cropland": 0.79945330069585341, "maskCrp": 1.0, "one": 0.074356213437133209, "maskOne": 0.0, "GRID.AREA": 23.61413805046223, "REGION.AREA": 32202.066020262951 }, "geometry": { "type": "Polygon", "coordinates": [ [ [ 78.356532096467092, 19.40111613014259 ], [ 78.401533409796329, 19.4011161897314 ], [ 78.401533409796329, 19.446117435990537 ], [ 78.356532096467092, 19.446117358256377 ], [ 78.356532096467092, 19.40111613014259 ] ] ] } },
{ "type": "Feature", "properties": { "REGION": 1.0, "STATE.NAME": "Telangana", "DISTRICT.NAME": "Adilabad", "DISTRICT.AREA": 3996.656205, "GRID_G0": "182878", "woodland": 0.033634751968388096, "maskWdl": 0.0, "cropland": 0.90033716872108804, "maskCrp": 1.0, "one": 0.041702507897688354, "maskOne": 0.0, "GRID.AREA": 23.614102751393883, "REGION.AREA": 32202.066020262951 }, "geometry": { "type": "Polygon", "coordinates": [ [ [ 78.401533409796329, 19.4011161897314 ], [ 78.446534648681762, 19.401116158325557 ], [ 78.446534648681762, 19.446117400798336 ], [ 78.401533409796329, 19.446117435990537 ], [ 78.401533409796329, 19.4011161897314 ] ] ] } },
{ "type": "Feature", "properties": { "REGION": 1.0, "STATE.NAME": "Telangana", "DISTRICT.NAME": "Adilabad", "DISTRICT.AREA": 3996.656205, "GRID_G0": "182879", "woodland": 0.051989878740461196, "maskWdl": 0.0, "cropland": 0.83103717345660411, "maskCrp": 1.0, "one": 0.055633903849468813, "maskOne": 0.0, "GRID.AREA": 23.61411407551806, "REGION.AREA": 32202.066020262951 }, "geometry": { "type": "Polygon", "coordinates": [ [ [ 78.446534648681762, 19.401116158325557 ], [ 78.491535879173696, 19.401116137449741 ], [ 78.491535879173696, 19.446117443650337 ], [ 78.446534648681762, 19.446117400798336 ], [ 78.446534648681762, 19.401116158325557 ] ] ] } },
{ "type": "Feature", "properties": { "REGION": 1.0, "STATE.NAME": "Telangana", "DISTRICT.NAME": "Adilabad", "DISTRICT.AREA": 3996.656205, "GRID_G0": "182880", "woodland": 0.045661653384770927, "maskWdl": 0.0, "cropland": 0.90223078776878174, "maskCrp": 1.0, "one": 0.043504819984868021, "maskOne": 0.0, "GRID.AREA": 23.611783382653105, "REGION.AREA": 32202.066020262951 }, "geometry": { "type": "Polygon", "coordinates": [ [ [ 78.491535879173696, 19.401116137449741 ], [ 78.536532660272343, 19.40111612105774 ], [ 78.536532660272343, 19.446117379145193 ], [ 78.491535879173696, 19.446117443650337 ], [ 78.491535879173696, 19.401116137449741 ] ] ] } },
{ "type": "Feature", "properties": { "REGION": 1.0, "STATE.NAME": "Telangana", "DISTRICT.NAME": "Adilabad", "DISTRICT.AREA": 3996.656205, "GRID_G0": "182881", "woodland": 0.14117568794270358, "maskWdl": 0.0, "cropland": 0.749628024929199, "maskCrp": 1.0, "one": 0.082264233724341468, "maskOne": 0.0, "GRID.AREA": 23.614115282134577, "REGION.AREA": 32202.066020262951 }, "geometry": { "type": "Polygon", "coordinates": [ [ [ 78.536532660272343, 19.40111612105774 ], [ 78.58153389932626, 19.401116147523151 ], [ 78.58153389932626, 19.446117425574691 ], [ 78.536532660272343, 19.446117379145193 ], [ 78.536532660272343, 19.40111612105774 ] ] ] } },
{ "type": "Feature", "properties": { "REGION": 1.0, "STATE.NAME": "Telangana", "DISTRICT.NAME": "Adilabad", "DISTRICT.AREA": 3996.656205, "GRID_G0": "182882", "woodland": 0.16952337246479518, "maskWdl": 0.0, "cropland": 0.57411212075896167, "maskCrp": 1.0, "one": 0.25099344694321796, "maskOne": 0.0, "GRID.AREA": 23.614127578839852, "REGION.AREA": 32202.066020262951 }, "geometry": { "type": "Polygon", "coordinates": [ [ [ 78.58153389932626, 19.401116147523151 ], [ 78.626535152789216, 19.40111611994131 ], [ 78.626535152789216, 19.446117396080396 ], [ 78.58153389932626, 19.446117425574691 ], [ 78.58153389932626, 19.401116147523151 ] ] ] } },
{ "type": "Feature", "properties": { "REGION": 1.0, "STATE.NAME": "Telangana", "DISTRICT.NAME": "Adilabad", "DISTRICT.AREA": 3996.656205, "GRID_G0": "182883", "woodland": 0.19037341507410477, "maskWdl": 0.0, "cropland": 0.57697680365323012, "maskCrp": 1.0, "one": 0.22616102375685812, "maskOne": 0.0, "GRID.AREA": 23.611800557821461, "REGION.AREA": 32202.066020262951 }, "geometry": { "type": "Polygon", "coordinates": [ [ [ 78.626535152789216, 19.40111611994131 ], [ 78.671531984763533, 19.401116125406123 ], [ 78.671531984763533, 19.446117377252605 ], [ 78.626535152789216, 19.446117396080396 ], [ 78.626535152789216, 19.40111611994131 ] ] ] } },
{ "type": "Feature", "properties": { "REGION": 1.0, "STATE.NAME": "Telangana", "DISTRICT.NAME": "Adilabad", "DISTRICT.AREA": 3996.656205, "GRID_G0": "182884", "woodland": 0.097874158892701832, "maskWdl": 0.0, "cropland": 0.74711346419161551, "maskCrp": 1.0, "one": 0.14274822315305036, "maskOne": 0.0, "GRID.AREA": 23.614084034095843, "REGION.AREA": 32202.066020262951 }, "geometry": { "type": "Polygon", "coordinates": [ [ [ 78.671531984763533, 19.401116125406123 ], [ 78.716533203310703, 19.401116188936175 ], [ 78.716533203310703, 19.446117395145667 ], [ 78.671531984763533, 19.446117377252605 ], [ 78.671531984763533, 19.401116125406123 ] ] ] } },
{ "type": "Feature", "properties": { "REGION": 1.0, "STATE.NAME": "Telangana", "DISTRICT.NAME": "Adilabad", "DISTRICT.AREA": 3996.656205, "GRID_G0": "182885", "woodland": 0.068756080495961797, "maskWdl": 0.0, "cropland": 0.83853961257854603, "maskCrp": 1.0, "one": 0.05775848244638869, "maskOne": 0.0, "GRID.AREA": 23.614096028452767, "REGION.AREA": 32202.066020262951 }, "geometry": { "type": "Polygon", "coordinates": [ [ [ 78.716533203310703, 19.401116188936175 ], [ 78.761534456541753, 19.401116133295009 ], [ 78.761534456541753, 19.446117361487811 ], [ 78.716533203310703, 19.446117395145667 ], [ 78.716533203310703, 19.401116188936175 ] ] ] } },
{ "type": "Feature", "properties": { "REGION": 1.0, "STATE.NAME": "Telangana", "DISTRICT.NAME": "Adilabad", "DISTRICT.AREA": 3996.656205, "GRID_G0": "182886", "woodland": 0.088764693474207609, "maskWdl": 0.0, "cropland": 0.79966559040498508, "maskCrp": 1.0, "one": 0.087290395334713597, "maskOne": 0.0, "GRID.AREA": 23.614108146348748, "REGION.AREA": 32202.066020262951 }, "geometry": { "type": "Polygon", "coordinates": [ [ [ 78.761534456541753, 19.401116133295009 ], [ 78.806535721790198, 19.40111614361625 ], [ 78.806535721790198, 19.446117371967429 ], [ 78.761534456541753, 19.446117361487811 ], [ 78.761534456541753, 19.401116133295009 ] ] ] } },
{ "type": "Feature", "properties": { "REGION": 1.0, "STATE.NAME": "Telangana", "DISTRICT.NAME": "Adilabad", "DISTRICT.AREA": 3996.656205, "GRID_G0": "182888", "woodland": 0.23161467497384103, "maskWdl": 0.0, "cropland": 0.56959451304777209, "maskCrp": 1.0, "one": 0.18486902860416032, "maskOne": 0.0, "GRID.AREA": 0.31851024763598978, "REGION.AREA": 32202.066020262951 }, "geometry": { "type": "MultiPolygon", "coordinates": [ [ [ [ 78.851614286553982, 19.446117433331384 ], [ 78.851532483715133, 19.446117423374609 ], [ 78.851532483715133, 19.446051141804165 ], [ 78.851614286553982, 19.446117433331384 ] ] ], [ [ [ 78.88496628916792, 19.446118438005183 ], [ 78.861142054528415, 19.446118342193945 ], [ 78.862077729503653, 19.445270636130999 ], [ 78.862966283966898, 19.444875599929048 ], [ 78.864391054703447, 19.444651649853828 ], [ 78.865420163309921, 19.444510541728164 ], [ 78.866638069291525, 19.444564951611259 ], [ 78.868713639822658, 19.445045655432693 ], [ 78.871078203896047, 19.445131272690102 ], [ 78.872377361825841, 19.445127468557871 ], [ 78.873593516827384, 19.444816148446538 ], [ 78.876401724560026, 19.444765157785866 ], [ 78.877439952292036, 19.444678136686715 ], [ 78.884514641837313, 19.445471645400175 ], [ 78.88496628916792, 19.446118438005183 ] ] ] ] } },
{ "type": "Feature", "properties": { "REGION": 1.0, "STATE.NAME": "Telangana", "DISTRICT.NAME": "Adilabad", "DISTRICT.AREA": 3996.656205, "GRID_G0": "182225", "woodland": 0.23963239510284881, "maskWdl": 0.0, "cropland": 0.58890214675622599, "maskCrp": 1.0, "one": 0.15088229129680442, "maskOne": 0.0, "GRID.AREA": 23.620630094674219, "REGION.AREA": 32202.066020262951 }, "geometry": { "type": "Polygon", "coordinates": [ [ [ 78.266534107122311, 19.356114896746131 ], [ 78.311535332528592, 19.356114902012159 ], [ 78.311535332528592, 19.401116181972281 ], [ 78.266534107122311, 19.401116111910508 ], [ 78.266534107122311, 19.356114896746131 ] ] ] } },
{ "type": "Feature", "properties": { "REGION": 1.0, "STATE.NAME": "Telangana", "DISTRICT.NAME": "Adilabad", "DISTRICT.AREA": 3996.656205, "GRID_G0": "182226", "woodland": 0.031393984224386114, "maskWdl": 0.0, "cropland": 0.92298178896448413, "maskCrp": 1.0, "one": 0.034486799493424654, "maskOne": 0.0, "GRID.AREA": 23.618292975579884, "REGION.AREA": 32202.066020262951 }, "geometry": { "type": "Polygon", "coordinates": [ [ [ 78.311535332528592, 19.356114902012159 ], [ 78.356532096467092, 19.356114897238143 ], [ 78.356532096467092, 19.40111613014259 ], [ 78.311535332528592, 19.401116181972281 ], [ 78.311535332528592, 19.356114902012159 ] ] ] } },
{ "type": "Feature", "properties": { "REGION": 1.0, "STATE.NAME": "Telangana", "DISTRICT.NAME": "Adilabad", "DISTRICT.AREA": 3996.656205, "GRID_G0": "182227", "woodland": 0.16163008168526252, "maskWdl": 0.0, "cropland": 0.72480480988893869, "maskCrp": 1.0, "one": 0.10159379102890095, "maskOne": 0.0, "GRID.AREA": 23.620674044109229, "REGION.AREA": 32202.066020262951 }, "geometry": { "type": "Polygon", "coordinates": [ [ [ 78.356532096467092, 19.356114897238143 ], [ 78.401533409796329, 19.356114935886986 ], [ 78.401533409796329, 19.4011161897314 ], [ 78.356532096467092, 19.40111613014259 ], [ 78.356532096467092, 19.356114897238143 ] ] ] } },
{ "type": "Feature", "properties": { "REGION": 1.0, "STATE.NAME": "Telangana", "DISTRICT.NAME": "Adilabad", "DISTRICT.AREA": 3996.656205, "GRID_G0": "182228", "woodland": 0.10286423880142455, "maskWdl": 0.0, "cropland": 0.78827364655840848, "maskCrp": 1.0, "one": 0.093950970826713151, "maskOne": 0.0, "GRID.AREA": 23.620640201556508, "REGION.AREA": 32202.066020262951 }, "geometry": { "type": "Polygon", "coordinates": [ [ [ 78.401533409796329, 19.356114935886986 ], [ 78.446534648681762, 19.356114905479831 ], [ 78.446534648681762, 19.401116158325557 ], [ 78.401533409796329, 19.4011161897314 ], [ 78.401533409796329, 19.356114935886986 ] ] ] } },
{ "type": "Feature", "properties": { "REGION": 1.0, "STATE.NAME": "Telangana", "DISTRICT.NAME": "Adilabad", "DISTRICT.AREA": 3996.656205, "GRID_G0": "182229", "woodland": 0.055259050837391369, "maskWdl": 0.0, "cropland": 0.87416510454165697, "maskCrp": 1.0, "one": 0.060722396617612348, "maskOne": 0.0, "GRID.AREA": 23.62062952295587, "REGION.AREA": 32202.066020262951 }, "geometry": { "type": "Polygon", "coordinates": [ [ [ 78.446534648681762, 19.356114905479831 ], [ 78.491535879173696, 19.356114907518499 ], [ 78.491535879173696, 19.401116137449741 ], [ 78.446534648681762, 19.401116158325557 ], [ 78.446534648681762, 19.356114905479831 ] ] ] } },
{ "type": "Feature", "properties": { "REGION": 1.0, "STATE.NAME": "Telangana", "DISTRICT.NAME": "Adilabad", "DISTRICT.AREA": 3996.656205, "GRID_G0": "182230", "woodland": 0.10191912435680095, "maskWdl": 0.0, "cropland": 0.82555686495035641, "maskCrp": 1.0, "one": 0.064162413469736709, "maskOne": 0.0, "GRID.AREA": 23.618276173750395, "REGION.AREA": 32202.066020262951 }, "geometry": { "type": "Polygon", "coordinates": [ [ [ 78.491535879173696, 19.356114907518499 ], [ 78.536532660272343, 19.356114936476274 ], [ 78.536532660272343, 19.40111612105774 ], [ 78.491535879173696, 19.401116137449741 ], [ 78.491535879173696, 19.356114907518499 ] ] ] } },
{ "type": "Feature", "properties": { "REGION": 1.0, "STATE.NAME": "Telangana", "DISTRICT.NAME": "Adilabad", "DISTRICT.AREA": 3996.656205, "GRID_G0": "182231", "woodland": 0.19629896922665374, "maskWdl": 0.0, "cropland": 0.57777143288941435, "maskCrp": 1.0, "one": 0.20900544512580255, "maskOne": 0.0, "GRID.AREA": 23.620610156801316, "REGION.AREA": 32202.066020262951 }, "geometry": { "type": "Polygon", "coordinates": [ [ [ 78.536532660272343, 19.356114936476274 ], [ 78.58153389932626, 19.356114940238093 ], [ 78.58153389932626, 19.401116147523151 ], [ 78.536532660272343, 19.40111612105774 ], [ 78.536532660272343, 19.356114936476274 ] ] ] } },
{ "type": "Feature", "properties": { "REGION": 1.0, "STATE.NAME": "Telangana", "DISTRICT.NAME": "Adilabad", "DISTRICT.AREA": 3996.656205, "GRID_G0": "182235", "woodland": 0.087136163643602382, "maskWdl": 0.0, "cropland": 0.60696238220632104, "maskCrp": 1.0, "one": 0.29633886105230883, "maskOne": 0.0, "GRID.AREA": 23.620667055761601, "REGION.AREA": 32202.066020262951 }, "geometry": { "type": "Polygon", "coordinates": [ [ [ 78.716533203310703, 19.356114866398869 ], [ 78.761534456541753, 19.356114875527268 ], [ 78.761534456541753, 19.401116133295009 ], [ 78.716533203310703, 19.401116188936175 ], [ 78.716533203310703, 19.356114866398869 ] ] ] } },
{ "type": "Feature", "properties": { "REGION": 1.0, "STATE.NAME": "Telangana", "DISTRICT.NAME": "Adilabad", "DISTRICT.AREA": 3996.656205, "GRID_G0": "182236", "woodland": 0.10542147366796656, "maskWdl": 0.0, "cropland": 0.56198030113714059, "maskCrp": 1.0, "one": 0.23404396930815252, "maskOne": 0.0, "GRID.AREA": 23.620657116022183, "REGION.AREA": 32202.066020262951 }, "geometry": { "type": "Polygon", "coordinates": [ [ [ 78.761534456541753, 19.356114875527268 ], [ 78.806535721790198, 19.356114882991449 ], [ 78.806535721790198, 19.40111614361625 ], [ 78.761534456541753, 19.401116133295009 ], [ 78.761534456541753, 19.356114875527268 ] ] ] } },
{ "type": "Feature", "properties": { "REGION": 1.0, "STATE.NAME": "Telangana", "DISTRICT.NAME": "Adilabad", "DISTRICT.AREA": 3996.656205, "GRID_G0": "181576", "woodland": 0.059623960794710391, "maskWdl": 0.0, "cropland": 0.85001353070401864, "maskCrp": 1.0, "one": 0.051793606295046972, "maskOne": 0.0, "GRID.AREA": 23.622468769720598, "REGION.AREA": 32202.066020262951 }, "geometry": { "type": "Polygon", "coordinates": [ [ [ 78.311535332528592, 19.311118083177849 ], [ 78.356532096467092, 19.311118123162753 ], [ 78.356532096467092, 19.356114897238143 ], [ 78.311535332528592, 19.356114902012159 ], [ 78.311535332528592, 19.311118083177849 ] ] ] } },
{ "type": "Feature", "properties": { "REGION": 1.0, "STATE.NAME": "Telangana", "DISTRICT.NAME": "Adilabad", "DISTRICT.AREA": 3996.656205, "GRID_G0": "181577", "woodland": 0.048651350753037462, "maskWdl": 0.0, "cropland": 0.88051999963661798, "maskCrp": 1.0, "one": 0.059036624920769172, "maskOne": 0.0, "GRID.AREA": 23.62485145687376, "REGION.AREA": 32202.066020262951 }, "geometry": { "type": "Polygon", "coordinates": [ [ [ 78.356532096467092, 19.311118123162753 ], [ 78.401533409796329, 19.311118138597088 ], [ 78.401533409796329, 19.356114935886986 ], [ 78.356532096467092, 19.356114897238143 ], [ 78.356532096467092, 19.311118123162753 ] ] ] } },
{ "type": "Feature", "properties": { "REGION": 1.0, "STATE.NAME": "Telangana", "DISTRICT.NAME": "Adilabad", "DISTRICT.AREA": 3996.656205, "GRID_G0": "181578", "woodland": 0.14262335619177821, "maskWdl": 0.0, "cropland": 0.72495268626240472, "maskCrp": 1.0, "one": 0.12040516449497758, "maskOne": 0.0, "GRID.AREA": 23.624818803398149, "REGION.AREA": 32202.066020262951 }, "geometry": { "type": "Polygon", "coordinates": [ [ [ 78.401533409796329, 19.311118138597088 ], [ 78.446534648681762, 19.311118106918947 ], [ 78.446534648681762, 19.356114905479831 ], [ 78.401533409796329, 19.356114935886986 ], [ 78.401533409796329, 19.311118138597088 ] ] ] } },
{ "type": "Feature", "properties": { "REGION": 1.0, "STATE.NAME": "Telangana", "DISTRICT.NAME": "Adilabad", "DISTRICT.AREA": 3996.656205, "GRID_G0": "181579", "woodland": 0.23775404346713577, "maskWdl": 0.0, "cropland": 0.56703335665792898, "maskCrp": 1.0, "one": 0.19210711115827725, "maskOne": 0.0, "GRID.AREA": 23.624809311150784, "REGION.AREA": 32202.066020262951 }, "geometry": { "type": "Polygon", "coordinates": [ [ [ 78.446534648681762, 19.311118106918947 ], [ 78.491535879173696, 19.311118129607056 ], [ 78.491535879173696, 19.356114907518499 ], [ 78.446534648681762, 19.356114905479831 ], [ 78.446534648681762, 19.311118106918947 ] ] ] } },
{ "type": "Feature", "properties": { "REGION": 1.0, "STATE.NAME": "Telangana", "DISTRICT.NAME": "Adilabad", "DISTRICT.AREA": 3996.656205, "GRID_G0": "181580", "woodland": 0.16593676665248375, "maskWdl": 0.0, "cropland": 0.60270254784021249, "maskCrp": 1.0, "one": 0.21659026304970175, "maskOne": 0.0, "GRID.AREA": 23.622480198662405, "REGION.AREA": 32202.066020262951 }, "geometry": { "type": "Polygon", "coordinates": [ [ [ 78.491535879173696, 19.311118129607056 ], [ 78.536532660272343, 19.311118112246895 ], [ 78.536532660272343, 19.356114936476274 ], [ 78.491535879173696, 19.356114907518499 ], [ 78.491535879173696, 19.311118129607056 ] ] ] } },
{ "type": "Feature", "properties": { "REGION": 1.0, "STATE.NAME": "Telangana", "DISTRICT.NAME": "Adilabad", "DISTRICT.AREA": 3996.656205, "GRID_G0": "181581", "woodland": 0.22689089308777119, "maskWdl": 0.0, "cropland": 0.62771679466572083, "maskCrp": 1.0, "one": 0.12726678061473023, "maskOne": 0.0, "GRID.AREA": 23.624839252904476, "REGION.AREA": 32202.066020262951 }, "geometry": { "type": "Polygon", "coordinates": [ [ [ 78.536532660272343, 19.311118112246895 ], [ 78.58153389932626, 19.31111809105666 ], [ 78.58153389932626, 19.356114940238093 ], [ 78.536532660272343, 19.356114936476274 ], [ 78.536532660272343, 19.311118112246895 ] ] ] } },
{ "type": "Feature", "properties": { "REGION": 1.0, "STATE.NAME": "Telangana", "DISTRICT.NAME": "Adilabad", "DISTRICT.AREA": 3996.656205, "GRID_G0": "181587", "woodland": 0.1667182374160564, "maskWdl": 0.0, "cropland": 0.57685253721113494, "maskCrp": 1.0, "one": 0.242182867287176, "maskOne": 0.0, "GRID.AREA": 23.622454234811567, "REGION.AREA": 32202.066020262951 }, "geometry": { "type": "Polygon", "coordinates": [ [ [ 78.806535721790198, 19.311118148292795 ], [ 78.851532483715147, 19.311118079712916 ], [ 78.851532483715147, 19.356114886576876 ], [ 78.806535721790198, 19.356114882991449 ], [ 78.806535721790198, 19.311118148292795 ] ] ] } },
{ "type": "Feature", "properties": { "REGION": 1.0, "STATE.NAME": "Telangana", "DISTRICT.NAME": "Adilabad", "DISTRICT.AREA": 3996.656205, "GRID_G0": "180923", "woodland": 0.28713599984899935, "maskWdl": 0.0, "cropland": 0.60055124806542359, "maskCrp": 1.0, "one": 0.10223028551017613, "maskOne": 0.0, "GRID.AREA": 0.60134333194664058, "REGION.AREA": 32202.066020262951 }, "geometry": { "type": "MultiPolygon", "coordinates": [ [ [ [ 78.221532867981381, 19.310555813560743 ], [ 78.221532867981381, 19.311118139880801 ], [ 78.219912339033613, 19.311118331724995 ], [ 78.220934462055837, 19.310605114234704 ], [ 78.221532867981381, 19.310555813560743 ] ] ], [ [ [ 78.216585089438311, 19.31111868078127 ], [ 78.196986952710276, 19.311119513129771 ], [ 78.197044897304238, 19.309885903012056 ], [ 78.19738317639252, 19.309031585739145 ], [ 78.198323530006974, 19.308743614726097 ], [ 78.199034319078635, 19.308557090837098 ], [ 78.200131871488736, 19.308239242547074 ], [ 78.201856596704658, 19.307571277392583 ], [ 78.202744481172942, 19.307291828355236 ], [ 78.203952398384558, 19.306893827987835 ], [ 78.205012301576517, 19.306950288325201 ], [ 78.207554443083154, 19.307135333728695 ], [ 78.208848069283022, 19.30793482113512 ], [ 78.21056232189369, 19.308964475630095 ], [ 78.212508694920416, 19.310064226882616 ], [ 78.213476735063352, 19.310250667134653 ], [ 78.214378078785387, 19.310440795506338 ], [ 78.215708159903727, 19.310572343838661 ], [ 78.216585089438311, 19.31111868078127 ] ] ] ] } },
{ "type": "Feature", "properties": { "REGION": 1.0, "STATE.NAME": "Telangana", "DISTRICT.NAME": "Adilabad", "DISTRICT.AREA": 3996.656205, "GRID_G0": "180926", "woodland": 0.17032098774486379, "maskWdl": 0.0, "cropland": 0.69172050289002096, "maskCrp": 1.0, "one": 0.1256230981014356, "maskOne": 0.0, "GRID.AREA": 23.631300363414805, "REGION.AREA": 32202.066020262951 }, "geometry": { "type": "Polygon", "coordinates": [ [ [ 78.311535332528592, 19.266116874409825 ], [ 78.356532096467092, 19.266116866422827 ], [ 78.356532096467092, 19.311118123162753 ], [ 78.311535332528592, 19.311118083177849 ], [ 78.311535332528592, 19.266116874409825 ] ] ] } },
{ "type": "Feature", "properties": { "REGION": 1.0, "STATE.NAME": "Telangana", "DISTRICT.NAME": "Adilabad", "DISTRICT.AREA": 3996.656205, "GRID_G0": "180927", "woodland": 0.22887785851572642, "maskWdl": 0.0, "cropland": 0.60868807261236735, "maskCrp": 1.0, "one": 0.15120483823662823, "maskOne": 0.0, "GRID.AREA": 23.633709176045226, "REGION.AREA": 32202.066020262951 }, "geometry": { "type": "Polygon", "coordinates": [ [ [ 78.356532096467092, 19.266116866422827 ], [ 78.401533409796329, 19.266116855283524 ], [ 78.401533409796329, 19.311118138597088 ], [ 78.356532096467092, 19.311118123162753 ], [ 78.356532096467092, 19.266116866422827 ] ] ] } },
{ "type": "Feature", "properties": { "REGION": 1.0, "STATE.NAME": "Telangana", "DISTRICT.NAME": "Adilabad", "DISTRICT.AREA": 3996.656205, "GRID_G0": "180928", "woodland": 0.15650218924237405, "maskWdl": 0.0, "cropland": 0.6917999126746136, "maskCrp": 1.0, "one": 0.12153331597400356, "maskOne": 0.0, "GRID.AREA": 23.633654800825084, "REGION.AREA": 32202.066020262951 }, "geometry": { "type": "Polygon", "coordinates": [ [ [ 78.401533409796329, 19.266116855283524 ], [ 78.446534648681762, 19.266116908361312 ], [ 78.446534648681762, 19.311118106918947 ], [ 78.401533409796329, 19.311118138597088 ], [ 78.401533409796329, 19.266116855283524 ] ] ] } },
{ "type": "Feature", "properties": { "REGION": 1.0, "STATE.NAME": "Telangana", "DISTRICT.NAME": "Adilabad", "DISTRICT.AREA": 3996.656205, "GRID_G0": "180278", "woodland": 0.27070097936407167, "maskWdl": 0.0, "cropland": 0.55207310629395734, "maskCrp": 1.0, "one": 0.16272340165169455, "maskOne": 0.0, "GRID.AREA": 23.640155743980273, "REGION.AREA": 32202.066020262951 }, "geometry": { "type": "Polygon", "coordinates": [ [ [ 78.401533409796329, 19.221115640047657 ], [ 78.446534648681762, 19.221115596305257 ], [ 78.446534648681762, 19.266116908361312 ], [ 78.401533409796329, 19.266116855283524 ], [ 78.401533409796329, 19.221115640047657 ] ] ] } }
]
}
