{
"type": "FeatureCollection",
"name": "Region 3 ONE Mask",
"crs": { "type": "name", "properties": { "name": "urn:ogc:def:crs:OGC:1.3:CRS84" } },
"features": [
{ "type": "Feature", "properties": { "REGION": 3.0, "STATE.NAME": "Chhattisgarh", "DISTRICT.NAME": "Bijapur", "DISTRICT.AREA": 8802.2985049999988, "GRID_G0": "178389", "woodland": 0.52877992719908307, "maskWdl": 1.0, "cropland": 0.068712493279843467, "maskCrp": 0.0, "one": 0.40137959007851259, "maskOne": 1.0, "GRID.AREA": 23.657182477723758, "REGION.AREA": 19890.920730201575 }, "geometry": { "type": "Polygon", "coordinates": [ [ [ 81.146538165511913, 19.086116338899384 ], [ 81.191534943567035, 19.086116356054212 ], [ 81.191534943567035, 19.131117580318229 ], [ 81.146538165511913, 19.131117615815288 ], [ 81.146538165511913, 19.086116338899384 ] ] ] } },
{ "type": "Feature", "properties": { "REGION": 3.0, "STATE.NAME": "Chhattisgarh", "DISTRICT.NAME": "Bijapur", "DISTRICT.AREA": 8802.2985049999988, "GRID_G0": "176437", "woodland": 0.44409842434253677, "maskWdl": 1.0, "cropland": 0.19550692834791358, "maskCrp": 0.0, "one": 0.35975299024844271, "maskOne": 1.0, "GRID.AREA": 23.676442307558695, "REGION.AREA": 19890.920730201575 }, "geometry": { "type": "Polygon", "coordinates": [ [ [ 81.056535653943925, 18.951117062445974 ], [ 81.10153693161034, 18.951117068934874 ], [ 81.10153693161034, 18.996113844736996 ], [ 81.056535653943925, 18.996113841366174 ], [ 81.056535653943925, 18.951117062445974 ] ] ] } },
{ "type": "Feature", "properties": { "REGION": 3.0, "STATE.NAME": "Chhattisgarh", "DISTRICT.NAME": "Bijapur", "DISTRICT.AREA": 8802.2985049999988, "GRID_G0": "176439", "woodland": 0.18145263033293696, "maskWdl": 0.0, "cropland": 0.31229088002367389, "maskCrp": 0.0, "one": 0.49937733263106843, "maskOne": 1.0, "GRID.AREA": 23.674072598821468, "REGION.AREA": 19890.920730201575 }, "geometry": { "type": "Polygon", "coordinates": [ [ [ 81.146538165511913, 18.951117075661799 ], [ 81.191534943567035, 18.951117058213931 ], [ 81.191534943567035, 18.996113852847067 ], [ 81.146538165511913, 18.996113826870214 ], [ 81.146538165511913, 18.951117075661799 ] ] ] } },
{ "type": "Feature", "properties": { "REGION": 3.0, "STATE.NAME": "Chhattisgarh", "DISTRICT.NAME": "Bijapur", "DISTRICT.AREA": 8802.2985049999988, "GRID_G0": "175789", "woodland": 0.24039381152363404, "maskWdl": 0.0, "cropland": 0.31765103723854077, "maskCrp": 0.0, "one": 0.43736348204195385, "maskOne": 1.0, "GRID.AREA": 19.199438354282425, "REGION.AREA": 19890.920730201575 }, "geometry": { "type": "Polygon", "coordinates": [ [ [ 81.191534943567035, 18.935601890510753 ], [ 81.191534943567035, 18.951117058213931 ], [ 81.146538165511913, 18.951117075661799 ], [ 81.146538165511913, 18.906115801242919 ], [ 81.191534943567035, 18.906115827624866 ], [ 81.191534943567035, 18.915100416155752 ], [ 81.189829551392734, 18.914523568208153 ], [ 81.187171525045926, 18.914095332633565 ], [ 81.186336166381011, 18.914095597933567 ], [ 81.185553096098545, 18.914479828781111 ], [ 81.184456795544747, 18.914647289740685 ], [ 81.183455472392211, 18.914877960449587 ], [ 81.182767304867298, 18.915275645154967 ], [ 81.182150522828408, 18.915795287822334 ], [ 81.18205087254978, 18.915912835509005 ], [ 81.180907205603091, 18.916495874085399 ], [ 81.180674693082665, 18.916541047931048 ], [ 81.180252267128481, 18.916550196734249 ], [ 81.180005503051575, 18.916663219931706 ], [ 81.179673278199289, 18.916884676186896 ], [ 81.179317433552797, 18.917205447273602 ], [ 81.178629309195344, 18.917698018548776 ], [ 81.178543941050123, 18.917707048641436 ], [ 81.178126172684756, 18.91762134145182 ], [ 81.177020365397595, 18.917698506880637 ], [ 81.17602830706079, 18.917725845371535 ], [ 81.17527373449532, 18.91793384507093 ], [ 81.174257976324625, 18.91789793244368 ], [ 81.171420157514319, 18.919542862613071 ], [ 81.170950195195417, 18.919565573192699 ], [ 81.170513684958678, 18.919841249574063 ], [ 81.170456718302944, 18.920021873011081 ], [ 81.170418854146874, 18.920302021721 ], [ 81.170314487823418, 18.920455573765764 ], [ 81.170124656227983, 18.920595671952757 ], [ 81.16979714112523, 18.920762822646225 ], [ 81.169579238990764, 18.922140662261825 ], [ 81.16965309941105, 18.924069394187253 ], [ 81.169670054329629, 18.924512118739358 ], [ 81.169850573445274, 18.92527094959468 ], [ 81.170468612736329, 18.928992810070156 ], [ 81.171418607083126, 18.931305361852992 ], [ 81.172173689564204, 18.932425418897992 ], [ 81.172476172037761, 18.932611911310687 ], [ 81.1729428077644, 18.93289955766852 ], [ 81.173820959769557, 18.932926382646485 ], [ 81.174860427666658, 18.932628009175346 ], [ 81.175691240258573, 18.932898798640679 ], [ 81.176322626388128, 18.933228441539367 ], [ 81.178178747950938, 18.933675106021379 ], [ 81.179280004668556, 18.933701864449517 ], [ 81.180533374515676, 18.934320343509114 ], [ 81.182237831710609, 18.93519616177349 ], [ 81.18373314706713, 18.935498411322669 ], [ 81.184307616903027, 18.935769177405689 ], [ 81.184820395944598, 18.93591359053983 ], [ 81.186406040106704, 18.936459698456364 ], [ 81.186994671566879, 18.936585966868904 ], [ 81.187687647766779, 18.93645925778856 ], [ 81.189030854490397, 18.935812865571336 ], [ 81.190312346137944, 18.935496195393171 ], [ 81.191399459217735, 18.935568141156867 ], [ 81.191534943567035, 18.935601890510753 ] ] ] } },
{ "type": "Feature", "properties": { "REGION": 3.0, "STATE.NAME": "Chhattisgarh", "DISTRICT.NAME": "Bijapur", "DISTRICT.AREA": 8802.2985049999988, "GRID_G0": "175139", "woodland": 0.397655164545269, "maskWdl": 1.0, "cropland": 0.23870196423176823, "maskCrp": 0.0, "one": 0.35857018500903509, "maskOne": 1.0, "GRID.AREA": 23.689181606825844, "REGION.AREA": 19890.920730201575 }, "geometry": { "type": "Polygon", "coordinates": [ [ [ 81.146538165511913, 18.861114583006025 ], [ 81.191534943567035, 18.861114561122353 ], [ 81.191534943567035, 18.906115827624866 ], [ 81.146538165511913, 18.906115801242919 ], [ 81.146538165511913, 18.861114583006025 ] ] ] } },
{ "type": "Feature", "properties": { "REGION": 3.0, "STATE.NAME": "Chhattisgarh", "DISTRICT.NAME": "Bijapur", "DISTRICT.AREA": 8802.2985049999988, "GRID_G0": "170576", "woodland": 0.56120622745426052, "maskWdl": 1.0, "cropland": 0.0028609532280303449, "maskCrp": 0.0, "one": 0.43593281931770905, "maskOne": 1.0, "GRID.AREA": 16.110295267780639, "REGION.AREA": 19890.920730201575 }, "geometry": { "type": "Polygon", "coordinates": [ [ [ 80.606536524577095, 18.547540588511165 ], [ 80.606536524577095, 18.591115947931783 ], [ 80.561535328445359, 18.591116013857686 ], [ 80.561535328445359, 18.575242621950757 ], [ 80.563291806371808, 18.573711258767613 ], [ 80.564916974838582, 18.572519204697588 ], [ 80.565660755539511, 18.572067780104021 ], [ 80.566470877429083, 18.571747278813916 ], [ 80.567172028466416, 18.571499020963074 ], [ 80.567484658889953, 18.571295913575629 ], [ 80.56869778047826, 18.569877806815384 ], [ 80.569792471245592, 18.568324198303173 ], [ 80.570266408567932, 18.567307973384288 ], [ 80.570631514432876, 18.5659438520272 ], [ 80.570897055454793, 18.565212163610511 ], [ 80.571124482309074, 18.564927645094773 ], [ 80.571503516873861, 18.564647678047947 ], [ 80.572905587822675, 18.564232482643035 ], [ 80.575349931654102, 18.563347769184244 ], [ 80.578073672362166, 18.562309555841349 ], [ 80.578950021226547, 18.562088446724484 ], [ 80.579461623954842, 18.561663919954018 ], [ 80.580219588763057, 18.561203383429469 ], [ 80.580773791477327, 18.56104544629034 ], [ 80.58144630989932, 18.561045557806324 ], [ 80.581768449754236, 18.56102759654641 ], [ 80.584103709418685, 18.560255636488481 ], [ 80.588674695380917, 18.558535599438414 ], [ 80.590356166803701, 18.55805711874109 ], [ 80.590881942847432, 18.557980349013977 ], [ 80.592326720801566, 18.556896527452807 ], [ 80.595419833758399, 18.555058540719131 ], [ 80.597764554290805, 18.553514033346005 ], [ 80.598437157249066, 18.553152733411991 ], [ 80.59869761530274, 18.553089485891118 ], [ 80.599554877855383, 18.553116746140972 ], [ 80.599796450146144, 18.553067056799311 ], [ 80.600577950212312, 18.552497990989536 ], [ 80.602373235336586, 18.550917209461716 ], [ 80.605707687659731, 18.548315655143426 ], [ 80.606536524577095, 18.547540588511165 ] ] ] } },
{ "type": "Feature", "properties": { "REGION": 3.0, "STATE.NAME": "Chhattisgarh", "DISTRICT.NAME": "Bijapur", "DISTRICT.AREA": 8802.2985049999988, "GRID_G0": "169284", "woodland": 0.45963758738590166, "maskWdl": 1.0, "cropland": 0.19270153108907515, "maskCrp": 0.0, "one": 0.34709494808756347, "maskOne": 1.0, "GRID.AREA": 23.745903524185106, "REGION.AREA": 19890.920730201575 }, "geometry": { "type": "Polygon", "coordinates": [ [ [ 80.921536334541955, 18.456116665824343 ], [ 80.96653759265125, 18.456116676125813 ], [ 80.96653759265125, 18.501113507291787 ], [ 80.921536334541955, 18.501113499803463 ], [ 80.921536334541955, 18.456116665824343 ] ] ] } },
{ "type": "Feature", "properties": { "REGION": 3.0, "STATE.NAME": "Chhattisgarh", "DISTRICT.NAME": "Bijapur", "DISTRICT.AREA": 8802.2985049999988, "GRID_G0": "167329", "woodland": 0.60778976186192779, "maskWdl": 1.0, "cropland": 0.0076121779862471537, "maskCrp": 0.0, "one": 0.38459806015182513, "maskOne": 1.0, "GRID.AREA": 2.419342459663909, "REGION.AREA": 19890.920730201575 }, "geometry": { "type": "Polygon", "coordinates": [ [ [ 80.741535826139469, 18.341825795052575 ], [ 80.741535826139469, 18.366114219713815 ], [ 80.727802941012527, 18.366115332465498 ], [ 80.728016322295503, 18.365273245064259 ], [ 80.728389406046304, 18.364093990145591 ], [ 80.728738927559505, 18.363140632334364 ], [ 80.729130979810918, 18.362078853156621 ], [ 80.729442739690739, 18.361265625008627 ], [ 80.729565369446277, 18.360696352354807 ], [ 80.729943305039569, 18.359761013360128 ], [ 80.730155715913611, 18.359083360708553 ], [ 80.730339836814096, 18.358360454171645 ], [ 80.730934875943831, 18.356607408405239 ], [ 80.731322115023659, 18.35555015101869 ], [ 80.731525042546707, 18.354791112419946 ], [ 80.731827538510174, 18.354257909774788 ], [ 80.732276363163692, 18.353331578389657 ], [ 80.73304204505439, 18.352183767367023 ], [ 80.733637587804481, 18.35137931390426 ], [ 80.734185802832599, 18.350579406514441 ], [ 80.734786070620714, 18.349675613039153 ], [ 80.735343813965926, 18.348934436774869 ], [ 80.735688855955971, 18.348459893309496 ], [ 80.735972384318131, 18.347958327914569 ], [ 80.736619961841825, 18.347140312675322 ], [ 80.736974316311716, 18.346561912802088 ], [ 80.737541601463818, 18.345883960676304 ], [ 80.737863064129158, 18.345612746730918 ], [ 80.738453940297177, 18.344948336596531 ], [ 80.739016561565109, 18.344455643912912 ], [ 80.739489261420317, 18.343904251580003 ], [ 80.740042416424444, 18.343420499056833 ], [ 80.741110785834167, 18.342331212315628 ], [ 80.741535826139469, 18.341825795052575 ] ] ] } },
{ "type": "Feature", "properties": { "REGION": 3.0, "STATE.NAME": "Chhattisgarh", "DISTRICT.NAME": "Bijapur", "DISTRICT.AREA": 8802.2985049999988, "GRID_G0": "165379", "woodland": 0.46770800798962558, "maskWdl": 1.0, "cropland": 0.12763065931799739, "maskCrp": 0.0, "one": 0.40457367454617371, "maskOne": 1.0, "GRID.AREA": 1.8211953494892354, "REGION.AREA": 19890.920730201575 }, "geometry": { "type": "Polygon", "coordinates": [ [ [ 80.737511359713906, 18.186114112997725 ], [ 80.741535826139469, 18.186113686893776 ], [ 80.741535826139469, 18.224247064764921 ], [ 80.741486920984698, 18.224224654544233 ], [ 80.739343409370917, 18.223101798809015 ], [ 80.738146469284175, 18.222655776442991 ], [ 80.737644862520426, 18.222389644566476 ], [ 80.737185803582008, 18.222114496087158 ], [ 80.73721292533628, 18.221093168415056 ], [ 80.737197940832345, 18.220424398367356 ], [ 80.737220138798421, 18.219222294373424 ], [ 80.737143380762461, 18.218345710785968 ], [ 80.737076401055106, 18.217694990131747 ], [ 80.737150390078511, 18.216262412380502 ], [ 80.737262099366433, 18.214798111044047 ], [ 80.737283903429443, 18.213279617460444 ], [ 80.737196505514362, 18.21144050477551 ], [ 80.73722295547509, 18.209876886808956 ], [ 80.737273290529984, 18.208435186334839 ], [ 80.73728562203388, 18.206921247817377 ], [ 80.737222392499461, 18.205448123232372 ], [ 80.737270187868944, 18.204953733528043 ], [ 80.737371825649291, 18.203902427854814 ], [ 80.737502366740898, 18.202411015555981 ], [ 80.737471920193002, 18.200671124173084 ], [ 80.737498248745226, 18.198981013862749 ], [ 80.737539171495598, 18.197661322612021 ], [ 80.737509430016246, 18.197325724402731 ], [ 80.737390607990221, 18.195984929660824 ], [ 80.737431414728064, 18.194538724482584 ], [ 80.737495738737437, 18.19306095849646 ], [ 80.737569848269914, 18.1917412051925 ], [ 80.737539748860399, 18.190326809035071 ], [ 80.737509648551509, 18.188912326542667 ], [ 80.737536220820004, 18.187407441500287 ], [ 80.737511359713906, 18.186114112997725 ] ] ] } },
{ "type": "Feature", "properties": { "REGION": 3.0, "STATE.NAME": "Chhattisgarh", "DISTRICT.NAME": "Sukma", "DISTRICT.AREA": 5274.404012, "GRID_G0": "173198", "woodland": 0.48120844169374388, "maskWdl": 1.0, "cropland": 0.076337338500195723, "maskCrp": 0.0, "one": 0.44225893064221256, "maskOne": 1.0, "GRID.AREA": 3.6254615964057373, "REGION.AREA": 19890.920730201575 }, "geometry": { "type": "Polygon", "coordinates": [ [ [ 81.572139607680143, 18.726116606745546 ], [ 81.596537219490315, 18.726115260466319 ], [ 81.596537219490315, 18.734405693729215 ], [ 81.596007146612578, 18.734579854976403 ], [ 81.595290865381173, 18.734750180276649 ], [ 81.594783296112269, 18.734880265411956 ], [ 81.593957987371255, 18.734978075677702 ], [ 81.593360412153345, 18.735031219315374 ], [ 81.592625265843424, 18.735178883498747 ], [ 81.591989696967005, 18.735277121841762 ], [ 81.591377697522773, 18.73547025844573 ], [ 81.588981646385946, 18.736418859742631 ], [ 81.586713585863379, 18.737376792405087 ], [ 81.584492604849913, 18.738556067108846 ], [ 81.584008457524362, 18.738812589729264 ], [ 81.583285327955593, 18.739119093071732 ], [ 81.582480614588746, 18.739460169950917 ], [ 81.582110611015935, 18.739504591963396 ], [ 81.581593650126933, 18.739575914496925 ], [ 81.581005562756559, 18.7396109224062 ], [ 81.580151956847374, 18.739591135522513 ], [ 81.577747721879916, 18.739577420861334 ], [ 81.575471502707728, 18.739573037565663 ], [ 81.574727031327484, 18.739553434143719 ], [ 81.573394507650448, 18.739514753403171 ], [ 81.573220489733899, 18.739516415350355 ], [ 81.572612119054099, 18.739522153025003 ], [ 81.570682048038123, 18.739500258130477 ], [ 81.57037375954144, 18.739526743164731 ], [ 81.569932607903581, 18.739607218098683 ], [ 81.569590964451493, 18.739746560855167 ], [ 81.569083391585309, 18.739871970415155 ], [ 81.568870010342778, 18.739835413873323 ], [ 81.568746914738369, 18.739744867431739 ], [ 81.568685367835542, 18.73965439653324 ], [ 81.568638115656597, 18.739550384542664 ], [ 81.568591115287802, 18.739319914382577 ], [ 81.56856807375766, 18.738881716118328 ], [ 81.568582375676158, 18.738744564110391 ], [ 81.568616145218982, 18.738421104050758 ], [ 81.568769440057679, 18.737486349615377 ], [ 81.568817416190882, 18.737125029896276 ], [ 81.568922535246884, 18.736601234159707 ], [ 81.569084427604309, 18.736163462174094 ], [ 81.569298373621109, 18.735861222517428 ], [ 81.569949270542452, 18.735062959088342 ], [ 81.570149068424826, 18.734638825321554 ], [ 81.570406153121553, 18.734006885209624 ], [ 81.570578474017395, 18.732914097407733 ], [ 81.570717966960672, 18.731649606544185 ], [ 81.570704775704883, 18.731008148906994 ], [ 81.570857451810014, 18.730385112083301 ], [ 81.571257520618133, 18.729265691758314 ], [ 81.57139117336402, 18.72873746865929 ], [ 81.571676843911291, 18.727965564359355 ], [ 81.571900793986515, 18.72726139789523 ], [ 81.572001231171953, 18.726701503371714 ], [ 81.572139424594809, 18.726231960136882 ], [ 81.572139607680143, 18.726116606745546 ] ] ] } },
{ "type": "Feature", "properties": { "REGION": 3.0, "STATE.NAME": "Chhattisgarh", "DISTRICT.NAME": "Sukma", "DISTRICT.AREA": 5274.404012, "GRID_G0": "173199", "woodland": 0.57575511828337567, "maskWdl": 1.0, "cropland": 0.079693359335487643, "maskCrp": 0.0, "one": 0.34444789977136547, "maskOne": 1.0, "GRID.AREA": 6.3291636572803842, "REGION.AREA": 19890.920730201575 }, "geometry": { "type": "Polygon", "coordinates": [ [ [ 81.627349614393268, 18.736232768427556 ], [ 81.626589701653472, 18.737306670466523 ], [ 81.62559225188096, 18.738673705627036 ], [ 81.624670598769171, 18.740122219364995 ], [ 81.623635061808727, 18.741624741888359 ], [ 81.623193410147792, 18.742211274330884 ], [ 81.622704012580186, 18.74299195421537 ], [ 81.621640100210527, 18.744422101099133 ], [ 81.620946028636354, 18.745314423721712 ], [ 81.620699680945563, 18.745631116382981 ], [ 81.619635914266098, 18.746812845336589 ], [ 81.61903768434172, 18.747390076091161 ], [ 81.618468143689938, 18.747791168327808 ], [ 81.6178842084895, 18.748332264322585 ], [ 81.617394814519116, 18.749085766694808 ], [ 81.616920020142857, 18.7495321586822 ], [ 81.616549799833479, 18.749816179872877 ], [ 81.61595662140104, 18.750063629233122 ], [ 81.615444199390367, 18.750297625634975 ], [ 81.614827287849096, 18.750590208371477 ], [ 81.614499956208078, 18.750684536462245 ], [ 81.613982941359737, 18.750737802407688 ], [ 81.613617862474428, 18.750664974409123 ], [ 81.613243263365973, 18.750610051013094 ], [ 81.61295410165053, 18.750514743560643 ], [ 81.612664950726924, 18.750387771878195 ], [ 81.612394768303943, 18.750220123859663 ], [ 81.612039385908986, 18.749984674153438 ], [ 81.611793048110712, 18.749780978609351 ], [ 81.611326949279317, 18.749265882914187 ], [ 81.610826901040696, 18.74871326570468 ], [ 81.609946320866072, 18.747510088819581 ], [ 81.609323177023043, 18.746583902225382 ], [ 81.609094377803345, 18.746243835284815 ], [ 81.608843409395888, 18.745886573306787 ], [ 81.608194693330518, 18.745140061364793 ], [ 81.608029052598738, 18.744837110344406 ], [ 81.607749715976695, 18.744506947637547 ], [ 81.607380627014379, 18.743864848783804 ], [ 81.606623261154652, 18.742779342792463 ], [ 81.605780648558152, 18.741603454935557 ], [ 81.604956987375147, 18.740472690562289 ], [ 81.603924650202487, 18.739368685516467 ], [ 81.603550603277768, 18.738929889203064 ], [ 81.602968344413625, 18.738129328006153 ], [ 81.602745920487905, 18.737812675814386 ], [ 81.602097620808593, 18.736804251614956 ], [ 81.601770969954373, 18.736397146511138 ], [ 81.601434652287423, 18.736075766583383 ], [ 81.600889801623111, 18.735745076873854 ], [ 81.600216910881784, 18.735377961024142 ], [ 81.599416012439065, 18.735010668007988 ], [ 81.598354519245731, 18.734475694597677 ], [ 81.597814250627209, 18.734253404670934 ], [ 81.597439693786896, 18.734189454779539 ], [ 81.597216820200174, 18.734189107641274 ], [ 81.596704528591204, 18.734350722108161 ], [ 81.596537219490315, 18.734405693729215 ], [ 81.596537219490315, 18.726115260466319 ], [ 81.62937905286023, 18.72611629999718 ], [ 81.629381036305858, 18.726122350765937 ], [ 81.629559504067913, 18.727653906102947 ], [ 81.629657479808884, 18.729067886773581 ], [ 81.629717733486643, 18.730341795337605 ], [ 81.629735951952682, 18.731001365320822 ], [ 81.629606783226507, 18.732030982943566 ], [ 81.629497056044386, 18.732600015478397 ], [ 81.629477255670849, 18.733372414405437 ], [ 81.62939632657924, 18.733647770628181 ], [ 81.628437103389672, 18.734811693904589 ], [ 81.627349614393268, 18.736232768427556 ] ] ] } },
{ "type": "Feature", "properties": { "REGION": 3.0, "STATE.NAME": "Chhattisgarh", "DISTRICT.NAME": "Sukma", "DISTRICT.AREA": 5274.404012, "GRID_G0": "171899", "woodland": 0.43653851089720203, "maskWdl": 1.0, "cropland": 0.1644165396491527, "maskCrp": 0.0, "one": 0.3984271987580581, "maskOne": 1.0, "GRID.AREA": 23.720838591633786, "REGION.AREA": 19890.920730201575 }, "geometry": { "type": "Polygon", "coordinates": [ [ [ 81.596537219490315, 18.636117211978235 ], [ 81.641538492587017, 18.636117227285808 ], [ 81.641538492587017, 18.681114023194844 ], [ 81.596537219490315, 18.681113983435655 ], [ 81.596537219490315, 18.636117211978235 ] ] ] } },
{ "type": "Feature", "properties": { "REGION": 3.0, "STATE.NAME": "Chhattisgarh", "DISTRICT.NAME": "Sukma", "DISTRICT.AREA": 5274.404012, "GRID_G0": "171900", "woodland": 0.13757746031244572, "maskWdl": 0.0, "cropland": 0.35524036880551818, "maskCrp": 0.0, "one": 0.50673575481445676, "maskOne": 1.0, "GRID.AREA": 9.515107548636955, "REGION.AREA": 19890.920730201575 }, "geometry": { "type": "Polygon", "coordinates": [ [ [ 81.6604433828482, 18.681115346102356 ], [ 81.641538492587017, 18.681114023194844 ], [ 81.641538492587017, 18.636117227285808 ], [ 81.65386134828654, 18.636118301456811 ], [ 81.653860992490877, 18.63644782350832 ], [ 81.653855499431813, 18.63728335664166 ], [ 81.653925255346337, 18.638688088684376 ], [ 81.653995118280136, 18.639952814271002 ], [ 81.653994800819476, 18.640309542051796 ], [ 81.654064945241089, 18.641339389001644 ], [ 81.654116774069905, 18.641655623008656 ], [ 81.654243736759099, 18.642672080851927 ], [ 81.65438013513517, 18.643837529378516 ], [ 81.654497400434764, 18.64506613819179 ], [ 81.654595837527964, 18.6462044910445 ], [ 81.654627987391734, 18.647360740405873 ], [ 81.654688575617342, 18.648480898174963 ], [ 81.65490550378604, 18.64961939581849 ], [ 81.654933788363678, 18.649782028317983 ], [ 81.655022814950996, 18.650811955307518 ], [ 81.655017001733313, 18.651941021760816 ], [ 81.65499758177306, 18.652473951012102 ], [ 81.655010985268802, 18.653381866080281 ], [ 81.654972536553373, 18.653932809651508 ], [ 81.655020347211291, 18.654097019561849 ], [ 81.655076465806303, 18.654289755068195 ], [ 81.655194791406529, 18.654447988084257 ], [ 81.65538432082981, 18.654502475309016 ], [ 81.655929383734133, 18.65447618812561 ], [ 81.656573963817436, 18.65435510700263 ], [ 81.658109788236175, 18.654000433273438 ], [ 81.65860749643889, 18.653834101862344 ], [ 81.659522441507534, 18.653586937587139 ], [ 81.660385245682619, 18.653249423821876 ], [ 81.662855069106229, 18.652363059207858 ], [ 81.665201492055246, 18.651602921637561 ], [ 81.667585769267873, 18.650955814459337 ], [ 81.668638128047235, 18.650600428467044 ], [ 81.669894373926297, 18.650123268873809 ], [ 81.671089072003156, 18.649573859546024 ], [ 81.671923425225941, 18.649236232466194 ], [ 81.672420469728934, 18.649869199603931 ], [ 81.67297413015207, 18.65093579015462 ], [ 81.673106380854847, 18.651414707922466 ], [ 81.673371093601133, 18.652295833086271 ], [ 81.673332822052146, 18.65276997995068 ], [ 81.673299037220829, 18.653542274556401 ], [ 81.673213345319709, 18.653935112815251 ], [ 81.673213306648847, 18.653935244116269 ], [ 81.673108936728113, 18.654183383256566 ], [ 81.672776879149694, 18.654580390772484 ], [ 81.672776820693798, 18.654580504986374 ], [ 81.67268193502332, 18.654770020919784 ], [ 81.672648571074774, 18.654982246533507 ], [ 81.672718501457723, 18.656423068369971 ], [ 81.672731605479271, 18.657845823725836 ], [ 81.6727312673342, 18.658297525310619 ], [ 81.672787660222411, 18.658875753413326 ], [ 81.672735312484747, 18.659187309147057 ], [ 81.672640413324473, 18.659295536260064 ], [ 81.672493431726537, 18.659457952022933 ], [ 81.672024067456789, 18.659651531992665 ], [ 81.671677960669399, 18.659786649734144 ], [ 81.671289215225158, 18.659899038909543 ], [ 81.67059245287949, 18.659997468808168 ], [ 81.670256049776924, 18.65996089607853 ], [ 81.669753683985391, 18.659924090424511 ], [ 81.669156612387781, 18.659864582284687 ], [ 81.668275201239624, 18.659736897439931 ], [ 81.667910279735679, 18.659713855909786 ], [ 81.667483774456684, 18.659677189650608 ], [ 81.66591040334248, 18.659584725854472 ], [ 81.665460134377781, 18.65961117671446 ], [ 81.663739768175844, 18.659626959816364 ], [ 81.663384271566954, 18.659626460692667 ], [ 81.661412677053477, 18.659705048848991 ], [ 81.660881848618487, 18.659740370621648 ], [ 81.659384105092442, 18.659792507018604 ], [ 81.658848594786889, 18.659791819936572 ], [ 81.658260935493843, 18.659745742272264 ], [ 81.657583352090057, 18.659636444965997 ], [ 81.657246825780419, 18.659635996204315 ], [ 81.657066678984108, 18.659671866563428 ], [ 81.656995539012996, 18.659725975173675 ], [ 81.656929139368344, 18.659852330820456 ], [ 81.656862598530154, 18.660037406800939 ], [ 81.656848138330986, 18.660339982804032 ], [ 81.657122053839771, 18.661397304042396 ], [ 81.657367407779716, 18.662580920673008 ], [ 81.657419243803133, 18.662865601066695 ], [ 81.657513758952859, 18.663168338048422 ], [ 81.65756536924647, 18.663746538272164 ], [ 81.657744284870887, 18.66511533250662 ], [ 81.657923209488558, 18.666344108593762 ], [ 81.658216017954942, 18.667573074437882 ], [ 81.658340397791164, 18.668491426138477 ], [ 81.658413674551468, 18.669032224457624 ], [ 81.658583223736855, 18.670233863502059 ], [ 81.658630122482236, 18.670812030450918 ], [ 81.658690971511191, 18.671692927186882 ], [ 81.658737827988432, 18.672244029038779 ], [ 81.65873762923826, 18.67249240649943 ], [ 81.658936187854877, 18.673088880047825 ], [ 81.659442306517292, 18.674227840842207 ], [ 81.659787834141298, 18.674797433654707 ], [ 81.660052639517744, 18.675448216362152 ], [ 81.660184913602961, 18.675922666298053 ], [ 81.660217925916584, 18.676171130093625 ], [ 81.660175096603496, 18.67637429773572 ], [ 81.660065693177273, 18.676721904592284 ], [ 81.659923180310557, 18.677155299577464 ], [ 81.659946026687862, 18.678045165252229 ], [ 81.660153581222858, 18.679219777870511 ], [ 81.660200559108546, 18.679725743648191 ], [ 81.660370375392574, 18.68064285968029 ], [ 81.6604433828482, 18.681115346102356 ] ] ] } },
{ "type": "Feature", "properties": { "REGION": 3.0, "STATE.NAME": "Chhattisgarh", "DISTRICT.NAME": "Sukma", "DISTRICT.AREA": 5274.404012, "GRID_G0": "171245", "woodland": 0.4478969356199376, "maskWdl": 1.0, "cropland": 0.13167516450261113, "maskCrp": 0.0, "one": 0.41928036569491822, "maskOne": 1.0, "GRID.AREA": 3.9404194203627889, "REGION.AREA": 19890.920730201575 }, "geometry": { "type": "MultiPolygon", "coordinates": [ [ [ [ 81.446593442734383, 18.591117163158746 ], [ 81.461537967512925, 18.591115970150529 ], [ 81.461537967512925, 18.616016567391437 ], [ 81.460989724496244, 18.615845028125591 ], [ 81.460496896015002, 18.615628417417554 ], [ 81.459231726163296, 18.615285673195331 ], [ 81.458558774268056, 18.615096251690712 ], [ 81.457174727531708, 18.613800417655227 ], [ 81.455710177982382, 18.612567842831712 ], [ 81.454340345930291, 18.611335151995718 ], [ 81.453823740273435, 18.610928849986465 ], [ 81.452818934046604, 18.610116143445339 ], [ 81.451084464676342, 18.609159120896777 ], [ 81.450506366076013, 18.608874791238691 ], [ 81.448814565040209, 18.608017142876914 ], [ 81.447174967850572, 18.607010433684593 ], [ 81.446686846420903, 18.606653740977436 ], [ 81.445757867431681, 18.60569198889425 ], [ 81.445416510863367, 18.605095784243076 ], [ 81.445334292143912, 18.60484429332951 ], [ 81.445217219299309, 18.60448607087551 ], [ 81.445088761936859, 18.603162551210804 ], [ 81.445031644195069, 18.602575309203189 ], [ 81.444903569943847, 18.602064907969179 ], [ 81.444102490737407, 18.6009585134247 ], [ 81.44365695940121, 18.60042561475035 ], [ 81.443487047789063, 18.600113236136966 ], [ 81.443386735609408, 18.599928804970428 ], [ 81.443348523415693, 18.599282846226401 ], [ 81.443319881807156, 18.598650467245307 ], [ 81.443305444990358, 18.598085747859042 ], [ 81.443679418170689, 18.597466779568265 ], [ 81.444010815646664, 18.59688849660688 ], [ 81.444252159509631, 18.596346326821564 ], [ 81.444744448397614, 18.595162630151322 ], [ 81.445118155378623, 18.594019629602258 ], [ 81.44561038491139, 18.592876571496618 ], [ 81.446003271733673, 18.592140078002274 ], [ 81.446292029653478, 18.591588912298509 ], [ 81.446593442734383, 18.591117163158746 ] ] ], [ [ [ 81.431710862665895, 18.591117180653715 ], [ 81.437013457296189, 18.591117308375878 ], [ 81.436552179439559, 18.591389002000881 ], [ 81.436016931736049, 18.591736946103257 ], [ 81.434311883686519, 18.592789996461192 ], [ 81.434187304200805, 18.592714453409368 ], [ 81.433321623993834, 18.592189512835773 ], [ 81.432790970926646, 18.591932184422831 ], [ 81.431767479485643, 18.591164586076847 ], [ 81.431710862665895, 18.591117180653715 ] ] ] ] } },
{ "type": "Feature", "properties": { "REGION": 3.0, "STATE.NAME": "Chhattisgarh", "DISTRICT.NAME": "Sukma", "DISTRICT.AREA": 5274.404012, "GRID_G0": "171250", "woodland": 0.48042961759857827, "maskWdl": 1.0, "cropland": 0.1652944232003031, "maskCrp": 0.0, "one": 0.35345831472630246, "maskOne": 1.0, "GRID.AREA": 13.311164951438974, "REGION.AREA": 19890.920730201575 }, "geometry": { "type": "Polygon", "coordinates": [ [ [ 81.65386134828654, 18.636118301456811 ], [ 81.641538492587017, 18.636117227285808 ], [ 81.641538492587017, 18.591115941596204 ], [ 81.686535300558091, 18.591115973763788 ], [ 81.686535300558091, 18.611160357704158 ], [ 81.685967794078465, 18.61114007465477 ], [ 81.685001377211847, 18.611084667423537 ], [ 81.684309696935031, 18.611083831054035 ], [ 81.683385898940116, 18.610974346688806 ], [ 81.682604302646496, 18.610901039351514 ], [ 81.681874759112873, 18.610773736718613 ], [ 81.681168836272832, 18.610772867973537 ], [ 81.680496169462685, 18.610699687440675 ], [ 81.679880393765245, 18.610558975916035 ], [ 81.678677221376745, 18.610376757081728 ], [ 81.677635504275145, 18.610239584389372 ], [ 81.676772869172623, 18.610125972135965 ], [ 81.672978506253116, 18.60963783631712 ], [ 81.671765756984144, 18.609527788077003 ], [ 81.668416729348621, 18.609022109183055 ], [ 81.667521409285655, 18.608894408150491 ], [ 81.666512346567572, 18.608843398603995 ], [ 81.664338103320873, 18.608551361755985 ], [ 81.661316131234514, 18.607924045058667 ], [ 81.660127289542856, 18.607597205346796 ], [ 81.6592739390411, 18.608255337314006 ], [ 81.658785724981271, 18.608615959159234 ], [ 81.657391917003451, 18.609621163785732 ], [ 81.656979509496807, 18.609886982698129 ], [ 81.655268560096033, 18.610638829418519 ], [ 81.654652374307659, 18.610985648468954 ], [ 81.654187868175654, 18.611233421585212 ], [ 81.653524163109694, 18.611556536305159 ], [ 81.653429439317222, 18.611602651741013 ], [ 81.652671123773416, 18.61201251776356 ], [ 81.652343895554395, 18.61227397946061 ], [ 81.652343837098442, 18.612274104466394 ], [ 81.652224754269071, 18.61250733554516 ], [ 81.65218257156846, 18.612589931979812 ], [ 81.652182542790186, 18.612590039898461 ], [ 81.652020814109335, 18.613294233342231 ], [ 81.652062066011581, 18.614707860579355 ], [ 81.652065524804186, 18.616076315769419 ], [ 81.652116446217065, 18.617368089365868 ], [ 81.652087504234999, 18.617878341312466 ], [ 81.65211674748997, 18.618813522925787 ], [ 81.652116742094066, 18.618813608361393 ], [ 81.652119710756111, 18.61890811901452 ], [ 81.652279713637938, 18.620055560415835 ], [ 81.652486942618339, 18.621388165031817 ], [ 81.652694123035417, 18.622662062804011 ], [ 81.652798066677519, 18.623046147961414 ], [ 81.652948664449355, 18.624085069970079 ], [ 81.653033473216283, 18.624563961657547 ], [ 81.6530468749134, 18.625480831275411 ], [ 81.653108131335273, 18.625828607204479 ], [ 81.653244553093714, 18.626849522987129 ], [ 81.653244266209981, 18.62717018525592 ], [ 81.653257726363051, 18.627942556303996 ], [ 81.653311206347155, 18.628479787012623 ], [ 81.65336567288756, 18.629026641366465 ], [ 81.653435446788478, 18.630503566486482 ], [ 81.653505252165701, 18.631826995319614 ], [ 81.653589978194987, 18.632369113843598 ], [ 81.653641329483833, 18.633240796125907 ], [ 81.653740374518748, 18.633710636136986 ], [ 81.653803165184002, 18.634204170586031 ], [ 81.653803178673797, 18.634204265014887 ], [ 81.653867390267919, 18.634709010412561 ], [ 81.653861465534249, 18.636009711578993 ], [ 81.65386134828654, 18.636118301456811 ] ] ] } },
{ "type": "Feature", "properties": { "REGION": 3.0, "STATE.NAME": "Chhattisgarh", "DISTRICT.NAME": "Sukma", "DISTRICT.AREA": 5274.404012, "GRID_G0": "171251", "woodland": 0.39844455095150882, "maskWdl": 1.0, "cropland": 0.18571526857298018, "maskCrp": 0.0, "one": 0.41322318643270306, "maskOne": 1.0, "GRID.AREA": 9.8652718233571726, "REGION.AREA": 19890.920730201575 }, "geometry": { "type": "Polygon", "coordinates": [ [ [ 81.686535300558091, 18.611160357704158 ], [ 81.686535300558091, 18.591115973763788 ], [ 81.731536541597222, 18.591115999740602 ], [ 81.731536541597222, 18.60145369148966 ], [ 81.731239123586775, 18.601586742933872 ], [ 81.730545971119739, 18.601932331711794 ], [ 81.730452574726598, 18.60197889501006 ], [ 81.729519074845484, 18.602511025663375 ], [ 81.728514589676649, 18.603061044731476 ], [ 81.727514862820726, 18.60350264333238 ], [ 81.726747248286927, 18.603804554736485 ], [ 81.726207060607408, 18.604156289481242 ], [ 81.724752498029432, 18.60474199364813 ], [ 81.722895074248356, 18.605629918585919 ], [ 81.721738857262494, 18.606252026409948 ], [ 81.71835079545292, 18.607991953765691 ], [ 81.717981226252675, 18.608220017339992 ], [ 81.717568890691837, 18.608474446338676 ], [ 81.713621561186145, 18.610426004856269 ], [ 81.712801789571017, 18.610831574817382 ], [ 81.709730919546374, 18.612553600268484 ], [ 81.708702483632749, 18.613139638083908 ], [ 81.707844706667913, 18.613653518794933 ], [ 81.707844623031008, 18.613653541277984 ], [ 81.706892312929938, 18.613887362311971 ], [ 81.706072786829679, 18.61381425552355 ], [ 81.705167944744915, 18.613578444289825 ], [ 81.70432470801893, 18.61354137063779 ], [ 81.7034861774452, 18.613450112832485 ], [ 81.702946171428721, 18.61334568895245 ], [ 81.702825179338618, 18.613330096506786 ], [ 81.701956005265515, 18.613218093140521 ], [ 81.700771657486086, 18.613090335450693 ], [ 81.700155904271639, 18.612931543955654 ], [ 81.699374192864752, 18.612858417382085 ], [ 81.698459945670038, 18.61269928234606 ], [ 81.697900928884792, 18.61259028361474 ], [ 81.697247142441711, 18.612535311655339 ], [ 81.696640847397248, 18.612408223960415 ], [ 81.696138677657927, 18.612335360888267 ], [ 81.69563657716634, 18.612244419644298 ], [ 81.69492594367739, 18.612175868821339 ], [ 81.694370560153288, 18.612121459837567 ], [ 81.693992732478705, 18.612084447339441 ], [ 81.693634100833151, 18.612084047141142 ], [ 81.693452605953041, 18.612083844793631 ], [ 81.693002565416123, 18.611993033951421 ], [ 81.692547828619468, 18.611866028094767 ], [ 81.691747296200845, 18.611756656144792 ], [ 81.690889865474958, 18.611561502361493 ], [ 81.689899741579907, 18.611542268560868 ], [ 81.68778221407797, 18.61126873976059 ], [ 81.687014815381474, 18.611177494545814 ], [ 81.686535300558091, 18.611160357704158 ] ] ] } },
{ "type": "Feature", "properties": { "REGION": 3.0, "STATE.NAME": "Chhattisgarh", "DISTRICT.NAME": "Sukma", "DISTRICT.AREA": 5274.404012, "GRID_G0": "171252", "woodland": 0.33126027936667929, "maskWdl": 0.0, "cropland": 0.20030245427543938, "maskCrp": 0.0, "one": 0.46762540609697945, "maskOne": 1.0, "GRID.AREA": 2.160508109510709, "REGION.AREA": 19890.920730201575 }, "geometry": { "type": "Polygon", "coordinates": [ [ [ 81.731536541597222, 18.60145369148966 ], [ 81.731536541597222, 18.591115999740602 ], [ 81.776537740876222, 18.591116005938439 ], [ 81.776537740876222, 18.598125990589363 ], [ 81.77619057143778, 18.597820062945573 ], [ 81.775418717499861, 18.597128586814904 ], [ 81.773993319935812, 18.596156595050843 ], [ 81.773406244302805, 18.59556903828053 ], [ 81.772099345908146, 18.594570013795138 ], [ 81.77137463353256, 18.594429519007122 ], [ 81.770479469951624, 18.594153449622073 ], [ 81.76946573975215, 18.594035490945203 ], [ 81.768968420056595, 18.593890613760895 ], [ 81.767130484584243, 18.593586903712662 ], [ 81.765496228468237, 18.593391742734809 ], [ 81.764411390673217, 18.593404602140708 ], [ 81.763984098487413, 18.593276383997988 ], [ 81.763838296800046, 18.593232631081094 ], [ 81.761711276953918, 18.593113865712382 ], [ 81.760815967682845, 18.593059115885524 ], [ 81.759058403722406, 18.593071599374866 ], [ 81.757627797285068, 18.593093291921946 ], [ 81.753757161064186, 18.59339797683521 ], [ 81.75375591999979, 18.593398071264005 ], [ 81.752279046141098, 18.593509910054369 ], [ 81.751208360977159, 18.59362663486138 ], [ 81.748819360525147, 18.593840605159873 ], [ 81.748545646464493, 18.593893201110404 ], [ 81.748300233169289, 18.593939864233391 ], [ 81.747840312680353, 18.594027322403065 ], [ 81.747262371461318, 18.594117183561195 ], [ 81.746646487845169, 18.594256661215983 ], [ 81.746106426070753, 18.594418824269383 ], [ 81.74549999432935, 18.59475250422474 ], [ 81.744699360287314, 18.595090583663534 ], [ 81.743988705214633, 18.595356406173266 ], [ 81.741089292736717, 18.596650142989745 ], [ 81.740193860258501, 18.597114548397712 ], [ 81.739132611680759, 18.59762851454434 ], [ 81.737919630386671, 18.598232603551878 ], [ 81.736285099078145, 18.599066685179423 ], [ 81.735598034122063, 18.599418341683187 ], [ 81.73466468172974, 18.599810402927798 ], [ 81.733769162916587, 18.600360643229124 ], [ 81.732115626235213, 18.601194633125886 ], [ 81.731536541597222, 18.60145369148966 ] ] ] } },
{ "type": "Feature", "properties": { "REGION": 3.0, "STATE.NAME": "Chhattisgarh", "DISTRICT.NAME": "Sukma", "DISTRICT.AREA": 5274.404012, "GRID_G0": "170597", "woodland": 0.19438733306876158, "maskWdl": 0.0, "cropland": 0.32145430000844716, "maskCrp": 0.0, "one": 0.48053644316727473, "maskOne": 1.0, "GRID.AREA": 22.789607871897317, "REGION.AREA": 19890.920730201575 }, "geometry": { "type": "Polygon", "coordinates": [ [ [ 81.549413386851199, 18.591116261962153 ], [ 81.506534735222331, 18.591115962023064 ], [ 81.506534735222331, 18.546114739362135 ], [ 81.551536036341119, 18.546114730115171 ], [ 81.551536036341119, 18.566326514284736 ], [ 81.551086468166034, 18.567124991025537 ], [ 81.550816215595944, 18.567512856932865 ], [ 81.550341846598997, 18.568126157696042 ], [ 81.549786821904377, 18.568644342562433 ], [ 81.548794897566552, 18.569264989887415 ], [ 81.54838681400031, 18.56952136411968 ], [ 81.547413638728543, 18.569757871428695 ], [ 81.546611355329858, 18.569881955387984 ], [ 81.545752014443963, 18.569879198965907 ], [ 81.545120424168317, 18.569773238144482 ], [ 81.543448837194148, 18.569379155223885 ], [ 81.542223418276194, 18.568751419442496 ], [ 81.541026517759633, 18.568227681262556 ], [ 81.540029212777995, 18.567903596174059 ], [ 81.541150977635539, 18.569584311267018 ], [ 81.541692751719154, 18.570255062521142 ], [ 81.543265694756087, 18.572176833693955 ], [ 81.544818078391643, 18.574322569331173 ], [ 81.545452106729385, 18.575198942477243 ], [ 81.545970306884215, 18.576041477732076 ], [ 81.546626217525954, 18.57686174937027 ], [ 81.54756720066581, 18.577918023797793 ], [ 81.548337076994585, 18.578783884768541 ], [ 81.550432773453792, 18.58098756192652 ], [ 81.551312087382996, 18.582088772778718 ], [ 81.551536036341119, 18.582357735060203 ], [ 81.551536036341119, 18.585771238621351 ], [ 81.551346119527864, 18.586186861934209 ], [ 81.550955229200511, 18.587042345627825 ], [ 81.550300853701515, 18.588269835684404 ], [ 81.549542841229197, 18.590464553796153 ], [ 81.549413386851199, 18.591116261962153 ] ] ] } },
{ "type": "Feature", "properties": { "REGION": 3.0, "STATE.NAME": "Chhattisgarh", "DISTRICT.NAME": "Sukma", "DISTRICT.AREA": 5274.404012, "GRID_G0": "170598", "woodland": 0.24024080046090587, "maskWdl": 0.0, "cropland": 0.27114962837964723, "maskCrp": 0.0, "one": 0.48799549064932357, "maskOne": 1.0, "GRID.AREA": 17.400894664121296, "REGION.AREA": 19890.920730201575 }, "geometry": { "type": "MultiPolygon", "coordinates": [ [ [ [ 81.551536036341119, 18.566326514284736 ], [ 81.551536036341119, 18.546114730115171 ], [ 81.596537219490315, 18.546114697701665 ], [ 81.596537219490315, 18.591115953299944 ], [ 81.578420097755, 18.591117266507723 ], [ 81.578301186250826, 18.590674299979014 ], [ 81.578201048539597, 18.590307845131008 ], [ 81.578053321403729, 18.589746766200335 ], [ 81.577796194438861, 18.589054378157073 ], [ 81.577624863696542, 18.588687675995516 ], [ 81.577401198706411, 18.588189792425055 ], [ 81.577153727762379, 18.587605835640826 ], [ 81.57698233136955, 18.587216565891879 ], [ 81.576734837942467, 18.586655260332066 ], [ 81.576511054241791, 18.586039858752539 ], [ 81.576358284607181, 18.585755808783574 ], [ 81.576306472865497, 18.585659477902649 ], [ 81.576125727120655, 18.585292785633612 ], [ 81.575930579632598, 18.584862758609464 ], [ 81.575697526619592, 18.584482313907696 ], [ 81.575507339791955, 18.584187919936596 ], [ 81.574931658569255, 18.583065082187829 ], [ 81.574741464547003, 18.582761605064096 ], [ 81.574413384670052, 18.582349236228307 ], [ 81.573961641716437, 18.581638188151885 ], [ 81.573566936464999, 18.581040293674675 ], [ 81.573081914998454, 18.580329045948758 ], [ 81.572853638284812, 18.579984875401749 ], [ 81.572211642853119, 18.578979340724061 ], [ 81.571559839415102, 18.577652813726445 ], [ 81.571340881476544, 18.577019290807701 ], [ 81.571017287417931, 18.576272472196877 ], [ 81.57091726032337, 18.575978312049529 ], [ 81.570722312484804, 18.575711036235361 ], [ 81.570351610138744, 18.575361770129632 ], [ 81.569596109472926, 18.574789900233782 ], [ 81.569244521317671, 18.574495019729454 ], [ 81.568070677619744, 18.573338795549031 ], [ 81.567505154239541, 18.572821689869162 ], [ 81.566830181567695, 18.572042082875896 ], [ 81.56649279100958, 18.571652367063166 ], [ 81.565556436680254, 18.57061424904839 ], [ 81.564539131675645, 18.569232407449704 ], [ 81.564049586619205, 18.568661376621261 ], [ 81.563481358078263, 18.567746050240089 ], [ 81.563464723318361, 18.567719248644437 ], [ 81.563208003746411, 18.567266480463729 ], [ 81.56237145797644, 18.566228669117837 ], [ 81.561862997479409, 18.565775066366257 ], [ 81.560746182490391, 18.564564718287155 ], [ 81.560541709032691, 18.564161756360022 ], [ 81.560042755269023, 18.56372172437813 ], [ 81.559391710858847, 18.56297385356055 ], [ 81.558726485039301, 18.562379615726737 ], [ 81.557766608042584, 18.561309785818025 ], [ 81.557177106938013, 18.560467144443241 ], [ 81.556568860364678, 18.559732943320739 ], [ 81.556003653545815, 18.559491570679484 ], [ 81.555571547289105, 18.559372729767688 ], [ 81.555144305465376, 18.55941658160998 ], [ 81.554973429780034, 18.559470302612453 ], [ 81.554095717543362, 18.560177293847062 ], [ 81.553735004866667, 18.560393185996762 ], [ 81.552900375551928, 18.561565928025232 ], [ 81.552639744828411, 18.562093962266601 ], [ 81.552080275684204, 18.563082175102352 ], [ 81.551957968785302, 18.564451560191401 ], [ 81.551726335801789, 18.56572558746592 ], [ 81.551546358078042, 18.566308181777231 ], [ 81.551536036341119, 18.566326514284736 ] ] ], [ [ [ 81.551536036341119, 18.585771238621351 ], [ 81.551536036341119, 18.582357735060203 ], [ 81.552448057032279, 18.583453058711772 ], [ 81.552164004365352, 18.584396946661798 ], [ 81.551536036341119, 18.585771238621351 ] ] ] ] } },
{ "type": "Feature", "properties": { "REGION": 3.0, "STATE.NAME": "Chhattisgarh", "DISTRICT.NAME": "Sukma", "DISTRICT.AREA": 5274.404012, "GRID_G0": "170601", "woodland": 0.20205245864326271, "maskWdl": 0.0, "cropland": 0.34750490347709584, "maskCrp": 0.0, "one": 0.44457888186788469, "maskOne": 1.0, "GRID.AREA": 23.735725134829682, "REGION.AREA": 19890.920730201575 }, "geometry": { "type": "Polygon", "coordinates": [ [ [ 81.686535300558091, 18.546114771488178 ], [ 81.731536541597222, 18.546114721312467 ], [ 81.731536541597222, 18.591115999740602 ], [ 81.686535300558091, 18.591115973763788 ], [ 81.686535300558091, 18.546114771488178 ] ] ] } },
{ "type": "Feature", "properties": { "REGION": 3.0, "STATE.NAME": "Chhattisgarh", "DISTRICT.NAME": "Sukma", "DISTRICT.AREA": 5274.404012, "GRID_G0": "169944", "woodland": 0.31630676502535449, "maskWdl": 0.0, "cropland": 0.12786645358646612, "maskCrp": 0.0, "one": 0.55565939083708904, "maskOne": 1.0, "GRID.AREA": 0.067267101084382913, "REGION.AREA": 19890.920730201575 }, "geometry": { "type": "Polygon", "coordinates": [ [ [ 81.416536728278317, 18.513534397620571 ], [ 81.416536728278317, 18.517704711205418 ], [ 81.416524096709736, 18.517690503713826 ], [ 81.415287822075413, 18.516231618094764 ], [ 81.414482637463777, 18.515219917665089 ], [ 81.41404220258562, 18.514786390479571 ], [ 81.41416039958284, 18.514167449168493 ], [ 81.414870616685675, 18.514013793701679 ], [ 81.415453031132529, 18.513923275139067 ], [ 81.415831842665455, 18.513774158550632 ], [ 81.416536728278317, 18.513534397620571 ] ] ] } },
{ "type": "Feature", "properties": { "REGION": 3.0, "STATE.NAME": "Chhattisgarh", "DISTRICT.NAME": "Sukma", "DISTRICT.AREA": 5274.404012, "GRID_G0": "169946", "woodland": 0.47156186671951478, "maskWdl": 1.0, "cropland": 0.1844718901093963, "maskCrp": 0.0, "one": 0.3435756299215601, "maskOne": 1.0, "GRID.AREA": 23.73963138206101, "REGION.AREA": 19890.920730201575 }, "geometry": { "type": "Polygon", "coordinates": [ [ [ 81.461537967512925, 18.501113447371097 ], [ 81.506534735222331, 18.501113520081901 ], [ 81.506534735222331, 18.546114739362135 ], [ 81.461537967512925, 18.546114750863349 ], [ 81.461537967512925, 18.501113447371097 ] ] ] } },
{ "type": "Feature", "properties": { "REGION": 3.0, "STATE.NAME": "Chhattisgarh", "DISTRICT.NAME": "Sukma", "DISTRICT.AREA": 5274.404012, "GRID_G0": "169947", "woodland": 0.11014642381401321, "maskWdl": 0.0, "cropland": 0.34997292580983203, "maskCrp": 0.0, "one": 0.53659661152871729, "maskOne": 1.0, "GRID.AREA": 23.741996840335645, "REGION.AREA": 19890.920730201575 }, "geometry": { "type": "Polygon", "coordinates": [ [ [ 81.506534735222331, 18.501113520081901 ], [ 81.551536036341147, 18.501113526321792 ], [ 81.551536036341119, 18.546114730115171 ], [ 81.506534735222331, 18.546114739362135 ], [ 81.506534735222331, 18.501113520081901 ] ] ] } },
{ "type": "Feature", "properties": { "REGION": 3.0, "STATE.NAME": "Chhattisgarh", "DISTRICT.NAME": "Sukma", "DISTRICT.AREA": 5274.404012, "GRID_G0": "169294", "woodland": 0.42922831951509327, "maskWdl": 1.0, "cropland": 0.16053716247495509, "maskCrp": 0.0, "one": 0.40894322220573165, "maskOne": 1.0, "GRID.AREA": 13.418048524246544, "REGION.AREA": 19890.920730201575 }, "geometry": { "type": "Polygon", "coordinates": [ [ [ 81.379450795809717, 18.45611746138842 ], [ 81.416536728278317, 18.456116743730895 ], [ 81.416536728278317, 18.480464518145038 ], [ 81.416244211501237, 18.480647477199344 ], [ 81.415482598143456, 18.480851068422112 ], [ 81.415004332384115, 18.48099589884168 ], [ 81.413800821850486, 18.481072821453605 ], [ 81.413189611111704, 18.481602149819423 ], [ 81.412000697474241, 18.482731290017057 ], [ 81.410921102726775, 18.483423959548134 ], [ 81.409805020685212, 18.484369395231454 ], [ 81.408826496245865, 18.484434861379782 ], [ 81.407374565084183, 18.484624907013881 ], [ 81.40659193816748, 18.484688494478462 ], [ 81.405466629081729, 18.484764603203928 ], [ 81.404195610039437, 18.484945004508404 ], [ 81.402953027560216, 18.48503156425534 ], [ 81.401910832918645, 18.485067227770401 ], [ 81.400668054387268, 18.485135152665237 ], [ 81.400376924955197, 18.485390249860188 ], [ 81.400146867583942, 18.485859871336061 ], [ 81.400091960375732, 18.487169060303927 ], [ 81.399831446564065, 18.488480290732866 ], [ 81.399727893227748, 18.488718941126308 ], [ 81.399476074960944, 18.488983114279332 ], [ 81.3987585715509, 18.48966291001534 ], [ 81.397745930430403, 18.490214694452622 ], [ 81.397279658029845, 18.490574363915812 ], [ 81.39653387993468, 18.491366601887194 ], [ 81.395559209989585, 18.492345093950973 ], [ 81.394668174296839, 18.493297661258111 ], [ 81.394153047125485, 18.493667047896 ], [ 81.393537246246979, 18.493775680603221 ], [ 81.392627379649923, 18.493849752364209 ], [ 81.392196329197304, 18.493835099710111 ], [ 81.391754117258756, 18.493680299406325 ], [ 81.391074162342761, 18.493266131027156 ], [ 81.390519484786466, 18.493159535284349 ], [ 81.389913974850131, 18.493314837409851 ], [ 81.389064385313191, 18.493547196146213 ], [ 81.388020043090592, 18.493874751718469 ], [ 81.387197841507259, 18.493910539339993 ], [ 81.386755920049723, 18.493783794286742 ], [ 81.386273631622885, 18.493545332750955 ], [ 81.385641111448194, 18.492779096877882 ], [ 81.384768930941448, 18.491686818991525 ], [ 81.383515899239399, 18.490476100391788 ], [ 81.382681696203349, 18.490296966232052 ], [ 81.381669374342209, 18.489932551945742 ], [ 81.38054006956861, 18.489615918639799 ], [ 81.379351750383023, 18.489271756186668 ], [ 81.378202939314235, 18.488964635909269 ], [ 81.377200730329506, 18.488628078123384 ], [ 81.377080202289577, 18.488339430820133 ], [ 81.377135389186961, 18.487993018263239 ], [ 81.37760864302453, 18.48735302742034 ], [ 81.377681481814989, 18.486693934977154 ], [ 81.377586247207603, 18.486003020023418 ], [ 81.377273582609803, 18.485108570504167 ], [ 81.377003879525489, 18.484596959681998 ], [ 81.376220990906063, 18.483678822919391 ], [ 81.375735305739852, 18.483103722658711 ], [ 81.376742728094484, 18.482320628993875 ], [ 81.377432327340102, 18.481772012868134 ], [ 81.378519330702602, 18.481008436290381 ], [ 81.378801834736919, 18.480874905852257 ], [ 81.379404230321043, 18.48042056475731 ], [ 81.380124187980925, 18.479965210126409 ], [ 81.38064789918127, 18.479646798860756 ], [ 81.381356215117307, 18.479013876689123 ], [ 81.381543357739815, 18.479124303543813 ], [ 81.382036636781436, 18.479614463736535 ], [ 81.38222310940904, 18.479659499985985 ], [ 81.383064644617718, 18.479614198436536 ], [ 81.383640597435658, 18.479440581617609 ], [ 81.384017665183137, 18.478978974000484 ], [ 81.384157607787415, 18.478304672222919 ], [ 81.384242364393685, 18.477032558705677 ], [ 81.384182562175567, 18.475976809482233 ], [ 81.38398229754506, 18.475394851890943 ], [ 81.383404046959257, 18.474381381595546 ], [ 81.382934607146467, 18.473488342213273 ], [ 81.382643712437414, 18.472832659099989 ], [ 81.382755590797956, 18.472289424517385 ], [ 81.382954831999939, 18.471670624399852 ], [ 81.383110912938321, 18.470659637132599 ], [ 81.383196684879195, 18.469653993636939 ], [ 81.383297885589002, 18.469026753382028 ], [ 81.383251362760234, 18.46830742794549 ], [ 81.38319984509684, 18.468064837622194 ], [ 81.383094493116403, 18.466383239395046 ], [ 81.382784388888467, 18.465503021647176 ], [ 81.382215606365207, 18.464461407068313 ], [ 81.381656060778653, 18.463363574069717 ], [ 81.380892153250329, 18.462235723499877 ], [ 81.380329644397648, 18.461801627043485 ], [ 81.380276212976923, 18.461362768676906 ], [ 81.379996067864283, 18.460776524916753 ], [ 81.379806310013237, 18.459454091633063 ], [ 81.379566551655103, 18.458035539708419 ], [ 81.379431311605799, 18.456283522766398 ], [ 81.379450795809717, 18.45611746138842 ] ] ] } },
{ "type": "Feature", "properties": { "REGION": 3.0, "STATE.NAME": "Chhattisgarh", "DISTRICT.NAME": "Sukma", "DISTRICT.AREA": 5274.404012, "GRID_G0": "169296", "woodland": 0.34678833672087378, "maskWdl": 0.0, "cropland": 0.24761382455136924, "maskCrp": 0.0, "one": 0.40432048698633066, "maskOne": 1.0, "GRID.AREA": 23.743501175391476, "REGION.AREA": 19890.920730201575 }, "geometry": { "type": "Polygon", "coordinates": [ [ [ 81.461537967512925, 18.456116725770997 ], [ 81.506534735222331, 18.456116701193331 ], [ 81.506534735222331, 18.501113520081901 ], [ 81.461537967512925, 18.501113447371097 ], [ 81.461537967512925, 18.456116725770997 ] ] ] } },
{ "type": "Feature", "properties": { "REGION": 3.0, "STATE.NAME": "Chhattisgarh", "DISTRICT.NAME": "Sukma", "DISTRICT.AREA": 5274.404012, "GRID_G0": "169297", "woodland": 0.23639223680423957, "maskWdl": 0.0, "cropland": 0.26601469883257028, "maskCrp": 0.0, "one": 0.49127401364437084, "maskOne": 1.0, "GRID.AREA": 23.745915396574254, "REGION.AREA": 19890.920730201575 }, "geometry": { "type": "Polygon", "coordinates": [ [ [ 81.506534735222331, 18.456116701193331 ], [ 81.551536036341119, 18.456116721065424 ], [ 81.551536036341147, 18.501113526321792 ], [ 81.506534735222331, 18.501113520081901 ], [ 81.506534735222331, 18.456116701193331 ] ] ] } },
{ "type": "Feature", "properties": { "REGION": 3.0, "STATE.NAME": "Chhattisgarh", "DISTRICT.NAME": "Sukma", "DISTRICT.AREA": 5274.404012, "GRID_G0": "169298", "woodland": 0.35364935352405091, "maskWdl": 0.0, "cropland": 0.24623388871649596, "maskCrp": 0.0, "one": 0.391053691750747, "maskOne": 1.0, "GRID.AREA": 23.74586398173528, "REGION.AREA": 19890.920730201575 }, "geometry": { "type": "Polygon", "coordinates": [ [ [ 81.551536036341119, 18.456116721065424 ], [ 81.596537219490315, 18.456116670953541 ], [ 81.596537219490315, 18.501113530900518 ], [ 81.551536036341147, 18.501113526321792 ], [ 81.551536036341119, 18.456116721065424 ] ] ] } },
{ "type": "Feature", "properties": { "REGION": 3.0, "STATE.NAME": "Chhattisgarh", "DISTRICT.NAME": "Sukma", "DISTRICT.AREA": 5274.404012, "GRID_G0": "168646", "woodland": 0.31997631083210393, "maskWdl": 0.0, "cropland": 0.25987233958108169, "maskCrp": 0.0, "one": 0.41846177093186721, "maskOne": 1.0, "GRID.AREA": 23.752097869247841, "REGION.AREA": 19890.920730201575 }, "geometry": { "type": "Polygon", "coordinates": [ [ [ 81.461537967512925, 18.411115421028285 ], [ 81.506534735222331, 18.411115476135365 ], [ 81.506534735222331, 18.456116701193331 ], [ 81.461537967512925, 18.456116725770997 ], [ 81.461537967512925, 18.411115421028285 ] ] ] } },
{ "type": "Feature", "properties": { "REGION": 3.0, "STATE.NAME": "Chhattisgarh", "DISTRICT.NAME": "Sukma", "DISTRICT.AREA": 5274.404012, "GRID_G0": "168647", "woodland": 0.38238392626331086, "maskWdl": 0.0, "cropland": 0.17134585791640611, "maskCrp": 0.0, "one": 0.44485970933119012, "maskOne": 1.0, "GRID.AREA": 23.754490656574827, "REGION.AREA": 19890.920730201575 }, "geometry": { "type": "Polygon", "coordinates": [ [ [ 81.506534735222331, 18.411115476135365 ], [ 81.551536036341119, 18.411115417190743 ], [ 81.551536036341119, 18.456116721065424 ], [ 81.506534735222331, 18.456116701193331 ], [ 81.506534735222331, 18.411115476135365 ] ] ] } },
{ "type": "Feature", "properties": { "REGION": 3.0, "STATE.NAME": "Chhattisgarh", "DISTRICT.NAME": "Sukma", "DISTRICT.AREA": 5274.404012, "GRID_G0": "167987", "woodland": 0.49052688628028052, "maskWdl": 1.0, "cropland": 0.11001970992891204, "maskCrp": 0.0, "one": 0.39817287799507384, "maskOne": 1.0, "GRID.AREA": 23.760693938683584, "REGION.AREA": 19890.920730201575 }, "geometry": { "type": "Polygon", "coordinates": [ [ [ 81.056535653943925, 18.366114175357641 ], [ 81.10153693161034, 18.366114189730673 ], [ 81.10153693161034, 18.411115431303053 ], [ 81.056535653943925, 18.411115479338111 ], [ 81.056535653943925, 18.366114175357641 ] ] ] } },
{ "type": "Feature", "properties": { "REGION": 3.0, "STATE.NAME": "Chhattisgarh", "DISTRICT.NAME": "Sukma", "DISTRICT.AREA": 5274.404012, "GRID_G0": "167339", "woodland": 0.45487000918253739, "maskWdl": 1.0, "cropland": 0.15861699301117954, "maskCrp": 0.0, "one": 0.38310511976479183, "maskOne": 1.0, "GRID.AREA": 23.764517271887389, "REGION.AREA": 19890.920730201575 }, "geometry": { "type": "Polygon", "coordinates": [ [ [ 81.146538165511913, 18.321112974165331 ], [ 81.191534943567035, 18.321112915158565 ], [ 81.191534943567035, 18.366114231783374 ], [ 81.146538165511913, 18.366114214968626 ], [ 81.146538165511913, 18.321112974165331 ] ] ] } },
{ "type": "Feature", "properties": { "REGION": 3.0, "STATE.NAME": "Chhattisgarh", "DISTRICT.NAME": "Sukma", "DISTRICT.AREA": 5274.404012, "GRID_G0": "167348", "woodland": 0.35092784598401189, "maskWdl": 0.0, "cropland": 0.24943471539733433, "maskCrp": 0.0, "one": 0.39534718686129638, "maskOne": 1.0, "GRID.AREA": 23.76681544926527, "REGION.AREA": 19890.920730201575 }, "geometry": { "type": "Polygon", "coordinates": [ [ [ 81.551536036341119, 18.321112953399858 ], [ 81.596537219490315, 18.321112994079414 ], [ 81.596537219490315, 18.366114205167698 ], [ 81.551536036341119, 18.366114192491295 ], [ 81.551536036341119, 18.321112953399858 ] ] ] } },
{ "type": "Feature", "properties": { "REGION": 3.0, "STATE.NAME": "Chhattisgarh", "DISTRICT.NAME": "Sukma", "DISTRICT.AREA": 5274.404012, "GRID_G0": "166698", "woodland": 0.3308414698312106, "maskWdl": 0.0, "cropland": 0.25570535272398814, "maskCrp": 0.0, "one": 0.3614434379586009, "maskOne": 1.0, "GRID.AREA": 18.373451453922481, "REGION.AREA": 19890.920730201575 }, "geometry": { "type": "Polygon", "coordinates": [ [ [ 81.596537219490315, 18.308050889818151 ], [ 81.596537219490315, 18.321112994079414 ], [ 81.551536036341119, 18.321112953399858 ], [ 81.551536036341119, 18.276116185037004 ], [ 81.56530532951507, 18.276117295508442 ], [ 81.566473853985258, 18.277163429348832 ], [ 81.567475714033037, 18.278099581330654 ], [ 81.567897698420097, 18.27849389088038 ], [ 81.568874712897752, 18.279406815172422 ], [ 81.569368347171519, 18.279843829029517 ], [ 81.570141400805085, 18.280528204113352 ], [ 81.571222172765147, 18.281230026044913 ], [ 81.57260181192413, 18.28215680259439 ], [ 81.57290595274759, 18.282341584496574 ], [ 81.57333907433889, 18.28260472882522 ], [ 81.573445510901664, 18.282669392778303 ], [ 81.573986717513037, 18.283277821014678 ], [ 81.574500144965782, 18.284021984826779 ], [ 81.575060355151322, 18.285300175962391 ], [ 81.575186480571688, 18.285587944627991 ], [ 81.575575930185096, 18.286047694245724 ], [ 81.576055591692239, 18.286620187371796 ], [ 81.577018330331725, 18.287367434059892 ], [ 81.578402721508439, 18.28828962226828 ], [ 81.57904694546022, 18.288763162090337 ], [ 81.579517136206903, 18.289108775149888 ], [ 81.580627795336568, 18.290203519876574 ], [ 81.581107450548473, 18.290780494324398 ], [ 81.582788709731233, 18.29274558494086 ], [ 81.583539871168171, 18.293836924834238 ], [ 81.584409564150135, 18.295022725918102 ], [ 81.585497714148232, 18.296456431419244 ], [ 81.586332836291433, 18.297190511133238 ], [ 81.588352772962139, 18.298571633274321 ], [ 81.590609217841177, 18.299888742571454 ], [ 81.590997450671864, 18.299977909452995 ], [ 81.591076327510564, 18.299991688865418 ], [ 81.592166685344296, 18.300182175167322 ], [ 81.592887650244904, 18.300740287234532 ], [ 81.593310355888264, 18.301226971547521 ], [ 81.594184964564533, 18.302435327628302 ], [ 81.594904300792905, 18.303874706952229 ], [ 81.595868632131726, 18.306420395384976 ], [ 81.596408484364133, 18.307941589632719 ], [ 81.596537219490315, 18.308050889818151 ] ] ] } },
{ "type": "Feature", "properties": { "REGION": 3.0, "STATE.NAME": "Chhattisgarh", "DISTRICT.NAME": "Sukma", "DISTRICT.AREA": 5274.404012, "GRID_G0": "166699", "woodland": 0.40239867022836534, "maskWdl": 1.0, "cropland": 0.19393705281511342, "maskCrp": 0.0, "one": 0.36398963804393647, "maskOne": 1.0, "GRID.AREA": 5.2240955763680015, "REGION.AREA": 19890.920730201575 }, "geometry": { "type": "Polygon", "coordinates": [ [ [ 81.641538492587017, 18.318165302688342 ], [ 81.641538492587017, 18.321112954121542 ], [ 81.596537219490315, 18.321112994079414 ], [ 81.596537219490315, 18.308050889818151 ], [ 81.597580467364708, 18.308936631920062 ], [ 81.598869303775416, 18.309510951569219 ], [ 81.600521256750653, 18.309713685738075 ], [ 81.601939603629887, 18.309447123985649 ], [ 81.60221891776888, 18.309376681888406 ], [ 81.603671332765828, 18.309326899017208 ], [ 81.605855455964559, 18.309142028082189 ], [ 81.607855243324877, 18.308781050105438 ], [ 81.610081882872635, 18.308130994050199 ], [ 81.610731092665844, 18.307833772610593 ], [ 81.61125953969605, 18.307672959439575 ], [ 81.612956295096978, 18.307178547252192 ], [ 81.613112070265913, 18.307161630105213 ], [ 81.614096385439893, 18.307223632065018 ], [ 81.616518456661481, 18.307376172372528 ], [ 81.619070871123895, 18.308041286676087 ], [ 81.621445379900422, 18.309222033570048 ], [ 81.621929783532721, 18.309726581116877 ], [ 81.623130615885259, 18.310811802922448 ], [ 81.624241752554894, 18.311933401405383 ], [ 81.625446396234281, 18.312742814629246 ], [ 81.62809051636431, 18.31387290091368 ], [ 81.630126179479646, 18.314109562906026 ], [ 81.631039294427978, 18.314215690102056 ], [ 81.632659244128888, 18.314707471772465 ], [ 81.63569763693647, 18.316274437015693 ], [ 81.637082163910804, 18.317078741190983 ], [ 81.639635644069756, 18.317964968208738 ], [ 81.640899723043844, 18.318195681185781 ], [ 81.641538492587017, 18.318165302688342 ] ] ] } },
{ "type": "Feature", "properties": { "REGION": 3.0, "STATE.NAME": "Chhattisgarh", "DISTRICT.NAME": "Sukma", "DISTRICT.AREA": 5274.404012, "GRID_G0": "166048", "woodland": 0.43834628467157777, "maskWdl": 1.0, "cropland": 0.17354550726854193, "maskCrp": 0.0, "one": 0.37475373950851076, "maskOne": 1.0, "GRID.AREA": 0.55287840193585425, "REGION.AREA": 19890.920730201575 }, "geometry": { "type": "Polygon", "coordinates": [ [ [ 81.56530532951507, 18.276117295508442 ], [ 81.551536036341119, 18.276116185037004 ], [ 81.551536036341119, 18.269756658073604 ], [ 81.551672905280384, 18.269766493828683 ], [ 81.553274812782433, 18.270430945331892 ], [ 81.554980685510259, 18.271244401008346 ], [ 81.557589082769994, 18.272536872478724 ], [ 81.559493481738855, 18.273282614601044 ], [ 81.559871985703637, 18.273364398048557 ], [ 81.560289004933679, 18.273498683917186 ], [ 81.561269738107981, 18.27368308360747 ], [ 81.562100718873126, 18.273896017886955 ], [ 81.56311911025881, 18.274526550559923 ], [ 81.563414864004827, 18.27470966332038 ], [ 81.564310556387113, 18.275226698853142 ], [ 81.56530532951507, 18.276117295508442 ] ] ] } },
{ "type": "Feature", "properties": { "REGION": 3.0, "STATE.NAME": "Chhattisgarh", "DISTRICT.NAME": "Sukma", "DISTRICT.AREA": 5274.404012, "GRID_G0": "165391", "woodland": 0.51073116372531335, "maskWdl": 1.0, "cropland": 0.11419592135452493, "maskCrp": 0.0, "one": 0.37500517974842679, "maskOne": 1.0, "GRID.AREA": 23.78539756429112, "REGION.AREA": 19890.920730201575 }, "geometry": { "type": "Polygon", "coordinates": [ [ [ 81.236536142450845, 18.18611363322265 ], [ 81.281537430658688, 18.18611367826275 ], [ 81.281537430658688, 18.231114926620151 ], [ 81.236536142450845, 18.231114931114405 ], [ 81.236536142450845, 18.18611363322265 ] ] ] } },
{ "type": "Feature", "properties": { "REGION": 3.0, "STATE.NAME": "Chhattisgarh", "DISTRICT.NAME": "Sukma", "DISTRICT.AREA": 5274.404012, "GRID_G0": "165394", "woodland": 0.46788938369475541, "maskWdl": 1.0, "cropland": 0.18508661360536169, "maskCrp": 0.0, "one": 0.34299171009250567, "maskOne": 1.0, "GRID.AREA": 23.785355323331505, "REGION.AREA": 19890.920730201575 }, "geometry": { "type": "Polygon", "coordinates": [ [ [ 81.37153549805015, 18.186113666799859 ], [ 81.416536728278317, 18.186113643174625 ], [ 81.416536728278317, 18.231114882045578 ], [ 81.37153549805015, 18.231114930293941 ], [ 81.37153549805015, 18.186113666799859 ] ] ] } },
{ "type": "Feature", "properties": { "REGION": 3.0, "STATE.NAME": "Chhattisgarh", "DISTRICT.NAME": "Sukma", "DISTRICT.AREA": 5274.404012, "GRID_G0": "164092", "woodland": 0.44600513761380134, "maskWdl": 1.0, "cropland": 0.1569668350708798, "maskCrp": 0.0, "one": 0.39656571779630606, "maskOne": 1.0, "GRID.AREA": 23.797626098621496, "REGION.AREA": 19890.920730201575 }, "geometry": { "type": "Polygon", "coordinates": [ [ [ 81.281537430658688, 18.096115619149071 ], [ 81.326538683640038, 18.096115650659893 ], [ 81.326538683640038, 18.141116865161532 ], [ 81.281537430658688, 18.141116900011472 ], [ 81.281537430658688, 18.096115619149071 ] ] ] } },
{ "type": "Feature", "properties": { "REGION": 3.0, "STATE.NAME": "Chhattisgarh", "DISTRICT.NAME": "Sukma", "DISTRICT.AREA": 5274.404012, "GRID_G0": "164095", "woodland": 0.44819218815168399, "maskWdl": 1.0, "cropland": 0.19068045447724893, "maskCrp": 0.0, "one": 0.36068895744312413, "maskOne": 1.0, "GRID.AREA": 23.797604204099546, "REGION.AREA": 19890.920730201575 }, "geometry": { "type": "Polygon", "coordinates": [ [ [ 81.416536728278317, 18.09611567259229 ], [ 81.461537967512925, 18.096115604036775 ], [ 81.461537967512925, 18.141116848164284 ], [ 81.416536728278317, 18.14111686851199 ], [ 81.416536728278317, 18.09611567259229 ] ] ] } },
{ "type": "Feature", "properties": { "REGION": 3.0, "STATE.NAME": "Chhattisgarh", "DISTRICT.NAME": "Sukma", "DISTRICT.AREA": 5274.404012, "GRID_G0": "163444", "woodland": 0.48571967732485766, "maskWdl": 1.0, "cropland": 0.16447338012953797, "maskCrp": 0.0, "one": 0.34387400789697908, "maskOne": 1.0, "GRID.AREA": 23.80373832876117, "REGION.AREA": 19890.920730201575 }, "geometry": { "type": "Polygon", "coordinates": [ [ [ 81.37153549805015, 18.051114412421125 ], [ 81.416536728278317, 18.051114359177422 ], [ 81.416536728278317, 18.09611567259229 ], [ 81.37153549805015, 18.096115653660629 ], [ 81.37153549805015, 18.051114412421125 ] ] ] } },
{ "type": "Feature", "properties": { "REGION": 3.0, "STATE.NAME": "Chhattisgarh", "DISTRICT.NAME": "Sukma", "DISTRICT.AREA": 5274.404012, "GRID_G0": "163445", "woodland": 0.41218235189185232, "maskWdl": 1.0, "cropland": 0.19062980540563845, "maskCrp": 0.0, "one": 0.39651446582865379, "maskOne": 1.0, "GRID.AREA": 23.803728112814991, "REGION.AREA": 19890.920730201575 }, "geometry": { "type": "Polygon", "coordinates": [ [ [ 81.416536728278317, 18.051114359177422 ], [ 81.461537967512925, 18.051114419442388 ], [ 81.461537967512925, 18.096115604036775 ], [ 81.416536728278317, 18.09611567259229 ], [ 81.416536728278317, 18.051114359177422 ] ] ] } },
{ "type": "Feature", "properties": { "REGION": 3.0, "STATE.NAME": "Chhattisgarh", "DISTRICT.NAME": "Sukma", "DISTRICT.AREA": 5274.404012, "GRID_G0": "163446", "woodland": 0.41897588030522065, "maskWdl": 1.0, "cropland": 0.15659921381202976, "maskCrp": 0.0, "one": 0.37436362217740898, "maskOne": 1.0, "GRID.AREA": 18.202182099298028, "REGION.AREA": 19890.920730201575 }, "geometry": { "type": "Polygon", "coordinates": [ [ [ 81.506534735222331, 18.089983822160207 ], [ 81.506534735222331, 18.096115614656156 ], [ 81.461537967512925, 18.096115604036775 ], [ 81.461537967512925, 18.051114419442388 ], [ 81.480758853283092, 18.051115685531027 ], [ 81.480802946598772, 18.051357689405904 ], [ 81.481059687754453, 18.05193543367335 ], [ 81.481317519787765, 18.052544246819593 ], [ 81.481606482753023, 18.053226615515939 ], [ 81.482538311693773, 18.05535274503319 ], [ 81.483447107198288, 18.056400490290454 ], [ 81.483436051832371, 18.056677129845696 ], [ 81.48357614822072, 18.056843125809678 ], [ 81.48494677257554, 18.058432539030488 ], [ 81.485868304278881, 18.059434864927141 ], [ 81.487238648045206, 18.060473087263233 ], [ 81.488504817043747, 18.061240377141758 ], [ 81.489591396825574, 18.061772791081466 ], [ 81.490687887136346, 18.062887995384752 ], [ 81.491311874543442, 18.063867914672585 ], [ 81.49265916149119, 18.065619856970898 ], [ 81.493614055344437, 18.066915783636546 ], [ 81.494583144096907, 18.068202764745823 ], [ 81.495457671834117, 18.069412876303261 ], [ 81.496592323976643, 18.071002313805764 ], [ 81.49660883732804, 18.071041260745634 ], [ 81.496934036676521, 18.072326366768436 ], [ 81.497275323997087, 18.074413278649956 ], [ 81.497276908602487, 18.074419069384589 ], [ 81.497360337809425, 18.075189571641488 ], [ 81.497616235400983, 18.076318792778125 ], [ 81.497947198504448, 18.076829043825342 ], [ 81.498336146296197, 18.0772959880195 ], [ 81.49904537774205, 18.078905336512094 ], [ 81.499621110226087, 18.07990343199782 ], [ 81.500876579090914, 18.081313711058954 ], [ 81.502480783461465, 18.083669584084078 ], [ 81.502656135072655, 18.084061226244671 ], [ 81.503258481193996, 18.084846005239005 ], [ 81.50383739278152, 18.08570316436959 ], [ 81.504122860981283, 18.086366686873134 ], [ 81.504460115741779, 18.086989437712418 ], [ 81.504854428888848, 18.087743152324663 ], [ 81.505243614101573, 18.088320546755881 ], [ 81.505680304202713, 18.088997283897584 ], [ 81.50609261997846, 18.08944811943519 ], [ 81.506493072797127, 18.089928913188828 ], [ 81.506534735222331, 18.089983822160207 ] ] ] } },
{ "type": "Feature", "properties": { "REGION": 3.0, "STATE.NAME": "Chhattisgarh", "DISTRICT.NAME": "Sukma", "DISTRICT.AREA": 5274.404012, "GRID_G0": "162795", "woodland": 0.48970424545924557, "maskWdl": 1.0, "cropland": 0.12091295601170245, "maskCrp": 0.0, "one": 0.38809612306667768, "maskOne": 1.0, "GRID.AREA": 23.809838954319559, "REGION.AREA": 19890.920730201575 }, "geometry": { "type": "Polygon", "coordinates": [ [ [ 81.416536728278317, 18.006113104633211 ], [ 81.461537967512925, 18.006113111948451 ], [ 81.461537967512925, 18.051114419442388 ], [ 81.416536728278317, 18.051114359177422 ], [ 81.416536728278317, 18.006113104633211 ] ] ] } },
{ "type": "Feature", "properties": { "REGION": 3.0, "STATE.NAME": "Chhattisgarh", "DISTRICT.NAME": "Sukma", "DISTRICT.AREA": 5274.404012, "GRID_G0": "162796", "woodland": 0.33285227211486756, "maskWdl": 0.0, "cropland": 0.22943521470451139, "maskCrp": 0.0, "one": 0.39205438622327288, "maskOne": 1.0, "GRID.AREA": 10.409266535804933, "REGION.AREA": 19890.920730201575 }, "geometry": { "type": "Polygon", "coordinates": [ [ [ 81.480758853283092, 18.051115685531027 ], [ 81.461537967512925, 18.051114419442388 ], [ 81.461537967512925, 18.006113111948451 ], [ 81.480281575916393, 18.006114391342617 ], [ 81.480359841633458, 18.006488207564761 ], [ 81.481150661373988, 18.008985338902331 ], [ 81.481784937924601, 18.011252340023532 ], [ 81.482344615711497, 18.01555774989032 ], [ 81.482356309596071, 18.016167446170758 ], [ 81.482366630215893, 18.01670554832242 ], [ 81.482484341579152, 18.018314071237455 ], [ 81.482530776274359, 18.018876165502661 ], [ 81.482645591820642, 18.020265973296091 ], [ 81.482742753675211, 18.021268936812021 ], [ 81.48287904593127, 18.022728246911129 ], [ 81.482900344575285, 18.023627578849755 ], [ 81.482932301084873, 18.02494706325643 ], [ 81.482932887442871, 18.024952008628361 ], [ 81.483048381077992, 18.025927388138484 ], [ 81.483035848125951, 18.026093731240739 ], [ 81.483025559881753, 18.026230278004959 ], [ 81.482945613749123, 18.02635702305821 ], [ 81.482111153506992, 18.02695103246424 ], [ 81.480846257948485, 18.029082747670714 ], [ 81.480506811540181, 18.031053923999423 ], [ 81.480487959951461, 18.032051152538713 ], [ 81.480321973880066, 18.032621989113579 ], [ 81.480147880420418, 18.033737965035129 ], [ 81.480132354524585, 18.034902202174919 ], [ 81.480450020252306, 18.035185602833337 ], [ 81.480496771508854, 18.036061189072655 ], [ 81.480324521659384, 18.036978984092912 ], [ 81.480265237450794, 18.037194004799517 ], [ 81.479683656675491, 18.039303359262647 ], [ 81.479588283572468, 18.040713620337385 ], [ 81.479952673577088, 18.042138093398364 ], [ 81.479984542852435, 18.042262674682718 ], [ 81.480441661953193, 18.043576646245299 ], [ 81.480534295721213, 18.044638359772534 ], [ 81.480496597939691, 18.045585076989763 ], [ 81.480432612974766, 18.04719191727321 ], [ 81.48043616799481, 18.047922382611944 ], [ 81.480443280732857, 18.049383662226266 ], [ 81.480758853283092, 18.051115685531027 ] ] ] } },
{ "type": "Feature", "properties": { "REGION": 3.0, "STATE.NAME": "Chhattisgarh", "DISTRICT.NAME": "Sukma", "DISTRICT.AREA": 5274.404012, "GRID_G0": "162145", "woodland": 0.39140441119736052, "maskWdl": 0.0, "cropland": 0.22054870867132895, "maskCrp": 0.0, "one": 0.38228518560557995, "maskOne": 1.0, "GRID.AREA": 23.813516307167859, "REGION.AREA": 19890.920730201575 }, "geometry": { "type": "Polygon", "coordinates": [ [ [ 81.416536728278317, 17.961116388936624 ], [ 81.461537967512925, 17.961116341334687 ], [ 81.461537967512925, 18.006113111948451 ], [ 81.416536728278317, 18.006113104633211 ], [ 81.416536728278317, 17.961116388936624 ] ] ] } },
{ "type": "Feature", "properties": { "REGION": 3.0, "STATE.NAME": "Chhattisgarh", "DISTRICT.NAME": "Sukma", "DISTRICT.AREA": 5274.404012, "GRID_G0": "161496", "woodland": 0.49417031372189829, "maskWdl": 1.0, "cropland": 0.12979268066783345, "maskCrp": 0.0, "one": 0.3515925287996538, "maskOne": 1.0, "GRID.AREA": 0.50033246374522466, "REGION.AREA": 19890.920730201575 }, "geometry": { "type": "Polygon", "coordinates": [ [ [ 81.472644199967959, 17.961117306814415 ], [ 81.461537967512925, 17.961116341334687 ], [ 81.461537967512925, 17.954114024280717 ], [ 81.462224514349941, 17.954471325091617 ], [ 81.46349639854003, 17.955164297694239 ], [ 81.46486296785173, 17.95593376303276 ], [ 81.466035770134738, 17.956617895299701 ], [ 81.467870439269404, 17.957607673855136 ], [ 81.468536147125519, 17.958036545250419 ], [ 81.469503470508812, 17.958659715173781 ], [ 81.469743506757482, 17.958814350002285 ], [ 81.470330102152559, 17.959169119958975 ], [ 81.470651547730824, 17.959363524606999 ], [ 81.471275866987753, 17.959764214846704 ], [ 81.472094745576101, 17.960530473202823 ], [ 81.472644199967959, 17.961117306814415 ] ] ] } },
{ "type": "Feature", "properties": { "REGION": 3.0, "STATE.NAME": "Odisha", "DISTRICT.NAME": "Malkangiri", "DISTRICT.AREA": 5752.066825, "GRID_G0": "171913", "woodland": 0.44768799549778654, "maskWdl": 1.0, "cropland": 0.18301208183515441, "maskCrp": 0.0, "one": 0.36912532638142331, "maskOne": 1.0, "GRID.AREA": 1.4074963872019648, "REGION.AREA": 19890.920730201575 }, "geometry": { "type": "Polygon", "coordinates": [ [ [ 82.226536899798603, 18.663855167478129 ], [ 82.226536899798603, 18.636117271872795 ], [ 82.230769903872471, 18.636117725185628 ], [ 82.23087012985269, 18.636421004825536 ], [ 82.231182858302304, 18.637729214431772 ], [ 82.232104259603943, 18.638662982310848 ], [ 82.234498627209931, 18.640752745043187 ], [ 82.234985179322635, 18.641833886624624 ], [ 82.234970941255995, 18.64313518044429 ], [ 82.234130476240523, 18.643588051147677 ], [ 82.232853640383269, 18.644640141029754 ], [ 82.231553859223254, 18.645141116469404 ], [ 82.229423344611746, 18.64545784960012 ], [ 82.22974283416454, 18.647055126492944 ], [ 82.230491507177362, 18.649643604668654 ], [ 82.231131453953481, 18.650981311138651 ], [ 82.230320621599446, 18.653552927026002 ], [ 82.230091536395321, 18.655971655467567 ], [ 82.230125646781232, 18.656106942281614 ], [ 82.229979283017542, 18.658150112937392 ], [ 82.228847942178845, 18.660994871815944 ], [ 82.228202756851829, 18.662241586679954 ], [ 82.226780104917964, 18.663619573784331 ], [ 82.226536899798603, 18.663855167478129 ] ] ] } },
{ "type": "Feature", "properties": { "REGION": 3.0, "STATE.NAME": "Odisha", "DISTRICT.NAME": "Malkangiri", "DISTRICT.AREA": 5752.066825, "GRID_G0": "170616", "woodland": 0.44360087809298254, "maskWdl": 1.0, "cropland": 0.064148066583544702, "maskCrp": 0.0, "one": 0.49154979195551923, "maskOne": 1.0, "GRID.AREA": 20.051677817777211, "REGION.AREA": 19890.920730201575 }, "geometry": { "type": "Polygon", "coordinates": [ [ [ 82.385105312237087, 18.591117331244146 ], [ 82.36153619884729, 18.591116029755188 ], [ 82.36153619884729, 18.54611476620375 ], [ 82.406537447339957, 18.546114772850075 ], [ 82.406537447339957, 18.566820786901541 ], [ 82.402627631959717, 18.569845033721382 ], [ 82.400519544641327, 18.571595568580676 ], [ 82.399017705602716, 18.572897041365422 ], [ 82.398510896260916, 18.573336292735743 ], [ 82.398912847350061, 18.573821262941014 ], [ 82.398911762767682, 18.574277527685812 ], [ 82.398803277549291, 18.574328114550894 ], [ 82.398484976900249, 18.574226512743394 ], [ 82.39837967708047, 18.574096260334215 ], [ 82.397872442359358, 18.57404586502469 ], [ 82.397765062407757, 18.574249911304435 ], [ 82.397868747045109, 18.575342507550719 ], [ 82.39752463945058, 18.576713974570339 ], [ 82.396963943631135, 18.577650936841334 ], [ 82.396921762729221, 18.577721414012103 ], [ 82.394316812570878, 18.578404852901713 ], [ 82.393590167552247, 18.57876260590956 ], [ 82.392849476022548, 18.579147558912783 ], [ 82.391643646137425, 18.580010385570912 ], [ 82.391064479142472, 18.580443864193004 ], [ 82.390878260123657, 18.580851856028399 ], [ 82.389782013529157, 18.581207771721324 ], [ 82.388287499468561, 18.58212240202727 ], [ 82.387023648022989, 18.583428358831721 ], [ 82.3861953940023, 18.583529367086669 ], [ 82.385584810990281, 18.587703899515418 ], [ 82.385105312237087, 18.591117331244146 ] ] ] } },
{ "type": "Feature", "properties": { "REGION": 3.0, "STATE.NAME": "Odisha", "DISTRICT.NAME": "Malkangiri", "DISTRICT.AREA": 5752.066825, "GRID_G0": "170617", "woodland": 0.53399945056469011, "maskWdl": 1.0, "cropland": 0.05240900591786702, "maskCrp": 0.0, "one": 0.41241949799899819, "maskOne": 1.0, "GRID.AREA": 0.80803473487770461, "REGION.AREA": 19890.920730201575 }, "geometry": { "type": "Polygon", "coordinates": [ [ [ 82.406537447339957, 18.566820786901541 ], [ 82.406537447339957, 18.546114772850075 ], [ 82.40658643751911, 18.546114778640671 ], [ 82.406751232183709, 18.54641595962886 ], [ 82.406887525339073, 18.546763726564791 ], [ 82.406993139022234, 18.54703312747688 ], [ 82.406665024971019, 18.548034044135871 ], [ 82.406767089029984, 18.548927846143215 ], [ 82.407243528266292, 18.54984138467222 ], [ 82.40753829455673, 18.550557603850393 ], [ 82.408686253967517, 18.553070048843722 ], [ 82.410005817514502, 18.555703185553622 ], [ 82.410817702974668, 18.557202457927133 ], [ 82.411121761060485, 18.557764030585588 ], [ 82.412776556792721, 18.560254622952531 ], [ 82.414660725512135, 18.562987203097013 ], [ 82.414634995009067, 18.563001256802636 ], [ 82.412236727043364, 18.564311199402368 ], [ 82.409111531671897, 18.565048352999156 ], [ 82.406826726672136, 18.566597021535358 ], [ 82.406537447339957, 18.566820786901541 ] ] ] } },
{ "type": "Feature", "properties": { "REGION": 3.0, "STATE.NAME": "Odisha", "DISTRICT.NAME": "Malkangiri", "DISTRICT.AREA": 5752.066825, "GRID_G0": "169966", "woodland": 0.4546296919941924, "maskWdl": 1.0, "cropland": 0.056370287680126384, "maskCrp": 0.0, "one": 0.48837829360725443, "maskOne": 1.0, "GRID.AREA": 16.37193770105446, "REGION.AREA": 19890.920730201575 }, "geometry": { "type": "Polygon", "coordinates": [ [ [ 82.406537447339957, 18.546025243285239 ], [ 82.406537447339957, 18.546114772850075 ], [ 82.36153619884729, 18.54611476620375 ], [ 82.36153619884729, 18.501113465822058 ], [ 82.386474065611296, 18.5011148183053 ], [ 82.385506625730272, 18.50172301200746 ], [ 82.385212349570338, 18.502226650339704 ], [ 82.384916987029385, 18.502585664197117 ], [ 82.384933220691678, 18.502851994823747 ], [ 82.384949699868798, 18.50312313322604 ], [ 82.385917389276131, 18.503924591946429 ], [ 82.386623953332844, 18.505207169974938 ], [ 82.387317276671013, 18.506042437808333 ], [ 82.387478921714944, 18.507292787732016 ], [ 82.387706683117017, 18.508351671992102 ], [ 82.387823353964677, 18.508894116070678 ], [ 82.388941096154724, 18.510083202377928 ], [ 82.389343417764579, 18.510649504571006 ], [ 82.389008230545471, 18.511200601026985 ], [ 82.388689112412692, 18.511725037080854 ], [ 82.388076156989086, 18.512059335769781 ], [ 82.386262362917762, 18.512054609832429 ], [ 82.385252239898989, 18.512464116126125 ], [ 82.384853545254941, 18.512945944999387 ], [ 82.383524645845796, 18.517297408248851 ], [ 82.383138556998858, 18.519342376649433 ], [ 82.383300336041714, 18.520032404871642 ], [ 82.383214196278175, 18.521682093354006 ], [ 82.383083005876074, 18.52245116119218 ], [ 82.383086209261194, 18.522456311609517 ], [ 82.384186769004259, 18.524241196973719 ], [ 82.386750956491483, 18.526833865090854 ], [ 82.388670682605948, 18.529372427295755 ], [ 82.391318369447276, 18.529389092632588 ], [ 82.392568535909277, 18.529361835080692 ], [ 82.394594199462801, 18.52742675663956 ], [ 82.396432445201242, 18.525755109410795 ], [ 82.397820417478329, 18.524633420995652 ], [ 82.400416391503313, 18.525282869109162 ], [ 82.402980736371944, 18.526117817683197 ], [ 82.40279011427242, 18.526552882709439 ], [ 82.401616204923982, 18.527799561600549 ], [ 82.401966775046674, 18.531867567534281 ], [ 82.401861663185286, 18.533515716377284 ], [ 82.401735852527622, 18.535488173340585 ], [ 82.40147660676007, 18.536809353868648 ], [ 82.401751871251918, 18.540941208969684 ], [ 82.402276276728855, 18.541671577181603 ], [ 82.402552038545821, 18.542055727090204 ], [ 82.404084410467249, 18.543521729044585 ], [ 82.406029881473899, 18.545097600274058 ], [ 82.406537447339957, 18.546025243285239 ] ] ] } },
{ "type": "Feature", "properties": { "REGION": 3.0, "STATE.NAME": "Odisha", "DISTRICT.NAME": "Malkangiri", "DISTRICT.AREA": 5752.066825, "GRID_G0": "169967", "woodland": 0.52448624619311068, "maskWdl": 1.0, "cropland": 0.044869080979417011, "maskCrp": 0.0, "one": 0.42494345153494406, "maskOne": 1.0, "GRID.AREA": 2.5707289352647545e-05, "REGION.AREA": 19890.920730201575 }, "geometry": { "type": "Polygon", "coordinates": [ [ [ 82.40658643751911, 18.546114778640671 ], [ 82.406537447339957, 18.546114772850075 ], [ 82.406537447339957, 18.546025243285239 ], [ 82.40658643751911, 18.546114778640671 ] ] ] } },
{ "type": "Feature", "properties": { "REGION": 3.0, "STATE.NAME": "Odisha", "DISTRICT.NAME": "Malkangiri", "DISTRICT.AREA": 5752.066825, "GRID_G0": "169315", "woodland": 0.57753768116793491, "maskWdl": 1.0, "cropland": 0.017132497850849707, "maskCrp": 0.0, "one": 0.40254293073143854, "maskOne": 1.0, "GRID.AREA": 23.743527821125401, "REGION.AREA": 19890.920730201575 }, "geometry": { "type": "Polygon", "coordinates": [ [ [ 82.316539384047857, 18.456116698375205 ], [ 82.36153619884729, 18.456116712312991 ], [ 82.36153619884729, 18.501113465822058 ], [ 82.316539384047857, 18.501113492165043 ], [ 82.316539384047857, 18.456116698375205 ] ] ] } },
{ "type": "Feature", "properties": { "REGION": 3.0, "STATE.NAME": "Odisha", "DISTRICT.NAME": "Malkangiri", "DISTRICT.AREA": 5752.066825, "GRID_G0": "168664", "woodland": 0.60029389573756586, "maskWdl": 1.0, "cropland": 0.020002757322043343, "maskCrp": 0.0, "one": 0.37777138467663107, "maskOne": 1.0, "GRID.AREA": 23.754469722873182, "REGION.AREA": 19890.920730201575 }, "geometry": { "type": "Polygon", "coordinates": [ [ [ 82.271538111394619, 18.411115445873364 ], [ 82.316539384047857, 18.411115453177334 ], [ 82.316539384047857, 18.456116698375205 ], [ 82.271538111394619, 18.456116707222815 ], [ 82.271538111394619, 18.411115445873364 ] ] ] } },
{ "type": "Feature", "properties": { "REGION": 3.0, "STATE.NAME": "Odisha", "DISTRICT.NAME": "Malkangiri", "DISTRICT.AREA": 5752.066825, "GRID_G0": "168013", "woodland": 0.61104532276753054, "maskWdl": 1.0, "cropland": 0.041142241482357476, "maskCrp": 0.0, "one": 0.34779251330420941, "maskOne": 1.0, "GRID.AREA": 23.760651183715609, "REGION.AREA": 19890.920730201575 }, "geometry": { "type": "Polygon", "coordinates": [ [ [ 82.226536899798603, 18.366114180780574 ], [ 82.271538111394619, 18.36611422930865 ], [ 82.271538111394619, 18.411115445873364 ], [ 82.226536899798603, 18.411115479966824 ], [ 82.226536899798603, 18.366114180780574 ] ] ] } },
{ "type": "Feature", "properties": { "REGION": 3.0, "STATE.NAME": "Odisha", "DISTRICT.NAME": "Malkangiri", "DISTRICT.AREA": 5752.066825, "GRID_G0": "168014", "woodland": 0.59746125584405185, "maskWdl": 1.0, "cropland": 0.038479926727442111, "maskCrp": 0.0, "one": 0.34303379771241999, "maskOne": 1.0, "GRID.AREA": 23.760681629735675, "REGION.AREA": 19890.920730201575 }, "geometry": { "type": "Polygon", "coordinates": [ [ [ 82.271538111394619, 18.36611422930865 ], [ 82.316539384047857, 18.366114160785841 ], [ 82.316539384047857, 18.411115453177334 ], [ 82.271538111394619, 18.411115445873364 ], [ 82.271538111394619, 18.36611422930865 ] ] ] } },
{ "type": "Feature", "properties": { "REGION": 3.0, "STATE.NAME": "Odisha", "DISTRICT.NAME": "Malkangiri", "DISTRICT.AREA": 5752.066825, "GRID_G0": "167363", "woodland": 0.4500853402752083, "maskWdl": 1.0, "cropland": 0.08292887457690494, "maskCrp": 0.0, "one": 0.45053731035357503, "maskOne": 1.0, "GRID.AREA": 23.766849412293709, "REGION.AREA": 19890.920730201575 }, "geometry": { "type": "Polygon", "coordinates": [ [ [ 82.226536899798603, 18.321112924522573 ], [ 82.271538111394619, 18.32111296367232 ], [ 82.271538111394619, 18.36611422930865 ], [ 82.226536899798603, 18.366114180780574 ], [ 82.226536899798603, 18.321112924522573 ] ] ] } },
{ "type": "Feature", "properties": { "REGION": 3.0, "STATE.NAME": "Odisha", "DISTRICT.NAME": "Malkangiri", "DISTRICT.AREA": 5752.066825, "GRID_G0": "166698", "woodland": 0.3308414698312106, "maskWdl": 0.0, "cropland": 0.25570535272398814, "maskCrp": 0.0, "one": 0.3614434379586009, "maskOne": 1.0, "GRID.AREA": 5.3972080655042047, "REGION.AREA": 19890.920730201575 }, "geometry": { "type": "Polygon", "coordinates": [ [ [ 81.56530532951507, 18.276117295508442 ], [ 81.596537219490315, 18.276116162049945 ], [ 81.596537219490315, 18.308050889818151 ], [ 81.596408484364133, 18.307941589632719 ], [ 81.595868632131726, 18.306420395384976 ], [ 81.594904300792905, 18.303874706952229 ], [ 81.594184964564533, 18.302435327628302 ], [ 81.593310355888264, 18.301226971547521 ], [ 81.592887650244904, 18.300740287234532 ], [ 81.592166685344296, 18.300182175167322 ], [ 81.591076327510564, 18.299991688865418 ], [ 81.590997450671864, 18.299977909452995 ], [ 81.590609217841177, 18.299888742571454 ], [ 81.588352772962139, 18.298571633274321 ], [ 81.586332836291433, 18.297190511133238 ], [ 81.585497714148232, 18.296456431419244 ], [ 81.584409564150135, 18.295022725918102 ], [ 81.583539871168171, 18.293836924834238 ], [ 81.582788709731233, 18.29274558494086 ], [ 81.581107450548473, 18.290780494324398 ], [ 81.580627795336568, 18.290203519876574 ], [ 81.579517136206903, 18.289108775149888 ], [ 81.57904694546022, 18.288763162090337 ], [ 81.578402721508439, 18.28828962226828 ], [ 81.577018330331725, 18.287367434059892 ], [ 81.576055591692239, 18.286620187371796 ], [ 81.575575930185096, 18.286047694245724 ], [ 81.575186480571688, 18.285587944627991 ], [ 81.575060355151322, 18.285300175962391 ], [ 81.574500144965782, 18.284021984826779 ], [ 81.573986717513037, 18.283277821014678 ], [ 81.573445510901664, 18.282669392778303 ], [ 81.57333907433889, 18.28260472882522 ], [ 81.57290595274759, 18.282341584496574 ], [ 81.57260181192413, 18.28215680259439 ], [ 81.571222172765147, 18.281230026044913 ], [ 81.570141400805085, 18.280528204113352 ], [ 81.569368347171519, 18.279843829029517 ], [ 81.568874712897752, 18.279406815172422 ], [ 81.567897698420097, 18.27849389088038 ], [ 81.567475714033037, 18.278099581330654 ], [ 81.566473853985258, 18.277163429348832 ], [ 81.56530532951507, 18.276117295508442 ] ] ] } },
{ "type": "Feature", "properties": { "REGION": 3.0, "STATE.NAME": "Odisha", "DISTRICT.NAME": "Malkangiri", "DISTRICT.AREA": 5752.066825, "GRID_G0": "166699", "woodland": 0.40239867022836534, "maskWdl": 1.0, "cropland": 0.19393705281511342, "maskCrp": 0.0, "one": 0.36398963804393647, "maskOne": 1.0, "GRID.AREA": 18.546615687854231, "REGION.AREA": 19890.920730201575 }, "geometry": { "type": "Polygon", "coordinates": [ [ [ 81.596537219490315, 18.308050889818151 ], [ 81.596537219490315, 18.276116162049945 ], [ 81.641538492587017, 18.276116169736543 ], [ 81.641538492587017, 18.318165302688342 ], [ 81.640899723043844, 18.318195681185781 ], [ 81.639635644069756, 18.317964968208738 ], [ 81.637082163910804, 18.317078741190983 ], [ 81.63569763693647, 18.316274437015693 ], [ 81.632659244128888, 18.314707471772465 ], [ 81.631039294427978, 18.314215690102056 ], [ 81.630126179479646, 18.314109562906026 ], [ 81.62809051636431, 18.31387290091368 ], [ 81.625446396234281, 18.312742814629246 ], [ 81.624241752554894, 18.311933401405383 ], [ 81.623130615885259, 18.310811802922448 ], [ 81.621929783532721, 18.309726581116877 ], [ 81.621445379900422, 18.309222033570048 ], [ 81.619070871123895, 18.308041286676087 ], [ 81.616518456661481, 18.307376172372528 ], [ 81.614096385439893, 18.307223632065018 ], [ 81.613112070265913, 18.307161630105213 ], [ 81.612956295096978, 18.307178547252192 ], [ 81.61125953969605, 18.307672959439575 ], [ 81.610731092665844, 18.307833772610593 ], [ 81.610081882872635, 18.308130994050199 ], [ 81.607855243324877, 18.308781050105438 ], [ 81.605855455964559, 18.309142028082189 ], [ 81.603671332765828, 18.309326899017208 ], [ 81.60221891776888, 18.309376681888406 ], [ 81.601939603629887, 18.309447123985649 ], [ 81.600521256750653, 18.309713685738075 ], [ 81.598869303775416, 18.309510951569219 ], [ 81.597580467364708, 18.308936631920062 ], [ 81.596537219490315, 18.308050889818151 ] ] ] } },
{ "type": "Feature", "properties": { "REGION": 3.0, "STATE.NAME": "Odisha", "DISTRICT.NAME": "Malkangiri", "DISTRICT.AREA": 5752.066825, "GRID_G0": "166716", "woodland": 0.45281071279118429, "maskWdl": 1.0, "cropland": 0.087579459179403379, "maskCrp": 0.0, "one": 0.45944244066715817, "maskOne": 1.0, "GRID.AREA": 12.151143054191822, "REGION.AREA": 19890.920730201575 }, "geometry": { "type": "Polygon", "coordinates": [ [ [ 82.36153619884729, 18.319050489227511 ], [ 82.36153619884729, 18.280556678566263 ], [ 82.363564540171467, 18.278399237235078 ], [ 82.364202615458396, 18.27835398065173 ], [ 82.364524563757641, 18.278446981343166 ], [ 82.365240639044316, 18.278653830809674 ], [ 82.366114019246652, 18.279067741982775 ], [ 82.366822362162338, 18.279546107566883 ], [ 82.367423916880341, 18.279672827439072 ], [ 82.368576532980683, 18.280111773039948 ], [ 82.369643085759833, 18.280438465262993 ], [ 82.371166149698126, 18.281082557014429 ], [ 82.371649966972441, 18.281255357248998 ], [ 82.373115369079073, 18.281791497079951 ], [ 82.374800892846963, 18.281417987949851 ], [ 82.376655886659876, 18.284612089376481 ], [ 82.376616861479022, 18.285082182097089 ], [ 82.37919829346653, 18.286184019776726 ], [ 82.379497050948217, 18.286900047399339 ], [ 82.380797673873587, 18.288720249140226 ], [ 82.381754505765912, 18.288912072734036 ], [ 82.382433741224247, 18.289887457640134 ], [ 82.384116475295173, 18.290977592442005 ], [ 82.38382693946177, 18.291444953921541 ], [ 82.384704447552281, 18.292984501533567 ], [ 82.385375820237982, 18.294162369697634 ], [ 82.387481356179705, 18.296085077964047 ], [ 82.389742021577092, 18.297862178796549 ], [ 82.390637783207197, 18.298686835529111 ], [ 82.390498244398543, 18.302008269266253 ], [ 82.390343928829296, 18.306481787604469 ], [ 82.390217339358813, 18.309030637154251 ], [ 82.389900279774167, 18.310423562897142 ], [ 82.389874333433795, 18.310537551067171 ], [ 82.393359131718626, 18.316376023534701 ], [ 82.392626115902601, 18.317004878972057 ], [ 82.392409882909817, 18.31778346973141 ], [ 82.392403993249729, 18.318235262147653 ], [ 82.392391684228926, 18.319071172096979 ], [ 82.392226277320916, 18.319700270351234 ], [ 82.391889640394652, 18.320809615571363 ], [ 82.391838938196457, 18.321114119948327 ], [ 82.363903787817719, 18.321113203248849 ], [ 82.363637119957161, 18.320737211153414 ], [ 82.363480398701483, 18.320512907644627 ], [ 82.363206654963221, 18.32012126728273 ], [ 82.362552971942137, 18.319398561294634 ], [ 82.362296017647168, 18.3191971428339 ], [ 82.361926260488588, 18.319095845896637 ], [ 82.36153619884729, 18.319050489227511 ] ] ] } },
{ "type": "Feature", "properties": { "REGION": 3.0, "STATE.NAME": "Odisha", "DISTRICT.NAME": "Malkangiri", "DISTRICT.AREA": 5752.066825, "GRID_G0": "166048", "woodland": 0.43834628467157777, "maskWdl": 1.0, "cropland": 0.17354550726854193, "maskCrp": 0.0, "one": 0.37475373950851076, "maskOne": 1.0, "GRID.AREA": 23.226308122735762, "REGION.AREA": 19890.920730201575 }, "geometry": { "type": "Polygon", "coordinates": [ [ [ 81.551536036341119, 18.269756658073604 ], [ 81.551536036341119, 18.23111490568056 ], [ 81.596537219490315, 18.231114906142015 ], [ 81.596537219490315, 18.276116162049945 ], [ 81.56530532951507, 18.276117295508442 ], [ 81.564310556387113, 18.275226698853142 ], [ 81.563414864004827, 18.27470966332038 ], [ 81.56311911025881, 18.274526550559923 ], [ 81.562100718873126, 18.273896017886955 ], [ 81.561269738107981, 18.27368308360747 ], [ 81.560289004933679, 18.273498683917186 ], [ 81.559871985703637, 18.273364398048557 ], [ 81.559493481738855, 18.273282614601044 ], [ 81.557589082769994, 18.272536872478724 ], [ 81.554980685510259, 18.271244401008346 ], [ 81.553274812782433, 18.270430945331892 ], [ 81.551672905280384, 18.269766493828683 ], [ 81.551536036341119, 18.269756658073604 ] ] ] } },
{ "type": "Feature", "properties": { "REGION": 3.0, "STATE.NAME": "Odisha", "DISTRICT.NAME": "Malkangiri", "DISTRICT.AREA": 5752.066825, "GRID_G0": "166049", "woodland": 0.33979322585076904, "maskWdl": 0.0, "cropland": 0.21436135064776102, "maskCrp": 0.0, "one": 0.44444289493371619, "maskOne": 1.0, "GRID.AREA": 23.779215973591754, "REGION.AREA": 19890.920730201575 }, "geometry": { "type": "Polygon", "coordinates": [ [ [ 81.596537219490315, 18.231114906142015 ], [ 81.641538492587017, 18.231114958808497 ], [ 81.641538492587017, 18.276116169736543 ], [ 81.596537219490315, 18.276116162049945 ], [ 81.596537219490315, 18.231114906142015 ] ] ] } },
{ "type": "Feature", "properties": { "REGION": 3.0, "STATE.NAME": "Odisha", "DISTRICT.NAME": "Malkangiri", "DISTRICT.AREA": 5752.066825, "GRID_G0": "165415", "woodland": 0.46771078693925877, "maskWdl": 1.0, "cropland": 0.18636185996815069, "maskCrp": 0.0, "one": 0.34568427673704322, "maskOne": 1.0, "GRID.AREA": 2.8555362500809118, "REGION.AREA": 19890.920730201575 }, "geometry": { "type": "Polygon", "coordinates": [ [ [ 82.323664563689221, 18.231115605934168 ], [ 82.316539384047857, 18.231114905674406 ], [ 82.316539384047857, 18.208246159243028 ], [ 82.316581879949865, 18.208259960628709 ], [ 82.317091291030295, 18.208425399912301 ], [ 82.32045397577042, 18.210011088141243 ], [ 82.322335428537258, 18.210694062081359 ], [ 82.323217939556343, 18.211153511325563 ], [ 82.324433430858221, 18.213214640543299 ], [ 82.32468686160945, 18.213610454658806 ], [ 82.326752116916737, 18.216817992856136 ], [ 82.327929500346215, 18.218156478139008 ], [ 82.328971156293903, 18.219052997897567 ], [ 82.33006066606697, 18.220007901643385 ], [ 82.332234777113342, 18.221908780665729 ], [ 82.333886526841809, 18.223465312873941 ], [ 82.334887409326541, 18.224525980489659 ], [ 82.335377706216207, 18.225045555707879 ], [ 82.332472228710472, 18.225300612433387 ], [ 82.331047377034906, 18.225515938909496 ], [ 82.330248026325421, 18.225636734048067 ], [ 82.329767469992817, 18.225870460653312 ], [ 82.328251027762803, 18.227308713126661 ], [ 82.325577391883201, 18.229445299960673 ], [ 82.325097123333649, 18.229829085643814 ], [ 82.323664563689221, 18.231115605934168 ] ] ] } },
{ "type": "Feature", "properties": { "REGION": 3.0, "STATE.NAME": "Odisha", "DISTRICT.NAME": "Malkangiri", "DISTRICT.AREA": 5752.066825, "GRID_G0": "164748", "woodland": 0.29908656296765407, "maskWdl": 0.0, "cropland": 0.34757594897280647, "maskCrp": 0.0, "one": 0.3475751997080514, "maskOne": 1.0, "GRID.AREA": 23.789134027566202, "REGION.AREA": 19890.920730201575 }, "geometry": { "type": "Polygon", "coordinates": [ [ [ 81.551536036341147, 18.14111684503121 ], [ 81.596537219490315, 18.141116885877423 ], [ 81.596537219490315, 18.186113712642033 ], [ 81.551536036341119, 18.186113691024538 ], [ 81.551536036341147, 18.14111684503121 ] ] ] } },
{ "type": "Feature", "properties": { "REGION": 3.0, "STATE.NAME": "Odisha", "DISTRICT.NAME": "Malkangiri", "DISTRICT.AREA": 5752.066825, "GRID_G0": "164763", "woodland": 0.46929450989924465, "maskWdl": 1.0, "cropland": 0.042242125420778542, "maskCrp": 0.0, "one": 0.48834661316846623, "maskOne": 1.0, "GRID.AREA": 23.789139638639483, "REGION.AREA": 19890.920730201575 }, "geometry": { "type": "Polygon", "coordinates": [ [ [ 82.226536899798603, 18.141116878940984 ], [ 82.271538111394619, 18.141116860398029 ], [ 82.271538111394619, 18.186113687645395 ], [ 82.226536899798603, 18.186113688787518 ], [ 82.226536899798603, 18.141116878940984 ] ] ] } },
{ "type": "Feature", "properties": { "REGION": 3.0, "STATE.NAME": "Odisha", "DISTRICT.NAME": "Malkangiri", "DISTRICT.AREA": 5752.066825, "GRID_G0": "164765", "woodland": 0.56385150448103372, "maskWdl": 1.0, "cropland": 0.066491294737505272, "maskCrp": 0.0, "one": 0.36950972401604676, "maskOne": 1.0, "GRID.AREA": 15.967443841084348, "REGION.AREA": 19890.920730201575 }, "geometry": { "type": "Polygon", "coordinates": [ [ [ 82.316539384047857, 18.183284417072556 ], [ 82.316539384047857, 18.141116921846653 ], [ 82.339342986497414, 18.141118211823056 ], [ 82.339112547506147, 18.141711051923554 ], [ 82.338716856597728, 18.142472844246409 ], [ 82.337487974390584, 18.143710238536752 ], [ 82.337420497358096, 18.143885054151955 ], [ 82.337024597806987, 18.144910733643485 ], [ 82.337010217647503, 18.146099160747724 ], [ 82.337015517352313, 18.146165135912327 ], [ 82.337135736025459, 18.147661757084446 ], [ 82.337715551431586, 18.149284364282043 ], [ 82.338098936916481, 18.15057404605545 ], [ 82.33852060654084, 18.151312154732182 ], [ 82.338938801184781, 18.151150185932412 ], [ 82.339708200872849, 18.150852191075785 ], [ 82.340154110823619, 18.150606981926725 ], [ 82.340158895216916, 18.150604350510438 ], [ 82.341341570257327, 18.150146091069303 ], [ 82.342273368621136, 18.149633615998653 ], [ 82.343574054499072, 18.148540125826177 ], [ 82.344588500558928, 18.147697171487327 ], [ 82.347067564516522, 18.146206886938327 ], [ 82.349578784633252, 18.145079678484421 ], [ 82.350743446253091, 18.144586064895005 ], [ 82.350881718816311, 18.144512410419452 ], [ 82.352375740947764, 18.143879008909209 ], [ 82.353823183593079, 18.143107769208257 ], [ 82.353905368138271, 18.143063989311717 ], [ 82.354907634679648, 18.142501170192869 ], [ 82.355131788901019, 18.142147169156601 ], [ 82.355326392299219, 18.1416442835569 ], [ 82.355676895626274, 18.141117485189334 ], [ 82.36153619884729, 18.141116888769151 ], [ 82.36153619884729, 18.160004036226731 ], [ 82.361138857272522, 18.160321531513546 ], [ 82.358884078837207, 18.162099584728086 ], [ 82.357910241664413, 18.163013402046939 ], [ 82.357457654247412, 18.163438088896726 ], [ 82.357000707816496, 18.164254486255572 ], [ 82.35379166595267, 18.168641523987219 ], [ 82.352727745489119, 18.170438173383044 ], [ 82.352556680046817, 18.170940996929517 ], [ 82.352504965431876, 18.17160999000907 ], [ 82.352365038116091, 18.1718639216827 ], [ 82.352068165613389, 18.172119212231902 ], [ 82.351702856501674, 18.17243335531515 ], [ 82.350996153949382, 18.172700357735376 ], [ 82.349878074513583, 18.172947689284456 ], [ 82.349167682942266, 18.173377406941825 ], [ 82.347146395489801, 18.173554199266956 ], [ 82.345970150602, 18.173607578526973 ], [ 82.344510389043251, 18.1736629830603 ], [ 82.343366302113225, 18.173607631587004 ], [ 82.341310446519969, 18.173567762842026 ], [ 82.339138937212226, 18.173225919740446 ], [ 82.337105713058293, 18.173063772874851 ], [ 82.335855936902021, 18.172930792821887 ], [ 82.335710621747864, 18.172915330777926 ], [ 82.334806563871894, 18.173364366772152 ], [ 82.332814460319142, 18.174290735029448 ], [ 82.331085564047612, 18.175120424368117 ], [ 82.330789446076153, 18.175262526244637 ], [ 82.329189900193796, 18.176249485425444 ], [ 82.328862737625286, 18.176435453533429 ], [ 82.328192204007053, 18.176816597008383 ], [ 82.326561069437844, 18.177365365119556 ], [ 82.326490077854885, 18.177394228860635 ], [ 82.324944933761742, 18.178022443081318 ], [ 82.324564493556579, 18.178350471696945 ], [ 82.32434082496917, 18.178785784036737 ], [ 82.324201835646249, 18.179175291206775 ], [ 82.322998240576396, 18.180037384917455 ], [ 82.320153019446366, 18.181963474634699 ], [ 82.319297134655073, 18.182383998522766 ], [ 82.318735571889192, 18.182659909627201 ], [ 82.31738254277019, 18.183114894636731 ], [ 82.316693398581549, 18.183238599981451 ], [ 82.316539384047857, 18.183284417072556 ] ] ] } },
{ "type": "Feature", "properties": { "REGION": 3.0, "STATE.NAME": "Odisha", "DISTRICT.NAME": "Malkangiri", "DISTRICT.AREA": 5752.066825, "GRID_G0": "164766", "woodland": 0.33217681747922478, "maskWdl": 0.0, "cropland": 0.032491378738643148, "maskCrp": 0.0, "one": 0.63533180378213205, "maskOne": 1.0, "GRID.AREA": 1.2259737454241237, "REGION.AREA": 19890.920730201575 }, "geometry": { "type": "Polygon", "coordinates": [ [ [ 82.36153619884729, 18.160004036226731 ], [ 82.36153619884729, 18.141116888769151 ], [ 82.366655458907815, 18.141117411553516 ], [ 82.36677397054234, 18.142503211653946 ], [ 82.367086989473023, 18.143910565220438 ], [ 82.367987474342499, 18.145544219690009 ], [ 82.369073874259925, 18.146765308372323 ], [ 82.370313275837077, 18.148215815007916 ], [ 82.370653974101685, 18.148904612957551 ], [ 82.368314737635117, 18.151975415533059 ], [ 82.366914306150363, 18.15360285838528 ], [ 82.366506705520123, 18.154062079201651 ], [ 82.366250442803732, 18.154542801908804 ], [ 82.365938996787349, 18.155218244026798 ], [ 82.36555505732008, 18.155681851736119 ], [ 82.364214518884978, 18.157119066391829 ], [ 82.36294719066035, 18.158876567399716 ], [ 82.362201594228225, 18.15947234847016 ], [ 82.36153619884729, 18.160004036226731 ] ] ] } },
{ "type": "Feature", "properties": { "REGION": 3.0, "STATE.NAME": "Odisha", "DISTRICT.NAME": "Malkangiri", "DISTRICT.AREA": 5752.066825, "GRID_G0": "164113", "woodland": 0.28558013551747918, "maskWdl": 0.0, "cropland": 0.24548977012570838, "maskCrp": 0.0, "one": 0.38969511853221039, "maskOne": 1.0, "GRID.AREA": 23.797601890503909, "REGION.AREA": 19890.920730201575 }, "geometry": { "type": "Polygon", "coordinates": [ [ [ 82.226536899798603, 18.096115600671379 ], [ 82.271538111394619, 18.09611565209341 ], [ 82.271538111394619, 18.141116860398029 ], [ 82.226536899798603, 18.141116878940984 ], [ 82.226536899798603, 18.096115600671379 ] ] ] } },
{ "type": "Feature", "properties": { "REGION": 3.0, "STATE.NAME": "Odisha", "DISTRICT.NAME": "Malkangiri", "DISTRICT.AREA": 5752.066825, "GRID_G0": "164115", "woodland": 0.62866988160877635, "maskWdl": 1.0, "cropland": 0.019243097804571976, "maskCrp": 0.0, "one": 0.35204716197948049, "maskOne": 1.0, "GRID.AREA": 10.501763205345506, "REGION.AREA": 19890.920730201575 }, "geometry": { "type": "MultiPolygon", "coordinates": [ [ [ [ 82.36153619884729, 18.135556621347035 ], [ 82.36153619884729, 18.141116888769151 ], [ 82.355676895626274, 18.141117485189334 ], [ 82.355728092477534, 18.141040537191088 ], [ 82.356411466615953, 18.140186388091365 ], [ 82.357797259835706, 18.138504826736437 ], [ 82.358868966629586, 18.137146335135299 ], [ 82.359599757522858, 18.136318923779356 ], [ 82.360490987469177, 18.135670806662457 ], [ 82.36153619884729, 18.135556621347035 ] ] ], [ [ [ 82.339342986497414, 18.141118211823056 ], [ 82.316539384047857, 18.141116921846653 ], [ 82.316539384047857, 18.096115625261564 ], [ 82.345301757284858, 18.096116822152066 ], [ 82.345259768023951, 18.096690253752282 ], [ 82.345427002354313, 18.097529416549378 ], [ 82.345481260252029, 18.098651711107607 ], [ 82.345483343981201, 18.098694807519394 ], [ 82.345334411753754, 18.098989460495257 ], [ 82.344934584863267, 18.099218152695638 ], [ 82.343778081893063, 18.099366095668813 ], [ 82.341840862166123, 18.099379471285605 ], [ 82.339559619380964, 18.099489964690175 ], [ 82.338134509599968, 18.099559208890408 ], [ 82.337396392829305, 18.099595067558372 ], [ 82.337017725187934, 18.099768673585459 ], [ 82.336836074725113, 18.099851952605604 ], [ 82.336526679162944, 18.10016582948947 ], [ 82.336180352940971, 18.101202745110641 ], [ 82.335721324579538, 18.102330931127597 ], [ 82.334954719984424, 18.104631297996036 ], [ 82.334124107941307, 18.106597856306053 ], [ 82.334060259673322, 18.107062991064254 ], [ 82.333994371742904, 18.107542965535458 ], [ 82.333971297837195, 18.108225363010149 ], [ 82.334266507493396, 18.109741445511361 ], [ 82.334067335539146, 18.111482282981004 ], [ 82.334000808190808, 18.114487279464417 ], [ 82.333930610709174, 18.114669643089602 ], [ 82.333380014276315, 18.116100030092355 ], [ 82.332940940971696, 18.117377089880847 ], [ 82.332260572367602, 18.119238702704024 ], [ 82.33210578015769, 18.119989852449805 ], [ 82.332277202630848, 18.120774809509896 ], [ 82.332526152060325, 18.121125716878396 ], [ 82.333285223934013, 18.122195659202362 ], [ 82.334206794308159, 18.123418366664339 ], [ 82.334501736865718, 18.124889288809698 ], [ 82.33440396976745, 18.125671636037225 ], [ 82.334105656550889, 18.126224827913518 ], [ 82.333274557075185, 18.126926365659305 ], [ 82.332608284444802, 18.127535557420121 ], [ 82.332537800978798, 18.127600001039244 ], [ 82.333105614932265, 18.128305528177634 ], [ 82.33503501775192, 18.13028951714756 ], [ 82.337815618995705, 18.134156268297204 ], [ 82.339990454895656, 18.136685164588698 ], [ 82.340425761839469, 18.137359953798864 ], [ 82.340473147118075, 18.137978645997748 ], [ 82.340316344923451, 18.138485786290058 ], [ 82.339552809714462, 18.140578405269252 ], [ 82.339342986497414, 18.141118211823056 ] ] ] ] } },
{ "type": "Feature", "properties": { "REGION": 3.0, "STATE.NAME": "Odisha", "DISTRICT.NAME": "Malkangiri", "DISTRICT.AREA": 5752.066825, "GRID_G0": "164116", "woodland": 0.35457704800430423, "maskWdl": 0.0, "cropland": 0.040624514277743454, "maskCrp": 0.0, "one": 0.60479046689117821, "maskOne": 1.0, "GRID.AREA": 0.25528108242952974, "REGION.AREA": 19890.920730201575 }, "geometry": { "type": "Polygon", "coordinates": [ [ [ 82.366655458907815, 18.141117411553516 ], [ 82.36153619884729, 18.141116888769151 ], [ 82.36153619884729, 18.135556621347035 ], [ 82.361590156860302, 18.135550726484894 ], [ 82.362223742731601, 18.135577890507307 ], [ 82.362735584679569, 18.135755081232045 ], [ 82.36337160321699, 18.136112004165682 ], [ 82.364654110199069, 18.137033714834107 ], [ 82.365460642894391, 18.137488660273505 ], [ 82.365870012491143, 18.137896887731245 ], [ 82.366138747904927, 18.138455175166257 ], [ 82.36630593636994, 18.139330500602171 ], [ 82.366649640168816, 18.141049370332208 ], [ 82.366655458907815, 18.141117411553516 ] ] ] } },
{ "type": "Feature", "properties": { "REGION": 3.0, "STATE.NAME": "Odisha", "DISTRICT.NAME": "Malkangiri", "DISTRICT.AREA": 5752.066825, "GRID_G0": "163446", "woodland": 0.41897588030522065, "maskWdl": 1.0, "cropland": 0.15659921381202976, "maskCrp": 0.0, "one": 0.37436362217740898, "maskOne": 1.0, "GRID.AREA": 5.599154259208345, "REGION.AREA": 19890.920730201575 }, "geometry": { "type": "Polygon", "coordinates": [ [ [ 81.480758853283092, 18.051115685531027 ], [ 81.506534735222331, 18.051114401483844 ], [ 81.506534735222331, 18.089983822160207 ], [ 81.506493072797127, 18.089928913188828 ], [ 81.50609261997846, 18.08944811943519 ], [ 81.505680304202713, 18.088997283897584 ], [ 81.505243614101573, 18.088320546755881 ], [ 81.504854428888848, 18.087743152324663 ], [ 81.504460115741779, 18.086989437712418 ], [ 81.504122860981283, 18.086366686873134 ], [ 81.50383739278152, 18.08570316436959 ], [ 81.503258481193996, 18.084846005239005 ], [ 81.502656135072655, 18.084061226244671 ], [ 81.502480783461465, 18.083669584084078 ], [ 81.500876579090914, 18.081313711058954 ], [ 81.499621110226087, 18.07990343199782 ], [ 81.49904537774205, 18.078905336512094 ], [ 81.498336146296197, 18.0772959880195 ], [ 81.497947198504448, 18.076829043825342 ], [ 81.497616235400983, 18.076318792778125 ], [ 81.497360337809425, 18.075189571641488 ], [ 81.497276908602487, 18.074419069384589 ], [ 81.497275323997087, 18.074413278649956 ], [ 81.496934036676521, 18.072326366768436 ], [ 81.49660883732804, 18.071041260745634 ], [ 81.496592323976643, 18.071002313805764 ], [ 81.495457671834117, 18.069412876303261 ], [ 81.494583144096907, 18.068202764745823 ], [ 81.493614055344437, 18.066915783636546 ], [ 81.49265916149119, 18.065619856970898 ], [ 81.491311874543442, 18.063867914672585 ], [ 81.490687887136346, 18.062887995384752 ], [ 81.489591396825574, 18.061772791081466 ], [ 81.488504817043747, 18.061240377141758 ], [ 81.487238648045206, 18.060473087263233 ], [ 81.485868304278881, 18.059434864927141 ], [ 81.48494677257554, 18.058432539030488 ], [ 81.48357614822072, 18.056843125809678 ], [ 81.483436051832371, 18.056677129845696 ], [ 81.483447107198288, 18.056400490290454 ], [ 81.482538311693773, 18.05535274503319 ], [ 81.481606482753023, 18.053226615515939 ], [ 81.481317519787765, 18.052544246819593 ], [ 81.481059687754453, 18.05193543367335 ], [ 81.480802946598772, 18.051357689405904 ], [ 81.480758853283092, 18.051115685531027 ] ] ] } },
{ "type": "Feature", "properties": { "REGION": 3.0, "STATE.NAME": "Odisha", "DISTRICT.NAME": "Malkangiri", "DISTRICT.AREA": 5752.066825, "GRID_G0": "163465", "woodland": 0.62210616537630592, "maskWdl": 1.0, "cropland": 0.024847346469702724, "maskCrp": 0.0, "one": 0.35155515244161345, "maskOne": 1.0, "GRID.AREA": 13.618357020666723, "REGION.AREA": 19890.920730201575 }, "geometry": { "type": "Polygon", "coordinates": [ [ [ 82.345301757284858, 18.096116822152066 ], [ 82.316539384047857, 18.096115625261564 ], [ 82.316539384047857, 18.051114345792975 ], [ 82.319463049401577, 18.051114662797278 ], [ 82.319319131173017, 18.051299624677995 ], [ 82.319090762728592, 18.051712181472055 ], [ 82.318947507021903, 18.052119822571797 ], [ 82.318835310301381, 18.052906599859739 ], [ 82.318793681583202, 18.054257720617386 ], [ 82.318682785282363, 18.055198128191137 ], [ 82.318582231185076, 18.055637002745527 ], [ 82.318480292131824, 18.055895205299521 ], [ 82.318297678495128, 18.056126808605367 ], [ 82.317679137382356, 18.056768000942551 ], [ 82.317370665423937, 18.057199234856849 ], [ 82.317297088290047, 18.057457176607443 ], [ 82.317299776363654, 18.057814119326224 ], [ 82.317438810652675, 18.058079717005395 ], [ 82.317719856885958, 18.058394053442843 ], [ 82.318880110029113, 18.059407334880635 ], [ 82.319978155267734, 18.060308001413205 ], [ 82.320580620099577, 18.06064725086998 ], [ 82.321356259284016, 18.060768605386897 ], [ 82.322163494349866, 18.060704455846007 ], [ 82.323205879647674, 18.060498620814769 ], [ 82.32422398055229, 18.060229721724344 ], [ 82.325488600918277, 18.060045027056393 ], [ 82.326728468344186, 18.059720356509274 ], [ 82.327604195777099, 18.059344036997743 ], [ 82.327900157266527, 18.059137219906802 ], [ 82.328341897960286, 18.05882853121182 ], [ 82.328838580036518, 18.058314630715699 ], [ 82.329216875358554, 18.057760887554991 ], [ 82.329754416333287, 18.057016417074067 ], [ 82.330221659102335, 18.056358131322725 ], [ 82.330463386076474, 18.055855042476253 ], [ 82.330568994363674, 18.055461276117057 ], [ 82.330710853423227, 18.05486396709847 ], [ 82.330693751015872, 18.054484609677047 ], [ 82.330554252676677, 18.054160269181128 ], [ 82.330372202914873, 18.053813683055068 ], [ 82.33029790902134, 18.053380408579017 ], [ 82.330315465586352, 18.053204114478376 ], [ 82.330511622113704, 18.052909118860782 ], [ 82.330798172197944, 18.052703909757668 ], [ 82.331259474045567, 18.052506568823162 ], [ 82.331942376939196, 18.052244388567715 ], [ 82.332226632852894, 18.052152449076289 ], [ 82.332470167464294, 18.052073678357605 ], [ 82.332823966153171, 18.052044150017537 ], [ 82.333126850623728, 18.052096284615914 ], [ 82.333434101302771, 18.052134873625562 ], [ 82.333851102546419, 18.052312718157452 ], [ 82.334476594519288, 18.052570498929416 ], [ 82.334960240023136, 18.052811183589316 ], [ 82.335449761697205, 18.053191761390735 ], [ 82.336015410982498, 18.053662347839122 ], [ 82.336590843093006, 18.054155329205116 ], [ 82.337293592225549, 18.054633912425174 ], [ 82.338383359204727, 18.055069223865644 ], [ 82.339062388718332, 18.055538916387945 ], [ 82.339429038719231, 18.055906856915954 ], [ 82.339693251442441, 18.05647425987922 ], [ 82.33998708963253, 18.057213177046549 ], [ 82.340455967369053, 18.057986991506482 ], [ 82.340595259763461, 18.058108651792907 ], [ 82.340779354583617, 18.058269440682182 ], [ 82.341306042539884, 18.058563970450905 ], [ 82.341684872958581, 18.058683364445756 ], [ 82.342209604889447, 18.058738463209576 ], [ 82.342246189310231, 18.059795366263188 ], [ 82.342700384715044, 18.061707757507062 ], [ 82.343052753481871, 18.063286603693882 ], [ 82.343771924235, 18.065255938211013 ], [ 82.344708588830372, 18.067847238459365 ], [ 82.345406277477764, 18.070688596101888 ], [ 82.345631626898125, 18.071107278178374 ], [ 82.346369289511188, 18.071811448239771 ], [ 82.34799680880576, 18.073327277132194 ], [ 82.348970106385366, 18.074553917329467 ], [ 82.349814013106254, 18.076142915063542 ], [ 82.35011153312081, 18.077328986843323 ], [ 82.350098629648073, 18.077484955366458 ], [ 82.350085629048579, 18.077640925688225 ], [ 82.349973225484007, 18.077763734408844 ], [ 82.349154241674967, 18.078148826806963 ], [ 82.34816133078084, 18.078652659392791 ], [ 82.347372115430858, 18.079222917703536 ], [ 82.346887888964943, 18.0796051988209 ], [ 82.345963508209366, 18.080334959091147 ], [ 82.34565474936727, 18.080725660560855 ], [ 82.345653203432676, 18.081132282728731 ], [ 82.345680736177087, 18.081629023260863 ], [ 82.34614420179355, 18.083505298630655 ], [ 82.346287876584313, 18.083757330936127 ], [ 82.347321203910496, 18.084789329064336 ], [ 82.347688493329372, 18.085243069412172 ], [ 82.34791473217922, 18.086370983833888 ], [ 82.347757073829939, 18.087962408838166 ], [ 82.347614935980573, 18.089124525376576 ], [ 82.347235380708298, 18.090107523043795 ], [ 82.34628993962906, 18.093077828179275 ], [ 82.345768646705721, 18.094703387851098 ], [ 82.345340858993495, 18.095582821390167 ], [ 82.345301757284858, 18.096116822152066 ] ] ] } },
{ "type": "Feature", "properties": { "REGION": 3.0, "STATE.NAME": "Odisha", "DISTRICT.NAME": "Malkangiri", "DISTRICT.AREA": 5752.066825, "GRID_G0": "162796", "woodland": 0.33285227211486756, "maskWdl": 0.0, "cropland": 0.22943521470451139, "maskCrp": 0.0, "one": 0.39205438622327288, "maskOne": 1.0, "GRID.AREA": 13.398205029624945, "REGION.AREA": 19890.920730201575 }, "geometry": { "type": "Polygon", "coordinates": [ [ [ 81.480281575916393, 18.006114391342617 ], [ 81.506534735222331, 18.006113152735647 ], [ 81.506534735222331, 18.051114401483844 ], [ 81.480758853283092, 18.051115685531027 ], [ 81.480443280732857, 18.049383662226266 ], [ 81.48043616799481, 18.047922382611944 ], [ 81.480432612974766, 18.04719191727321 ], [ 81.480496597939691, 18.045585076989763 ], [ 81.480534295721213, 18.044638359772534 ], [ 81.480441661953193, 18.043576646245299 ], [ 81.479984542852435, 18.042262674682718 ], [ 81.479952673577088, 18.042138093398364 ], [ 81.479588283572468, 18.040713620337385 ], [ 81.479683656675491, 18.039303359262647 ], [ 81.480265237450794, 18.037194004799517 ], [ 81.480324521659384, 18.036978984092912 ], [ 81.480496771508854, 18.036061189072655 ], [ 81.480450020252306, 18.035185602833337 ], [ 81.480132354524585, 18.034902202174919 ], [ 81.480147880420418, 18.033737965035129 ], [ 81.480321973880066, 18.032621989113579 ], [ 81.480487959951461, 18.032051152538713 ], [ 81.480506811540181, 18.031053923999423 ], [ 81.480846257948485, 18.029082747670714 ], [ 81.482111153506992, 18.02695103246424 ], [ 81.482945613749123, 18.02635702305821 ], [ 81.483025559881753, 18.026230278004959 ], [ 81.483035848125951, 18.026093731240739 ], [ 81.483048381077992, 18.025927388138484 ], [ 81.482932887442871, 18.024952008628361 ], [ 81.482932301084873, 18.02494706325643 ], [ 81.482900344575285, 18.023627578849755 ], [ 81.48287904593127, 18.022728246911129 ], [ 81.482742753675211, 18.021268936812021 ], [ 81.482645591820642, 18.020265973296091 ], [ 81.482530776274359, 18.018876165502661 ], [ 81.482484341579152, 18.018314071237455 ], [ 81.482366630215893, 18.01670554832242 ], [ 81.482356309596071, 18.016167446170758 ], [ 81.482344615711497, 18.01555774989032 ], [ 81.481784937924601, 18.011252340023532 ], [ 81.481150661373988, 18.008985338902331 ], [ 81.480359841633458, 18.006488207564761 ], [ 81.480281575916393, 18.006114391342617 ] ] ] } },
{ "type": "Feature", "properties": { "REGION": 3.0, "STATE.NAME": "Odisha", "DISTRICT.NAME": "Malkangiri", "DISTRICT.AREA": 5752.066825, "GRID_G0": "162797", "woodland": 0.20822800929762866, "maskWdl": 0.0, "cropland": 0.36604432247929958, "maskCrp": 0.0, "one": 0.3989208416955039, "maskOne": 1.0, "GRID.AREA": 23.809833465727742, "REGION.AREA": 19890.920730201575 }, "geometry": { "type": "Polygon", "coordinates": [ [ [ 81.506534735222331, 18.006113152735647 ], [ 81.551536036341119, 18.006113180271171 ], [ 81.551536036341119, 18.051114349056917 ], [ 81.506534735222331, 18.051114401483844 ], [ 81.506534735222331, 18.006113152735647 ] ] ] } },
{ "type": "Feature", "properties": { "REGION": 3.0, "STATE.NAME": "Odisha", "DISTRICT.NAME": "Malkangiri", "DISTRICT.AREA": 5752.066825, "GRID_G0": "162147", "woodland": 0.36706986402329489, "maskWdl": 0.0, "cropland": 0.25380672524392434, "maskCrp": 0.0, "one": 0.37366756032660953, "maskOne": 1.0, "GRID.AREA": 23.81358410515459, "REGION.AREA": 19890.920730201575 }, "geometry": { "type": "Polygon", "coordinates": [ [ [ 81.506534735222331, 17.961116349202168 ], [ 81.551536036341119, 17.9611163650228 ], [ 81.551536036341119, 18.006113180271171 ], [ 81.506534735222331, 18.006113152735647 ], [ 81.506534735222331, 17.961116349202168 ] ] ] } },
{ "type": "Feature", "properties": { "REGION": 3.0, "STATE.NAME": "Odisha", "DISTRICT.NAME": "Malkangiri", "DISTRICT.AREA": 5752.066825, "GRID_G0": "161496", "woodland": 0.49417031372189829, "maskWdl": 1.0, "cropland": 0.12979268066783345, "maskCrp": 0.0, "one": 0.3515925287996538, "maskOne": 1.0, "GRID.AREA": 23.319251230600852, "REGION.AREA": 19890.920730201575 }, "geometry": { "type": "Polygon", "coordinates": [ [ [ 81.461537967512925, 17.954114024280717 ], [ 81.461537967512925, 17.916115137368063 ], [ 81.506534735222331, 17.9161151095484 ], [ 81.506534735222331, 17.961116349202168 ], [ 81.472644199967959, 17.961117306814415 ], [ 81.472094745576101, 17.960530473202823 ], [ 81.471275866987753, 17.959764214846704 ], [ 81.470651547730824, 17.959363524606999 ], [ 81.470330102152559, 17.959169119958975 ], [ 81.469743506757482, 17.958814350002285 ], [ 81.469503470508812, 17.958659715173781 ], [ 81.468536147125519, 17.958036545250419 ], [ 81.467870439269404, 17.957607673855136 ], [ 81.466035770134738, 17.956617895299701 ], [ 81.46486296785173, 17.95593376303276 ], [ 81.46349639854003, 17.955164297694239 ], [ 81.462224514349941, 17.954471325091617 ], [ 81.461537967512925, 17.954114024280717 ] ] ] } }
]
}
